{"text":"04 | Alpes-de-Haute-Provence","href":"alpes-de-haute-provence.html","townships":[{"text":"AIGLUN","href":"./04/aiglun.html","phone":"04 92 34 62 37","email":"mairie.aiglun@wanadoo.fr","population":"1249 habitants","website":"","townhallAdress":"Hôtel de Ville  Avenue du Docteur Jouve - 04510 - AIGLUN"},{"text":"ALLEMAGNE-EN-PROVENCE","href":"./04/allemagne-en-provence.html","phone":"04 92 77 43 10","email":"mairieallemagne-en-Pce@wanadoo.fr","population":"511 habitants","website":"","townhallAdress":"Hôtel de Ville  Place de Verdun - 04500 - ALLEMAGNE-EN-PROVENCE"},{"text":"ALLONS","href":"./04/allons.html","phone":"04 92 89 10 73","email":"mairie.allons@wanadoo.fr","population":"127 habitants","website":"","townhallAdress":"Hôtel de Ville - 04170 - ALLONS"},{"text":"ALLOS","href":"./04/allos.html","phone":"04 92 83 18 00","email":"accueil@mairie-allos.fr","population":"695 habitants","website":"","townhallAdress":"Hôtel de Ville - 04260 - ALLOS"},{"text":"ANGLES","href":"./04/angles.html","phone":"04 92 89 08 54","email":"mairie@angles.fr","population":"74 habitants","website":"","townhallAdress":"Le Village - 04170 - ANGLES"},{"text":"ANNOT","href":"./04/annot.html","phone":"04 92 83 22 09","email":"annot.mairie@wanadoo.fr","population":"1052 habitants","website":"","townhallAdress":"Boulevard Saint Pierre - 04240 - ANNOT"},{"text":"ARCHAIL","href":"./04/archail.html","phone":"04 92 35 41 46","email":"","population":"7 habitants","website":"","townhallAdress":"Le Village - 04420 - ARCHAIL"},{"text":"AUBENAS-LES-ALPES","href":"./04/aubenas-les-alpes.html","phone":"04 92 76 66 02","email":"mairie-aubenaslesalpes@wanadoo.fr","population":"100 habitants","website":"","townhallAdress":"Le Village - 04110 - AUBENAS-LES-ALPES"},{"text":"AUBIGNOSC","href":"./04/aubignosc.html","phone":"04 92 62 41 94","email":"mairie.aubignosc@wanadoo.fr","population":"570 habitants","website":"","townhallAdress":"Le Village - 04200 - AUBIGNOSC"},{"text":"AUTHON","href":"./04/authon.html","phone":"04 92 61 42 47","email":"mairie.authon@packsurfwifi.com","population":"41 habitants","website":"","townhallAdress":"Le Village - 04200 - AUTHON"},{"text":"AUZET","href":"./04/auzet.html","phone":"04 92 35 20 39","email":"mairie.auzet@wanadoo.fr","population":"85 habitants","website":"","townhallAdress":"Le Village - 04140 - AUZET"},{"text":"BANON","href":"./04/banon.html","phone":"04 92 73 20 08","email":"mairiebanon-ahp@wanadoo.fr","population":"1097 habitants","website":"","townhallAdress":"Place Charles Vial - 04150 - BANON"},{"text":"BARCELONNETTE","href":"./04/barcelonnette.html","phone":"04 92 80 79 00","email":"mairie.barcelonnette@wanadoo.fr","population":"2939 habitants","website":"","townhallAdress":"Place Saint Maurice - 04400 - BARCELONNETTE"},{"text":"BARLES","href":"./04/barles.html","phone":"04 92 35 10 09","email":"mairie.barles@wanadoo.fr","population":"152 habitants","website":"","townhallAdress":"Le Village - 04140 - BARLES"},{"text":"BARRAS","href":"./04/barras.html","phone":"04 92 34 73 47","email":"mairiedebarras@free.fr","population":"156 habitants","website":"","townhallAdress":"Le Village - 04380 - BARRAS"},{"text":"BARREME","href":"./04/barreme.html","phone":"04 92 34 20 04","email":"mairie.barreme@wanadoo.fr","population":"500 habitants","website":"","townhallAdress":"Rue Principale - 04330 - BARREME"},{"text":"BAYONS","href":"./04/bayons.html","phone":"04 92 68 31 03","email":"mairiecommunedebayons@9business.fr","population":"263 habitants","website":"","townhallAdress":"Le Village - 04250 - BAYONS"},{"text":"BEAUJEU","href":"./04/beaujeu.html","phone":"04 92 34 94 77","email":"mairiedebeaujeu@yahoo.fr","population":"161 habitants","website":"","townhallAdress":"Le Village - 04420 - BEAUJEU"},{"text":"BEAUVEZER","href":"./04/beauvezer.html","phone":"04 92 83 40 61","email":"mairie.beauvezer@wanadoo.fr","population":"360 habitants","website":"","townhallAdress":"Le Village - 04370 - BEAUVEZER"},{"text":"BELLAFFAIRE","href":"./04/bellaffaire.html","phone":"04 92 55 16 94","email":"mairie.bellaffaire@wanadoo.fr","population":"142 habitants","website":"","townhallAdress":"Hôtel de Ville - Le Village - 04250 - BELLAFFAIRE"},{"text":"BEVONS","href":"./04/bevons.html","phone":"04 92 62 80 16","email":"MAIRIE.BEVONS@wanadoo.fr","population":"214 habitants","website":"","townhallAdress":"Castel Bevons - 04200 - BEVONS"},{"text":"BEYNES","href":"./04/beynes.html","phone":"04 92 35 57 36","email":"mairie.beynes@wanadoo.fr","population":"122 habitants","website":"","townhallAdress":"Chateau Fruchier - 04270 - BEYNES"},{"text":"BLIEUX","href":"./04/blieux.html","phone":"04 92 34 27 64","email":"","population":"58 habitants","website":"","townhallAdress":"Le Village - 04330 - BLIEUX"},{"text":"BRAS D'ASSE","href":"./04/bras-d-asse.html","phone":"04 92 34 40 24","email":"","population":"490 habitants","website":"","townhallAdress":"Le Village - 04270 - BRAS-D'ASSE"},{"text":"BRAUX","href":"./04/braux.html","phone":"04 92 83 21 69","email":"mairiedebraux@wanadoo.fr","population":"133 habitants","website":"","townhallAdress":"Le Village - 04240 - BRAUX"},{"text":"BRUNET","href":"./04/brunet.html","phone":"04 92 74 88 13","email":"mairie.brunet@packsurfwifi.com","population":"256 habitants","website":"","townhallAdress":"Le Village - 04210 - BRUNET"},{"text":"CASTELLANE","href":"./04/castellane.html","phone":"04 92 83 60 07","email":"castellane.mairie@wanadoo.fr","population":"1666 habitants","website":"","townhallAdress":"Rue du 11 Novembre - 04120 - CASTELLANE"},{"text":"CASTELLET-LES-SAUSSES","href":"./04/castellet-les-sausses.html","phone":"04 93 05 42 87","email":"Mairie-de-castellet-les-sausses@alsatis.net","population":"115 habitants","website":"","townhallAdress":"Village - 04320 - CASTELLET-LES-SAUSSES"},{"text":"CERESTE","href":"./04/cereste.html","phone":"04 92 79 00 15","email":"mairie-cereste2@wanadoo.fr","population":"1213 habitants","website":"","townhallAdress":"Cours Aristide Briand - 04280 - CERESTE"},{"text":"CHAMPTERCIER","href":"./04/champtercier.html","phone":"04 92 31 10 37","email":"mairie.champtercier@wanadoo.fr","population":"807 habitants","website":"","townhallAdress":"Centre Jean Gaspard Gassend Le Village - 04660 - CHAMPTERCIER"},{"text":"CHATEAU-ARNOUX-SAINT-AUBAN","href":"./04/chateau-arnoux-saint-auban.html","phone":"04 92 33 20 00","email":"info@la-moyenne-durance.fr","population":"5270 habitants","website":"","townhallAdress":"Rue Victorin Maurel - 04160 - CHATEAU-ARNOUX-SAINT-AUBAN"},{"text":"CHATEAUFORT","href":"./04/chateaufort.html","phone":"04 92 62 12 30","email":"chateaufort.mairie04@wanadoo.fr","population":"28 habitants","website":"","townhallAdress":"Le Village - 04250 - CHATEAUFORT"},{"text":"CHATEAUNEUF MIRAVAIL","href":"./04/chateauneuf-miravail.html","phone":"04 92 62 00 44","email":"mairie-ch-miravail@wanadoo.fr","population":"73 habitants","website":"","townhallAdress":"Les Curniers - 04200 - CHATEAUNEUF-MIRAVAIL"},{"text":"CHATEAUNEUF-VAL-SAINT-DONAT","href":"./04/chateauneuf-val-saint-donat.html","phone":"04 92 62 42 19","email":"mairie.chateauneufvsd@wanadoo.fr","population":"513 habitants","website":"","townhallAdress":"Le Village - 04200 - CHATEAUNEUF-VAL-SAINT-DONAT"},{"text":"CHATEAUREDON","href":"./04/chateauredon.html","phone":"04 92 35 53 06","email":"chateauredon.mairie@wanadoo.fr","population":"97 habitants","website":"","townhallAdress":"Le Village - 04270 - CHATEAUREDON"},{"text":"CHAUDON NORANTE","href":"./04/chaudon-norante.html","phone":"04 92 34 24 75","email":"chaudon-norante.mairie@tiscali.fr","population":"149 habitants","website":"","townhallAdress":"Norante Village - 04330 - CHAUDON-NORANTE"},{"text":"CLAMENSANE","href":"./04/clamensane.html","phone":"04 92 68 30 93","email":"clamensane-mairie@orange.fr","population":"178 habitants","website":"","townhallAdress":"Le village - 04250 - CLAMENSANE"},{"text":"CLARET","href":"./04/claret.html","phone":"04 92 68 32 40","email":"mairiedeclaret04@packsurfwifi.com","population":"285 habitants","website":"","townhallAdress":"Placette de la mairie - 05110 - CLARET"},{"text":"CLUMANC","href":"./04/clumanc.html","phone":"04 92 34 22 16","email":"mairiedeclumanc@orange.fr","population":"172 habitants","website":"","townhallAdress":"Ecole La Cine - 04330 - CLUMANC"},{"text":"COLMARS","href":"./04/colmars.html","phone":"04 92 83 43 21","email":"colmars-les-alpes.mairie@wanadoo.fr","population":"393 habitants","website":"","townhallAdress":"Le Village - 04370 - COLMARS"},{"text":"CORBIERES","href":"./04/corbieres.html","phone":"04 92 78 22 12","email":"accueil@mairie-corbieres.fr","population":"955 habitants","website":"","townhallAdress":"Hôtel de Ville -  1 place Haute - 04220 - CORBIERES"},{"text":"CRUIS","href":"./04/cruis.html","phone":"04 92 77 05 35","email":"mairie.cruis@wanadoo.fr","population":"596 habitants","website":"","townhallAdress":"Le Village - 04230 - CRUIS"},{"text":"CURBANS","href":"./04/curbans.html","phone":"04 92 54 21 87","email":"mairiedecurbans@wanadoo.fr","population":"325 habitants","website":"","townhallAdress":"Le Claux - 05110 - CURBANS"},{"text":"CUREL","href":"./04/curel.html","phone":"04 92 62 06 15","email":"mairie-curel@wanadoo.fr","population":"56 habitants","website":"","townhallAdress":"Le Village - 04200 - CUREL"},{"text":"DAUPHIN","href":"./04/dauphin.html","phone":"04 92 79 53 17","email":"mairie-dauphin@wanadoo.fr","population":"806 habitants","website":"","townhallAdress":"Quartier Rencontre - 04300 - DAUPHIN"},{"text":"DEMANDOLX","href":"./04/demandolx.html","phone":"04 92 83 63 12","email":"mairie.demandolx@wanadoo.fr","population":"137 habitants","website":"","townhallAdress":"Le Village - 04120 - DEMANDOLX"},{"text":"DIGNE-LES-BAINS","href":"./04/digne-les-bains.html","phone":"04 92 30 52 00","email":"cabinet.mairie@dignelesbains.fr","population":"18755 habitants","website":"","townhallAdress":"18 Rue Epinettes - 04000 - DIGNE-LES-BAINS"},{"text":"DRAIX","href":"./04/draix.html","phone":"04 92 35 40 85","email":"mairie.draix@nordnet.fr","population":"77 habitants","website":"","townhallAdress":"Le Village - 04420 - DRAIX"},{"text":"ENCHASTRAYES","href":"./04/enchastrayes.html","phone":"04 92 81 43 96","email":"mairie.enchastrayes@orange.fr","population":"438 habitants","website":"","townhallAdress":"Le Village - 04400 - ENCHASTRAYES"},{"text":"ENTRAGES","href":"./04/entrages.html","phone":"04 92 31 49 04","email":"mairie.entrages@orange.fr","population":"115 habitants","website":"","townhallAdress":"Le Village - 04000 - ENTRAGES"},{"text":"ENTREPIERRES","href":"./04/entrepierres.html","phone":"04 92 61 41 71","email":"mairie@entrepierres.fr","population":"386 habitants","website":"","townhallAdress":"Le Village - 04200 - ENTREPIERRES"},{"text":"ENTREVAUX","href":"./04/entrevaux.html","phone":"04 93 05 34 10","email":"mairie-dentrevaux@wanadoo.fr","population":"911 habitants","website":"","townhallAdress":"1 Place Charles Panier - 04320 - ENTREVAUX"},{"text":"ENTREVENNES","href":"./04/entrevennes.html","phone":"04 92 78 65 53","email":"mairie@entrevennes.net","population":"167 habitants","website":"","townhallAdress":"Le Village - 04700 - ENTREVENNES"},{"text":"ESPARRON-DE-VERDON","href":"./04/esparron-de-verdon.html","phone":"04 92 77 12 23","email":"mairie.esparron-de-verdon@wanadoo.fr","population":"430 habitants","website":"","townhallAdress":"Le Village - 04800 - ESPARRON-DE-VERDON"},{"text":"ESTOUBLON","href":"./04/estoublon.html","phone":"04 92 34 40 87","email":"mairie.estoublon@orange.fr","population":"412 habitants","website":"","townhallAdress":"Le Village - 04270 - ESTOUBLON"},{"text":"FAUCON-DE-BARCELONNETTE","href":"./04/faucon-de-barcelonnette.html","phone":"04 92 81 14 24","email":"mairiefaucondebarcelonnette@wanadoo.fr","population":"310 habitants","website":"","townhallAdress":"Le Village - 04400 - FAUCON-DE-BARCELONNETTE"},{"text":"FAUCON-DU-CAIRE","href":"./04/faucon-du-caire.html","phone":"04 92 68 40 22","email":"mairie.fauconducaire@wanadoo.fr","population":"53 habitants","website":"","townhallAdress":"Le Village - 04250 - FAUCON-DU-CAIRE"},{"text":"FONTIENNE","href":"./04/fontienne.html","phone":"04 92 73 00 10","email":"mairiefontienne@wanadoo.fr","population":"135 habitants","website":"","townhallAdress":"Le Village - 04230 - FONTIENNE"},{"text":"FORCALQUIER","href":"./04/forcalquier.html","phone":"04 92 70 91 00","email":"","population":"4724 habitants","website":"","townhallAdress":"5 Place Marcial Sicard - 04300 - FORCALQUIER"},{"text":"GANAGOBIE","href":"./04/ganagobie.html","phone":"04 92 83 68 47","email":"mairie-de-ganagobie@wanadoo.fr","population":"109 habitants","website":"","townhallAdress":"Le Village - 04310 - GANAGOBIE"},{"text":"GIGORS","href":"./04/gigors.html","phone":"04 92 55 13 67","email":"mairie.gigors@free.fr","population":"57 habitants","website":"","townhallAdress":"Le Village - 04250 - GIGORS"},{"text":"GREOUX-LES-BAINS","href":"./04/greoux-les-bains.html","phone":"04 92 78 00 25","email":"secretariatgeneralgreoux@wanadoo.fr","population":"2500 habitants","website":"","townhallAdress":"Place de l'Hôtel de Ville - 04800 - GREOUX-LES-BAINS"},{"text":"HAUTES DUYES","href":"./04/hautes-duyes.html","phone":"04 92 34 87 70","email":"mairie.hautes.duyes@wanadoo.fr","population":"33 habitants","website":"","townhallAdress":"Le Village - 04380 - HAUTES-DUYES"},{"text":"JAUSIERS","href":"./04/jausiers.html","phone":"04 92 81 06 16","email":"mairie.de.jausiers@wanadoo.fr","population":"1088 habitants","website":"","townhallAdress":"Le Village - 04850 - JAUSIERS"},{"text":"LA BREOLE","href":"./04/la-breole.html","phone":"04 92 85 52 61","email":"mairie.la.breole@wanadoo.fr","population":"350 habitants","website":"","townhallAdress":"Hôtel de Ville - 04340 - LA-BREOLE"},{"text":"LA BRILLANNE","href":"./04/la-brillanne.html","phone":"04 92 78 63 18","email":"mairie.labrillanne04700@orange.fr","population":"889 habitants","website":"","townhallAdress":"Place Sainte Agathe - 04700 - LA-BRILLANNE"},{"text":"LA CONDAMINE-CHATELARD","href":"./04/la-condamine-chatelard.html","phone":"04 92 84 30 42","email":"lacondamine3@wanadoo.fr","population":"153 habitants","website":"","townhallAdress":"Le Village - 04530 - LA-CONDAMINE-CHATELARD"},{"text":"LA GARDE","href":"./04/la-garde.html","phone":"04 92 83 68 47","email":"mairie.lagarde04@wanadoo.fr","population":"89 habitants","website":"","townhallAdress":"Mairie - 04120 - LA-GARDE"},{"text":"LA JAVIE","href":"./04/la-javie.html","phone":"04 92 34 91 76","email":"lajavie.mairie@wanadoo.fr","population":"396 habitants","website":"","townhallAdress":"Rue Principale - 04420 - LA-JAVIE"},{"text":"LAMBRUISSE","href":"./04/lambruisse.html","phone":"04 92 89 10 00","email":"mairie-de-lambruisse@alsatis.net","population":"78 habitants","website":"","townhallAdress":"Le Village - 04170 - LAMBRUISSE"},{"text":"LA MOTTE-DU-CAIRE","href":"./04/la-motte-du-caire.html","phone":"04 92 68 32 81","email":"lamotteducaire@wanadoo.fr","population":"508 habitants","website":"","townhallAdress":"Place Pied de Ville - 04250 - LA-MOTTE-DU-CAIRE"},{"text":"LA MURE-ARGENS","href":"./04/la-mure-argens.html","phone":"04 92 89 10 72","email":"mairie-la-mure-argens@wanadoo.fr","population":"327 habitants","website":"","townhallAdress":"Place de l'Eglise - 04170 - LA-MURE-ARGENS"},{"text":"LA PALUD-SUR-VERDON","href":"./04/la-palud-sur-verdon.html","phone":"04 92 77 38 02","email":"mairielapaludsurverdon@wanadoo.fr","population":"315 habitants","website":"","townhallAdress":"Route de Moustier - 04120 - LA-PALUD-SUR-VERDON"},{"text":"LARDIERS","href":"./04/lardiers.html","phone":"04 92 73 29 81","email":"mairie.de.lardiers@orange.fr","population":"116 habitants","website":"","townhallAdress":"Le Village - 04230 - LARDIERS"},{"text":"LA ROBINE-SUR-GALABRE","href":"./04/la-robine-sur-galabre.html","phone":"04 92 31 24 03","email":"mairielarobine@wanadoo.fr","population":"324 habitants","website":"","townhallAdress":"Le Village - 04000 - LA-ROBINE-SUR-GALABRE"},{"text":"LA ROCHEGIRON","href":"./04/la-rochegiron.html","phone":"04 92 73 31 02","email":"la-rochegiron-cne@wanadoo.fr","population":"109 habitants","website":"","townhallAdress":"Le Village - 04150 - LA-ROCHEGIRON"},{"text":"LA ROCHETTE","href":"./04/la-rochette.html","phone":"04 93 05 84 80","email":"","population":"54 habitants","website":"","townhallAdress":"Village - 06260 - LA-ROCHETTE"},{"text":"LE BRUSQUET","href":"./04/le-brusquet.html","phone":"04 92 35 69 00","email":"mairie-le-brusquet@wanadoo.fr","population":"1024 habitants","website":"","townhallAdress":"L'Arzièras - 04420 - LE-BRUSQUET"},{"text":"LE CAIRE","href":"./04/le-caire.html","phone":"04 92 68 35 29","email":"mairie.lecaire@wanadoo.fr","population":"72 habitants","website":"","townhallAdress":"Village - 04250 - LE-CAIRE"},{"text":"LE CASTELLARD-MELAN","href":"./04/le-castellard-melan.html","phone":"04 92 34 77 62","email":"mairie.castellard-melan@orange.fr","population":"59 habitants","website":"","townhallAdress":"Le Village - 04380 - LE-CASTELLARD-MELAN"},{"text":"LE CASTELLET","href":"./04/le-castellet.html","phone":"04 92 78 74 03","email":"mairie.lecastellet@orange.fr","population":"249 habitants","website":"","townhallAdress":"Le Village - 04700 - LE-CASTELLET"},{"text":"LE CHAFFAUT-SAINT-JURSON","href":"./04/le-chaffaut-saint-jurson.html","phone":"04 92 34 63 65","email":"mairieduchaffaut@wanadoo.fr","population":"811 habitants","website":"","townhallAdress":"Le Village - 04510 - LE-CHAFFAUT-SAINT-JURSON"},{"text":"LE FUGERET","href":"./04/le-fugeret.html","phone":"04 92 83 20 16","email":"le.fugeret.mairie@wanadoo.fr","population":"220 habitants","website":"","townhallAdress":"Le Village - 04240 - LE-FUGERET"},{"text":"LE LAUZET-UBAYE","href":"./04/le-lauzet-ubaye.html","phone":"04 92 85 51 27","email":"","population":"242 habitants","website":"","townhallAdress":"Le Village - 04340 - LE-LAUZET-UBAYE"},{"text":"L'ESCALE","href":"./04/l-escale.html","phone":"04 92 64 19 35","email":"mairie.delescale@wanadoo.fr","population":"1274 habitants","website":"","townhallAdress":"Rue François Arnaud - 04160 - L'ESCALE"},{"text":"LES MEES","href":"./04/les-mees.html","phone":"04 92 34 03 01","email":"courrier@mairie-lesmees.fr","population":"3451 habitants","website":"","townhallAdress":"18 Boulevard de la République - 04190 - LES-MEES"},{"text":"LES OMERGUES","href":"./04/les-omergues.html","phone":"04 92 62 02 77","email":"mairielesomergues@orange.fr","population":"123 habitants","website":"","townhallAdress":"Le Village - 04200 - LES-OMERGUES"},{"text":"LES THUILES","href":"./04/les-thuiles.html","phone":"04 92 81 10 03","email":"mairie.lesthuiles@wanadoo.fr","population":"395 habitants","website":"","townhallAdress":"Les Thuiles Basses - 04400 - LES-THUILES"},{"text":"LE VERNET","href":"./04/le-vernet.html","phone":"04 92 35 02 84","email":"le-vernet.mairie@wanadoo.fr","population":"131 habitants","website":"","townhallAdress":"Le Village - 04140 - LE-VERNET"},{"text":"L'HOSPITALET","href":"./04/l-hospitalet.html","phone":"04 92 73 30 66","email":"lhospitalet-cne@wanadoo.fr","population":"92 habitants","website":"","townhallAdress":"1 Le Perron - 04150 - L'HOSPITALET"},{"text":"LIMANS","href":"./04/limans.html","phone":"04 92 73 01 69","email":"mairie.limans@wanadoo.fr","population":"335 habitants","website":"","townhallAdress":"Le Village - 04300 - LIMANS"},{"text":"LURS","href":"./04/lurs.html","phone":"04 92 79 95 24","email":"mairie-de-lurs@wanadoo.fr","population":"385 habitants","website":"","townhallAdress":"Le Village - 04700 - LURS"},{"text":"MAJASTRES","href":"./04/majastres.html","phone":"","email":"mairie-de-majastres@orange.fr","population":"2 habitants","website":"","townhallAdress":"Mairie - 04270 - MAJASTRES"},{"text":"MALIJAI","href":"./04/malijai.html","phone":"04 92 34 01 12","email":"mairie-de-malijai@wanadoo.fr","population":"1955 habitants","website":"","townhallAdress":"Le Château - 04350 - MALIJAI"},{"text":"MALLEFOUGASSE AUGES","href":"./04/mallefougasse-auges.html","phone":"04 92 77 03 06","email":"mairie.mallefougasse@orange.fr","population":"218 habitants","website":"","townhallAdress":"Le Village - 04230 - MALLEFOUGASSE-AUGES"},{"text":"MALLEMOISSON","href":"./04/mallemoisson.html","phone":"04 92 34 65 03","email":"mairiemallemoisson@wanadoo.fr","population":"1081 habitants","website":"","townhallAdress":"Le Village - 04510 - MALLEMOISSON"},{"text":"MANE","href":"./04/mane.html","phone":"04 92 75 04 13","email":"mairie@mane-en-provence.com","population":"1388 habitants","website":"","townhallAdress":"Place de L'Eglise - 04300 - MANE"},{"text":"MANOSQUE","href":"./04/manosque.html","phone":"04 92 70 34 56","email":"maire@ville-manosque.fr","population":"22483 habitants","website":"","townhallAdress":"180 Rue Tannerie - 04100 - MANOSQUE"},{"text":"MARCOUX","href":"./04/marcoux.html","phone":"04 92 35 41 05","email":"mairiemarcoux04@wanadoo.fr","population":"484 habitants","website":"","townhallAdress":"Le Village - 04420 - MARCOUX"},{"text":"MEAILLES","href":"./04/meailles.html","phone":"04 92 83 32 55","email":"mairie.meailles@wanadoo.fr","population":"107 habitants","website":"","townhallAdress":"Le Village - 04240 - MEAILLES"},{"text":"MELVE","href":"./04/melve.html","phone":"04 92 68 32 80","email":"mairiedemelve04@wanadoo.fr","population":"109 habitants","website":"","townhallAdress":"Village Les Sigauds - 04250 - MELVE"},{"text":"MEOLANS-REVEL","href":"./04/meolans-revel.html","phone":"04 92 81 08 69","email":"mairie.meolansrevel@wanadoo.fr","population":"337 habitants","website":"","townhallAdress":"La Fresquière - 04340 - MEOLANS-REVEL"},{"text":"MEYRONNES","href":"./04/meyronnes.html","phone":"04 92 84 30 49","email":"mairie-meyronnes@orange.fr","population":"75 habitants","website":"","townhallAdress":"Le Village - 04530 - MEYRONNES"},{"text":"MEZEL","href":"./04/mezel.html","phone":"04 92 35 53 87","email":"mairie.mezel2@wanadoo.fr","population":"655 habitants","website":"","townhallAdress":"Le Village - 04270 - MEZEL"},{"text":"MIRABEAU","href":"./04/mirabeau.html","phone":"04 92 34 61 84","email":"mairie-mirabeau04@wanadoo.fr","population":"498 habitants","website":"","townhallAdress":"Village - 04510 - MIRABEAU"},{"text":"MISON","href":"./04/mison.html","phone":"04 92 62 21 17","email":"mairie.mison@wanadoo.fr","population":"1042 habitants","website":"","townhallAdress":"Les Armands - 04200 - MISON"},{"text":"MONTAGNAC-MONTPEZAT","href":"./04/montagnac-montpezat.html","phone":"04 92 77 53 65","email":"mairie@mairie-montagnac-montpezat.fr","population":"429 habitants","website":"","townhallAdress":"Place de l'horloge - 04500 - MONTAGNAC-MONTPEZAT"},{"text":"MONTCLAR","href":"./04/montclar.html","phone":"04 92 30 92 00","email":"info@montclar.com","population":"464 habitants","website":"","townhallAdress":"Col Saint Jean - 04140 - MONTCLAR"},{"text":"MONTFORT","href":"./04/montfort.html","phone":"04 92 64 02 90","email":"mairie.montfort@wanadoo.fr","population":"399 habitants","website":"","townhallAdress":"Le Village - 04600 - MONTFORT"},{"text":"MONTFURON","href":"./04/montfuron.html","phone":"04 92 76 41 65","email":"mairiemontfuron@wanadoo.fr","population":"202 habitants","website":"","townhallAdress":"Le Village - 04110 - MONTFURON"},{"text":"MONTJUSTIN","href":"./04/montjustin.html","phone":"04 92 76 46 31","email":"montjustin.mairie@wanadoo.fr","population":"52 habitants","website":"","townhallAdress":"Le Village - 04110 - MONTJUSTIN"},{"text":"MONTLAUX","href":"./04/montlaux.html","phone":"04 92 77 09 85","email":"mairie.montlaux@wanadoo.fr","population":"135 habitants","website":"","townhallAdress":"Le Village - 04230 - MONTLAUX"},{"text":"MONTSALIER","href":"./04/montsalier.html","phone":"04 92 73 35 62","email":"mairie.de.montsalier@wanadoo.fr","population":"108 habitants","website":"","townhallAdress":"Le Village - 04150 - MONTSALIER"},{"text":"MORIEZ","href":"./04/moriez.html","phone":"04 92 89 06 14","email":"mairie.narbief@wanadoo.fr","population":"195 habitants","website":"","townhallAdress":"Route de Hyèges - 04170 - MORIEZ"},{"text":"MOUSTIERS-SAINTE-MARIE","href":"./04/moustiers-sainte-marie.html","phone":"04 92 74 66 19","email":"mairie-moustiers@wanadoo.fr","population":"714 habitants","website":"","townhallAdress":"Le Village - 04360 - MOUSTIERS-SAINTE-MARIE"},{"text":"NIBLES","href":"./04/nibles.html","phone":"04 92 62 12 18","email":"mairienibles@wanadoo.fr","population":"46 habitants","website":"","townhallAdress":"Le Village - 04250 - NIBLES"},{"text":"NIOZELLES","href":"./04/niozelles.html","phone":"04 92 75 03 33","email":"mairie-niozelles@wanadoo.fr","population":"243 habitants","website":"","townhallAdress":"Le Village - 04300 - NIOZELLES"},{"text":"NOYERS-SUR-JABRON","href":"./04/noyers-sur-jabron.html","phone":"04 92 62 05 70","email":"mairie.noyers@wanadoo.fr","population":"379 habitants","website":"","townhallAdress":"Hôtel de Ville - 04200 - NOYERS-SUR-JABRON"},{"text":"ONGLES","href":"./04/ongles.html","phone":"04 92 73 06 22","email":"mairie.ongles@wanadoo.fr","population":"358 habitants","website":"","townhallAdress":"Le Village - 04230 - ONGLES"},{"text":"OPPEDETTE","href":"./04/oppedette.html","phone":"04 92 75 93 13","email":"mairieoppedette@wanadoo.fr","population":"63 habitants","website":"","townhallAdress":"Le Village - 04110 - OPPEDETTE"},{"text":"ORAISON","href":"./04/oraison.html","phone":"04 92 70 77 77","email":"mairie-doraison@wanadoo.fr","population":"5092 habitants","website":"","townhallAdress":"22 rue Paul Jean - 04700 - ORAISON"},{"text":"PEIPIN","href":"./04/peipin.html","phone":"04 92 62 44 17","email":"mairie@peipin.fr","population":"1269 habitants","website":"","townhallAdress":"Le Village - 04200 - PEIPIN"},{"text":"PEYROULES","href":"./04/peyroules.html","phone":"04 92 83 65 52","email":"mairie.peyroules@wanadoo.fr","population":"222 habitants","website":"","townhallAdress":"28 Rue de la Mairie - 04120 - PEYROULES"},{"text":"PEYRUIS","href":"./04/peyruis.html","phone":"04 92 33 21 05","email":"peyruis.provence@wanadoo.fr","population":"2523 habitants","website":"","townhallAdress":"Place de l'Hôtel de Ville - 04310 - PEYRUIS"},{"text":"PIEGUT","href":"./04/piegut.html","phone":"04 92 54 15 14","email":"mairiedepiegut@orange.fr","population":"131 habitants","website":"","townhallAdress":"Le Village - 05130 - PIEGUT"},{"text":"PIERRERUE","href":"./04/pierrerue.html","phone":"04 92 75 16 61","email":"mairie.pierrerue@wanadoo.fr","population":"535 habitants","website":"","townhallAdress":"Le Village - 04300 - PIERRERUE"},{"text":"PIERREVERT","href":"./04/pierrevert.html","phone":"04 92 72 86 87","email":"info@mairie-pierrevert.com","population":"3727 habitants","website":"","townhallAdress":"Avenue Auguste Bastide - 04860 - PIERREVERT"},{"text":"PONTIS","href":"./04/pontis.html","phone":"04 92 44 26 94","email":"mairiedepontis@wanadoo.fr","population":"74 habitants","website":"","townhallAdress":"L'Eglise - 05160 - PONTIS"},{"text":"PRADS-HAUTE-BLEONE","href":"./04/prads-haute-bleone.html","phone":"04 92 34 90 81","email":"mairie.prads.h.b@wanadoo.fr","population":"171 habitants","website":"","townhallAdress":"Le Village - 04420 - PRADS-HAUTE-BLEONE"},{"text":"PUIMICHEL","href":"./04/puimichel.html","phone":"04 92 78 61 40","email":"mairie-puimichel@puimichel.fr","population":"254 habitants","website":"","townhallAdress":"1 Place Delphine Signe - 04700 - PUIMICHEL"},{"text":"PUIMOISSON","href":"./04/puimoisson.html","phone":"04 92 74 54 01","email":"mairie.puimoisson@wanadoo.fr","population":"691 habitants","website":"","townhallAdress":"La Place - 04410 - PUIMOISSON"},{"text":"QUINSON","href":"./04/quinson.html","phone":"04 92 74 40 25","email":"mairie@quinson.fr","population":"439 habitants","website":"","townhallAdress":"Cours National - 04500 - QUINSON"},{"text":"REDORTIERS-LE-CONTADOUR","href":"./04/redortiers-le-contadour.html","phone":"04 92 73 27 57","email":"mairie.redortiers@wanadoo.fr","population":"68 habitants","website":"","townhallAdress":"Le Contadour - 04150 - REDORTIERS-LE-CONTADOUR"},{"text":"REILLANNE","href":"./04/reillanne.html","phone":"04 92 76 42 07","email":"mairie.reillanne@wanadoo.fr","population":"1510 habitants","website":"","townhallAdress":"Cours Thierry d'Argenlieu - 04110 - REILLANNE"},{"text":"REVEST-DES-BROUSSES","href":"./04/revest-des-brousses.html","phone":"04 92 73 28 58","email":"mairie.revestdesbrousses@orange.fr","population":"253 habitants","website":"","townhallAdress":"Le Village - 04150 - REVEST-DES-BROUSSES"},{"text":"REVEST-DU-BION","href":"./04/revest-du-bion.html","phone":"04 92 77 22 26","email":"commune.revestdubion@orange.fr","population":"538 habitants","website":"","townhallAdress":"Le Village - 04150 - REVEST-DU-BION"},{"text":"REVEST-SAINT-MARTIN","href":"./04/revest-saint-martin.html","phone":"04 92 75 87 74","email":"mairie-revest-saint-martin@orange.fr","population":"94 habitants","website":"","townhallAdress":"Hameau Saint Martin - 04230 - REVEST-SAINT-MARTIN"},{"text":"RIEZ","href":"./04/riez.html","phone":"04 92 77 99 00","email":"mairie.riez@wanadoo.fr","population":"1783 habitants","website":"","townhallAdress":"Allée Louis Gardiol - 04500 - RIEZ"},{"text":"ROUGON","href":"./04/rougon.html","phone":"04 92 83 66 32","email":"mairie.rougon@wanadoo.fr","population":"126 habitants","website":"","townhallAdress":"Le Village - 04120 - ROUGON"},{"text":"ROUMOULES","href":"./04/roumoules.html","phone":"04 92 77 85 02","email":"mairie.roumoules@wanadoo.fr","population":"739 habitants","website":"","townhallAdress":"Rue Grande - 04500 - ROUMOULES"},{"text":"SAINT-ANDRE-LES-ALPES","href":"./04/saint-andre-les-alpes.html","phone":"04 92 89 02 04","email":"mairie.st-andre.les.alpes@wanadoo.fr","population":"928 habitants","website":"","townhallAdress":"Place Marcel Pastorelli - 04170 - SAINT-ANDRE-LES-ALPES"},{"text":"SAINT-BENOIT","href":"./04/saint-benoit.html","phone":"04 92 83 32 90","email":"saint-benoit.mairie@wanadoo.fr","population":"132 habitants","website":"","townhallAdress":"Le Village - 04240 - SAINT-BENOIT"},{"text":"SAINTE-CROIX-A-LAUZE","href":"./04/sainte-croix-a-lauze.html","phone":"04 92 75 64 13","email":"ste-croix-alauze.cne@wanadoo.fr","population":"81 habitants","website":"","townhallAdress":"Le Village - 04110 - SAINTE-CROIX-A-LAUZE"},{"text":"SAINTE-CROIX-DU-VERDON","href":"./04/sainte-croix-du-verdon.html","phone":"04 92 77 84 10","email":"mairie.saintecroixduverdon@wanadoo.fr","population":"142 habitants","website":"","townhallAdress":"Le Village - 04500 - SAINTE-CROIX-DU-VERDON"},{"text":"SAINT-ETIENNE-LES-ORGUES","href":"./04/saint-etienne-les-orgues.html","phone":"04 92 73 02 00","email":"mairiedesaintetiennelesorgues@wanadoo.fr","population":"1210 habitants","website":"","townhallAdress":"Le Village - 04230 - SAINT-ETIENNE-LES-ORGUES"},{"text":"SAINTE-TULLE","href":"./04/sainte-tulle.html","phone":"04 92 78 20 06","email":"mairiedesaintetulle@wanadoo.fr","population":"3304 habitants","website":"","townhallAdress":"Avenue de la République - 04220 - SAINTE-TULLE"},{"text":"SAINT-GENIEZ","href":"./04/saint-geniez.html","phone":"04 92 62 64 15","email":"mairie.stgeniez@packsurfwifi.com","population":"105 habitants","website":"","townhallAdress":"Le Village - 04200 - SAINT-GENIEZ"},{"text":"SAINT-JACQUES","href":"./04/saint-jacques.html","phone":"04 92 34 24 87","email":"mairie.saint-jacques@wanadoo.fr","population":"57 habitants","website":"","townhallAdress":"Le Village - 04330 - SAINT-JACQUES"},{"text":"SAINT-JEANNET","href":"./04/saint-jeannet.html","phone":"04 92 34 43 00","email":"accueil@saintjeannet.com","population":"55 habitants","website":"","townhallAdress":"Les Contes - 04270 - SAINT-JEANNET"},{"text":"SAINT-JULIEN D'ASSE","href":"./04/saint-julien-d-asse.html","phone":"04 92 34 43 80","email":"stjuliendasse@wanadoo.fr","population":"156 habitants","website":"","townhallAdress":"Le Village - 04270 - SAINT-JULIEN-D'ASSE"},{"text":"SAINT-JULIEN-DU-VERDON","href":"./04/saint-julien-du-verdon.html","phone":"04 92 89 05 82","email":"mairie.stjulienduverdon@wanadoo.fr","population":"137 habitants","website":"","townhallAdress":"Mairie - 04170 - SAINT-JULIEN-DU-VERDON"},{"text":"SAINT-JURS","href":"./04/saint-jurs.html","phone":"04 92 74 48 25","email":"michel.favre2@wanadoo.fr","population":"158 habitants","website":"","townhallAdress":"Le Village - 04410 - SAINT-JURS"},{"text":"SAINT-LAURENT-DU-VERDON","href":"./04/saint-laurent-du-verdon.html","phone":"04 92 74 57 47","email":"mairie-st-laurent-du-verdon@wanadoo.fr","population":"94 habitants","website":"","townhallAdress":"Le Village - 04500 - SAINT-LAURENT-DU-VERDON"},{"text":"SAINT-LIONS","href":"./04/saint-lions.html","phone":"04 92 34 24 25","email":"","population":"42 habitants","website":"","townhallAdress":"Le Village - 04330 - SAINT-LIONS"},{"text":"SAINT-MAIME","href":"./04/saint-maime.html","phone":"04 92 79 58 15","email":"mairie.saintmaime@free.fr","population":"834 habitants","website":"","townhallAdress":"Hôtel de Ville - 04300 - SAINT-MAIME"},{"text":"SAINT-MARTIN-DE-BROMES","href":"./04/saint-martin-de-bromes.html","phone":"04 92 78 02 02","email":"mairie-smdb@wanadoo.fr","population":"493 habitants","website":"","townhallAdress":"Place de la Libération - 04800 - SAINT-MARTIN-DE-BROMES"},{"text":"SAINT-MARTIN-LES-EAUX","href":"./04/saint-martin-les-eaux.html","phone":"04 92 72 24 57","email":"mairie.saint-martin-les-eaux@wanadoo.fr","population":"104 habitants","website":"","townhallAdress":"Le Village - 04300 - SAINT-MARTIN-LES-EAUX"},{"text":"SAINT-MARTIN-LES-SEYNE","href":"./04/saint-martin-les-seyne.html","phone":"04 92 35 33 63","email":"","population":"19 habitants","website":"","townhallAdress":"Le Village - 04140 - SAINT-MARTIN-LES-SEYNE"},{"text":"SAINT-MICHEL-L'OBSERVATOIRE","href":"./04/saint-michel-l-observatoire.html","phone":"04 92 76 60 04","email":"mairie.stmichelobs@orange.fr","population":"1110 habitants","website":"","townhallAdress":"Place Serre - 04870 - SAINT-MICHEL-L'OBSERVATOIRE"},{"text":"SAINT-PAUL-SUR-UBAYE","href":"./04/saint-paul-sur-ubaye.html","phone":"04 92 84 31 09","email":"mairie.stpaul.ubaye@orange.fr","population":"228 habitants","website":"","townhallAdress":"Le Village - 04530 - SAINT-PAUL-SUR-UBAYE"},{"text":"SAINT-PIERRE","href":"./04/saint-pierre.html","phone":"04 93 05 80 17","email":"","population":"73 habitants","website":"","townhallAdress":"Village - 06260 - SAINT-PIERRE"},{"text":"SAINT-PONS","href":"./04/saint-pons.html","phone":"04 92 81 09 25","email":"mairie-saintpons-ubaye@orange.fr","population":"791 habitants","website":"","townhallAdress":"Le Village - 04400 - SAINT-PONS"},{"text":"SAINT-VINCENT-LES-FORTS","href":"./04/saint-vincent-les-forts.html","phone":"04 92 85 57 56","email":"st.vincent.les.forts@wanadoo.fr","population":"263 habitants","website":"","townhallAdress":"Le Village - 04340 - SAINT-VINCENT-LES-FORTS"},{"text":"SAINT-VINCENT-SUR-JABRON","href":"./04/saint-vincent-sur-jabron.html","phone":"04 92 62 00 56","email":"mairie.stvincentsurjabron@wanadoo.fr","population":"186 habitants","website":"","townhallAdress":"Le Village - 04200 - SAINT-VINCENT-SUR-JABRON"},{"text":"SALIGNAC","href":"./04/salignac.html","phone":"04 92 61 31 28","email":"salignachp@wanadoo.fr","population":"519 habitants","website":"","townhallAdress":"Le Village - 04290 - SALIGNAC"},{"text":"SAUMANE","href":"./04/saumane.html","phone":"04 92 73 38 22","email":"mairie-de-saumane@wanadoo.fr","population":"107 habitants","website":"","townhallAdress":"Le Village - 04150 - SAUMANE"},{"text":"SAUSSES","href":"./04/sausses.html","phone":"04 93 05 45 56","email":"contact@mairie-de-sausses.org","population":"99 habitants","website":"","townhallAdress":"Village - 04320 - SAUSSES"},{"text":"SELONNET","href":"./04/selonnet.html","phone":"04 92 35 06 38","email":"accueil@selonnet.fr","population":"439 habitants","website":"","townhallAdress":"Le Village - 04140 - SELONNET"},{"text":"SENEZ","href":"./04/senez.html","phone":"04 92 34 21 04","email":"mairie@senez.fr","population":"182 habitants","website":"","townhallAdress":"Le Village - 04330 - SENEZ"},{"text":"SEYNE-LES-ALPES","href":"./04/seyne-les-alpes.html","phone":"04 92 35 00 42","email":"mairie.seynelesalpes@wanadoo.fr","population":"1470 habitants","website":"","townhallAdress":"Grande Rue - 04140 - SEYNE-LES-ALPES"},{"text":"SIGONCE","href":"./04/sigonce.html","phone":"04 92 75 03 96","email":"mairie.sigonce@wanadoo.fr","population":"399 habitants","website":"","townhallAdress":"Le Village - 04300 - SIGONCE"},{"text":"SIGOYER","href":"./04/sigoyer.html","phone":"04 92 62 15 33","email":"mairie.sigoyer04@wanadoo.fr","population":"87 habitants","website":"","townhallAdress":"Le Village - 04200 - SIGOYER"},{"text":"SIMIANE-LA-ROTONDE","href":"./04/simiane-la-rotonde.html","phone":"04 92 75 91 40","email":"communedesimiane@wanadoo.fr","population":"586 habitants","website":"","townhallAdress":"Le Village - 04150 - SIMIANE-LA-ROTONDE"},{"text":"SISTERON","href":"./04/sisteron.html","phone":"04 92 61 00 37","email":"sisteron@wanadoo.fr","population":"7582 habitants","website":"","townhallAdress":"22 Avenue des Arcades - 04200 - SISTERON"},{"text":"SOLEILHAS","href":"./04/soleilhas.html","phone":"04 93 60 42 87","email":"mairie.soleilhas@a3vtelecom.fr","population":"109 habitants","website":"","townhallAdress":"59 Rue Clastre - 04120 - SOLEILHAS"},{"text":"SOURRIBES","href":"./04/sourribes.html","phone":"04 92 64 30 24","email":"mairie.sourribes@wanadoo.fr","population":"179 habitants","website":"","townhallAdress":"Hôtel de Ville  - Place Albert Burle - 04290 - SOURRIBES"},{"text":"TARTONNE","href":"./04/tartonne.html","phone":"04 92 34 21 79","email":"tartonne-mairie@alsatis.net","population":"142 habitants","website":"","townhallAdress":"Le Village - 04330 - TARTONNE"},{"text":"THEZE","href":"./04/theze.html","phone":"04 92 62 12 94","email":"mairie.theze@wanadoo.fr","population":"204 habitants","website":"","townhallAdress":"Le Village - 04200 - THEZE"},{"text":"THOARD","href":"./04/thoard.html","phone":"04 92 34 63 74","email":"mairie.thoard@wanadoo.fr","population":"727 habitants","website":"","townhallAdress":"Avenue Paul Avignon - 04380 - THOARD"},{"text":"THORAME-BASSE","href":"./04/thorame-basse.html","phone":"04 92 83 92 97","email":"mairie.thoramebasse@orange.fr","population":"208 habitants","website":"","townhallAdress":"Le Village - 04170 - THORAME-BASSE"},{"text":"THORAME-HAUTE","href":"./04/thorame-haute.html","phone":"04 92 83 90 86","email":"mairie.thoramehaute@orange.fr","population":"227 habitants","website":"","townhallAdress":"Le Village - 04170 - THORAME-HAUTE"},{"text":"TURRIERS","href":"./04/turriers.html","phone":"04 92 55 11 28","email":"mairie.turriers04@wanadoo.fr","population":"411 habitants","website":"","townhallAdress":"Le Village - 04250 - TURRIERS"},{"text":"UBRAYE","href":"./04/ubraye.html","phone":"04 92 83 28 28","email":"mairie-ubraye@wanadoo.fr","population":"109 habitants","website":"","townhallAdress":"Le Village - 04240 - UBRAYE"},{"text":"UVERNET-FOURS","href":"./04/uvernet-fours.html","phone":"04 92 80 80 00","email":"mairie.uvernet-fours@wanadoo.fr","population":"663 habitants","website":"","townhallAdress":"Le Village - 04400 - UVERNET-FOURS"},{"text":"VACHERES","href":"./04/vacheres.html","phone":"04 92 75 62 15","email":"mairievach@wanadoo.fr","population":"307 habitants","website":"","townhallAdress":"Le Village - 04110 - VACHERES"},{"text":"VALAVOIRE","href":"./04/valavoire.html","phone":"04 92 68 39 16","email":"mairie-de-valavoire@wanadoo.fr","population":"36 habitants","website":"","townhallAdress":"Le Village - 04250 - VALAVOIRE"},{"text":"VALBELLE","href":"./04/valbelle.html","phone":"04 92 62 86 59","email":"mairiedevalbelle@wanadoo.fr","population":"250 habitants","website":"","townhallAdress":"Le Village - 04200 - VALBELLE"},{"text":"VAL-DE-CHALVAGNE","href":"./04/val-de-chalvagne.html","phone":"04 93 05 40 29","email":"mairie.vd.chalvagne@wanadoo.fr","population":"65 habitants","website":"","townhallAdress":"Hameau Castellet Saint Cassien - 04320 - VAL-DE-CHALVAGNE"},{"text":"VALENSOLE","href":"./04/valensole.html","phone":"04 92 74 80 13","email":"mairie.valensole@wanadoo.fr","population":"2738 habitants","website":"","townhallAdress":"Place Frédéric Mistral - 04210 - VALENSOLE"},{"text":"VALERNES","href":"./04/valernes.html","phone":"04 92 62 16 46","email":"mairie-de-valernes@orange.fr","population":"244 habitants","website":"","townhallAdress":"Le Village - 04200 - VALERNES"},{"text":"VAUMEILH","href":"./04/vaumeilh.html","phone":"04 92 62 10 06","email":"mairie.vaumeilh@orange.fr","population":"284 habitants","website":"","townhallAdress":"Le Village - 04200 - VAUMEILH"},{"text":"VENTEROL","href":"./04/venterol.html","phone":"04 92 54 12 12","email":"mairie.venterol@wanadoo.fr","population":"195 habitants","website":"","townhallAdress":"Haut Venterol Le Village - 05130 - VENTEROL"},{"text":"VERDACHES","href":"./04/verdaches.html","phone":"04 92 35 10 99","email":"verdaches@hotmail.fr","population":"66 habitants","website":"","townhallAdress":"Village - 04140 - VERDACHES"},{"text":"VERGONS","href":"./04/vergons.html","phone":"04 92 89 00 19","email":"","population":"124 habitants","website":"","townhallAdress":"Le Village - 04170 - VERGONS"},{"text":"VILLARS-COLMARS","href":"./04/villars-colmars.html","phone":"04 92 83 43 01","email":"mairievillarscolmars@wanadoo.fr","population":"239 habitants","website":"","townhallAdress":"Quartier Foulerie - 04370 - VILLARS-COLMARS"},{"text":"VILLEMUS","href":"./04/villemus.html","phone":"04 92 76 44 72","email":"mairie.villemus@wanadoo.fr","population":"155 habitants","website":"","townhallAdress":"Le Village - 04110 - VILLEMUS"},{"text":"VILLENEUVE","href":"./04/villeneuve.html","phone":"04 92 78 42 31","email":"com.villeneuve@wanadoo.fr","population":"3495 habitants","website":"","townhallAdress":"Place Aimé Aillaud - 04180 - VILLENEUVE"},{"text":"VOLONNE","href":"./04/volonne.html","phone":"04 92 64 07 57","email":"mairie.volonne@wanadoo.fr","population":"1691 habitants","website":"","townhallAdress":"Le Village - 04290 - VOLONNE"},{"text":"VOLX","href":"./04/volx.html","phone":"04 92 70 18 00","email":"mairie.volx@wanadoo.fr","population":"2954 habitants","website":"","townhallAdress":"Place Félibres - 04130 - VOLX"}]}