{"text":"07 | Ardèche","href":"ardeche.html","townships":[{"text":"ACCONS","href":"./07/accons.html","phone":"04 75 29 07 06","email":"mairie.accons@inforoutes-ardeche.fr","population":"451 habitants","website":"","townhallAdress":"Le Village - 07160 - ACCONS"},{"text":"AILHON","href":"./07/ailhon.html","phone":"04 75 35 32 03","email":"mairie-ailhon@orange.fr","population":"485 habitants","website":"","townhallAdress":"Le Village - 07200 - AILHON"},{"text":"AIZAC","href":"./07/aizac.html","phone":"04 75 38 72 76","email":"ma-aizac@inforoutes-ardeche.fr","population":"166 habitants","website":"","townhallAdress":"Le Village - 07530 - AIZAC"},{"text":"AJOUX","href":"./07/ajoux.html","phone":"04 75 66 81 61","email":"mairie.ajoux@inforoutes-ardeche.fr","population":"95 habitants","website":"","townhallAdress":"Le Village - 07000 - AJOUX"},{"text":"ALBA LA ROMAINE","href":"./07/alba-la-romaine.html","phone":"04 75 52 43 52","email":"mairie-alba@wanadoo.fr","population":"1399 habitants","website":"","townhallAdress":"Place de la Mairie - 07400 - ALBA-LA-ROMAINE"},{"text":"ALBON D ARDECHE","href":"./07/albon-d-ardeche.html","phone":"04 75 65 65 81","email":"mairie.albon7@wanadoo.fr","population":"163 habitants","website":"","townhallAdress":"Grand Rue - 07190 - ALBON-D'ARDECHE"},{"text":"ALBOUSSIERE","href":"./07/alboussiere.html","phone":"04 75 58 30 64","email":"ma-albou@inforoutes-ardeche.fr","population":"917 habitants","website":"","townhallAdress":"Le Village - 07440 - ALBOUSSIERE"},{"text":"ALISSAS","href":"./07/alissas.html","phone":"04 75 65 12 81","email":"ma-aliss@inforoutes-ardeche.fr","population":"1266 habitants","website":"","townhallAdress":"Chirblanc - 07210 - ALISSAS"},{"text":"ANDANCE","href":"./07/andance.html","phone":"04 75 34 22 33","email":"ma-andan@inforoutes-ardeche.fr","population":"1137 habitants","website":"","townhallAdress":"Route Nationale 86 - 07340 - ANDANCE"},{"text":"ANNONAY","href":"./07/annonay.html","phone":"04 75 69 32 50","email":"maire@mairie-annonay.fr","population":"17824 habitants","website":"","townhallAdress":"2 rue de l'Hôtel de Ville - 07104 - ANNONAY"},{"text":"ANTRAIGUES SUR VOLANE","href":"./07/antraigues-sur-volane.html","phone":"04 75 38 70 10","email":"ma-antra@inforoutes-ardeche.fr","population":"608 habitants","website":"","townhallAdress":"Le Village - 07530 - ANTRAIGUES-SUR-VOLANE"},{"text":"ARCENS","href":"./07/arcens.html","phone":"04 75 30 40 72","email":"hmira.arcens@inforoutes-ardeche.fr","population":"430 habitants","website":"","townhallAdress":"Le Village - 07310 - ARCENS"},{"text":"ARDOIX","href":"./07/ardoix.html","phone":"04 75 34 40 04","email":"ma-ardoi@inforoutes-ardeche.fr","population":"1002 habitants","website":"","townhallAdress":"Le Village - 07290 - ARDOIX"},{"text":"ARLEBOSC","href":"./07/arlebosc.html","phone":"04 75 06 71 03","email":"mairie.arlebosc@orange.fr","population":"351 habitants","website":"","townhallAdress":"Le Village - 07410 - ARLEBOSC"},{"text":"ARRAS SUR RHONE","href":"./07/arras-sur-rhone.html","phone":"04 75 08 25 16","email":"ma-arras@inforoutes-ardeche.fr","population":"506 habitants","website":"","townhallAdress":"Le Village - 07370 - ARRAS-SUR-RHONE"},{"text":"ASPERJOC","href":"./07/asperjoc.html","phone":"04 75 37 47 12","email":"mairie@asperjoc.fr","population":"350 habitants","website":"","townhallAdress":"Place Laulagnet - 07600 - ASPERJOC"},{"text":"ASTET","href":"./07/astet.html","phone":"04 75 87 20 89","email":"mairie.astet@aliceadsl.fr","population":"45 habitants","website":"","townhallAdress":"La Chavade - 07330 - ASTET"},{"text":"AUBENAS","href":"./07/aubenas.html","phone":"04 75 87 81 00","email":"aubena00@inforoutes-ardeche.fr","population":"12731 habitants","website":"","townhallAdress":"Place de l'Hôtel de Ville - 07200 - AUBENAS"},{"text":"AUBIGNAS","href":"./07/aubignas.html","phone":"04 75 52 41 69","email":"mairie.aubignas@orange.fr","population":"392 habitants","website":"","townhallAdress":"Le Village - 07400 - AUBIGNAS"},{"text":"BAIX","href":"./07/baix.html","phone":"04 75 85 84 16","email":"mairiedebaix@wanadoo.fr","population":"1042 habitants","website":"","townhallAdress":"Le Village - 07210 - BAIX"},{"text":"BALAZUC","href":"./07/balazuc.html","phone":"04 75 37 75 08","email":"Balazuc.mairie@orange.fr","population":"352 habitants","website":"","townhallAdress":"Le Village - 07120 - BALAZUC"},{"text":"BANNE","href":"./07/banne.html","phone":"04 75 39 82 66","email":"ma-banne@inforoutes-ardeche.fr","population":"670 habitants","website":"","townhallAdress":"Le Village - 07460 - BANNE"},{"text":"BARNAS","href":"./07/barnas.html","phone":"04 75 36 40 12","email":"mairie.barnas@orange.fr","population":"228 habitants","website":"","townhallAdress":"Saint Théophrède - 07330 - BARNAS"},{"text":"BEAUCHASTEL","href":"./07/beauchastel.html","phone":"04 75 62 23 84","email":"communebeauchastel@wanadoo.fr","population":"1740 habitants","website":"","townhallAdress":"27 Route Nationale 86 - 07800 - BEAUCHASTEL"},{"text":"BEAULIEU","href":"./07/beaulieu.html","phone":"04 75 39 32 06","email":"mairie.beaulieu@inforoutes-ardeche.fr","population":"445 habitants","website":"","townhallAdress":"Place de la Mairie - 07460 - BEAULIEU"},{"text":"BEAUMONT","href":"./07/beaumont.html","phone":"04 75 39 58 25","email":"ma-beaum@inforoutes-ardeche.fr","population":"212 habitants","website":"","townhallAdress":"Le Village - 07110 - BEAUMONT"},{"text":"BEAUVENE","href":"./07/beauvene.html","phone":"04 75 29 30 70","email":"commune-de-beauvene@wanadoo.fr","population":"235 habitants","website":"","townhallAdress":"Le Village - 07190 - BEAUVENE"},{"text":"BERRIAS ET CASTELJAU","href":"./07/berrias-et-casteljau.html","phone":"04 75 39 30 08","email":"ma-berri@inforoutes-ardeche.fr","population":"621 habitants","website":"","townhallAdress":"Place de la Mairie - 07460 - BERRIAS-ET-CASTELJAU"},{"text":"BERZEME","href":"./07/berzeme.html","phone":"04 75 36 70 97","email":"mairie.berzeme@inforoutes-ardeche.fr","population":"137 habitants","website":"","townhallAdress":"Le Village - 07580 - BERZEME"},{"text":"BESSAS","href":"./07/bessas.html","phone":"04 75 38 61 96","email":"mairie.bessas@orange.fr","population":"217 habitants","website":"","townhallAdress":"Le Village - 07150 - BESSAS"},{"text":"BIDON","href":"./07/bidon.html","phone":"04 75 04 28 01","email":"ma-bidon@inforoutes-ardeche.fr","population":"142 habitants","website":"","townhallAdress":"Le Village - 07700 - BIDON"},{"text":"BOFFRES","href":"./07/boffres.html","phone":"04 75 58 33 89","email":"ma-boffr@inforoutes-ardeche.fr","population":"633 habitants","website":"","townhallAdress":"Le Village - 07440 - BOFFRES"},{"text":"BOGY","href":"./07/bogy.html","phone":"04 75 34 86 09","email":"mairie.bogy@inforoutes-ardeche.fr","population":"333 habitants","website":"","townhallAdress":"Le Village - 07340 - BOGY"},{"text":"BOREE","href":"./07/boree.html","phone":"04 75 29 10 87","email":"Mairie.Boree@inforoutes-ardeche.fr","population":"169 habitants","website":"","townhallAdress":"Le Village - 07310 - BOREE"},{"text":"BORNE","href":"./07/borne.html","phone":"04 66 46 60 49","email":"mairie.st.etienne.de.lugdares@inforoutes-ardeche.fr","population":"41 habitants","website":"","townhallAdress":"Le Village - 07590 - BORNE"},{"text":"BOUCIEU LE ROI","href":"./07/boucieu-le-roi.html","phone":"04 75 06 71 62","email":"ma-bouci@inforoutes-ardeche.fr","population":"278 habitants","website":"","townhallAdress":"Le Village - 07270 - BOUCIEU-LE-ROI"},{"text":"BOULIEU LES ANNONAY","href":"./07/boulieu-les-annonay.html","phone":"04 75 69 07 07","email":"mairie.boulieu.les.annonay@inforoutes-ardeche.fr","population":"2138 habitants","website":"","townhallAdress":"Le Village - 07100 - BOULIEU-LES-ANNONAY"},{"text":"BOURG SAINT ANDEOL","href":"./07/bourg-saint-andeol.html","phone":"04 75 54 85 00","email":"accueil@bsa-ville.fr","population":"7578 habitants","website":"","townhallAdress":"4 place de la Concorde - 07700 - BOURG-SAINT-ANDEOL"},{"text":"BOZAS","href":"./07/bozas.html","phone":"04 75 06 71 41","email":"ma-bozas@inforoutes-ardeche.fr","population":"246 habitants","website":"","townhallAdress":"Le Village - 07410 - BOZAS"},{"text":"BROSSAINC","href":"./07/brossainc.html","phone":"04 75 67 10 81","email":"ma-bross@inforoutes-ardeche.fr","population":"179 habitants","website":"","townhallAdress":"Village - 07340 - BROSSAINC"},{"text":"BURZET","href":"./07/burzet.html","phone":"04 75 94 43 91","email":"mairie.burzet@wanadoo.fr","population":"507 habitants","website":"","townhallAdress":"Grande Rue - 07450 - BURZET"},{"text":"CELLIER DU LUC","href":"./07/cellier-du-luc.html","phone":"04 66 46 66 01","email":"","population":"106 habitants","website":"","townhallAdress":"Village - 07590 - CELLIER-DU-LUC"},{"text":"CHALENCON","href":"./07/chalencon.html","phone":"04 75 58 14 41","email":"mairie-de-chalencon@wanadoo.fr","population":"313 habitants","website":"","townhallAdress":"Le Village - 07240 - CHALENCON"},{"text":"CHAMBONAS","href":"./07/chambonas.html","phone":"04 75 37 24 22","email":"mairie.chambonas@orange.fr","population":"614 habitants","website":"","townhallAdress":"Le Village - 07140 - CHAMBONAS"},{"text":"CHAMPAGNE","href":"./07/champagne.html","phone":"04 75 34 20 49","email":"ma-champ@inforoutes-ardeche.fr","population":"587 habitants","website":"","townhallAdress":"Rue Lamartine - 07340 - CHAMPAGNE"},{"text":"CHAMPIS","href":"./07/champis.html","phone":"04 75 58 31 37","email":"ma-chpis@inforoutes-ardeche.fr","population":"570 habitants","website":"","townhallAdress":"La Bâtie - 07440 - CHAMPIS"},{"text":"CHANDOLAS","href":"./07/chandolas.html","phone":"04 75 39 31 05","email":"mairie.chandolas@orange.fr","population":"455 habitants","website":"","townhallAdress":"Place de la Mairie - 07230 - CHANDOLAS"},{"text":"CHANEAC","href":"./07/chaneac.html","phone":"04 75 30 49 54","email":"mairie.chaneac@wanadoo.fr","population":"281 habitants","website":"","townhallAdress":"Le Village - 07310 - CHANEAC"},{"text":"CHARMES SUR RHONE","href":"./07/charmes-sur-rhone.html","phone":"04 75 60 80 17","email":"ma-2chen@inforoutes-ardeche.fr","population":"2414 habitants","website":"","townhallAdress":"Place Lorraine - 07800 - CHARMES-SUR-RHONE"},{"text":"CHARNAS","href":"./07/charnas.html","phone":"04 75 34 06 90","email":"mairie.charnas@wanadoo.fr","population":"686 habitants","website":"","townhallAdress":"Le Village - 07340 - CHARNAS"},{"text":"CHASSIERS","href":"./07/chassiers.html","phone":"04 75 39 11 16","email":"ma-chass@inforoutes-ardeche.fr","population":"1064 habitants","website":"","townhallAdress":"Le Château rue Montée de la Vernade - 07110 - CHASSIERS"},{"text":"CHATEAUBOURG","href":"./07/chateaubourg.html","phone":"04 75 40 28 01","email":"chateaubourg07@wanadoo.fr","population":"216 habitants","website":"","townhallAdress":"2 Rue de la Mairie - 07130 - CHATEAUBOURG"},{"text":"CHATEAUNEUF DE VERNOUX","href":"./07/chateauneuf-de-vernoux.html","phone":"04 75 58 15 56","email":"mairie.chateau.vx@orange.fr","population":"201 habitants","website":"","townhallAdress":"Le Village - 07240 - CHATEAUNEUF-DE-VERNOUX"},{"text":"CHAUZON","href":"./07/chauzon.html","phone":"04 75 93 97 65","email":"chauzon.mairie@wanadoo.fr","population":"347 habitants","website":"","townhallAdress":"Le Village - 07120 - CHAUZON"},{"text":"CHAZEAUX","href":"./07/chazeaux.html","phone":"04 75 88 33 57","email":"mairiechazeaux@numeo.fr","population":"115 habitants","website":"","townhallAdress":"Rue des Ecoles - 07110 - CHAZEAUX"},{"text":"CHEMINAS","href":"./07/cheminas.html","phone":"04 75 06 81 75","email":"ma-chemi@inforoutes-ardeche.fr","population":"262 habitants","website":"","townhallAdress":"Le Village - 07300 - CHEMINAS"},{"text":"CHIROLS","href":"./07/chirols.html","phone":"04 75 94 40 11","email":"ma-chiro@inforoutes-ardeche.fr","population":"268 habitants","website":"","townhallAdress":"Le Village - 07380 - CHIROLS"},{"text":"CHOMERAC","href":"./07/chomerac.html","phone":"04 75 65 10 53","email":"mairie-chomerac@wanadoo.fr","population":"2858 habitants","website":"","townhallAdress":"Place de l'Hôtel de Ville - 07210 - CHOMERAC"},{"text":"COLOMBIER LE CARDINAL","href":"./07/colombier-le-cardinal.html","phone":"04 75 34 85 42","email":"ma-colca@inforoutes-ardeche.fr","population":"262 habitants","website":"","townhallAdress":"Le Village - 07430 - COLOMBIER-LE-CARDINAL"},{"text":"COLOMBIER LE JEUNE","href":"./07/colombier-le-jeune.html","phone":"04 75 06 20 91","email":"ma-colom@inforoutes-ardeche.fr","population":"559 habitants","website":"","townhallAdress":"Le Village - 07270 - COLOMBIER-LE-JEUNE"},{"text":"COLOMBIER LE VIEUX","href":"./07/colombier-le-vieux.html","phone":"04 75 06 72 25","email":"Mairie.Colombier.le.Vieux@inforoutes-ardeche.fr","population":"653 habitants","website":"","townhallAdress":"Le Village Est - 07410 - COLOMBIER-LE-VIEUX"},{"text":"CORNAS","href":"./07/cornas.html","phone":"04 75 81 81 65","email":"mairie.cornas@wanadoo.fr","population":"2306 habitants","website":"","townhallAdress":"1 Place de l'Eglise - 07130 - CORNAS"},{"text":"COUCOURON","href":"./07/coucouron.html","phone":"04 66 46 10 22","email":"ma-couco@inforoutes-ardeche.fr","population":"831 habitants","website":"","townhallAdress":"Village - 07470 - COUCOURON"},{"text":"COUX","href":"./07/coux.html","phone":"04 75 64 22 04","email":"ma-coux@inforoutes-ardeche.fr","population":"1650 habitants","website":"","townhallAdress":"Place Bacha - 07000 - COUX"},{"text":"CREYSSEILLES","href":"./07/creysseilles.html","phone":"04 75 64 71 28","email":"mairie-de-creysseilles@wanadoo.fr","population":"137 habitants","website":"","townhallAdress":"Le Femeil - 07000 - CREYSSEILLES"},{"text":"CROS DE GEORAND","href":"./07/cros-de-georand.html","phone":"04 75 38 94 64","email":"crosdegeorand.mairie@wanadoo.fr","population":"189 habitants","website":"","townhallAdress":"Le Village - 07510 - CROS-DE-GEORAND"},{"text":"CRUAS","href":"./07/cruas.html","phone":"04 75 49 59 00","email":"mairie@cruas.fr","population":"2739 habitants","website":"","townhallAdress":"Place René Cassin - 07350 - CRUAS"},{"text":"DARBRES","href":"./07/darbres.html","phone":"04 75 94 23 76","email":"mairie.darbres@inforoutes-ardeche.fr","population":"254 habitants","website":"","townhallAdress":"Place de l'Eglise - 07170 - DARBRES"},{"text":"DAVEZIEUX","href":"./07/davezieux.html","phone":"04 75 33 25 25","email":"mairie.davezieux@wanadoo.fr","population":"2890 habitants","website":"","townhallAdress":"237 Route du Forez - 07430 - DAVEZIEUX"},{"text":"DESAIGNES","href":"./07/desaignes.html","phone":"04 75 06 61 49","email":"ma-desai@inforoutes-ardeche.fr","population":"1178 habitants","website":"","townhallAdress":"Place de la Mairie - 07570 - DESAIGNES"},{"text":"DEVESSET","href":"./07/devesset.html","phone":"04 75 30 00 99","email":"mairie.devesset@inforoutes-ardeche.fr","population":"303 habitants","website":"","townhallAdress":"Le Village - 07320 - DEVESSET"},{"text":"DOMPNAC","href":"./07/dompnac.html","phone":"04 75 36 95 01","email":"mairie.dompnac@inforoutes-ardeche.fr","population":"96 habitants","website":"","townhallAdress":"Le Village - 07260 - DOMPNAC"},{"text":"DORNAS","href":"./07/dornas.html","phone":"04 75 29 34 11","email":"mairie.dornas@cauri.com","population":"285 habitants","website":"","townhallAdress":"Le Village - 07160 - DORNAS"},{"text":"DUNIERE SUR EYRIEUX","href":"./07/duniere-sur-eyrieux.html","phone":"04 75 65 23 13","email":"mair.duniere@wanadoo.fr","population":"391 habitants","website":"","townhallAdress":"Le Village - 07360 - DUNIERE-SUR-EYRIEUX"},{"text":"ECLASSAN","href":"./07/eclassan.html","phone":"04 75 68 50 01","email":"ma-eclas@orange.fr","population":"858 habitants","website":"","townhallAdress":"Le Village - 07370 - ECLASSAN"},{"text":"EMPURANY","href":"./07/empurany.html","phone":"04 75 06 70 64","email":"Mairie.Empurany@inforoutes-ardeche.fr","population":"542 habitants","website":"","townhallAdress":"Le Village - 07270 - EMPURANY"},{"text":"ETABLES","href":"./07/etables.html","phone":"04 75 06 80 05","email":"commune.etables@inforoutes-ardeche.fr","population":"727 habitants","website":"","townhallAdress":"Le Village - 07300 - ETABLES"},{"text":"FABRAS","href":"./07/fabras.html","phone":"04 75 94 10 76","email":"fabras@wanadoo.fr","population":"358 habitants","website":"","townhallAdress":"Le Village - 07380 - FABRAS"},{"text":"FAUGERES","href":"./07/faugeres.html","phone":"04 75 39 48 35","email":"commune-de-faugeres@wanadoo.fr","population":"91 habitants","website":"","townhallAdress":"Rue de la Mairie - 07230 - FAUGERES"},{"text":"FELINES","href":"./07/felines.html","phone":"04 75 34 80 01","email":"mairiedefelines@wanadoo.fr","population":"1481 habitants","website":"","townhallAdress":"Place de la Mairie - 07340 - FELINES"},{"text":"FLAVIAC","href":"./07/flaviac.html","phone":"04 75 65 71 57","email":"mairie-de-flaviac@wanadoo.fr","population":"1140 habitants","website":"","townhallAdress":"Place Jean Jaurès - 07000 - FLAVIAC"},{"text":"FONS","href":"./07/fons.html","phone":"04 75 93 44 12","email":"commune.de.fons@wanadoo.fr","population":"301 habitants","website":"","townhallAdress":"Le Village - 07200 - FONS"},{"text":"FREYSSENET","href":"./07/freyssenet.html","phone":"04 75 64 21 41","email":"","population":"54 habitants","website":"","townhallAdress":"Le Village - 07000 - FREYSSENET"},{"text":"GENESTELLE","href":"./07/genestelle.html","phone":"04 75 88 21 80","email":"ma-genes@inforoutes-ardeche.fr","population":"286 habitants","website":"","townhallAdress":"Le Village - 07530 - GENESTELLE"},{"text":"GILHAC ET BRUZAC","href":"./07/gilhac-et-bruzac.html","phone":"04 75 40 83 89","email":"mairie.getb@orange.fr","population":"150 habitants","website":"","townhallAdress":"Grange - 07800 - GILHAC-ET-BRUZAC"},{"text":"GILHOC SUR ORMEZE","href":"./07/gilhoc-sur-ormeze.html","phone":"04 75 06 23 82","email":"ma-gilho@inforoutes-ardeche.fr","population":"369 habitants","website":"","townhallAdress":"Le Village - 07270 - GILHOC-SUR-ORMEZE"},{"text":"GLUIRAS","href":"./07/gluiras.html","phone":"04 75 66 74 30","email":"mairie-gluiras@wanadoo.fr","population":"397 habitants","website":"","townhallAdress":"Place Centrale - 07190 - GLUIRAS"},{"text":"GLUN","href":"./07/glun.html","phone":"04 75 08 12 66","email":"mairie.glun@inforoutes-ardeche.fr","population":"669 habitants","website":"","townhallAdress":"Le Village - 07300 - GLUN"},{"text":"GOURDON","href":"./07/gourdon.html","phone":"04 75 66 80 70","email":"mairie.gourdon093@orange.fr","population":"87 habitants","website":"","townhallAdress":"La Planche - 07000 - GOURDON"},{"text":"GRAS","href":"./07/gras.html","phone":"04 75 04 22 71","email":"mairie.gras@inforoutes-ardeche.fr","population":"506 habitants","website":"","townhallAdress":"Le Village - 07700 - GRAS"},{"text":"GRAVIERES","href":"./07/gravieres.html","phone":"04 75 37 24 04","email":"mairie.gravieres@wanadoo.fr","population":"359 habitants","website":"","townhallAdress":"Place de l'Eglise - 07140 - GRAVIERES"},{"text":"GROSPIERRES","href":"./07/grospierres.html","phone":"04 75 39 67 17","email":"grospierres@wanadoo.fr","population":"834 habitants","website":"","townhallAdress":"Le Village - 07120 - GROSPIERRES"},{"text":"GUILHERAND GRANGES","href":"./07/guilherand-granges.html","phone":"04 75 81 35 60","email":"contact@guilherand-granges.fr","population":"11117 habitants","website":"","townhallAdress":"1278 Rue Henri Dunant - 07500 - GUILHERAND-GRANGES"},{"text":"INTRES","href":"./07/intres.html","phone":"04 75 30 44 04","email":"Ma-Intre@inforoutes-ardeche.fr","population":"117 habitants","website":"","townhallAdress":"Le Village - 07310 - INTRES"},{"text":"ISSAMOULENC","href":"./07/issamoulenc.html","phone":"04 75 66 85 68","email":"mairie.d-issamoulenc@orange.fr","population":"104 habitants","website":"","townhallAdress":"Place de la Mairie - 07190 - ISSAMOULENC"},{"text":"ISSANLAS","href":"./07/issanlas.html","phone":"04 75 38 90 50","email":"Mairie.Issanlas@inforoutes-ardeche.fr","population":"132 habitants","website":"","townhallAdress":"Patus d'Issanlas - 07660 - ISSANLAS"},{"text":"ISSARLES","href":"./07/issarles.html","phone":"04 66 46 21 47","email":"mairie.issarles@orange.fr","population":"171 habitants","website":"","townhallAdress":"Village - 07470 - ISSARLES"},{"text":"JAUJAC","href":"./07/jaujac.html","phone":"04 75 93 22 28","email":"ma-jauja@inforoutes-ardeche.fr","population":"1209 habitants","website":"","townhallAdress":"Place du Champ de Mars - 07380 - JAUJAC"},{"text":"JAUNAC","href":"./07/jaunac.html","phone":"04 75 29 22 86","email":"Mairie.Jaunac@inforoutes-ardeche.fr","population":"149 habitants","website":"","townhallAdress":"Le Village - 07160 - JAUNAC"},{"text":"JOANNAS","href":"./07/joannas.html","phone":"04 75 88 32 20","email":"ma-joann@inforoutes-ardeche.fr","population":"338 habitants","website":"","townhallAdress":"Le Village - 07110 - JOANNAS"},{"text":"JOYEUSE","href":"./07/joyeuse.html","phone":"04 75 39 96 96","email":"mairie.joyeuse@wanadoo.fr","population":"1654 habitants","website":"","townhallAdress":"Le Village - 07260 - JOYEUSE"},{"text":"JUVINAS","href":"./07/juvinas.html","phone":"04 75 88 21 56","email":"mairie.juvinas@inforoutes-ardeche.fr","population":"159 habitants","website":"","townhallAdress":"Le Village - 07600 - JUVINAS"},{"text":"LABASTIDE DE VIRAC","href":"./07/labastide-de-virac.html","phone":"04 75 38 64 88","email":"ma-virac@inforoutes-ardeche.fr","population":"215 habitants","website":"","townhallAdress":"Le Village - 07150 - LABASTIDE-DE-VIRAC"},{"text":"LABASTIDE SUR BESORGUES","href":"./07/labastide-sur-besorgues.html","phone":"04 75 88 22 73","email":"ma-lsbes@inforoutes-ardeche.fr","population":"228 habitants","website":"","townhallAdress":"Plade de l'Eglise - 07600 - LABASTIDE-SUR-BESORGUES"},{"text":"LABATIE D ANDAURE","href":"./07/labatie-d-andaure.html","phone":"04 75 06 68 62","email":"ma-labat@inforoutes-ardeche.fr","population":"202 habitants","website":"","townhallAdress":"Le Village - 07570 - LABATIE-D'ANDAURE"},{"text":"LABEAUME","href":"./07/labeaume.html","phone":"04 75 39 64 23","email":"mairie-de-labeaume@wanadoo.fr","population":"563 habitants","website":"","townhallAdress":"Le Village - 07120 - LABEAUME"},{"text":"LABEGUDE","href":"./07/labegude.html","phone":"04 75 37 40 10","email":"ma-labeg@inforoutes-ardeche.fr","population":"1393 habitants","website":"","townhallAdress":"67 Route Nationale 102 - 07200 - LABEGUDE"},{"text":"LABLACHERE","href":"./07/lablachere.html","phone":"04 75 36 65 72","email":"lablachere.mairie@wanadoo.fr","population":"1827 habitants","website":"","townhallAdress":"Place de la Mairie - 07230 - LABLACHERE"},{"text":"LABOULE","href":"./07/laboule.html","phone":"04 75 88 98 62","email":"ma-labou@inforoutes-ardeche.fr","population":"149 habitants","website":"","townhallAdress":"Le Village - 07110 - LABOULE"},{"text":"LACHAMP RAPHAEL","href":"./07/lachamp-raphael.html","phone":"04 75 38 78 86","email":"mairie.lachamp.raphael@inforoutes-ardeche.fr","population":"90 habitants","website":"","townhallAdress":"Le Village - 07530 - LACHAMP-RAPHAEL"},{"text":"LACHAPELLE GRAILLOUSE","href":"./07/lachapelle-graillouse.html","phone":"04 66 46 11 53","email":"mairie-graillouse@wanadoo.fr","population":"237 habitants","website":"","townhallAdress":"Le Village - 07470 - LACHAPELLE-GRAILLOUSE"},{"text":"LACHAPELLE SOUS AUBENAS","href":"./07/lachapelle-sous-aubenas.html","phone":"04 75 93 10 22","email":"ma-lacha@inforoutes-ardeche.fr","population":"1453 habitants","website":"","townhallAdress":"Le Village - 07200 - LACHAPELLE-SOUS-AUBENAS"},{"text":"LACHAPELLE SOUS CHANEAC","href":"./07/lachapelle-sous-chaneac.html","phone":"04 75 30 49 05","email":"mairie-graillouse@wanadoo.fr","population":"203 habitants","website":"","townhallAdress":"Le Village - 07310 - LACHAPELLE-SOUS-CHANEAC"},{"text":"LAFARRE","href":"./07/lafarre.html","phone":"04 75 67 83 87","email":"mairie.lafarre@gmail.com","population":"45 habitants","website":"","townhallAdress":"Le Village - 07520 - LAFARRE"},{"text":"LAGORCE","href":"./07/lagorce.html","phone":"04 75 88 00 25","email":"mairie.lagorce@wanadoo.fr","population":"927 habitants","website":"","townhallAdress":"Le Village - 07150 - LAGORCE"},{"text":"LALEVADE D ARDECHE","href":"./07/lalevade-d-ardeche.html","phone":"04 75 38 00 51","email":"ma-lalev@inforoutes-ardeche.fr","population":"1194 habitants","website":"","townhallAdress":"10 Avenue Centrale - 07380 - LALEVADE-D'ARDECHE"},{"text":"LALOUVESC","href":"./07/lalouvesc.html","phone":"04 75 67 83 67","email":"ma-lalou@inforoutes-ardeche.fr","population":"500 habitants","website":"","townhallAdress":"Rue des Cévennes - 07520 - LALOUVESC"},{"text":"LAMASTRE","href":"./07/lamastre.html","phone":"04 75 06 41 92","email":"malamast@inforoutes-ardeche.fr","population":"2623 habitants","website":"","townhallAdress":"Place de la République - 07270 - LAMASTRE"},{"text":"LANARCE","href":"./07/lanarce.html","phone":"04 66 69 47 87","email":"mairie.lanarce@orange.fr","population":"179 habitants","website":"","townhallAdress":"Le Village - 07660 - LANARCE"},{"text":"LANAS","href":"./07/lanas.html","phone":"04 75 37 72 02","email":"communedelanas@wanadoo.fr","population":"397 habitants","website":"","townhallAdress":"Le Village - 07200 - LANAS"},{"text":"LARGENTIERE","href":"./07/largentiere.html","phone":"04 75 39 28 60","email":"mairielargentiere@wanadoo.fr","population":"1947 habitants","website":"","townhallAdress":"Rue Jean Louis Soulavie - 07110 - LARGENTIERE"},{"text":"LARNAS","href":"./07/larnas.html","phone":"04 75 04 30 20","email":"ma-larna@inforoutes-ardeche.fr","population":"91 habitants","website":"","townhallAdress":"Le Village - 07220 - LARNAS"},{"text":"LA ROCHETTE","href":"./07/la-rochette.html","phone":"04 75 29 15 58","email":"","population":"63 habitants","website":"","townhallAdress":"Le Village - 07310 - LA-ROCHETTE"},{"text":"LA SOUCHE","href":"./07/la-souche.html","phone":"04 75 37 90 11","email":"mairie.la.souche@inforoutes-ardeche.fr","population":"341 habitants","website":"","townhallAdress":"Le Village - 07380 - LA-SOUCHE"},{"text":"LAURAC EN VIVARAIS","href":"./07/laurac-en-vivarais.html","phone":"04 75 36 83 19","email":"mairie.laurac@inforoutes-ardeche.fr","population":"914 habitants","website":"","townhallAdress":"Rue Frère Serdieu - 07110 - LAURAC-EN-VIVARAIS"},{"text":"LAVAL D AURELLE","href":"./07/laval-d-aurelle.html","phone":"04 66 46 50 08","email":"mairie.lavaldaurelle@wanadoo.fr","population":"62 habitants","website":"","townhallAdress":"Village - 07590 - LAVAL-D'AURELLE"},{"text":"LAVEYRUNE","href":"./07/laveyrune.html","phone":"04 66 46 64 09","email":"mairie-de-laveyrune@orange.fr","population":"126 habitants","website":"","townhallAdress":"Village - 48250 - LAVEYRUNE"},{"text":"LAVILLATTE","href":"./07/lavillatte.html","phone":"04 66 69 40 00","email":"mairielavillatte@orange.fr","population":"79 habitants","website":"","townhallAdress":"Le Village - 07660 - LAVILLATTE"},{"text":"LAVILLEDIEU","href":"./07/lavilledieu.html","phone":"04 75 94 81 03","email":"mairie@lavilledieu-ardeche.fr","population":"1824 habitants","website":"","townhallAdress":"Le Village - 07170 - LAVILLEDIEU"},{"text":"LAVIOLLE","href":"./07/laviolle.html","phone":"04 75 38 70 69","email":"laviolle-mairie@orange.fr","population":"127 habitants","website":"","townhallAdress":"Le Village - 07530 - LAVIOLLE"},{"text":"LA VOULTE SUR RHONE","href":"./07/la-voulte-sur-rhone.html","phone":"04 75 62 40 44","email":"mairie@lavoultesurrhone.fr","population":"5077 habitants","website":"","townhallAdress":"9 rue Rampon - 07800 - LA-VOULTE-SUR-RHONE"},{"text":"LE BEAGE","href":"./07/le-beage.html","phone":"04 75 38 80 73","email":"ma-beage@inforoutes-ardeche.fr","population":"329 habitants","website":"","townhallAdress":"Le Village - 07630 - LE-BEAGE"},{"text":"LE CHAMBON","href":"./07/le-chambon.html","phone":"04 75 29 00 28","email":"mairie.le.chambon@orange.fr","population":"56 habitants","website":"","townhallAdress":"Le Village - 07160 - LE-CHAMBON"},{"text":"LE CHEYLARD","href":"./07/le-cheylard.html","phone":"04 75 29 07 10","email":"ma-cheyl@inforoutes-ardeche.fr","population":"3460 habitants","website":"","townhallAdress":"Place de l'Hôtel de Ville - 07160 - LE-CHEYLARD"},{"text":"LE CRESTET","href":"./07/le-crestet.html","phone":"04 75 06 20 80","email":"le-crestet-ardeche@wanadoo.fr","population":"547 habitants","website":"","townhallAdress":"Le Village - 07270 - LE-CRESTET"},{"text":"LE LAC D ISSARLES","href":"./07/le-lac-d-issarles.html","phone":"04 66 46 20 06","email":"ma-lelac@inforoutes-ardeche.fr","population":"267 habitants","website":"","townhallAdress":"Village - 07470 - LE-LAC-D'ISSARLES"},{"text":"LEMPS","href":"./07/lemps.html","phone":"04 75 06 82 59","email":"mairie.lemps@inforoutes-ardeche.fr","population":"756 habitants","website":"","townhallAdress":"Le Village - 07610 - LEMPS"},{"text":"LENTILLERES","href":"./07/lentilleres.html","phone":"04 75 93 57 64","email":"ma-lenti@inforoutes-ardeche.fr","population":"211 habitants","website":"","townhallAdress":"Le Village - 07200 - LENTILLERES"},{"text":"LE PLAGNAL","href":"./07/le-plagnal.html","phone":"04 66 69 05 51","email":"mairie-plagnal@nordnet.fr","population":"74 habitants","website":"","townhallAdress":"Village - 07590 - LE-PLAGNAL"},{"text":"LE POUZIN","href":"./07/le-pouzin.html","phone":"04 75 63 81 48","email":"mairie@lepouzin.fr","population":"2862 habitants","website":"","townhallAdress":"3 Avenue Marcel Nicolas - 07250 - LE-POUZIN"},{"text":"LE ROUX","href":"./07/le-roux.html","phone":"04 75 38 95 06","email":"mairie.le-roux@wanadoo.fr","population":"38 habitants","website":"","townhallAdress":"Le Village - 07560 - LE-ROUX"},{"text":"LES ASSIONS","href":"./07/les-assions.html","phone":"04 75 37 20 06","email":"mairie.assions@wanadoo.fr","population":"631 habitants","website":"","townhallAdress":"Le Village - 07140 - LES-ASSIONS"},{"text":"LES OLLIERES SUR EYRIEUX","href":"./07/les-ollieres-sur-eyrieux.html","phone":"04 75 66 20 45","email":"ma.ollie@wanadoo.fr","population":"918 habitants","website":"","townhallAdress":"Quartier du Temple - 07140 - LES-OLLIERES-SUR-EYRIEUX"},{"text":"LESPERON","href":"./07/lesperon.html","phone":"04 66 69 40 61","email":"communelesperon@orange.fr","population":"329 habitants","website":"","townhallAdress":"Village - 07660 - LESPERON"},{"text":"LES SALELLES","href":"./07/les-salelles.html","phone":"04 75 94 92 97","email":"ma-salle@inforoutes-ardeche.fr","population":"305 habitants","website":"","townhallAdress":"Hôtel de ville - 07140 - LES-SALELLES"},{"text":"LES VANS","href":"./07/les-vans.html","phone":"04 75 87 84 00","email":"mairielesvans@wanadoo.fr","population":"2879 habitants","website":"","townhallAdress":"5 rue du Temple - 07140 - LES-VANS"},{"text":"LE TEIL","href":"./07/le-teil.html","phone":"04 75 49 63 20","email":"mairieleteil@wanadoo.fr","population":"8200 habitants","website":"","townhallAdress":"Rue de l'Hôtel de Ville - 07400 - LE-TEIL"},{"text":"LIMONY","href":"./07/limony.html","phone":"04 75 34 02 06","email":"ma-limon@inforoutes-ardeche.fr","population":"765 habitants","website":"","townhallAdress":"Le Village - 07340 - LIMONY"},{"text":"LOUBARESSE","href":"./07/loubaresse.html","phone":"04 75 88 96 93","email":"","population":"32 habitants","website":"","townhallAdress":"Le Village - 07110 - LOUBARESSE"},{"text":"LUSSAS","href":"./07/lussas.html","phone":"04 75 94 20 06","email":"mairie.lussas@inforoutes-ardeche.fr","population":"937 habitants","website":"","townhallAdress":"Le Village - 07170 - LUSSAS"},{"text":"LYAS","href":"./07/lyas.html","phone":"04 75 64 15 89","email":"mairie.lyas@wanadoo.fr","population":"577 habitants","website":"","townhallAdress":"Rue de la Mairie - 07000 - LYAS"},{"text":"MALARCE SUR LA THINES","href":"./07/malarce-sur-la-thines.html","phone":"04 75 39 45 26","email":"mairiemalarce@wanadoo.fr","population":"266 habitants","website":"","townhallAdress":"Chemin de la Mairie - 07140 - MALARCE-SUR-LA-THINES"},{"text":"MALBOSC","href":"./07/malbosc.html","phone":"04 75 36 90 40","email":"mairie.malbosc@wanadoo.fr","population":"159 habitants","website":"","townhallAdress":"Le Village - 07140 - MALBOSC"},{"text":"MARCOLS LES EAUX","href":"./07/marcols-les-eaux.html","phone":"04 75 65 63 36","email":"Mairie.Marcols.les.Eaux@inforoutes-ardeche.fr","population":"332 habitants","website":"","townhallAdress":"Place de la Mairie - 07190 - MARCOLS-LES-EAUX"},{"text":"MARIAC","href":"./07/mariac.html","phone":"04 75 29 11 40","email":"mairie.mariac@inforoutes-ardeche.fr","population":"741 habitants","website":"","townhallAdress":"Pont Fromentières - 07160 - MARIAC"},{"text":"MARS","href":"./07/mars.html","phone":"04 75 30 24 98","email":"ma-mars@inforoutes-ardeche.fr","population":"286 habitants","website":"","townhallAdress":"Le Village - 07320 - MARS"},{"text":"MAUVES","href":"./07/mauves.html","phone":"04 75 07 57 57","email":"mairie@ville-mauves.com","population":"1155 habitants","website":"","townhallAdress":"7 Place de la Mairie - 07300 - MAUVES"},{"text":"MAYRES","href":"./07/mayres.html","phone":"04 75 87 21 38","email":"Mairie.Mayres@inforoutes-ardeche.fr","population":"264 habitants","website":"","townhallAdress":"Saint Martin - 07330 - MAYRES"},{"text":"MAZAN L ABBAYE","href":"./07/mazan-l-abbaye.html","phone":"04 75 38 91 00","email":"ma-mazan@inforoutes-ardeche.fr","population":"152 habitants","website":"","townhallAdress":"Le Village - 07510 - MAZAN-L'ABBAYE"},{"text":"MERCUER","href":"./07/mercuer.html","phone":"04 75 35 43 78","email":"mairie.mercuer@wanadoo.fr","population":"1207 habitants","website":"","townhallAdress":"Peyre Levade - 07200 - MERCUER"},{"text":"MEYRAS","href":"./07/meyras.html","phone":"04 75 94 42 40","email":"contact@meyras-tourisme.com","population":"851 habitants","website":"","townhallAdress":"Le Village - 07380 - MEYRAS"},{"text":"MEYSSE","href":"./07/meysse.html","phone":"04 75 52 96 21","email":"ma-meyss@inforoutes-ardeche.fr","population":"1347 habitants","website":"","townhallAdress":"Place de la Mairie - 07400 - MEYSSE"},{"text":"MEZILHAC","href":"./07/mezilhac.html","phone":"04 75 38 77 26","email":"mezilhac.mairie@wanadoo.fr","population":"111 habitants","website":"","townhallAdress":"Le Village - 07530 - MEZILHAC"},{"text":"MIRABEL","href":"./07/mirabel.html","phone":"04 75 36 72 02","email":"mairiemirabel@voila.fr","population":"382 habitants","website":"","townhallAdress":"Le Village - 07170 - MIRABEL"},{"text":"MONESTIER","href":"./07/monestier.html","phone":"04 75 34 68 03","email":"Mairie.le.Monestier@inforoutes-ardeche.fr","population":"58 habitants","website":"","townhallAdress":"Le Village - 07690 - MONESTIER"},{"text":"MONTPEZAT SOUS BAUZON","href":"./07/montpezat-sous-bauzon.html","phone":"04 75 94 55 09","email":"ma-monsb@inforoutes-ardeche.fr","population":"797 habitants","website":"","townhallAdress":"Place de la République - 07560 - MONTPEZAT-SOUS-BAUZON"},{"text":"MONTREAL","href":"./07/montreal.html","phone":"04 75 39 11 70","email":"mairie.montreal07@wanadoo.fr","population":"508 habitants","website":"","townhallAdress":"Le Village - 07110 - MONTREAL"},{"text":"MONTSELGUES","href":"./07/montselgues.html","phone":"04 75 36 94 91","email":"ma-monts@inforoutes-ardeche.fr","population":"95 habitants","website":"","townhallAdress":"Le Village - 07140 - MONTSELGUES"},{"text":"NONIERES","href":"./07/nonieres.html","phone":"04 75 29 06 92","email":"mairie.nonieres@wanadoo.fr","population":"203 habitants","website":"","townhallAdress":"Le Village - 07160 - NONIERES"},{"text":"NOZIERES","href":"./07/nozieres.html","phone":"04 75 06 42 64","email":"mairie.nozieres@inforoutes-ardeche.fr","population":"250 habitants","website":"","townhallAdress":"Le Village - 07270 - NOZIERES"},{"text":"ORGNAC L AVEN","href":"./07/orgnac-l-aven.html","phone":"04 75 38 61 67","email":"ma-orgna@inforoutes-ardeche.fr","population":"514 habitants","website":"","townhallAdress":"Le Village - 07150 - ORGNAC-L'AVEN"},{"text":"OZON","href":"./07/ozon.html","phone":"04 75 23 05 38","email":"mairozon@inforoutes-ardeche.fr","population":"354 habitants","website":"","townhallAdress":"Village - 07370 - OZON"},{"text":"PAILHARES","href":"./07/pailhares.html","phone":"04 75 06 00 65","email":"ma-pailh@inforoutes-ardeche.fr","population":"295 habitants","website":"","townhallAdress":"Le Village - 07410 - PAILHARES"},{"text":"PAYZAC","href":"./07/payzac.html","phone":"04 75 39 47 46","email":"ma-payza@inforoutes-ardeche.fr","population":"476 habitants","website":"","townhallAdress":"Place de l'Eglise - 07230 - PAYZAC"},{"text":"PEAUGRES","href":"./07/peaugres.html","phone":"04 75 34 80 74","email":"ma-peaug@inforoutes-ardeche.fr","population":"2012 habitants","website":"","townhallAdress":"Le Village - 07340 - PEAUGRES"},{"text":"PEREYRES","href":"./07/pereyres.html","phone":"04 75 94 44 59","email":"mairiepereyres@wanadoo.fr","population":"53 habitants","website":"","townhallAdress":"Le Village - 07450 - PEREYRES"},{"text":"PEYRAUD","href":"./07/peyraud.html","phone":"04 75 34 01 10","email":"mairie.peyraud@inforoutes-ardeche.fr","population":"512 habitants","website":"","townhallAdress":"5 rue de la Mairie - 07340 - PEYRAUD"},{"text":"PLANZOLLES","href":"./07/planzolles.html","phone":"04 75 36 65 76","email":"commune-de-planzolles@wanadoo.fr","population":"135 habitants","website":"","townhallAdress":"Place de la Mairie - 07230 - PLANZOLLES"},{"text":"PLATS","href":"./07/plats.html","phone":"04 75 07 60 41","email":"ma-plats@inforoutes-ardeche.fr","population":"744 habitants","website":"","townhallAdress":"Le Village - 07300 - PLATS"},{"text":"PONT DE LABEAUME","href":"./07/pont-de-labeaume.html","phone":"04 75 38 05 25","email":"mairie.pont.de.labeaume@wanadoo.fr","population":"566 habitants","website":"","townhallAdress":"Le Village - 07380 - PONT-DE-LABEAUME"},{"text":"POURCHERES","href":"./07/pourcheres.html","phone":"04 75 66 80 93","email":"mairie.pourcheres@inforoutes-ardeche.fr","population":"146 habitants","website":"","townhallAdress":"Le Village - 07000 - POURCHERES"},{"text":"PRADES","href":"./07/prades.html","phone":"04 75 38 03 11","email":"mairie.prades@inforoutes-ardeche.fr","population":"1121 habitants","website":"","townhallAdress":"Le Village - 07380 - PRADES"},{"text":"PRADONS","href":"./07/pradons.html","phone":"04 75 39 68 68","email":"mairie.pradons@orange.fr","population":"419 habitants","website":"","townhallAdress":"Le Village - 07120 - PRADONS"},{"text":"PRANLES","href":"./07/pranles.html","phone":"04 75 64 41 24","email":"mairie.pranles@inforoutes-ardeche.fr","population":"451 habitants","website":"","townhallAdress":"Le Village - 07000 - PRANLES"},{"text":"PREAUX","href":"./07/preaux.html","phone":"04 75 34 41 39","email":"mairie.preaux@wanadoo.fr","population":"563 habitants","website":"","townhallAdress":"Le Village - 07290 - PREAUX"},{"text":"PRIVAS","href":"./07/privas.html","phone":"04 75 64 06 44","email":"mairie.privas@mairie-privas.fr","population":"9002 habitants","website":"","townhallAdress":"Place de l'Hôtel de Ville - 07000 - PRIVAS"},{"text":"PRUNET","href":"./07/prunet.html","phone":"04 75 88 37 75","email":"mairieprunet07@orange.fr","population":"134 habitants","website":"","townhallAdress":"La Place - 07110 - PRUNET"},{"text":"QUINTENAS","href":"./07/quintenas.html","phone":"04 75 34 41 03","email":"ma-quint@inforoutes-ardeche.fr","population":"1412 habitants","website":"","townhallAdress":"20 Grande Rue - 07290 - QUINTENAS"},{"text":"RIBES","href":"./07/ribes.html","phone":"04 75 39 57 27","email":"communederibes@orange.fr","population":"262 habitants","website":"","townhallAdress":"Place de l'Eglise - 07260 - RIBES"},{"text":"ROCHECOLOMBE","href":"./07/rochecolombe.html","phone":"04 75 37 75 46","email":"commune-rochecolombe@wanadoo.fr","population":"220 habitants","website":"","townhallAdress":"Le Village - 07200 - ROCHECOLOMBE"},{"text":"ROCHEMAURE","href":"./07/rochemaure.html","phone":"04 75 49 08 07","email":"mairie.rochemaure@wanadoo.fr","population":"2042 habitants","website":"","townhallAdress":"Place de la Mairie - 07400 - ROCHEMAURE"},{"text":"ROCHEPAULE","href":"./07/rochepaule.html","phone":"04 75 30 04 39","email":"mairie.rochepaule@inforoutes-ardeche.fr","population":"313 habitants","website":"","townhallAdress":"Le Village - 07320 - ROCHEPAULE"},{"text":"ROCHER","href":"./07/rocher.html","phone":"04 75 88 35 29","email":"mairierocher@orange.fr","population":"276 habitants","website":"","townhallAdress":"Le Village - 07110 - ROCHER"},{"text":"ROCHESSAUVE","href":"./07/rochessauve.html","phone":"04 75 65 13 83","email":"rochessauve.mairie@wanadoo.fr","population":"392 habitants","website":"","townhallAdress":"Le Village - 07210 - ROCHESSAUVE"},{"text":"ROCLES","href":"./07/rocles.html","phone":"04 75 88 31 09","email":"rocles.mairie@wanadoo.fr","population":"213 habitants","website":"","townhallAdress":"Le Village - 07110 - ROCLES"},{"text":"ROIFFIEUX","href":"./07/roiffieux.html","phone":"04 75 67 75 50","email":"mairie-roiffieux@wanadoo.fr","population":"2767 habitants","website":"","townhallAdress":"Le Village - 07100 - ROIFFIEUX"},{"text":"ROMPON","href":"./07/rompon.html","phone":"04 75 63 80 44","email":"mairierompon@wanadoo.fr","population":"969 habitants","website":"","townhallAdress":"Place des Ecoles Les Fonts - 07250 - ROMPON"},{"text":"ROSIERES","href":"./07/rosieres.html","phone":"04 75 39 52 74","email":"mairie.rosieres@inforoutes-ardeche.fr","population":"1114 habitants","website":"","townhallAdress":"Avenue André Jean - 07260 - ROSIERES"},{"text":"RUOMS","href":"./07/ruoms.html","phone":"04 75 39 98 20","email":"mairie.ruoms@inforoutes-ardeche.fr","population":"2263 habitants","website":"","townhallAdress":"62 Rue Nationale - 07120 - RUOMS"},{"text":"SABLIERES","href":"./07/sablieres.html","phone":"04 75 36 96 65","email":"","population":"145 habitants","website":"","townhallAdress":"Le Village - 07260 - SABLIERES"},{"text":"SAGNES ET GOUDOULET","href":"./07/sagnes-et-goudoulet.html","phone":"04 75 38 82 33","email":"mairie-sagnes-et-goudoulet@orange.fr","population":"139 habitants","website":"","townhallAdress":"Le Village - 07450 - SAGNES-ET-GOUDOULET"},{"text":"SAINT AGREVE","href":"./07/saint-agreve.html","phone":"04 75 30 11 21","email":"mastagre@inforoutes-ardeche.fr","population":"2619 habitants","website":"","townhallAdress":"37 Grande Rue - 07320 - SAINT-AGREVE"},{"text":"SAINT ALBAN AURIOLLES","href":"./07/saint-alban-auriolles.html","phone":"04 75 39 65 04","email":"stalb@free.fr","population":"984 habitants","website":"","townhallAdress":"30 Place Aristide Briand - 07120 - SAINT-ALBAN-AURIOLLES"},{"text":"SAINT ALBAN D AY","href":"./07/saint-alban-d-ay.html","phone":"04 75 67 43 03","email":"ma-stalb@inforoutes-ardeche.fr","population":"1299 habitants","website":"","townhallAdress":"Le Village - 07790 - SAINT-ALBAN-D'AY"},{"text":"SAINT ALBAN EN MONTAGNE","href":"./07/saint-alban-en-montagne.html","phone":"04 66 69 27 56","email":"mairiedest-albanenmontagne@wanadoo.fr","population":"72 habitants","website":"","townhallAdress":"Le Village - 07590 - SAINT-ALBAN-EN-MONTAGNE"},{"text":"SAINT ANDEOL DE BERG","href":"./07/saint-andeol-de-berg.html","phone":"04 75 94 72 75","email":"mairie-standeoldeberg@wanadoo.fr","population":"130 habitants","website":"","townhallAdress":"Le Village - 07170 - SAINT-ANDEOL-DE-BERG"},{"text":"SAINT ANDEOL DE FOURCHADES","href":"./07/saint-andeol-de-fourchades.html","phone":"04 75 29 12 47","email":"mairie.st.andeol.de.fourchades@inforoutes-ardeche.fr","population":"59 habitants","website":"","townhallAdress":"Le Village - 07160 - SAINT-ANDEOL-DE-FOURCHADES"},{"text":"SAINT ANDEOL DE VALS","href":"./07/saint-andeol-de-vals.html","phone":"04 75 37 50 05","email":"ma-stadv@inforoutes-ardeche.fr","population":"562 habitants","website":"","townhallAdress":"Le Village - 07600 - SAINT-ANDEOL-DE-VALS"},{"text":"SAINT ANDRE DE CRUZIERES","href":"./07/saint-andre-de-cruzieres.html","phone":"04 75 39 31 58","email":"ma-stadc@inforoutes-ardeche.fr","population":"534 habitants","website":"","townhallAdress":"LE BOURDARIC - 07460 - SAINT-ANDRE-DE-CRUZIERES"},{"text":"SAINT ANDRE EN VIVARAIS","href":"./07/saint-andre-en-vivarais.html","phone":"04 75 30 01 68","email":"ma-stand@inforoutes-ardeche.fr","population":"233 habitants","website":"","townhallAdress":"Le Village - 07690 - SAINT-ANDRE-EN-VIVARAIS"},{"text":"SAINT ANDRE LACHAMP","href":"./07/saint-andre-lachamp.html","phone":"04 75 39 49 75","email":"mairie.standrelachamp@wanadoo.fr","population":"126 habitants","website":"","townhallAdress":"Le Village - 07230 - SAINT-ANDRE-LACHAMP"},{"text":"SAINT APOLLINAIRE DE RIAS","href":"./07/saint-apollinaire-de-rias.html","phone":"04 75 58 09 57","email":"ma-stapo@inforoutes-ardeche.fr","population":"159 habitants","website":"","townhallAdress":"Les Baraques - 07240 - SAINT-APOLLINAIRE-DE-RIAS"},{"text":"SAINT BARTHELEMY GROZON","href":"./07/saint-barthelemy-grozon.html","phone":"04 75 06 58 25","email":"ma-stbgr@inforoutes-ardeche.fr","population":"550 habitants","website":"","townhallAdress":"Le Village - 07270 - SAINT-BARTHELEMY-GROZON"},{"text":"SAINT BARTHELEMY LE MEIL","href":"./07/saint-barthelemy-le-meil.html","phone":"04 75 29 34 10","email":"mairie.st.barthelemy.le.meil@inforoutes-ardeche.fr","population":"218 habitants","website":"","townhallAdress":"Le Village - 07160 - SAINT-BARTHELEMY-LE-MEIL"},{"text":"SAINT BARTHELEMY LE PLAIN","href":"./07/saint-barthelemy-le-plain.html","phone":"04 75 07 66 11","email":"ma-stblp@inforoutes-ardeche.fr","population":"771 habitants","website":"","townhallAdress":"Le Village - 07300 - SAINT-BARTHELEMY-LE-PLAIN"},{"text":"SAINT BASILE","href":"./07/saint-basile.html","phone":"04 75 06 41 04","email":"mairie.st-basile@numeo.fr","population":"327 habitants","website":"","townhallAdress":"Le Village - 07270 - SAINT-BASILE"},{"text":"SAINT BAUZILE","href":"./07/saint-bauzile.html","phone":"04 75 65 92 68","email":"mairie.st.bauzile@inforoutes-ardeche.fr","population":"279 habitants","website":"","townhallAdress":"Le Village - 07210 - SAINT-BAUZILE"},{"text":"SAINT CHRISTOL","href":"./07/saint-christol.html","phone":"04 75 29 23 69","email":"mairie.st.christol@orange.fr","population":"108 habitants","website":"","townhallAdress":"Le Village - 07160 - SAINT-CHRISTOL"},{"text":"SAINT CIERGE LA SERRE","href":"./07/saint-cierge-la-serre.html","phone":"04 75 65 73 76","email":"mairiestciergelaserre@numeo.fr","population":"224 habitants","website":"","townhallAdress":"Le Village - 07800 - SAINT-CIERGE-LA-SERRE"},{"text":"SAINT CIERGE SOUS LE CHEYLARD","href":"./07/saint-cierge-sous-le-cheylard.html","phone":"04 75 29 43 29","email":"ma-stcie@inforoutes-ardeche.fr","population":"215 habitants","website":"","townhallAdress":"Le Village - 07160 - SAINT-CIERGE-SOUS-LE-CHEYLARD"},{"text":"SAINT CIRGUES DE PRADES","href":"./07/saint-cirgues-de-prades.html","phone":"04 75 93 21 63","email":"ma-stcpr@inforoutes-ardeche.fr","population":"135 habitants","website":"","townhallAdress":"Le Village - 07380 - SAINT-CIRGUES-DE-PRADES"},{"text":"SAINT CIRGUES EN MONTAGNE","href":"./07/saint-cirgues-en-montagne.html","phone":"04 75 38 90 51","email":"mairiestcirguesenmontagne@orange.fr","population":"261 habitants","website":"","townhallAdress":"Le Village - 07510 - SAINT-CIRGUES-EN-MONTAGNE"},{"text":"SAINT CLAIR","href":"./07/saint-clair.html","phone":"04 75 33 40 26","email":"ma-stcla@inforoutes-ardeche.fr","population":"1048 habitants","website":"","townhallAdress":"Saint Clair - 07430 - SAINT-CLAIR"},{"text":"SAINT CLEMENT","href":"./07/saint-clement.html","phone":"04 75 30 41 77","email":"ma-stcle@inforoutes-ardeche.fr","population":"104 habitants","website":"","townhallAdress":"Le Village - 07310 - SAINT-CLEMENT"},{"text":"SAINT CYR","href":"./07/saint-cyr.html","phone":"04 75 67 47 94","email":"Mairie.St.Cyr@inforoutes-ardeche.fr","population":"1269 habitants","website":"","townhallAdress":"43 route Bleue - 07430 - SAINT-CYR"},{"text":"SAINT DESIRAT","href":"./07/saint-desirat.html","phone":"04 75 34 23 20","email":"ma-stdes@inforoutes-ardeche.fr","population":"783 habitants","website":"","townhallAdress":"Le Village - 07340 - SAINT-DESIRAT"},{"text":"SAINT DIDIER SOUS AUBENAS","href":"./07/saint-didier-sous-aubenas.html","phone":"04 75 35 16 84","email":"ma-stdsa@inforoutes-ardeche.fr","population":"759 habitants","website":"","townhallAdress":"300 route de Montélimar - 07200 - SAINT-DIDIER-SOUS-AUBENAS"},{"text":"SAINTE EULALIE","href":"./07/sainte-eulalie.html","phone":"04 75 38 81 05","email":"sainte.eulalie.07.mairie@wanadoo.fr","population":"239 habitants","website":"","townhallAdress":"Le Village - 07510 - SAINTE-EULALIE"},{"text":"SAINTE MARGUERITE LAFIGERE","href":"./07/sainte-marguerite-lafigere.html","phone":"04 66 69 86 75","email":"sml.mairie@wanadoo.fr","population":"81 habitants","website":"","townhallAdress":"Village - 07140 - SAINTE-MARGUERITE-LAFIGERE"},{"text":"SAINT ETIENNE DE BOULOGNE","href":"./07/saint-etienne-de-boulogne.html","phone":"04 75 87 11 23","email":"mairie.saint-etienne-de-boulogne@laposte.net","population":"348 habitants","website":"","townhallAdress":"Le Village - 07200 - SAINT-ETIENNE-DE-BOULOGNE"},{"text":"SAINT ETIENNE DE FONTBELLON","href":"./07/saint-etienne-de-fontbellon.html","phone":"04 75 35 12 96","email":"mairie.st.etienne.de.fontbellon@wanadoo.fr","population":"2550 habitants","website":"","townhallAdress":"Les Champs - 07200 - SAINT-ETIENNE-DE-FONTBELLON"},{"text":"SAINT ETIENNE DE LUGDARES","href":"./07/saint-etienne-de-lugdares.html","phone":"04 66 46 60 49","email":"mairie.st.etienne.de.lugdares@inforoutes-ardeche.fr","population":"459 habitants","website":"","townhallAdress":"Village - 07590 - SAINT-ETIENNE-DE-LUGDARES"},{"text":"SAINT ETIENNE DE SERRES","href":"./07/saint-etienne-de-serres.html","phone":"04 75 65 44 79","email":"mairie.stetienne.deserre@wanadoo.fr","population":"172 habitants","website":"","townhallAdress":"Le Village - 07190 - SAINT-ETIENNE-DE-SERRES"},{"text":"SAINT ETIENNE DE VALOUX","href":"./07/saint-etienne-de-valoux.html","phone":"04 75 34 21 26","email":"ma-stedv@inforoutes-ardeche.fr","population":"285 habitants","website":"","townhallAdress":"Le Village - 07340 - SAINT-ETIENNE-DE-VALOUX"},{"text":"SAINT FELICIEN","href":"./07/saint-felicien.html","phone":"04 75 06 16 70","email":"mairie.st.felicien@inforoutes-ardeche.fr","population":"1262 habitants","website":"","townhallAdress":"Place de l'Hôtel de Ville - 07410 - SAINT-FELICIEN"},{"text":"SAINT FORTUNAT SUR EYRIEUX","href":"./07/saint-fortunat-sur-eyrieux.html","phone":"04 75 65 23 96","email":"mairie-st-fortunat-seyrieux@wanadoo.fr","population":"702 habitants","website":"","townhallAdress":"Quartier des Ecoles - 07360 - SAINT-FORTUNAT-SUR-EYRIEUX"},{"text":"SAINT GENEST DE BEAUZON","href":"./07/saint-genest-de-beauzon.html","phone":"04 75 37 28 31","email":"mairie-saint-genest-de-beauzon@orange.fr","population":"243 habitants","website":"","townhallAdress":"Le Suel - 07230 - SAINT-GENEST-DE-BEAUZON"},{"text":"SAINT GENEST LACHAMP","href":"./07/saint-genest-lachamp.html","phone":"04 75 65 62 43","email":"commune-st-genest-lachamp@wanadoo.fr","population":"102 habitants","website":"","townhallAdress":"Le Village - 07160 - SAINT-GENEST-LACHAMP"},{"text":"SAINT GEORGES LES BAINS","href":"./07/saint-georges-les-bains.html","phone":"04 75 60 80 42","email":"mairie.stgeorgeslesbains@orange.fr","population":"2030 habitants","website":"","townhallAdress":"Square René Cassin - 07800 - SAINT-GEORGES-LES-BAINS"},{"text":"SAINT GERMAIN","href":"./07/saint-germain.html","phone":"04 75 37 71 34","email":"ma-stger@inforoutes-ardeche.fr","population":"638 habitants","website":"","townhallAdress":"Le Village - 07170 - SAINT-GERMAIN"},{"text":"SAINT GINEYS EN COIRON","href":"./07/saint-gineys-en-coiron.html","phone":"04 75 36 72 67","email":"mairiedestgineys@orange.fr","population":"96 habitants","website":"","townhallAdress":"Le Village - 07580 - SAINT-GINEYS-EN-COIRON"},{"text":"SAINT JACQUES D ATTICIEUX","href":"./07/saint-jacques-d-atticieux.html","phone":"04 75 67 13 91","email":"mairie.st.jacques.d.atticieux@inforoutes-ardeche.fr","population":"237 habitants","website":"","townhallAdress":"Le Village - 07340 - SAINT-JACQUES-D'ATTICIEUX"},{"text":"SAINT JEAN CHAMBRE","href":"./07/saint-jean-chambre.html","phone":"04 75 58 16 41","email":"ma-stjch@inforoutes-ardeche.fr","population":"262 habitants","website":"","townhallAdress":"Le Village - 07240 - SAINT-JEAN-CHAMBRE"},{"text":"SAINT JEAN DE MUZOLS","href":"./07/saint-jean-de-muzols.html","phone":"04 75 08 09 79","email":"ma-stjm@inforoutes-ardeche.fr","population":"2516 habitants","website":"","townhallAdress":"12 Rue Centrale - 07300 - SAINT-JEAN-DE-MUZOLS"},{"text":"SAINT JEAN LE CENTENIER","href":"./07/saint-jean-le-centenier.html","phone":"04 75 36 70 08","email":"ma-stjlc@inforoutes-ardeche.fr","population":"640 habitants","website":"","townhallAdress":"Le Village - 07580 - SAINT-JEAN-LE-CENTENIER"},{"text":"SAINT JEAN ROURE","href":"./07/saint-jean-roure.html","phone":"04 75 29 34 72","email":"mairie.st.jeanroure@wanadoo.fr","population":"258 habitants","website":"","townhallAdress":"Le Village - 07160 - SAINT-JEAN-ROURE"},{"text":"SAINT JEURE D ANDAURE","href":"./07/saint-jeure-d-andaure.html","phone":"04 75 30 11 86","email":"ma-stjda@inforoutes-ardeche.fr","population":"95 habitants","website":"","townhallAdress":"Le Village - 07320 - SAINT-JEURE-D'ANDAURE"},{"text":"SAINT JEURE D AY","href":"./07/saint-jeure-d-ay.html","phone":"04 75 34 41 58","email":"ma-stjay@inforoutes-ardeche.fr","population":"440 habitants","website":"","townhallAdress":"Le Village - 07290 - SAINT-JEURE-D'AY"},{"text":"SAINT JOSEPH DES BANCS","href":"./07/saint-joseph-des-bancs.html","phone":"04 75 88 21 05","email":"st-joseph-des-bancs@wanadoo.fr","population":"192 habitants","website":"","townhallAdress":"Le Village - 07530 - SAINT-JOSEPH-DES-BANCS"},{"text":"SAINT JULIEN BOUTIERES","href":"./07/saint-julien-boutieres.html","phone":"04 75 30 44 00","email":"mairie.st.julien.boutieres@inforoutes-ardeche.fr","population":"217 habitants","website":"","townhallAdress":"Le Village - 07310 - SAINT-JULIEN-BOUTIERES"},{"text":"SAINT JULIEN DU GUA","href":"./07/saint-julien-du-gua.html","phone":"04 75 66 85 16","email":"mairie.st.julien.du.gua@inforoutes-ardeche.fr","population":"195 habitants","website":"","townhallAdress":"Place de la Poste - 07190 - SAINT-JULIEN-DU-GUA"},{"text":"SAINT JULIEN DU SERRE","href":"./07/saint-julien-du-serre.html","phone":"04 75 37 95 28","email":"ma-stjds@inforoutes-ardeche.fr","population":"857 habitants","website":"","townhallAdress":"Le Buis - 07200 - SAINT-JULIEN-DU-SERRE"},{"text":"SAINT JULIEN EN SAINT ALBAN","href":"./07/saint-julien-en-saint-alban.html","phone":"04 75 20 90 00","email":"saintjulien.saintalban@inforoutes-ardeche.fr","population":"1268 habitants","website":"","townhallAdress":"Place de la Mairie - 07000 - SAINT-JULIEN-EN-SAINT-ALBAN"},{"text":"SAINT JULIEN LABROUSSE","href":"./07/saint-julien-labrousse.html","phone":"04 75 29 06 48","email":"mairiedesaintjulienlabrousse@orange.fr","population":"339 habitants","website":"","townhallAdress":"Le Village - 07160 - SAINT-JULIEN-LABROUSSE"},{"text":"SAINT JULIEN LE ROUX","href":"./07/saint-julien-le-roux.html","phone":"04 75 58 03 52","email":"mairie-st-julien-le-roux@wanadoo.fr","population":"93 habitants","website":"","townhallAdress":"La Peyratte - 07240 - SAINT-JULIEN-LE-ROUX"},{"text":"SAINT JULIEN VOCANCE","href":"./07/saint-julien-vocance.html","phone":"04 75 34 60 45","email":"mairie.st.julien.vocance@inforoutes-ardeche.fr","population":"261 habitants","website":"","townhallAdress":"Le Village - 07690 - SAINT-JULIEN-VOCANCE"},{"text":"SAINT JUST","href":"./07/saint-just.html","phone":"04 75 04 66 80","email":"ma-stjus@inforoutes-ardeche.fr","population":"1509 habitants","website":"","townhallAdress":"Hôtel de ville - 07700 - SAINT-JUST"},{"text":"SAINT LAGER BRESSAC","href":"./07/saint-lager-bressac.html","phone":"04 75 65 13 02","email":"mairie.saintlagerbressac@wanadoo.fr","population":"884 habitants","website":"","townhallAdress":"Place de l'Eglise - 07210 - SAINT-LAGER-BRESSAC"},{"text":"SAINT LAURENT DU PAPE","href":"./07/saint-laurent-du-pape.html","phone":"04 75 62 22 30","email":"mairie.st.laurent.du.pape@inforoutes-ardeche.fr","population":"1547 habitants","website":"","townhallAdress":"Le Village - 07800 - SAINT-LAURENT-DU-PAPE"},{"text":"SAINT LAURENT LES BAINS","href":"./07/saint-laurent-les-bains.html","phone":"04 66 46 00 71","email":"ma-stllb@inforoutes-ardeche.fr","population":"161 habitants","website":"","townhallAdress":"Village - 07590 - SAINT-LAURENT-LES-BAINS"},{"text":"SAINT LAURENT SOUS COIRON","href":"./07/saint-laurent-sous-coiron.html","phone":"04 75 94 24 32","email":"mairie-saint-laurent-sous-coiron@wanadoo.fr","population":"142 habitants","website":"","townhallAdress":"Le Village - 07170 - SAINT-LAURENT-SOUS-COIRON"},{"text":"SAINT MARCEL D ARDECHE","href":"./07/saint-marcel-d-ardeche.html","phone":"04 75 97 26 10","email":"ma-stmar@inforoutes-ardeche.fr","population":"2466 habitants","website":"","townhallAdress":"Le Village - 07700 - SAINT-MARCEL-D'ARDECHE"},{"text":"SAINT MARCEL LES ANNONAY","href":"./07/saint-marcel-les-annonay.html","phone":"04 75 67 12 50","email":"mairie.st.marcel.annonay@inforoutes-ardeche.fr","population":"1299 habitants","website":"","townhallAdress":"Le Village - 07100 - SAINT-MARCEL-LES-ANNONAY"},{"text":"SAINT MARTIAL","href":"./07/saint-martial.html","phone":"04 75 29 12 16","email":"mairie-stmartial@wanadoo.fr","population":"250 habitants","website":"","townhallAdress":"Le Village - 07310 - SAINT-MARTIAL"},{"text":"SAINT MARTIN D ARDECHE","href":"./07/saint-martin-d-ardeche.html","phone":"04 75 04 66 33","email":"Mairie.St.Martin.d.Ardeche@inforoutes-ardeche.fr","population":"853 habitants","website":"","townhallAdress":"Le Village - 07700 - SAINT-MARTIN-D'ARDECHE"},{"text":"SAINT MARTIN DE VALAMAS","href":"./07/saint-martin-de-valamas.html","phone":"04 75 30 41 76","email":"mastmart@inforoutes-ardeche.fr","population":"1302 habitants","website":"","townhallAdress":"Le Pont - 07310 - SAINT-MARTIN-DE-VALAMAS"},{"text":"SAINT MARTIN SUR LAVEZON","href":"./07/saint-martin-sur-lavezon.html","phone":"04 75 52 98 48","email":"mairie@saintmartinsurlavezon.fr","population":"442 habitants","website":"","townhallAdress":"Saint Martin le Supérieur - 07400 - SAINT-MARTIN-SUR-LAVEZON"},{"text":"SAINT MAURICE D ARDECHE","href":"./07/saint-maurice-d-ardeche.html","phone":"04 75 37 77 86","email":"mairie.stmauriceardeche@wanadoo.fr","population":"331 habitants","website":"","townhallAdress":"Le Village - 07200 - SAINT-MAURICE-D'ARDECHE"},{"text":"SAINT MAURICE D IBIE","href":"./07/saint-maurice-d-ibie.html","phone":"04 75 94 71 41","email":"ma-stmib@inforoutes-ardeche.fr","population":"195 habitants","website":"","townhallAdress":"Le Village - 07170 - SAINT-MAURICE-D'IBIE"},{"text":"SAINT MAURICE EN CHALENCON","href":"./07/saint-maurice-en-chalencon.html","phone":"04 75 58 11 74","email":"ma-stmec@inforoutes-ardeche.fr","population":"180 habitants","website":"","townhallAdress":"Le Village - 07190 - SAINT-MAURICE-EN-CHALENCON"},{"text":"SAINT MELANY","href":"./07/saint-melany.html","phone":"04 75 36 97 57","email":"mairiestmelany@orange.fr","population":"126 habitants","website":"","townhallAdress":"Le Village - 07260 - SAINT-MELANY"},{"text":"SAINT MICHEL D AURANCE","href":"./07/saint-michel-d-aurance.html","phone":"04 75 29 34 18","email":"mairie.stmicheldaurance@orange.fr","population":"242 habitants","website":"","townhallAdress":"Le Village - 07160 - SAINT-MICHEL-D'AURANCE"},{"text":"SAINT MICHEL DE BOULOGNE","href":"./07/saint-michel-de-boulogne.html","phone":"04 75 87 11 15","email":"st-michel-de-b.mairie0722@orange.fr","population":"152 habitants","website":"","townhallAdress":"Le Village - 07200 - SAINT-MICHEL-DE-BOULOGNE"},{"text":"SAINT MICHEL DE CHABRILLANOUX","href":"./07/saint-michel-de-chabrillanoux.html","phone":"04 75 66 24 84","email":"ma-stmic@inforoutes-ardeche.fr","population":"360 habitants","website":"","townhallAdress":"Le Village - 07360 - SAINT-MICHEL-DE-CHABRILLANOUX"},{"text":"SAINT MONTAN","href":"./07/saint-montan.html","phone":"04 75 52 62 09","email":"mairie.st.montan@wanadoo.fr","population":"1769 habitants","website":"","townhallAdress":"Le Village - 07220 - SAINT-MONTAN"},{"text":"SAINT PAUL LE JEUNE","href":"./07/saint-paul-le-jeune.html","phone":"04 75 39 80 14","email":"st.paul.le.jeune@wanadoo.fr","population":"860 habitants","website":"","townhallAdress":"Place de la Mairie - 07460 - SAINT-PAUL-LE-JEUNE"},{"text":"SAINT PERAY","href":"./07/saint-peray.html","phone":"04 75 81 77 77","email":"secretariatgeneral@st-peray.com","population":"7472 habitants","website":"","townhallAdress":"Place de l'Hôtel de Ville - B.P. 108 - 07130 - SAINT-PERAY"},{"text":"SAINT PIERRE DE COLOMBIER","href":"./07/saint-pierre-de-colombier.html","phone":"04 75 94 41 94","email":"mairie-saintpierredecolombier@orange.fr","population":"411 habitants","website":"","townhallAdress":"Le Village - 07450 - SAINT-PIERRE-DE-COLOMBIER"},{"text":"SAINT PIERRE LA ROCHE","href":"./07/saint-pierre-la-roche.html","phone":"04 75 52 95 96","email":"maire.stpierrelaroche@orange.fr","population":"54 habitants","website":"","townhallAdress":"Les Molières - 07400 - SAINT-PIERRE-LA-ROCHE"},{"text":"SAINT PIERRE SAINT JEAN","href":"./07/saint-pierre-saint-jean.html","phone":"04 75 94 90 89","email":"","population":"157 habitants","website":"","townhallAdress":"La Combe - 07140 - SAINT-PIERRE-SAINT-JEAN"},{"text":"SAINT PIERRE SUR DOUX","href":"./07/saint-pierre-sur-doux.html","phone":"04 75 30 05 87","email":"ma-stpsd@inforoutes-ardeche.fr","population":"103 habitants","website":"","townhallAdress":"Le Village - 07520 - SAINT-PIERRE-SUR-DOUX"},{"text":"SAINT PIERREVILLE","href":"./07/saint-pierreville.html","phone":"04 75 66 60 14","email":"ma-stpie@inforoutes-ardeche.fr","population":"524 habitants","website":"","townhallAdress":"Place Clos - 07190 - SAINT-PIERREVILLE"},{"text":"SAINT PONS","href":"./07/saint-pons.html","phone":"04 75 36 70 70","email":"ma-stpons@inforoutes-ardeche.fr","population":"266 habitants","website":"","townhallAdress":"Le Village - 07580 - SAINT-PONS"},{"text":"SAINT PRIEST","href":"./07/saint-priest.html","phone":"04 75 64 32 08","email":"mairie-st-priest@wanadoo.fr","population":"1264 habitants","website":"","townhallAdress":"Le Village, place de la Mairie - 07000 - SAINT-PRIEST"},{"text":"SAINT PRIVAT","href":"./07/saint-privat.html","phone":"04 75 35 15 14","email":"mairie.st.privat@wanadoo.fr","population":"1605 habitants","website":"","townhallAdress":"Place de l'Eglise - 07200 - SAINT-PRIVAT"},{"text":"SAINT PRIX","href":"./07/saint-prix.html","phone":"04 75 29 23 05","email":"mairie.st.prix@inforoutes-ardeche.fr","population":"264 habitants","website":"","townhallAdress":"Le Village - 07270 - SAINT-PRIX"},{"text":"SAINT REMEZE","href":"./07/saint-remeze.html","phone":"04 75 04 12 24","email":"saintremeze@wanadoo.fr","population":"844 habitants","website":"","townhallAdress":"Place de la Mairie - 07700 - SAINT-REMEZE"},{"text":"SAINT ROMAIN D AY","href":"./07/saint-romain-d-ay.html","phone":"04 75 34 42 08","email":"ma-strda@inforoutes-ardeche.fr","population":"977 habitants","website":"","townhallAdress":"Le Village - 07290 - SAINT-ROMAIN-D'AY"},{"text":"SAINT ROMAIN DE LERPS","href":"./07/saint-romain-de-lerps.html","phone":"04 75 58 50 93","email":"ma-strdl@inforoutes-ardeche.fr","population":"710 habitants","website":"","townhallAdress":"Le Village - 07130 - SAINT-ROMAIN-DE-LERPS"},{"text":"SAINT SAUVEUR DE CRUZIERES","href":"./07/saint-sauveur-de-cruzieres.html","phone":"04 75 39 30 55","email":"mairie.saintsauveurdecruzieres@wanadoo.fr","population":"542 habitants","website":"","townhallAdress":"Le Village - 07460 - SAINT-SAUVEUR-DE-CRUZIERES"},{"text":"SAINT SAUVEUR DE MONTAGUT","href":"./07/saint-sauveur-de-montagut.html","phone":"04 75 65 40 64","email":"mairie-saint-sauveur-de-montagut@wanadoo.fr","population":"1192 habitants","website":"","townhallAdress":"1Place de l'Horloge - 07190 - SAINT-SAUVEUR-DE-MONTAGUT"},{"text":"SAINT SERNIN","href":"./07/saint-sernin.html","phone":"04 75 35 03 10","email":"ma-serni@inforoutes-ardeche.fr","population":"1491 habitants","website":"","townhallAdress":"Le Village - 07200 - SAINT-SERNIN"},{"text":"SAINT SYLVESTRE","href":"./07/saint-sylvestre.html","phone":"04 75 58 32 11","email":"ma-stsyl@inforoutes-ardeche.fr","population":"472 habitants","website":"","townhallAdress":"Le Village - 07440 - SAINT-SYLVESTRE"},{"text":"SAINT SYMPHORIEN DE MAHUN","href":"./07/saint-symphorien-de-mahun.html","phone":"04 75 34 93 55","email":"ma-stsdm@inforoutes-ardeche.fr","population":"137 habitants","website":"","townhallAdress":"Le Village - 07290 - SAINT-SYMPHORIEN-DE-MAHUN"},{"text":"SAINT SYMPHORIEN SOUS CHOMERAC","href":"./07/saint-symphorien-sous-chomerac.html","phone":"04 75 65 90 67","email":"ma-stssc@inforoutes-ardeche.fr","population":"742 habitants","website":"","townhallAdress":"Le Village - 07210 - SAINT-SYMPHORIEN-SOUS-CHOMERAC"},{"text":"SAINT THOME","href":"./07/saint-thome.html","phone":"04 75 52 74 89","email":"ma-sttho@inforoutes-ardeche.fr","population":"396 habitants","website":"","townhallAdress":"Le Village - 07220 - SAINT-THOME"},{"text":"SAINT VICTOR","href":"./07/saint-victor.html","phone":"04 75 06 00 47","email":"ma-stvic@inforoutes-ardeche.fr","population":"953 habitants","website":"","townhallAdress":"Le Village - 07410 - SAINT-VICTOR"},{"text":"SAINT VINCENT DE BARRES","href":"./07/saint-vincent-de-barres.html","phone":"04 75 65 15 93","email":"ma-stvb@inforoutes-ardeche.fr","population":"810 habitants","website":"","townhallAdress":"Le Village - 07210 - SAINT-VINCENT-DE-BARRES"},{"text":"SAINT VINCENT DE DURFORT","href":"./07/saint-vincent-de-durfort.html","phone":"04 75 66 21 96","email":"mairie.st-vincent-de-durfort@wanadoo.fr","population":"215 habitants","website":"","townhallAdress":"Le Village - 07360 - SAINT-VINCENT-DE-DURFORT"},{"text":"SALAVAS","href":"./07/salavas.html","phone":"04 75 88 02 64","email":"ma-salav@inforoutes-ardeche.fr","population":"546 habitants","website":"","townhallAdress":"Le Village - 07150 - SALAVAS"},{"text":"SAMPZON","href":"./07/sampzon.html","phone":"04 75 39 62 71","email":"mairie-sampzon@wanadoo.fr","population":"216 habitants","website":"","townhallAdress":"Place de la Mairie - 07120 - SAMPZON"},{"text":"SANILHAC","href":"./07/sanilhac.html","phone":"04 75 39 11 78","email":"mairie.sanilhac530@orange.fr","population":"390 habitants","website":"","townhallAdress":"Le Village - 07110 - SANILHAC"},{"text":"SARRAS","href":"./07/sarras.html","phone":"04 75 23 04 81","email":"masarras@inforoutes-ardeche.fr","population":"2093 habitants","website":"","townhallAdress":"Place Bochirol - 07370 - SARRAS"},{"text":"SATILLIEU","href":"./07/satillieu.html","phone":"04 75 34 96 64","email":"mairie.satillieu@inforoutes-ardeche.fr","population":"1639 habitants","website":"","townhallAdress":"Place de l'Eglise - 07290 - SATILLIEU"},{"text":"SAVAS","href":"./07/savas.html","phone":"04 75 33 22 57","email":"mairie.savas@inforoutes-ardeche.fr","population":"842 habitants","website":"","townhallAdress":"Le Village - 07430 - SAVAS"},{"text":"SCEAUTRES","href":"./07/sceautres.html","phone":"04 75 52 44 80","email":"mairie.sceautres@inforoutes-ardeche.fr","population":"139 habitants","website":"","townhallAdress":"Le Village - 07400 - SCEAUTRES"},{"text":"SECHERAS","href":"./07/secheras.html","phone":"04 75 06 81 67","email":"mairie.secheras@inforoutes-ardeche.fr","population":"490 habitants","website":"","townhallAdress":"Le Village - 07610 - SECHERAS"},{"text":"SERRIERES","href":"./07/serrieres.html","phone":"04 75 34 00 46","email":"ma-serri@inforoutes-ardeche.fr","population":"1176 habitants","website":"","townhallAdress":"154 Rue Auguste Vincent - 07340 - SERRIERES"},{"text":"SILHAC","href":"./07/silhac.html","phone":"04 75 58 11 36","email":"mairiedesilhac@orange.fr","population":"355 habitants","website":"","townhallAdress":"Le Village - 07240 - SILHAC"},{"text":"SOYONS","href":"./07/soyons.html","phone":"04 75 60 93 12","email":"mairie@soyons.fr","population":"2031 habitants","website":"","townhallAdress":"75 Rue Vincent d'Indy - 07130 - SOYONS"},{"text":"TALENCIEUX","href":"./07/talencieux.html","phone":"04 75 34 20 19","email":"ma-talen@inforoutes-ardeche.fr","population":"930 habitants","website":"","townhallAdress":"Le Village - 07340 - TALENCIEUX"},{"text":"TAURIERS","href":"./07/tauriers.html","phone":"04 75 39 22 07","email":"mairie.tauriers@wanadoo.fr","population":"186 habitants","website":"","townhallAdress":"Le Village - 07110 - TAURIERS"},{"text":"THORRENC","href":"./07/thorrenc.html","phone":"04 75 34 21 07","email":"mairie.thorrenc@inforoutes-ardeche.fr","population":"244 habitants","website":"","townhallAdress":"Le Village - 07340 - THORRENC"},{"text":"THUEYTS","href":"./07/thueyts.html","phone":"04 75 36 41 08","email":"ma-thuey@inforoutes-ardeche.fr","population":"1160 habitants","website":"","townhallAdress":"Place Champ de Mars - 07330 - THUEYTS"},{"text":"TOULAUD","href":"./07/toulaud.html","phone":"04 75 60 49 52","email":"ma-toula@inforoutes-ardeche.fr","population":"1704 habitants","website":"","townhallAdress":"Le Village - 07130 - TOULAUD"},{"text":"TOURNON SUR RHONE","href":"./07/tournon-sur-rhone.html","phone":"04 75 07 83 83","email":"maire@ville-tournon.com","population":"11287 habitants","website":"","townhallAdress":"Place Auguste Faure - 07300 - TOURNON-SUR-RHONE"},{"text":"UCEL","href":"./07/ucel.html","phone":"04 75 35 31 46","email":"mairie-ucel@wanadoo.fr","population":"1969 habitants","website":"","townhallAdress":"Le Pont - 07200 - UCEL"},{"text":"USCLADES ET RIEUTORD","href":"./07/usclades-et-rieutord.html","phone":"04 75 38 84 17","email":"usclades.rieutord.cne@wanadoo.fr","population":"125 habitants","website":"","townhallAdress":"Usclades - 07510 - USCLADES-ET-RIEUTORD"},{"text":"UZER","href":"./07/uzer.html","phone":"04 75 36 87 59","email":"ma-uzer@inforoutes-ardeche.fr","population":"398 habitants","website":"","townhallAdress":"Le Village - 07110 - UZER"},{"text":"VAGNAS","href":"./07/vagnas.html","phone":"04 75 38 62 97","email":"ma-vagnas@wanadoo.fr","population":"538 habitants","website":"","townhallAdress":"Place de l'Eglise - 07150 - VAGNAS"},{"text":"VALGORGE","href":"./07/valgorge.html","phone":"04 75 88 98 09","email":"ma-valgo@inforoutes-ardeche.fr","population":"444 habitants","website":"","townhallAdress":"Le Village - 07110 - VALGORGE"},{"text":"VALLON PONT D ARC","href":"./07/vallon-pont-d-arc.html","phone":"04 75 88 02 06","email":"info@mairie-vallon.com","population":"2512 habitants","website":"","townhallAdress":"Le Village - 07150 - VALLON-PONT-D'ARC"},{"text":"VALS LES BAINS","href":"./07/vals-les-bains.html","phone":"04 75 37 42 08","email":"info@vals-les-bains.com","population":"3850 habitants","website":"","townhallAdress":"Rue Jean Jaurès - 07600 - VALS-LES-BAINS"},{"text":"VALVIGNERES","href":"./07/valvigneres.html","phone":"04 75 52 62 21","email":"mairie@valvigneres.fr","population":"430 habitants","website":"","townhallAdress":"Le Village - 07400 - VALVIGNERES"},{"text":"VANOSC","href":"./07/vanosc.html","phone":"04 75 34 62 93","email":"ma-vanos@inforoutes-ardeche.fr","population":"880 habitants","website":"","townhallAdress":"Place de l'Eglise - 07690 - VANOSC"},{"text":"VAUDEVANT","href":"./07/vaudevant.html","phone":"04 75 06 00 88","email":"mairie.vaudevant@inforoutes-ardeche.fr","population":"218 habitants","website":"","townhallAdress":"Le Village - 07410 - VAUDEVANT"},{"text":"VERNON","href":"./07/vernon.html","phone":"04 75 39 56 49","email":"mavernon@inforoutes-ardeche.fr","population":"217 habitants","website":"","townhallAdress":"Les Bois - 07260 - VERNON"},{"text":"VERNOSC LES ANNONAY","href":"./07/vernosc-les-annonay.html","phone":"04 75 33 49 54","email":"mairie.vernosc@inforoutes-ardeche.fr","population":"2195 habitants","website":"","townhallAdress":"257 rue du Centre - 07430 - VERNOSC-LES-ANNONAY"},{"text":"VERNOUX EN VIVARAIS","href":"./07/vernoux-en-vivarais.html","phone":"04 75 58 11 90","email":"ma-vernx@inforoutes-ardeche.fr","population":"2029 habitants","website":"","townhallAdress":"Rue du Lavoir - 07240 - VERNOUX-EN-VIVARAIS"},{"text":"VESSEAUX","href":"./07/vesseaux.html","phone":"04 75 93 40 15","email":"mairie.vesseaux@orange.fr","population":"1597 habitants","website":"","townhallAdress":"Le Village - 07200 - VESSEAUX"},{"text":"VEYRAS","href":"./07/veyras.html","phone":"04 75 64 29 04","email":"mairiedeveyras@wanadoo.fr","population":"1616 habitants","website":"","townhallAdress":"1101 Place de la République - 07000 - VEYRAS"},{"text":"VILLENEUVE DE BERG","href":"./07/villeneuve-de-berg.html","phone":"04 75 94 80 09","email":"villeneuve-de-berg@wanadoo.fr","population":"2948 habitants","website":"","townhallAdress":"Le Village - 07170 - VILLENEUVE-DE-BERG"},{"text":"VILLEVOCANCE","href":"./07/villevocance.html","phone":"04 75 34 60 05","email":"mairie.villevocance@inforoutes-ardeche.fr","population":"1181 habitants","website":"","townhallAdress":"Rue de la Libération - 07690 - VILLEVOCANCE"},{"text":"VINEZAC","href":"./07/vinezac.html","phone":"04 75 36 81 20","email":"ma-vinez@inforoutes-ardeche.fr","population":"1185 habitants","website":"","townhallAdress":"Le Village - 07110 - VINEZAC"},{"text":"VINZIEUX","href":"./07/vinzieux.html","phone":"04 75 34 87 45","email":"mairievinzieux@wanadoo.fr","population":"360 habitants","website":"","townhallAdress":"Le Village - 07340 - VINZIEUX"},{"text":"VION","href":"./07/vion.html","phone":"04 75 08 01 17","email":"mairie.vion@inforoutes-ardeche.fr","population":"890 habitants","website":"","townhallAdress":"Place de la Mairie - 07610 - VION"},{"text":"VIVIERS","href":"./07/viviers.html","phone":"04 75 49 86 10","email":"etatcivil@mairie-viviers.fr","population":"3953 habitants","website":"","townhallAdress":"Hôtel de Ville - 2, avenue Pierre Mendès-France - 07220 - VIVIERS"},{"text":"VOCANCE","href":"./07/vocance.html","phone":"04 75 34 62 45","email":"mairie.vocance@inforoutes-ardeche.fr","population":"627 habitants","website":"","townhallAdress":"Le Village - 07690 - VOCANCE"},{"text":"VOGUE","href":"./07/vogue.html","phone":"04 75 37 72 48","email":"ma-vogue@inforoutes-ardeche.fr","population":"906 habitants","website":"","townhallAdress":"Le Village - 07200 - VOGUE"}]}