{"text":"09 | Ariège","href":"ariege.html","townships":[{"text":"AIGUES JUNTES","href":"./09/aigues-juntes.html","phone":"05 61 68 95 29","email":"aiguesj@micso.fr","population":"40 habitants","website":"","townhallAdress":"Village - 09240 - AIGUES-JUNTES"},{"text":"AIGUES VIVES","href":"./09/aigues-vives.html","phone":"05 61 01 24 62","email":"aiguesvives.mairie@wanadoo.fr","population":"541 habitants","website":"","townhallAdress":"Village - 09600 - AIGUES-VIVES"},{"text":"ALBIES","href":"./09/albies.html","phone":"05 61 64 77 03","email":"mairiealbies@wanadoo.fr","population":"139 habitants","website":"","townhallAdress":"1 Place de la Mairie - 09310 - ALBIES"},{"text":"ALEU","href":"./09/aleu.html","phone":"05 61 96 87 75","email":"mairie.aleu@wanadoo.fr","population":"143 habitants","website":"","townhallAdress":"Village - 09320 - ALEU"},{"text":"ALLIAT","href":"./09/alliat.html","phone":"05 61 05 15 66","email":"mairie.alliat@orange.fr","population":"66 habitants","website":"","townhallAdress":"Village - 09400 - ALLIAT"},{"text":"ALLIERES","href":"./09/allieres.html","phone":"05 61 64 59 99","email":"mairie.allieres@orange.fr","population":"68 habitants","website":"","townhallAdress":"Village - 09240 - ALLIERES"},{"text":"ALOS","href":"./09/alos.html","phone":"05 61 66 45 60","email":"commune.alos@wanadoo.fr","population":"121 habitants","website":"","townhallAdress":"Village - 09200 - ALOS"},{"text":"ALZEN","href":"./09/alzen.html","phone":"05 61 64 57 00","email":"commune.alzen@wanadoo.fr","population":"218 habitants","website":"","townhallAdress":"Village - 09240 - ALZEN"},{"text":"ANTRAS","href":"./09/antras.html","phone":"05 61 96 73 92","email":"","population":"74 habitants","website":"","townhallAdress":"Mairie - 09800 - ANTRAS"},{"text":"APPY","href":"./09/appy.html","phone":"05 61 64 47 29","email":"","population":"23 habitants","website":"","townhallAdress":"Village - 09250 - APPY"},{"text":"ARABAUX","href":"./09/arabaux.html","phone":"05 61 65 61 07","email":"mairie.arabaux@wanadoo.fr","population":"65 habitants","website":"","townhallAdress":"Village - 09000 - ARABAUX"},{"text":"ARGEIN","href":"./09/argein.html","phone":"05 61 96 78 90","email":"commune.argein@wanadoo.fr","population":"165 habitants","website":"","townhallAdress":"30 Route de Luchon - 09800 - ARGEIN"},{"text":"ARIGNAC","href":"./09/arignac.html","phone":"05 61 05 77 55","email":"mairie.arignac@wanadoo.fr","population":"712 habitants","website":"","townhallAdress":"1 Place de la Mairie - 09400 - ARIGNAC"},{"text":"ARNAVE","href":"./09/arnave.html","phone":"05 61 05 88 65","email":"mairiearnave@wanadoo.fr","population":"210 habitants","website":"","townhallAdress":"1 Place de la Mairie - 09400 - ARNAVE"},{"text":"ARRIEN EN BETHMALE","href":"./09/arrien-en-bethmale.html","phone":"05 34 14 36 75","email":"mairie.arrien-en-bethmale@wanadoo.fr","population":"103 habitants","website":"","townhallAdress":"Village - 09800 - ARRIEN-EN-BETHMALE"},{"text":"ARROUT","href":"./09/arrout.html","phone":"05 61 96 81 80","email":"urbetodomo@wanadoo.fr","population":"67 habitants","website":"","townhallAdress":"Village - 09800 - ARROUT"},{"text":"ARTIGAT","href":"./09/artigat.html","phone":"05 61 68 53 24","email":"mairie.artigat@wanadoo.fr","population":"534 habitants","website":"","townhallAdress":"Village - 09130 - ARTIGAT"},{"text":"ARTIGUES","href":"./09/artigues.html","phone":"04 68 20 42 12","email":"mairie.artigues310@orange.fr","population":"69 habitants","website":"","townhallAdress":"Le village - 09460 - ARTIGUES"},{"text":"ARTIX","href":"./09/artix.html","phone":"05 61 60 66 95","email":"artix.cne@wanadoo.fr","population":"101 habitants","website":"","townhallAdress":"Village - 09120 - ARTIX"},{"text":"ARVIGNA","href":"./09/arvigna.html","phone":"05 61 68 70 88","email":"mairiearvigna@wanadoo.fr","population":"191 habitants","website":"","townhallAdress":"Menet - 09100 - ARVIGNA"},{"text":"ASCOU","href":"./09/ascou.html","phone":"05 61 64 21 23","email":"commune-ascou@wanadoo.fr","population":"129 habitants","website":"","townhallAdress":"Village - 09110 - ASCOU"},{"text":"ASTON","href":"./09/aston.html","phone":"05 61 64 77 39","email":"Communeaston.09@wanadoo.fr","population":"246 habitants","website":"","townhallAdress":"Village - 09310 - ASTON"},{"text":"AUCAZEIN","href":"./09/aucazein.html","phone":"05 61 04 71 72","email":"aucazein.mairie@wanadoo.fr","population":"62 habitants","website":"","townhallAdress":"Village - 09800 - AUCAZEIN"},{"text":"AUDRESSEIN","href":"./09/audressein.html","phone":"05 61 96 73 13","email":"mairieaudressein@wanadoo.fr","population":"122 habitants","website":"","townhallAdress":"Village - 09800 - AUDRESSEIN"},{"text":"AUGIREIN","href":"./09/augirein.html","phone":"05 61 96 78 62","email":"communeaugirein@orange.fr","population":"65 habitants","website":"","townhallAdress":"Village - 09800 - AUGIREIN"},{"text":"AULOS","href":"./09/aulos.html","phone":"05 61 64 95 75","email":"commune.daulos@wanadoo.fr","population":"58 habitants","website":"","townhallAdress":"Village - 09310 - AULOS"},{"text":"AULUS LES BAINS","href":"./09/aulus-les-bains.html","phone":"05 61 96 00 87","email":"j.rossell@wanadoo.fr","population":"205 habitants","website":"","townhallAdress":"Village - 09140 - AULUS-LES-BAINS"},{"text":"AUZAT","href":"./09/auzat.html","phone":"05 61 64 88 47","email":"mairie.auzat@wanadoo.fr","population":"615 habitants","website":"","townhallAdress":"Rue des Pyrénées - 09220 - AUZAT"},{"text":"AXIAT","href":"./09/axiat.html","phone":"05 61 64 40 04","email":"commune.axiat@orange.fr","population":"28 habitants","website":"","townhallAdress":"Village - 09250 - AXIAT"},{"text":"AX LES THERMES","href":"./09/ax-les-thermes.html","phone":"0561646904","email":"contact@mairieax.fr","population":"1542 habitants","website":"","townhallAdress":"Place Roussel - 09110 - AX-LES-THERMES"},{"text":"BAGERT","href":"./09/bagert.html","phone":"05 61 66 66 98","email":"bagert.cne@wanadoo.fr","population":"60 habitants","website":"","townhallAdress":"Village - 09230 - BAGERT"},{"text":"BALACET","href":"./09/balacet.html","phone":"05 61 04 95 44","email":"mairiebalacet@wanadoo.fr","population":"19 habitants","website":"","townhallAdress":"Village - 09800 - BALACET"},{"text":"BALAGUERES","href":"./09/balagueres.html","phone":"05 61 96 83 80","email":"handrieu@free.fr","population":"202 habitants","website":"","townhallAdress":"Village - 09800 - BALAGUERES"},{"text":"BARJAC","href":"./09/barjac.html","phone":"05 61 96 52 55","email":"barjac.mairie@wanadoo.fr","population":"42 habitants","website":"","townhallAdress":"Village - 09230 - BARJAC"},{"text":"BAULOU","href":"./09/baulou.html","phone":"05 61 65 61 34","email":"communedebaulou@orange.fr","population":"163 habitants","website":"","townhallAdress":"Village - 09000 - BAULOU"},{"text":"BEDEILHAC ET AYNAT","href":"./09/bedeilhac-et-aynat.html","phone":"05 61 05 87 46","email":"mairiebedeilhac@free.fr","population":"176 habitants","website":"","townhallAdress":"Village Bédeilhac - 09400 - BEDEILHAC-ET-AYNAT"},{"text":"BEDEILLE","href":"./09/bedeille.html","phone":"05 61 96 40 80","email":"bedeille.mairie@wanadoo.fr","population":"81 habitants","website":"","townhallAdress":"Village - 09230 - BEDEILLE"},{"text":"BELESTA","href":"./09/belesta.html","phone":"05 61 01 60 02","email":"mairie.belesta@wanadoo.fr","population":"1134 habitants","website":"","townhallAdress":"Place Général de Gaulle - 09300 - BELESTA"},{"text":"BELLOC","href":"./09/belloc.html","phone":"05 61 68 89 12","email":"mairie-belloc@wanadoo.fr","population":"69 habitants","website":"","townhallAdress":"Village - 09600 - BELLOC"},{"text":"BENAC","href":"./09/benac.html","phone":"05 61 65 49 49","email":"mairie.benac@orange.fr","population":"189 habitants","website":"","townhallAdress":"Benac de Dessous - 09000 - BENAC"},{"text":"BENAGUES","href":"./09/benagues.html","phone":"05 61 68 00 29","email":"maire.benagues@wanadoo.fr","population":"472 habitants","website":"","townhallAdress":"Village - 09100 - BENAGUES"},{"text":"BENAIX","href":"./09/benaix.html","phone":"05 61 01 92 04","email":"ccpo@paysdolmes.org","population":"159 habitants","website":"","townhallAdress":"Village - 09300 - BENAIX"},{"text":"BESSET","href":"./09/besset.html","phone":"05 61 68 85 89","email":"mairie.besset@orange.fr","population":"143 habitants","website":"","townhallAdress":"Village - 09500 - BESSET"},{"text":"BESTIAC","href":"./09/bestiac.html","phone":"05 61 64 45 07","email":"mairie.bestiac@wanadoo.fr","population":"16 habitants","website":"","townhallAdress":"Village - 09250 - BESTIAC"},{"text":"BETCHAT","href":"./09/betchat.html","phone":"05 61 96 44 87","email":"mairie.betchat09@orange.fr","population":"365 habitants","website":"","townhallAdress":"Village - 09160 - BETCHAT"},{"text":"BETHMALE","href":"./09/bethmale.html","phone":"05 61 96 81 05","email":"commune.bethmale@wanadoo.fr","population":"96 habitants","website":"","townhallAdress":"Ayet - 09800 - BETHMALE"},{"text":"BEZAC","href":"./09/bezac.html","phone":"05 61 60 05 13","email":"mairiebezac@orange.fr","population":"277 habitants","website":"","townhallAdress":"Village - 09100 - BEZAC"},{"text":"BIERT","href":"./09/biert.html","phone":"05 61 96 95 25","email":"mairie.biert@wanadoo.fr","population":"304 habitants","website":"","townhallAdress":"Village - 09320 - BIERT"},{"text":"BOMPAS","href":"./09/bompas.html","phone":"05 61 05 68 18","email":"commune-bompas@orange.fr","population":"210 habitants","website":"","townhallAdress":"12 Rue de la Mairie - 09400 - BOMPAS"},{"text":"BONAC IRAZEIN","href":"./09/bonac-irazein.html","phone":"05 61 96 73 21","email":"mairie.bonac-irazein@sfr.fr","population":"142 habitants","website":"","townhallAdress":"Village - 09800 - BONAC-IRAZEIN"},{"text":"BONNAC","href":"./09/bonnac.html","phone":"05 61 68 33 13","email":"bonnac.mairie@wanadoo.fr","population":"735 habitants","website":"","townhallAdress":"Rue Delcassé - 09100 - BONNAC"},{"text":"BOUAN","href":"./09/bouan.html","phone":"05 61 64 75 00","email":"mairie-bouan@orange.fr","population":"35 habitants","website":"","townhallAdress":"Village - 09310 - BOUAN"},{"text":"BOUSSENAC","href":"./09/boussenac.html","phone":"05 61 96 94 70","email":"mairiedeboussenac@wanadoo.fr","population":"201 habitants","website":"","townhallAdress":"Village - 09320 - BOUSSENAC"},{"text":"BRASSAC","href":"./09/brassac.html","phone":"05 61 03 25 25","email":"brassac.mairie@wanadoo.fr","population":"668 habitants","website":"","townhallAdress":"Village - 09000 - BRASSAC"},{"text":"BRIE","href":"./09/brie.html","phone":"05 61 60 47 80","email":"mairie-de-brie09@orange.fr","population":"191 habitants","website":"","townhallAdress":"Village - 09700 - BRIE"},{"text":"BURRET","href":"./09/burret.html","phone":"05 61 65 16 39","email":"commune-de-burret@orange.fr","population":"36 habitants","website":"","townhallAdress":"Village - 09000 - BURRET"},{"text":"BUZAN","href":"./09/buzan.html","phone":"05 61 96 14 38","email":"mairie.buzan@wanadoo.fr","population":"27 habitants","website":"","townhallAdress":"Mairie - 09800 - BUZAN"},{"text":"CADARCET","href":"./09/cadarcet.html","phone":"05 61 64 58 42","email":"ecole-cadarcet@wanadoo.fr","population":"235 habitants","website":"","townhallAdress":"Village - 09240 - CADARCET"},{"text":"CALZAN","href":"./09/calzan.html","phone":"05 61 69 25 67","email":"","population":"27 habitants","website":"","townhallAdress":"Village - 09120 - CALZAN"},{"text":"CAMARADE","href":"./09/camarade.html","phone":"05 61 69 98 76","email":"camarade2@wanadoo.fr","population":"147 habitants","website":"","townhallAdress":"Lavielle - 09290 - CAMARADE"},{"text":"CAMON","href":"./09/camon.html","phone":"05 61 68 12 07","email":"mairie@camon09.org","population":"165 habitants","website":"","townhallAdress":"8 Rue Georges d'Armagnac - 09500 - CAMON"},{"text":"CAMPAGNE SUR ARIZE","href":"./09/campagne-sur-arize.html","phone":"05 61 69 80 43","email":"commune-de-campagne-arize@wanadoo.fr","population":"270 habitants","website":"","townhallAdress":"12 Boulevard de la Mairie - 09350 - CAMPAGNE-SUR-ARIZE"},{"text":"CANTE","href":"./09/cante.html","phone":"09.66.81.48.43","email":"mairiedecante@orange.fr","population":"203 habitants","website":"","townhallAdress":"Rue du Général Sarrut - 09700 - CANTE"},{"text":"CAPOULET ET JUNAC","href":"./09/capoulet-et-junac.html","phone":"05 61 05 65 92","email":"capoulet.junac@wanadoo.fr","population":"182 habitants","website":"","townhallAdress":"Village - 09400 - CAPOULET-ET-JUNAC"},{"text":"CARCANIERES","href":"./09/carcanieres.html","phone":"04 68 20 44 09","email":"mairie.carcanieres@wanadoo.fr","population":"53 habitants","website":"","townhallAdress":"Le Village - 09460 - CARCANIERES"},{"text":"CARLA BAYLE","href":"./09/carla-bayle.html","phone":"05 61 68 51 32","email":"carla-bayle@wanadoo.fr","population":"755 habitants","website":"","townhallAdress":"Place de l'Europe - 09130 - CARLA-BAYLE"},{"text":"CARLA DE ROQUEFORT","href":"./09/carla-de-roquefort.html","phone":"05 61 01 09 27","email":"carla-de-roquefort@wanadoo.fr","population":"159 habitants","website":"","townhallAdress":"Place de l'Eglise - 09300 - CARLA-DE-ROQUEFORT"},{"text":"CASTELNAU DURBAN","href":"./09/castelnau-durban.html","phone":"05 61 96 34 33","email":"mairie.castelnau-durban@orange.fr","population":"429 habitants","website":"","townhallAdress":"Village - 09420 - CASTELNAU-DURBAN"},{"text":"CASTERAS","href":"./09/casteras.html","phone":"05 61 60 43 92","email":"mairie.casteras@wanadoo.fr","population":"32 habitants","website":"","townhallAdress":"Village - 09130 - CASTERAS"},{"text":"CASTEX","href":"./09/castex.html","phone":"05 61 69 67 06","email":"mairiecastex@orange.fr","population":"96 habitants","website":"","townhallAdress":"Village - 09350 - CASTEX"},{"text":"CASTILLON EN COUSERANS","href":"./09/castillon-en-couserans.html","phone":"05 61 96 73 23","email":"mairiecastillon2@wanadoo.fr","population":"404 habitants","website":"","townhallAdress":"Village - 09800 - CASTILLON-EN-COUSERANS"},{"text":"CAUMONT","href":"./09/caumont.html","phone":"05 61 66 40 80","email":"mairiedecaumont@wanadoo.fr","population":"319 habitants","website":"","townhallAdress":"Route Départementale 117 - 09160 - CAUMONT"},{"text":"CAUSSOU","href":"./09/caussou.html","phone":"05 61 01 59 89","email":"mairie.caussou@wanadoo.fr","population":"70 habitants","website":"","townhallAdress":"Village - 09250 - CAUSSOU"},{"text":"CAYCHAX","href":"./09/caychax.html","phone":"05 61 64 40 26","email":"","population":"11 habitants","website":"","townhallAdress":"Village - 09250 - CAYCHAX"},{"text":"CAZALS DES BAYLES","href":"./09/cazals-des-bayles.html","phone":"05 61 60 12 47","email":"mairie.cazalsdesbayles@orange.fr","population":"40 habitants","website":"","townhallAdress":"Village - 09500 - CAZALS-DES-BAYLES"},{"text":"CAZAUX","href":"./09/cazaux.html","phone":"","email":"","population":"46 habitants","website":"","townhallAdress":"Mairie - 09120 - CAZAUX"},{"text":"CAZAVET","href":"./09/cazavet.html","phone":"05 61 96 65 58","email":"mairie.cazavet@wanadoo.fr","population":"193 habitants","website":"","townhallAdress":"Village - 09160 - CAZAVET"},{"text":"CAZENAVE SERRES ET ALLENS","href":"./09/cazenave-serres-et-allens.html","phone":"05 61 05 74 82","email":"mairiedecazenave@nordnet.fr","population":"55 habitants","website":"","townhallAdress":"Cazenave - 09400 - CAZENAVE-SERRES-ET-ALLENS"},{"text":"CELLES","href":"./09/celles.html","phone":"05 61 64 16 69","email":"mairiecelles@wanadoo.fr","population":"117 habitants","website":"","townhallAdress":"Village - 09000 - CELLES"},{"text":"CERIZOLS","href":"./09/cerizols.html","phone":"05 61 96 44 93","email":"cerisols.cne@wanadoo.fr","population":"158 habitants","website":"","townhallAdress":"Village - 09230 - CERIZOLS"},{"text":"CESCAU","href":"./09/cescau.html","phone":"05 61 96 71 35","email":"cescau.mairie@wanadoo.fr","population":"141 habitants","website":"","townhallAdress":"Village - 09800 - CESCAU"},{"text":"CHATEAU VERDUN","href":"./09/chateau-verdun.html","phone":"05 61 64 77 52","email":"chateauverdun@wanadoo.fr","population":"53 habitants","website":"","townhallAdress":"Village - 09310 - CHATEAU-VERDUN"},{"text":"CLERMONT","href":"./09/clermont.html","phone":"05 61 96 31 76","email":"commune-de-clermont@orange.fr","population":"88 habitants","website":"","townhallAdress":"Village - 09420 - CLERMONT"},{"text":"CONTRAZY","href":"./09/contrazy.html","phone":"05 61 66 20 37","email":"contrazy.cne@wanadoo.fr","population":"66 habitants","website":"","townhallAdress":"Mairie - 09230 - CONTRAZY"},{"text":"COS","href":"./09/cos.html","phone":"05 61 65 39 79","email":"mairiedecos@neuf.fr","population":"374 habitants","website":"","townhallAdress":"Place de la Mairie - 09000 - COS"},{"text":"COUFLENS","href":"./09/couflens.html","phone":"05 61 66 96 00","email":"mairie-de-couflens@orange.fr","population":"83 habitants","website":"","townhallAdress":"Village Salau - 09140 - COUFLENS"},{"text":"COUSSA","href":"./09/coussa.html","phone":"05 61 60 82 60","email":"communecoussa@wanadoo.fr","population":"219 habitants","website":"","townhallAdress":"2 Chemin de la Guerre - 09120 - COUSSA"},{"text":"COUTENS","href":"./09/coutens.html","phone":"05 61 68 86 87","email":"communedecoutens@wanadoo.fr","population":"158 habitants","website":"","townhallAdress":"Village - 09500 - COUTENS"},{"text":"CRAMPAGNA","href":"./09/crampagna.html","phone":"05 61 05 34 76","email":"mairie.crampagna@wanadoo.fr","population":"621 habitants","website":"","townhallAdress":"1 Route des Fours - 09120 - CRAMPAGNA"},{"text":"DALOU","href":"./09/dalou.html","phone":"05 61 60 73 41","email":"mairiededalou@wanadoo.fr","population":"823 habitants","website":"","townhallAdress":"3 place de l'Eglise - 09120 - DALOU"},{"text":"DAUMAZAN SUR ARIZE","href":"./09/daumazan-sur-arize.html","phone":"05 61 69 80 12","email":"mairie.daumazan@wanadoo.fr","population":"723 habitants","website":"","townhallAdress":"1 Place Dome - 09350 - DAUMAZAN-SUR-ARIZE"},{"text":"DREUILHE","href":"./09/dreuilhe.html","phone":"05 61 01 03 43","email":"mairie.dreuilhe@wanadoo.fr","population":"385 habitants","website":"","townhallAdress":"Village - 09300 - DREUILHE"},{"text":"DUN","href":"./09/dun.html","phone":"05 61 68 72 13","email":"mairie-dun@wanadoo.fr","population":"583 habitants","website":"","townhallAdress":"Village - 09600 - DUN"},{"text":"DURBAN SUR ARIZE","href":"./09/durban-sur-arize.html","phone":"05 61 64 51 30","email":"mairie.durbansurarize@orange.fr","population":"168 habitants","website":"","townhallAdress":"Village - 09240 - DURBAN-SUR-ARIZE"},{"text":"DURFORT","href":"./09/durfort.html","phone":"05 61 67 00 07","email":"mairie-durfort@wanadoo.fr","population":"178 habitants","website":"","townhallAdress":"Village - 09130 - DURFORT"},{"text":"ENCOURTIECH","href":"./09/encourtiech.html","phone":"05 61 66 71 77","email":"mairie-encourtiech@viveole.com","population":"103 habitants","website":"","townhallAdress":"Hameau Le Coch - 09200 - ENCOURTIECH"},{"text":"ENGOMER","href":"./09/engomer.html","phone":"05 61 96 82 50","email":"mairie-engomer@orange.fr","population":"279 habitants","website":"","townhallAdress":"Village - 09800 - ENGOMER"},{"text":"ERCE","href":"./09/erce.html","phone":"05 61 66 86 00","email":"mairie-erce@wanadoo.fr","population":"542 habitants","website":"","townhallAdress":"Village - 09140 - ERCE"},{"text":"ERP","href":"./09/erp.html","phone":"05 61 66 21 90","email":"commune.erp@wanadoo.fr","population":"121 habitants","website":"","townhallAdress":"Village - 09200 - ERP"},{"text":"ESCLAGNE","href":"./09/esclagne.html","phone":"05 61 01 45 93","email":"mairie.esclagne@wanadoo.fr","population":"114 habitants","website":"","townhallAdress":"Village - 09600 - ESCLAGNE"},{"text":"ESCOSSE","href":"./09/escosse.html","phone":"05 61 67 14 52","email":"escosse.mairie@wanadoo.fr","population":"400 habitants","website":"","townhallAdress":"Avenue des Pyrénées - 09100 - ESCOSSE"},{"text":"ESPLAS","href":"./09/esplas.html","phone":"05 61 67 25 51","email":"mairie.esplas@orange.fr","population":"94 habitants","website":"","townhallAdress":"Village - 09700 - ESPLAS"},{"text":"ESPLAS DE SEROU","href":"./09/esplas-de-serou.html","phone":"05 61 64 50 19","email":"esplasdeserou@clubinternet.fr","population":"163 habitants","website":"","townhallAdress":"Village - 09420 - ESPLAS-DE-SEROU"},{"text":"EYCHEIL","href":"./09/eycheil.html","phone":"05 61 66 37 45","email":"commune.eycheil@wanadoo.fr","population":"530 habitants","website":"","townhallAdress":"Village - 09200 - EYCHEIL"},{"text":"FABAS","href":"./09/fabas.html","phone":"05 61 96 40 78","email":"m.fabas@free.fr","population":"320 habitants","website":"","townhallAdress":"Village - 09230 - FABAS"},{"text":"FERRIERES SUR ARIEGE","href":"./09/ferrieres-sur-ariege.html","phone":"05 61 65 31 86","email":"mairie-ferrieres-sur-ariege@orange.fr","population":"927 habitants","website":"","townhallAdress":"Espace François Mitterrand - 09000 - FERRIERES-SUR-ARIEGE"},{"text":"FOIX","href":"./09/foix.html","phone":"05 61 05 42 13","email":"secretariat@mairie-foix.fr","population":"10119 habitants","website":"","townhallAdress":"15 cours Gabriel Fauré - 09000 - FOIX"},{"text":"FORNEX","href":"./09/fornex.html","phone":"05 61 69 82 26","email":"mairiedefornex@wanadoo.fr","population":"109 habitants","website":"","townhallAdress":"Village - 09350 - FORNEX"},{"text":"FOUGAX ET BARRINEUF","href":"./09/fougax-et-barrineuf.html","phone":"05 61 01 61 01","email":"mairie.fougaxbarrineuf@wanadoo.fr","population":"510 habitants","website":"","townhallAdress":"2 Rue Pont d'Ardille - 09300 - FOUGAX-ET-BARRINEUF"},{"text":"FREYCHENET","href":"./09/freychenet.html","phone":"09 88 66 48 47","email":"mairiedefreychenet@nordnet.fr","population":"99 habitants","website":"","townhallAdress":"Le village - 09300 - FREYCHENET"},{"text":"GABRE","href":"./09/gabre.html","phone":"05 61 69 91 35","email":"mairiedegabre.09@wanadoo.fr","population":"95 habitants","website":"","townhallAdress":"Village - 09290 - GABRE"},{"text":"GAJAN","href":"./09/gajan.html","phone":"05 61 66 34 46","email":"mairie.gajan.09@wanadoo.fr","population":"314 habitants","website":"","townhallAdress":"Village - 09190 - GAJAN"},{"text":"GALEY","href":"./09/galey.html","phone":"05 61 04 71 83","email":"commune.galey@orange.fr","population":"111 habitants","website":"","townhallAdress":"Village - 09800 - GALEY"},{"text":"GANAC","href":"./09/ganac.html","phone":"05 61 65 36 36","email":"mairie.ganac@wanadoo.fr","population":"691 habitants","website":"","townhallAdress":"Route de Brassac - 09000 - GANAC"},{"text":"GARANOU","href":"./09/garanou.html","phone":"05 61 64 48 46","email":"garanou.mairie@wanadoo.fr","population":"168 habitants","website":"","townhallAdress":"Village - 09250 - GARANOU"},{"text":"GAUDIES","href":"./09/gaudies.html","phone":"05 61 60 17 90","email":"mairie.gaudies@wanadoo.fr","population":"231 habitants","website":"","townhallAdress":"Village - 09700 - GAUDIES"},{"text":"GENAT","href":"./09/genat.html","phone":"05 61 64 80 28","email":"mairie.genat@orange.fr","population":"34 habitants","website":"","townhallAdress":"Le Village - 09400 - GENAT"},{"text":"GESTIES","href":"./09/gesties.html","phone":"05 61 02 65 60","email":"mairie.de.gesties@orange.fr","population":"9 habitants","website":"","townhallAdress":"Mairie - 09220 - GESTIES"},{"text":"GOULIER","href":"./09/goulier.html","phone":"05 61 64 88 18","email":"mairie.de.goulier@wanadoo.fr","population":"52 habitants","website":"","townhallAdress":"Place Rente - 09220 - GOULIER"},{"text":"GOURBIT","href":"./09/gourbit.html","phone":"05 61 05 16 14","email":"commune.gourbit@wanadoo.fr","population":"92 habitants","website":"","townhallAdress":"Village - 09400 - GOURBIT"},{"text":"GUDAS","href":"./09/gudas.html","phone":"05 61 60 72 69","email":"mairie.gudas@wanadoo.fr","population":"137 habitants","website":"","townhallAdress":"Village - 09120 - GUDAS"},{"text":"IGNAUX","href":"./09/ignaux.html","phone":"05 61 64 02 24","email":"michel.barre871@wanadoo.fr","population":"72 habitants","website":"","townhallAdress":"Place de la Mairie - 09110 - IGNAUX"},{"text":"ILHAT","href":"./09/ilhat.html","phone":"05 61 01 87 10","email":"mairie.ilhat@wanadoo.fr","population":"126 habitants","website":"","townhallAdress":"Cazals - 09300 - ILHAT"},{"text":"ILLARTEIN","href":"./09/illartein.html","phone":"05 61 04 71 84","email":"mairie.illartein@orange.fr","population":"73 habitants","website":"","townhallAdress":"Village - 09800 - ILLARTEIN"},{"text":"ILLIER ET LARAMADE","href":"./09/illier-et-laramade.html","phone":"05 61 05 80 78","email":"mairieillierlaramade@orange.fr","population":"21 habitants","website":"","townhallAdress":"Illier - 09220 - ILLIER-ET-LARAMADE"},{"text":"JUSTINIAC","href":"./09/justiniac.html","phone":"05 61 60 48 76","email":"mairie-justiniac@wanadoo.fr","population":"54 habitants","website":"","townhallAdress":"Village - 09700 - JUSTINIAC"},{"text":"LA BASTIDE DE BESPLAS","href":"./09/la-bastide-de-besplas.html","phone":"05 61 69 82 67","email":"mairie.bastidedebesplas@orange.fr","population":"372 habitants","website":"","townhallAdress":"Place de la Mairie - 09350 - LA-BASTIDE-DE-BESPLAS"},{"text":"LA BASTIDE DE BOUSIGNAC","href":"./09/la-bastide-de-bousignac.html","phone":"05 61 68 13 55","email":"mairie.bast.bousignac@wanadoo.fr","population":"341 habitants","website":"","townhallAdress":"1 Place Général de Gaulle - 09500 - LA-BASTIDE-DE-BOUSIGNAC"},{"text":"LA BASTIDE DE LORDAT","href":"./09/la-bastide-de-lordat.html","phone":"05 61 67 28 65","email":"la-bastide-de-lordat@wanadoo.fr","population":"260 habitants","website":"","townhallAdress":"Village - 09700 - LA-BASTIDE-DE-LORDAT"},{"text":"LA BASTIDE DE SEROU","href":"./09/la-bastide-de-serou.html","phone":"05 61 64 50 18","email":"sylviemairie@labastide-serou.fr","population":"990 habitants","website":"","townhallAdress":"Place de la Mairie - 09240 - LA-BASTIDE-DE-SEROU"},{"text":"LA BASTIDE DU SALAT","href":"./09/la-bastide-du-salat.html","phone":"05 61 96 60 36","email":"labastidedusalat@wanadoo.fr","population":"197 habitants","website":"","townhallAdress":"Village - 09160 - LA-BASTIDE-DU-SALAT"},{"text":"LA BASTIDE SUR L HERS","href":"./09/la-bastide-sur-l-hers.html","phone":"05 61 01 11 13","email":"la.bastide.sur.lhers.mairie@wanadoo.fr","population":"735 habitants","website":"","townhallAdress":"Village - 09600 - LA-BASTIDE-SUR-L'HERS"},{"text":"LABATUT","href":"./09/labatut.html","phone":"05 61 60 34 07","email":"communedelabatut@orange.fr","population":"119 habitants","website":"","townhallAdress":"Village - 09700 - LABATUT"},{"text":"LACAVE","href":"./09/lacave.html","phone":"05 61 96 60 06","email":"mairie.lacave.09@wanadoo.fr","population":"123 habitants","website":"","townhallAdress":"Rue Principale - 09160 - LACAVE"},{"text":"LACOURT","href":"./09/lacourt.html","phone":"05 61 66 01 37","email":"commune-de-lacourt@wanadoo.fr","population":"210 habitants","website":"","townhallAdress":"Place de la Mairie - 09200 - LACOURT"},{"text":"LAGARDE","href":"./09/lagarde.html","phone":"05 61 68 24 86","email":"mairielagarde@wanadoo.fr","population":"185 habitants","website":"","townhallAdress":"1 place de la Mairie - 09500 - LAGARDE"},{"text":"L AIGUILLON","href":"./09/l-aiguillon.html","phone":"05 61 01 12 14","email":"mairie.laiguillon@wanadoo.fr","population":"406 habitants","website":"","townhallAdress":"Village - 09300 - L'AIGUILLON"},{"text":"LANOUX","href":"./09/lanoux.html","phone":"05 61 67 15 12","email":"mairiedelanoux@wanadoo.fr","population":"53 habitants","website":"","townhallAdress":"Village - 09130 - LANOUX"},{"text":"LAPEGE","href":"./09/lapege.html","phone":"05 61 05 80 47","email":"mairie.lapege@wanadoo.fr","population":"31 habitants","website":"","townhallAdress":"Village - 09400 - LAPEGE"},{"text":"LAPENNE","href":"./09/lapenne.html","phone":"05 61 68 66 10","email":"mairie-lapenne@wanadoo.fr","population":"116 habitants","website":"","townhallAdress":"Village - 09500 - LAPENNE"},{"text":"LARBONT","href":"./09/larbont.html","phone":"05 61 65 81 64","email":"mairie.larbont@orange.fr","population":"42 habitants","website":"","townhallAdress":"Village - 09240 - LARBONT"},{"text":"LARCAT","href":"./09/larcat.html","phone":"05 61 64 75 43","email":"larcat-mairie@orange.fr","population":"41 habitants","website":"","townhallAdress":"Village - 09310 - LARCAT"},{"text":"LARNAT","href":"./09/larnat.html","phone":"05 61 64 99 00","email":"vallees.ax@wanadoo.fr","population":"19 habitants","website":"","townhallAdress":"Le Village - 09310 - LARNAT"},{"text":"LAROQUE D OLMES","href":"./09/laroque-d-olmes.html","phone":"05 61 01 04 23","email":"info@mairie-laroquedolmes.fr","population":"2767 habitants","website":"","townhallAdress":"Rue de l'Hôtel de Ville - 09600 - LAROQUE-D'OLMES"},{"text":"LASSERRE","href":"./09/lasserre.html","phone":"05 61 66 59 10","email":"mairiedelasserre@orange.fr","population":"187 habitants","website":"","townhallAdress":"Village - 09230 - LASSERRE"},{"text":"LASSUR","href":"./09/lassur.html","phone":"05 61 64 96 66","email":"mairie.lassur@wanadoo.fr","population":"71 habitants","website":"","townhallAdress":"Village - 09310 - LASSUR"},{"text":"LA TOUR DU CRIEU","href":"./09/la-tour-du-crieu.html","phone":"05 34 01 33 43","email":"mairie-tourcrieu@wanadoo.fr","population":"2761 habitants","website":"","townhallAdress":"11 avenue du Pal - 09100 - LA-TOUR-DU-CRIEU"},{"text":"LAVELANET","href":"./09/lavelanet.html","phone":"05 61 01 53 70","email":"lavelanet@wanadoo.fr","population":"7019 habitants","website":"","townhallAdress":"7 Avenue Alsace Lorraine - 09300 - LAVELANET"},{"text":"LE BOSC","href":"./09/le-bosc.html","phone":"05 61 65 25 08","email":"mairiedubosc@free.fr","population":"113 habitants","website":"","townhallAdress":"La Cabirole - 09000 - LE-BOSC"},{"text":"LE CARLARET","href":"./09/le-carlaret.html","phone":"05 61 67 46 41","email":"mairielecarlaret@wanadoo.fr","population":"204 habitants","website":"","townhallAdress":"La Bardaille - 09100 - LE-CARLARET"},{"text":"LE FOSSAT","href":"./09/le-fossat.html","phone":"05 61 68 50 12","email":"mairie.fossat@wanadoo.fr","population":"1009 habitants","website":"","townhallAdress":"Place de la Mairie - 09130 - LE-FOSSAT"},{"text":"LE MAS D AZIL","href":"./09/le-mas-d-azil.html","phone":"05 61 69 90 18","email":"mairie-le-mas-dazil@wanadoo.fr","population":"1243 habitants","website":"","townhallAdress":"Rue Mouret - 09290 - LE-MAS-D'AZIL"},{"text":"LE PEYRAT","href":"./09/le-peyrat.html","phone":"05 61 01 11 25","email":"commune.lepeyrat@wanadoo.fr","population":"487 habitants","website":"","townhallAdress":"2 Place de la Mairie - 09600 - LE-PEYRAT"},{"text":"LE PLA","href":"./09/le-pla.html","phone":"04 68 20 40 40","email":"mairie.le-pla@wanadoo.fr","population":"84 habitants","website":"","townhallAdress":"Le Village - 09460 - LE-PLA"},{"text":"LE PORT","href":"./09/le-port.html","phone":"05 61 96 96 47","email":"le-port@wanadoo.fr","population":"205 habitants","website":"","townhallAdress":"Village - 09320 - LE-PORT"},{"text":"LE PUCH","href":"./09/le-puch.html","phone":"04 68 20 46 48","email":"mairie.de.le.puch@wanadoo.fr","population":"26 habitants","website":"","townhallAdress":"Le Village - 09460 - LE-PUCH"},{"text":"LERAN","href":"./09/leran.html","phone":"05 61 01 11 73","email":"mairieleran@wanadoo.fr","population":"558 habitants","website":"","townhallAdress":"10 Cours Saint Jacques - 09600 - LERAN"},{"text":"LERCOUL","href":"./09/lercoul.html","phone":"05 61 05 70 12","email":"communelercoul@orange.fr","population":"30 habitants","website":"","townhallAdress":"Village - 09220 - LERCOUL"},{"text":"LES BORDES SUR ARIZE","href":"./09/les-bordes-sur-arize.html","phone":"05 61 69 92 03","email":"mairielesbordessurarize@wanadoo.fr","population":"558 habitants","website":"","townhallAdress":"Village - 09350 - LES-BORDES-SUR-ARIZE"},{"text":"LES BORDES SUR LEZ","href":"./09/les-bordes-sur-lez.html","phone":"05 61 96 72 57","email":"mairie-bordes-sur-lez@wanadoo.fr","population":"163 habitants","website":"","townhallAdress":"Village - 09800 - LES-BORDES-SUR-LEZ"},{"text":"LES CABANNES","href":"./09/les-cabannes.html","phone":"05 61 64 77 09","email":"les.cabannes@wanadoo.fr","population":"344 habitants","website":"","townhallAdress":"Village - 09310 - LES-CABANNES"},{"text":"LESCOUSSE","href":"./09/lescousse.html","phone":"05 61 67 32 46","email":"lescousse@wanadoo.fr","population":"91 habitants","website":"","townhallAdress":"Village - 09100 - LESCOUSSE"},{"text":"LESCURE","href":"./09/lescure.html","phone":"05 61 96 30 71","email":"mairielescure@wanadoo.fr","population":"506 habitants","website":"","townhallAdress":"La Baure - 09420 - LESCURE"},{"text":"LES ISSARDS","href":"./09/les-issards.html","phone":"05 61 68 68 06","email":"mairie.les.issards@wanadoo.fr","population":"241 habitants","website":"","townhallAdress":"1 rue Mairie - 09100 - LES-ISSARDS"},{"text":"LESPARROU","href":"./09/lesparrou.html","phone":"05 61 01 12 19","email":"mairie.lesparrou@wanadoo.fr","population":"254 habitants","website":"","townhallAdress":"Place de la Mairie - 09300 - LESPARROU"},{"text":"LES PUJOLS","href":"./09/les-pujols.html","phone":"05 61 68 71 44","email":"mairie.lespujols@wanadoo.fr","population":"660 habitants","website":"","townhallAdress":"17 rue du Château - 09100 - LES-PUJOLS"},{"text":"LE VERNET","href":"./09/le-vernet.html","phone":null,"email":null,"population":null,"website":null,"townhallAdress":null},{"text":"LEYCHERT","href":"./09/leychert.html","phone":"05 61 01 06 09","email":"ma.leychert@west-telecom.com","population":"107 habitants","website":"","townhallAdress":"Village - 09300 - LEYCHERT"},{"text":"LEZAT SUR LEZE","href":"./09/lezat-sur-leze.html","phone":"05 61 69 22 56","email":"mairie.lezat@wanadoo.fr","population":"2286 habitants","website":"","townhallAdress":"Place de l'Hôtel de Ville - 09210 - LEZAT-SUR-LEZE"},{"text":"L HERM","href":"./09/l-herm.html","phone":"05 61 65 58 52","email":"commune.herm@wanadoo.fr","population":"215 habitants","website":"","townhallAdress":"Village - 09000 - L'HERM"},{"text":"L HOSPITALET PRES L ANDORRE","href":"./09/l-hospitalet-pres-l-andorre.html","phone":"05 61 05 20 04","email":"mairie.lhospitalet-pres-landorre@wanadoo.fr","population":"100 habitants","website":"","townhallAdress":"Village - 09390 - L'HOSPITALET-PRES-L'ANDORRE"},{"text":"LIEURAC","href":"./09/lieurac.html","phone":"05 61 01 88 83","email":"mairie.lieurac@wanadoo.fr","population":"155 habitants","website":"","townhallAdress":"Village - 09300 - LIEURAC"},{"text":"LIMBRASSAC","href":"./09/limbrassac.html","phone":"05 61 01 87 02","email":"mairiedelimbrassac@nordnet.fr","population":"119 habitants","website":"","townhallAdress":"Village - 09600 - LIMBRASSAC"},{"text":"LISSAC","href":"./09/lissac.html","phone":"05 61 60 39 70","email":"communedelissac.ariege@orange.fr","population":"204 habitants","website":"","townhallAdress":"Village - 09700 - LISSAC"},{"text":"LORDAT","href":"./09/lordat.html","phone":"09 75 67 35 62","email":"mairie.lordat@wanadoo.fr","population":"47 habitants","website":"","townhallAdress":"Village - 09250 - LORDAT"},{"text":"LORP SENTARAILLE","href":"./09/lorp-sentaraille.html","phone":"05 61 66 12 33","email":"mairie.lorp-sentaraille@wanadoo.fr","population":"1290 habitants","website":"","townhallAdress":"Avenue Aristide Berges - 09190 - LORP-SENTARAILLE"},{"text":"LOUBAUT","href":"./09/loubaut.html","phone":"05 61 69 80 76","email":"mairie.loubaut@wanadoo.fr","population":"31 habitants","website":"","townhallAdress":"Village - 09350 - LOUBAUT"},{"text":"LOUBENS","href":"./09/loubens.html","phone":"05 61 05 33 18","email":"commune.loubens@wanadoo.fr","population":"257 habitants","website":"","townhallAdress":"Village - 09120 - LOUBENS"},{"text":"LOUBIERES","href":"./09/loubieres.html","phone":"05 61 05 33 65","email":"mairie.loubieres@orange.fr","population":"214 habitants","website":"","townhallAdress":"1 place de la Mairie - 09000 - LOUBIERES"},{"text":"LUDIES","href":"./09/ludies.html","phone":"05 61 68 61 12","email":"mairiedeludies@wanadoo.fr","population":"74 habitants","website":"","townhallAdress":"Village - 09100 - LUDIES"},{"text":"LUZENAC","href":"./09/luzenac.html","phone":"05 61 64 48 61","email":"mairieluzenac@wanadoo.fr","population":"645 habitants","website":"","townhallAdress":"Village - 09250 - LUZENAC"},{"text":"MADIERE","href":"./09/madiere.html","phone":"05 61 67 14 50","email":"mairiedemadiere@wanadoo.fr","population":"206 habitants","website":"","townhallAdress":"Village - 09100 - MADIERE"},{"text":"MALEGOUDE","href":"./09/malegoude.html","phone":"05 61 68 12 11","email":"mairiemalegoude@wanadoo.fr","population":"64 habitants","website":"","townhallAdress":"Village - 09500 - MALEGOUDE"},{"text":"MALLEON","href":"./09/malleon.html","phone":"05 61 69 49 73","email":"malleon.mairie@wanadoo.fr","population":"48 habitants","website":"","townhallAdress":"Village - 09120 - MALLEON"},{"text":"MANSES","href":"./09/manses.html","phone":"05 61 68 16 92","email":"mairie.manses@wanadoo.fr","population":"129 habitants","website":"","townhallAdress":"3 Rue de l'Eglise - 09500 - MANSES"},{"text":"MASSAT","href":"./09/massat.html","phone":"05 61 96 95 66","email":"mairiedemassat@wanadoo.fr","population":"744 habitants","website":"","townhallAdress":"La Ville - 09320 - MASSAT"},{"text":"MAUVEZIN DE PRAT","href":"./09/mauvezin-de-prat.html","phone":"05 61 04 78 53","email":"mairie.mauvezindeprat@wanadoo.fr","population":"80 habitants","website":"","townhallAdress":"Village - 09160 - MAUVEZIN-DE-PRAT"},{"text":"MAUVEZIN DE SAINTE CROIX","href":"./09/mauvezin-de-sainte-croix.html","phone":"05 61 66 61 72","email":"c.c.volvestre.ariegeois@wanadoo.fr","population":"44 habitants","website":"","townhallAdress":"Village - 09230 - MAUVEZIN-DE-SAINTE-CROIX"},{"text":"MAZERES","href":"./09/mazeres.html","phone":"05 61 69 42 04","email":"mairie.mazeres@wanadoo.fr","population":"3372 habitants","website":"","townhallAdress":"Rue de l'Hôtel de Ville - 09270 - MAZERES"},{"text":"MERAS","href":"./09/meras.html","phone":"05 61 69 65 41","email":"meras@micso.fr","population":"77 habitants","website":"","townhallAdress":"Village - 09350 - MERAS"},{"text":"MERCENAC","href":"./09/mercenac.html","phone":"05 61 96 64 96","email":"mairie.mercenac09@wanadoo.fr","population":"327 habitants","website":"","townhallAdress":"Village - 09160 - MERCENAC"},{"text":"MERCUS GARRABET","href":"./09/mercus-garrabet.html","phone":"05 34 09 86 10","email":"mairie.de.mercus@wanadoo.fr","population":"1153 habitants","website":"","townhallAdress":"Place Jean Jaurès - 09400 - MERCUS-GARRABET"},{"text":"MERENS LES VALS","href":"./09/merens-les-vals.html","phone":"05 61 64 33 77","email":"mairie.merens@wanadoo.fr","population":"190 habitants","website":"","townhallAdress":"Village - 09110 - MERENS-LES-VALS"},{"text":"MERIGON","href":"./09/merigon.html","phone":"05 61 96 05 28","email":"communedemerigon@orange.fr","population":"125 habitants","website":"","townhallAdress":"Village - 09230 - MERIGON"},{"text":"MIGLOS","href":"./09/miglos.html","phone":"05 61 05 50 15","email":"commune.de.miglos@orange.fr","population":"109 habitants","website":"","townhallAdress":"Village Arquizat - 09400 - MIGLOS"},{"text":"MIJANES","href":"./09/mijanes.html","phone":"04 68 20 40 41","email":"mairiedemijanes@orange.fr","population":"92 habitants","website":"","townhallAdress":"Le Village - 09460 - MIJANES"},{"text":"MIREPOIX","href":"./09/mirepoix.html","phone":"05 61 68 10 47","email":"mairie@mirepoix.fr","population":"3259 habitants","website":"","townhallAdress":"Place Maréchal Leclerc - 09500 - MIREPOIX"},{"text":"MONESPLE","href":"./09/monesple.html","phone":"05 61 67 17 28","email":"mairiemonesple@micso.fr","population":"26 habitants","website":"","townhallAdress":"Village - 09130 - MONESPLE"},{"text":"MONTAGAGNE","href":"./09/montagagne.html","phone":"05 61 64 53 23","email":"mairie.de.montagagne@free.fr","population":"44 habitants","website":"","townhallAdress":"Village - 09240 - MONTAGAGNE"},{"text":"MONTAILLOU","href":"./09/montaillou.html","phone":"04 68 20 31 91","email":"mairie.montaillou09@wanadoo.fr","population":"18 habitants","website":"","townhallAdress":"Le Village - 09110 - MONTAILLOU"},{"text":"MONTARDIT","href":"./09/montardit.html","phone":"05 61 66 04 04","email":"montardit.mairie@wanadoo.fr","population":"186 habitants","website":"","townhallAdress":"Village - 09230 - MONTARDIT"},{"text":"MONTAUT","href":"./09/montaut.html","phone":"05 61 68 33 90","email":"montaut@wanadoo.fr","population":"685 habitants","website":"","townhallAdress":"Place de la Mairie - 09700 - MONTAUT"},{"text":"MONTBEL","href":"./09/montbel.html","phone":"04 68 69 20 31","email":"mairie.montbel@wanadoo.fr","population":"110 habitants","website":"","townhallAdress":"Place Saint Vincent - 09600 - MONTBEL"},{"text":"MONTEGUT EN COUSERANS","href":"./09/montegut-en-couserans.html","phone":"05 61 66 65 89","email":"mairie.montegut.couserans@wanadoo.fr","population":"78 habitants","website":"","townhallAdress":"Village - 09200 - MONTEGUT-EN-COUSERANS"},{"text":"MONTEGUT PLANTAUREL","href":"./09/montegut-plantaurel.html","phone":"05 61 05 35 83","email":"mairie.montegut-plantaurel@wanadoo.fr","population":"320 habitants","website":"","townhallAdress":"Village - 09120 - MONTEGUT-PLANTAUREL"},{"text":"MONTELS","href":"./09/montels.html","phone":"05 61 64 57 50","email":"mairiedemontels@orange.fr","population":"158 habitants","website":"","townhallAdress":"Village - 09240 - MONTELS"},{"text":"MONTESQUIEU AVANTES","href":"./09/montesquieu-avantes.html","phone":"05 61 66 30 58","email":"montesquieu.avantes.mairie@wanadoo.fr","population":"233 habitants","website":"","townhallAdress":"Village - 09200 - MONTESQUIEU-AVANTES"},{"text":"MONTFA","href":"./09/montfa.html","phone":"05 61 69 87 60","email":"mairie.montfa@wanadoo.fr","population":"77 habitants","website":"","townhallAdress":"Village - 09350 - MONTFA"},{"text":"MONTFERRIER","href":"./09/montferrier.html","phone":"05 61 01 10 08","email":"mairie.montferrier@wanadoo.fr","population":"667 habitants","website":"","townhallAdress":"Village - 09300 - MONTFERRIER"},{"text":"MONTGAILHARD","href":"./09/montgailhard.html","phone":"05 61 02 98 58","email":"mairie.montgailhard09@orange.fr","population":"1364 habitants","website":"","townhallAdress":"48 Route Nationale - 09330 - MONTGAILHARD"},{"text":"MONTGAUCH","href":"./09/montgauch.html","phone":"05 61 66 79 19","email":"mairie.montgauch@orange.fr","population":"120 habitants","website":"","townhallAdress":"Lacraste - 09160 - MONTGAUCH"},{"text":"MONTJOIE EN COUSERANS","href":"./09/montjoie-en-couserans.html","phone":"05 61 66 21 58","email":"mairiedemontjoie@wanadoo.fr","population":"1069 habitants","website":"","townhallAdress":"Village - 09200 - MONTJOIE-EN-COUSERANS"},{"text":"MONTOULIEU","href":"./09/montoulieu.html","phone":"05 61 65 28 34","email":"mairie.montoulieu@free.fr","population":"368 habitants","website":"","townhallAdress":"Village - 09000 - MONTOULIEU"},{"text":"MONTSEGUR","href":"./09/montsegur.html","phone":"05 61 01 10 27","email":"mairie.montsegur@wanadoo.fr","population":"113 habitants","website":"","townhallAdress":"Village - 09300 - MONTSEGUR"},{"text":"MONTSERON","href":"./09/montseron.html","phone":"05 61 64 57 18","email":"mairie.montseron@orange.fr","population":"80 habitants","website":"","townhallAdress":"Village - 09240 - MONTSERON"},{"text":"MOULIN NEUF","href":"./09/moulin-neuf.html","phone":"05 61 68 25 65","email":"mairiemoulinneuf@wanadoo.fr","population":"193 habitants","website":"","townhallAdress":"3 route de Limoux - 09500 - MOULIN-NEUF"},{"text":"MOULIS","href":"./09/moulis.html","phone":"05 61 66 02 57","email":"mairie.moulis@wanadoo.fr","population":"811 habitants","website":"","townhallAdress":"Village - 09200 - MOULIS"},{"text":"NALZEN","href":"./09/nalzen.html","phone":"05 61 01 41 74","email":"nalzen@wanadoo.fr","population":"132 habitants","website":"","townhallAdress":"Village - 09300 - NALZEN"},{"text":"NESCUS","href":"./09/nescus.html","phone":"05 61 01 28 18","email":"mairie.nescus@orange.fr","population":"72 habitants","website":"","townhallAdress":"Village - 09240 - NESCUS"},{"text":"NIAUX","href":"./09/niaux.html","phone":"05 61 05 88 28","email":"mairie.niaux@wanadoo.fr","population":"199 habitants","website":"","townhallAdress":"Village - 09400 - NIAUX"},{"text":"ORGEIX","href":"./09/orgeix.html","phone":"05 61 64 20 08","email":"mairie.orgeix@wanadoo.fr","population":"99 habitants","website":"","townhallAdress":"Village - 09110 - ORGEIX"},{"text":"ORGIBET","href":"./09/orgibet.html","phone":"05 61 96 70 36","email":"mairie.orgibet@wanadoo.fr","population":"174 habitants","website":"","townhallAdress":"Village - 09800 - ORGIBET"},{"text":"ORLU","href":"./09/orlu.html","phone":"05 61 64 21 70","email":"mairie-orlu@wanadoo.fr","population":"201 habitants","website":"","townhallAdress":"Place André Amiel - 09110 - ORLU"},{"text":"ORNOLAC USSAT LES BAINS","href":"./09/ornolac-ussat-les-bains.html","phone":"05 61 05 89 71","email":"mairie.ornolac.ariege@orange.fr","population":"218 habitants","website":"","townhallAdress":"Rue de la Mairie - 09400 - ORNOLAC-USSAT-LES-BAINS"},{"text":"ORUS","href":"./09/orus.html","phone":"05 61 03 83 02","email":"mairie.orus@wanadoo.fr","population":"20 habitants","website":"","townhallAdress":"Village - 09220 - ORUS"},{"text":"OUST","href":"./09/oust.html","phone":"05 61 66 81 12","email":"mairie.oust@wanadoo.fr","population":"546 habitants","website":"","townhallAdress":"Village - 09140 - OUST"},{"text":"PAILHES","href":"./09/pailhes.html","phone":"05 61 67 55 72","email":"pailhes.mairie@wanadoo.fr","population":"393 habitants","website":"","townhallAdress":"Route de Pamiers - 09130 - PAILHES"},{"text":"PAMIERS","href":"./09/pamiers.html","phone":"05 61 60 95 00","email":"contact@ville-pamiers.fr","population":"16486 habitants","website":"","townhallAdress":"1 Place Mercadal - 09100 - PAMIERS"},{"text":"PECH","href":"./09/pech.html","phone":"05 61 03 53 73","email":"mairiedepech.ariege@wanadoo.fr","population":"29 habitants","website":"","townhallAdress":"Village - 09310 - PECH"},{"text":"PEREILLE","href":"./09/pereille.html","phone":"05 61 01 89 68","email":"communepereille@wanadoo.fr","population":"188 habitants","website":"","townhallAdress":"Hameau Rabaute - 09300 - PEREILLE"},{"text":"PERLES ET CASTELET","href":"./09/perles-et-castelet.html","phone":"05 61 64 24 58","email":"mairie.perlesetcastelet@wanadoo.fr","population":"184 habitants","website":"","townhallAdress":"Perles - 09110 - PERLES-ET-CASTELET"},{"text":"PRADES","href":"./09/prades.html","phone":"04 68 20 33 06","email":"mairie.prades09@wanadoo.fr","population":"52 habitants","website":"","townhallAdress":"Le Village - 09110 - PRADES"},{"text":"PRADETTES","href":"./09/pradettes.html","phone":"05 61 01 29 99","email":"mairie.pradettes@wanadoo.fr","population":"38 habitants","website":"","townhallAdress":"Village - 09600 - PRADETTES"},{"text":"PRADIERES","href":"./09/pradieres.html","phone":"05 61 65 07 17","email":"mairie.pradieres@wanadoo.fr","population":"110 habitants","website":"","townhallAdress":"Village - 09000 - PRADIERES"},{"text":"PRAT BONREPAUX","href":"./09/prat-bonrepaux.html","phone":"05 61 96 60 57","email":"mairie.pratbonrepaux@wanadoo.fr","population":"883 habitants","website":"","townhallAdress":"8 Rue Souvielle - 09160 - PRAT-BONREPAUX"},{"text":"PRAYOLS","href":"./09/prayols.html","phone":"05 61 65 30 98","email":"mairie-de-prayols@wanadoo.fr","population":"372 habitants","website":"","townhallAdress":"6 place de la Mairie - 09000 - PRAYOLS"},{"text":"QUERIGUT","href":"./09/querigut.html","phone":"04 68 20 41 71","email":"communedequerigut@orange.fr","population":"139 habitants","website":"","townhallAdress":"Le Village - 09460 - QUERIGUT"},{"text":"QUIE","href":"./09/quie.html","phone":"05 61 05 61 42","email":"mairie.de.quie@wanadoo.fr","population":"347 habitants","website":"","townhallAdress":"Rue Keich - 09400 - QUIE"},{"text":"RABAT LES TROIS SEIGNEURS","href":"./09/rabat-les-trois-seigneurs.html","phone":"05 61 05 94 85","email":"mairie.rabat@cegetel.net","population":"304 habitants","website":"","townhallAdress":"La place - 09400 - RABAT-LES-TROIS-SEIGNEURS"},{"text":"RAISSAC","href":"./09/raissac.html","phone":"05 61 01 29 89","email":"raissac@wanadoo.fr","population":"45 habitants","website":"","townhallAdress":"Village - 09300 - RAISSAC"},{"text":"REGAT","href":"./09/regat.html","phone":"05 61 01 82 92","email":"","population":"84 habitants","website":"","townhallAdress":"Village - 09600 - REGAT"},{"text":"RIEUCROS","href":"./09/rieucros.html","phone":"05 61 68 60 33","email":"mairie.rieucros@wanadoo.fr","population":"586 habitants","website":"","townhallAdress":"Rue des Ecoles - 09500 - RIEUCROS"},{"text":"RIEUX DE PELLEPORT","href":"./09/rieux-de-pelleport.html","phone":"05 61 60 71 50","email":"mairie.rieuxdepelleport09@wanadoo.fr","population":"1160 habitants","website":"","townhallAdress":"10 rue de l'Ecole - 09120 - RIEUX-DE-PELLEPORT"},{"text":"RIMONT","href":"./09/rimont.html","phone":"05 61 96 33 90","email":"mairie.rimont@wanadoo.fr","population":"545 habitants","website":"","townhallAdress":"Village - 09420 - RIMONT"},{"text":"RIVERENERT","href":"./09/riverenert.html","phone":"05 61 66 00 35","email":"mairie.riverenert@wanadoo.fr","population":"182 habitants","website":"","townhallAdress":"Village - 09200 - RIVERENERT"},{"text":"ROQUEFIXADE","href":"./09/roquefixade.html","phone":"05 61 01 55 02","email":"ro.mairie@west-telecom.com","population":"147 habitants","website":"","townhallAdress":"Village - 09300 - ROQUEFIXADE"},{"text":"ROQUEFORT LES CASCADES","href":"./09/roquefort-les-cascades.html","phone":"05 61 01 18 09","email":"mairieroquefortlescascades@orange.fr","population":"103 habitants","website":"","townhallAdress":"Le Carol - 09300 - ROQUEFORT-LES-CASCADES"},{"text":"ROUMENGOUX","href":"./09/roumengoux.html","phone":"05 61 68 19 77","email":"roumengoux@wanadoo.fr","population":"149 habitants","website":"","townhallAdress":"Village - 09500 - ROUMENGOUX"},{"text":"ROUZE","href":"./09/rouze.html","phone":"04 68 20 40 39","email":"mairie.rouze@wanadoo.fr","population":"96 habitants","website":"","townhallAdress":"Le Village - 09460 - ROUZE"},{"text":"SABARAT","href":"./09/sabarat.html","phone":"05 61 69 91 08","email":"mairiedesabarat@wanadoo.fr","population":"349 habitants","website":"","townhallAdress":"1 Place Pradet - 09350 - SABARAT"},{"text":"SAINT AMADOU","href":"./09/saint-amadou.html","phone":"05 61 68 52 18","email":"mairie.stamadou@wanadoo.fr","population":"234 habitants","website":"","townhallAdress":"4 Place Saint Amat - 09100 - SAINT-AMADOU"},{"text":"SAINT AMANS","href":"./09/saint-amans.html","phone":"05 61 60 11 62","email":"commune.st-amans@wanadoo.fr","population":"50 habitants","website":"","townhallAdress":"Village - 09100 - SAINT-AMANS"},{"text":"SAINT BAUZEIL","href":"./09/saint-bauzeil.html","phone":"05 61 69 71 04","email":"commune.stbauzeil@orange.fr","population":"54 habitants","website":"","townhallAdress":"Le Priou - 09120 - SAINT-BAUZEIL"},{"text":"SAINTE CROIX VOLVESTRE","href":"./09/sainte-croix-volvestre.html","phone":"05 61 66 72 16","email":"commune.de.sainte.croix@wanadoo.fr","population":"675 habitants","website":"","townhallAdress":"Village - 09230 - SAINTE-CROIX-VOLVESTRE"},{"text":"SAINTE FOI","href":"./09/sainte-foi.html","phone":"05 61 68 27 74","email":"mairie.sainte.foi@wanadoo.fr","population":"29 habitants","website":"","townhallAdress":"Village - 09500 - SAINTE-FOI"},{"text":"SAINTE SUZANNE","href":"./09/sainte-suzanne.html","phone":"05 61 68 54 40","email":"mairie.stesuzanne@orange.fr","population":"244 habitants","website":"","townhallAdress":"Village - 09130 - SAINTE-SUZANNE"},{"text":"SAINT FELIX DE RIEUTORD","href":"./09/saint-felix-de-rieutord.html","phone":"05 61 60 72 20","email":"mairie.stfelixrieutord@wanadoo.fr","population":"409 habitants","website":"","townhallAdress":"2 Place de la Mairie - 09120 - SAINT-FELIX-DE-RIEUTORD"},{"text":"SAINT FELIX DE TOURNEGAT","href":"./09/saint-felix-de-tournegat.html","phone":"05 61 68 68 29","email":"stfelixdetournegat@wanadoo.fr","population":"138 habitants","website":"","townhallAdress":"Village - 09500 - SAINT-FELIX-DE-TOURNEGAT"},{"text":"SAINT GIRONS","href":"./09/saint-girons.html","phone":"05 61 04 03 20","email":"secretariat.dgs@ville-st-girons.fr","population":"7048 habitants","website":"","townhallAdress":"Place Jean Ibanes - 09200 - SAINT-GIRONS"},{"text":"SAINT JEAN D AIGUES VIVES","href":"./09/saint-jean-d-aigues-vives.html","phone":"05 61 01 82 40","email":"mairie.saintjeanaiguevives@wanadoo.fr","population":"416 habitants","website":"","townhallAdress":"Village - 09300 - SAINT-JEAN-D'AIGUES-VIVES"},{"text":"SAINT JEAN DE VERGES","href":"./09/saint-jean-de-verges.html","phone":"05 61 05 35 60","email":"mairie.st-jean-de-verges@wanadoo.fr","population":"1109 habitants","website":"","townhallAdress":"Village - 09000 - SAINT-JEAN-DE-VERGES"},{"text":"SAINT JEAN DU CASTILLONNAIS","href":"./09/saint-jean-du-castillonnais.html","phone":"05 61 96 79 99","email":"mairie.st-jean@wanadoo.fr","population":"25 habitants","website":"","townhallAdress":"Village - 09800 - SAINT-JEAN-DU-CASTILLONNAIS"},{"text":"SAINT JEAN DU FALGA","href":"./09/saint-jean-du-falga.html","phone":"05 61 67 92 50","email":"mairie.stjeandufalga@wanadoo.fr","population":"2649 habitants","website":"","townhallAdress":"Rue Semaille - 09100 - SAINT-JEAN-DU-FALGA"},{"text":"SAINT JULIEN DE GRAS CAPOU","href":"./09/saint-julien-de-gras-capou.html","phone":"05 61 68 18 54","email":"mairie.st.julien.grascapou@wanadoo.fr","population":"70 habitants","website":"","townhallAdress":"Village - 09500 - SAINT-JULIEN-DE-GRAS-CAPOU"},{"text":"SAINT LARY","href":"./09/saint-lary.html","phone":"05 61 96 81 08","email":"mairie.saint-lary@wanadoo.fr","population":"156 habitants","website":"","townhallAdress":"Route de Portet - 09800 - SAINT-LARY"},{"text":"SAINT LIZIER","href":"./09/saint-lizier.html","phone":"05 61 66 16 22","email":"mairie.saintlizier@wanadoo.fr","population":"1507 habitants","website":"","townhallAdress":"La Ville - 09190 - SAINT-LIZIER"},{"text":"SAINT MARTIN DE CARALP","href":"./09/saint-martin-de-caralp.html","phone":"05 61 65 12 01","email":"smc09@micso.fr","population":"353 habitants","website":"","townhallAdress":"Village - 09000 - SAINT-MARTIN-DE-CARALP"},{"text":"SAINT MARTIN D OYDES","href":"./09/saint-martin-d-oydes.html","phone":"05 61 67 14 23","email":"mairiesaintmartindoydes@wanadoo.fr","population":"251 habitants","website":"","townhallAdress":"26 Route de Pamiers - 09100 - SAINT-MARTIN-D'OYDES"},{"text":"SAINT MICHEL","href":"./09/saint-michel.html","phone":"05 61 67 42 11","email":"st.michel.mairie@wanadoo.fr","population":"85 habitants","website":"","townhallAdress":"Village - 09100 - SAINT-MICHEL"},{"text":"SAINT PAUL DE JARRAT","href":"./09/saint-paul-de-jarrat.html","phone":"05 61 64 18 30","email":"secretaire.stpauljarrat@wanadoo.fr","population":"1267 habitants","website":"","townhallAdress":"Rue Centrale - 09000 - SAINT-PAUL-DE-JARRAT"},{"text":"SAINT PIERRE DE RIVIERE","href":"./09/saint-pierre-de-riviere.html","phone":"05 61 02 76 03","email":"mairiesaintpierre09@free.fr","population":"691 habitants","website":"","townhallAdress":"Village - 09000 - SAINT-PIERRE-DE-RIVIERE"},{"text":"SAINT QUENTIN LA TOUR","href":"./09/saint-quentin-la-tour.html","phone":"05 61 68 21 56","email":"mairiestquentinlatour@wanadoo.fr","population":"330 habitants","website":"","townhallAdress":"1 Place Pierre Balussou - 09500 - SAINT-QUENTIN-LA-TOUR"},{"text":"SAINT QUIRC","href":"./09/saint-quirc.html","phone":"05 61 60 34 12","email":"mairiedesaintquirc@sfr.fr","population":"351 habitants","website":"","townhallAdress":"1 Rue de l'Eglise - 09700 - SAINT-QUIRC"},{"text":"SAINT VICTOR ROUZAUD","href":"./09/saint-victor-rouzaud.html","phone":"05 61 67 27 82","email":"mairie.saintvictorrouzaud@wanadoo.fr","population":"220 habitants","website":"","townhallAdress":"Village - 09100 - SAINT-VICTOR-ROUZAUD"},{"text":"SAINT YBARS","href":"./09/saint-ybars.html","phone":"05 61 69 18 04","email":"mairie.saintybars@saint-ybars.fr","population":"653 habitants","website":"","townhallAdress":"Place Eparchoise - 09210 - SAINT-YBARS"},{"text":"SALSEIN","href":"./09/salsein.html","phone":"05 61 96 86 66","email":"mairie.salsein@wanadoo.fr","population":"46 habitants","website":"","townhallAdress":"Salsein d'En Bas - 09800 - SALSEIN"},{"text":"SAURAT","href":"./09/saurat.html","phone":"05 61 05 67 19","email":"mairie-saurat@wanadoo.fr","population":"652 habitants","website":"","townhallAdress":"196 Rue Albert Sans - 09400 - SAURAT"},{"text":"SAUTEL","href":"./09/sautel.html","phone":null,"email":null,"population":null,"website":null,"townhallAdress":null},{"text":"SAVERDUN","href":"./09/saverdun.html","phone":"05 61 60 30 31","email":"mairie-saverdun@wanadoo.fr","population":"4523 habitants","website":"","townhallAdress":"1 Place du Souvenir Français - 09700 - SAVERDUN"},{"text":"SAVIGNAC LES ORMEAUX","href":"./09/savignac-les-ormeaux.html","phone":"05 61 64 22 12","email":"mairie.savignac09@wanadoo.fr","population":"382 habitants","website":"","townhallAdress":"Village - 09110 - SAVIGNAC-LES-ORMEAUX"},{"text":"SEGURA","href":"./09/segura.html","phone":"05 61 60 84 01","email":"mairie.segura@orange.fr","population":"164 habitants","website":"","townhallAdress":"Village - 09120 - SEGURA"},{"text":"SEIX","href":"./09/seix.html","phone":"05 61 66 83 55","email":"mairie.seix@wanadoo.fr","population":"834 habitants","website":"","townhallAdress":"Place Joffre - 09140 - SEIX"},{"text":"SEM","href":"./09/sem.html","phone":"05 61 03 80 00","email":"mairie.sem@wanadoo.fr","population":"32 habitants","website":"","townhallAdress":"Village - 09220 - SEM"},{"text":"SENCONAC","href":"./09/senconac.html","phone":"05 61 01 64 80","email":"","population":"5 habitants","website":"","townhallAdress":"Mairie - 09250 - SENCONAC"},{"text":"SENTEIN","href":"./09/sentein.html","phone":"05 61 96 73 92","email":"communedesentein@wanadoo.fr","population":"147 habitants","website":"","townhallAdress":"Place de l'Eglise - 09800 - SENTEIN"},{"text":"SENTENAC DE SEROU","href":"./09/sentenac-de-serou.html","phone":"05 61 64 54 80","email":"sds09@micso.fr","population":"37 habitants","website":"","townhallAdress":"Village - 09240 - SENTENAC-DE-SEROU"},{"text":"SENTENAC D OUST","href":"./09/sentenac-d-oust.html","phone":"05 61 96 54 44","email":"","population":"95 habitants","website":"","townhallAdress":"Village - 09140 - SENTENAC-D'OUST"},{"text":"SERRES SUR ARGET","href":"./09/serres-sur-arget.html","phone":"05 61 65 16 21","email":"mairie.serresurarget@orange.fr","population":"803 habitants","website":"","townhallAdress":"Village - 09000 - SERRES-SUR-ARGET"},{"text":"SIEURAS","href":"./09/sieuras.html","phone":"05 61 69 65 48","email":"mairie.sieuras@wanadoo.fr","population":"83 habitants","website":"","townhallAdress":"Village - 09130 - SIEURAS"},{"text":"SIGUER","href":"./09/siguer.html","phone":"05 61 05 65 45","email":"mairie.siguer@wanadoo.fr","population":"88 habitants","website":"","townhallAdress":"Village - 09220 - SIGUER"},{"text":"SINSAT","href":"./09/sinsat.html","phone":"05 61 64 97 20","email":"mairiesinsat@wanadoo.fr","population":"112 habitants","website":"","townhallAdress":"Village - 09310 - SINSAT"},{"text":"SOR","href":"./09/sor.html","phone":"05 34 14 03 97","email":"mairie.sor@wanadoo.fr","population":"32 habitants","website":"","townhallAdress":"Village - 09800 - SOR"},{"text":"SORGEAT","href":"./09/sorgeat.html","phone":"05 61 64 21 93","email":"sorgeat.mairie@wanadoo.fr","population":"101 habitants","website":"","townhallAdress":"Rue de la Mairie - 09110 - SORGEAT"},{"text":"SOUEIX ROGALLE","href":"./09/soueix-rogalle.html","phone":"05 61 66 85 85","email":"mairie.soueix@wanadoo.fr","population":"371 habitants","website":"","townhallAdress":"Village - 09140 - SOUEIX-ROGALLE"},{"text":"SOULA","href":"./09/soula.html","phone":"05 61 64 12 99","email":"mairie.soula@wanadoo.fr","population":"201 habitants","website":"","townhallAdress":"Village - 09000 - SOULA"},{"text":"SOULAN","href":"./09/soulan.html","phone":"05 61 96 89 10","email":"mairie.soulan@wanadoo.fr","population":"354 habitants","website":"","townhallAdress":"Village - 09320 - SOULAN"},{"text":"SUC ET SENTENAC","href":"./09/suc-et-sentenac.html","phone":"05 61 03 83 61","email":"","population":"61 habitants","website":"","townhallAdress":"Suc - 09220 - SUC-ET-SENTENAC"},{"text":"SURBA","href":"./09/surba.html","phone":"05 61 05 88 57","email":"mairie.surba@wanadoo.fr","population":"356 habitants","website":"","townhallAdress":"Village - 09400 - SURBA"},{"text":"SUZAN","href":"./09/suzan.html","phone":"05 61 61 53 24","email":"m.suzan@laposte.net","population":"22 habitants","website":"","townhallAdress":"Mairie - 09240 - SUZAN"},{"text":"TABRE","href":"./09/tabre.html","phone":"05 61 01 80 20","email":"tabre2@wanadoo.fr","population":"367 habitants","website":"","townhallAdress":"Cami De La Costo - 09600 - TABRE"},{"text":"TARASCON SUR ARIEGE","href":"./09/tarascon-sur-ariege.html","phone":"05 34 09 88 88","email":"mairie.tarascon.ariege@wanadoo.fr","population":"3553 habitants","website":"","townhallAdress":"30 avenue Victor Pilhes - 09400 - TARASCON-SUR-ARIEGE"},{"text":"TAURIGNAN CASTET","href":"./09/taurignan-castet.html","phone":"05 61 66 76 08","email":"mairie.taurignancastet@wanadoo.fr","population":"157 habitants","website":"","townhallAdress":"Village - 09160 - TAURIGNAN-CASTET"},{"text":"TAURIGNAN VIEUX","href":"./09/taurignan-vieux.html","phone":"05 61 66 47 80","email":"mairie.taurignan.vieux@wanadoo.fr","population":"220 habitants","website":"","townhallAdress":"Village - 09190 - TAURIGNAN-VIEUX"},{"text":"TEILHET","href":"./09/teilhet.html","phone":"05 61 68 61 20","email":"mairie-teilhet@orange.fr","population":"183 habitants","website":"","townhallAdress":"Village - 09500 - TEILHET"},{"text":"THOUARS SUR ARIZE","href":"./09/thouars-sur-arize.html","phone":"05 61 90 43 92","email":"mairie.thouarssurarize@wanadoo.fr","population":"50 habitants","website":"","townhallAdress":"Village - 09350 - THOUARS-SUR-ARIZE"},{"text":"TIGNAC","href":"./09/tignac.html","phone":"05 61 64 38 39","email":"","population":"27 habitants","website":"","townhallAdress":"Village - 09110 - TIGNAC"},{"text":"TOURTOUSE","href":"./09/tourtouse.html","phone":"05 61 96 42 03","email":"tourtouse.cne@wanadoo.fr","population":"171 habitants","website":"","townhallAdress":"Village - 09230 - TOURTOUSE"},{"text":"TOURTROL","href":"./09/tourtrol.html","phone":"05 61 68 67 44","email":"mairiedetourtrol@wanadoo.fr","population":"249 habitants","website":"","townhallAdress":"1 Avenue de l'Eglise - 09500 - TOURTROL"},{"text":"TREMOULET","href":"./09/tremoulet.html","phone":"05 61 67 22 12","email":"mairie.tremoulet@wanadoo.fr","population":"84 habitants","website":"","townhallAdress":"Village - 09700 - TREMOULET"},{"text":"TROYE D ARIEGE","href":"./09/troye-d-ariege.html","phone":"05 61 68 19 06","email":"mairie.troyedariege@wanadoo.fr","population":"87 habitants","website":"","townhallAdress":"Village - 09500 - TROYE-D'ARIEGE"},{"text":"UCHENTEIN","href":"./09/uchentein.html","phone":"05 61 96 79 22","email":"commune.uchentein@wanadoo.fr","population":"41 habitants","website":"","townhallAdress":"Village - 09800 - UCHENTEIN"},{"text":"UNAC","href":"./09/unac.html","phone":"05 61 64 48 92","email":"mairie.unac@wanadoo.fr","population":"125 habitants","website":"","townhallAdress":"Village - 09250 - UNAC"},{"text":"UNZENT","href":"./09/unzent.html","phone":"05 61 60 34 49","email":"mairieunzent@wanadoo.fr","population":"124 habitants","website":"","townhallAdress":"Village - 09100 - UNZENT"},{"text":"URS","href":"./09/urs.html","phone":"05 61 64 98 84","email":"mairie.urs@orange.fr","population":"41 habitants","website":"","townhallAdress":"Le Village - 09310 - URS"},{"text":"USSAT","href":"./09/ussat.html","phone":"05 61 05 97 29","email":"mairie.ussat@wanadoo.fr","population":"328 habitants","website":"","townhallAdress":"1 Place de la Mairie - 09400 - USSAT"},{"text":"USTOU","href":"./09/ustou.html","phone":"05 61 66 86 14","email":"mairie-ustou@wanadoo.fr","population":"357 habitants","website":"","townhallAdress":"Village - 09140 - USTOU"},{"text":"VALS","href":"./09/vals.html","phone":"05 61 68 68 57","email":"","population":"82 habitants","website":"","townhallAdress":"Village - 09500 - VALS"},{"text":"VARILHES","href":"./09/varilhes.html","phone":"05 61 60 73 24","email":"mairie.varilhes@wanadoo.fr","population":"2935 habitants","website":"","townhallAdress":"Place de la Mairie - 09120 - VARILHES"},{"text":"VAYCHIS","href":"./09/vaychis.html","phone":"05 61 64 30 84","email":"mairie.vaychis@orange.fr","population":"30 habitants","website":"","townhallAdress":"Village - 09110 - VAYCHIS"},{"text":"VEBRE","href":"./09/vebre.html","phone":"05 61 64 96 10","email":"","population":"142 habitants","website":"","townhallAdress":"Village - 09310 - VEBRE"},{"text":"VENTENAC","href":"./09/ventenac.html","phone":"05 61 60 74 08","email":"mairieventenac@orange.fr","population":"237 habitants","website":"","townhallAdress":"Village - 09120 - VENTENAC"},{"text":"VERDUN","href":"./09/verdun.html","phone":"05 61 64 96 43","email":"verdun.mairie@free.fr","population":"242 habitants","website":"","townhallAdress":"25 route des Cotes - 09310 - VERDUN"},{"text":"VERNAJOUL","href":"./09/vernajoul.html","phone":"05 61 65 04 10","email":"mairie.vernajoul@wanadoo.fr","population":"729 habitants","website":"","townhallAdress":"Village - 09000 - VERNAJOUL"},{"text":"VERNAUX","href":"./09/vernaux.html","phone":"05 61 64 48 57","email":"vernaux.mairie@wanadoo.fr","population":"32 habitants","website":"","townhallAdress":"Village - 09250 - VERNAUX"},{"text":"VERNIOLLE","href":"./09/verniolle.html","phone":"05 61 68 02 04","email":"verniolle.mairie@wanadoo.fr","population":"2287 habitants","website":"","townhallAdress":"Place de l'Hôtel de Ville - 09340 - VERNIOLLE"},{"text":"VICDESSOS","href":"./09/vicdessos.html","phone":"05 61 64 88 25","email":"mairie.vicdessos@wanadoo.fr","population":"521 habitants","website":"","townhallAdress":"3 Grande Rue - 09220 - VICDESSOS"},{"text":"VILLENEUVE","href":"./09/villeneuve.html","phone":null,"email":null,"population":null,"website":null,"townhallAdress":null},{"text":"VILLENEUVE D OLMES","href":"./09/villeneuve-d-olmes.html","phone":"05 61 01 13 09","email":"villeneuve-dolmes@wanadoo.fr","population":"1181 habitants","website":"","townhallAdress":"Rue Couers - 09300 - VILLENEUVE-D'OLMES"},{"text":"VILLENEUVE DU LATOU","href":"./09/villeneuve-du-latou.html","phone":"05 61 68 54 72","email":"granolhet@wanadoo.fr","population":"109 habitants","website":"","townhallAdress":"Village - 09130 - VILLENEUVE-DU-LATOU"},{"text":"VILLENEUVE DU PAREAGE","href":"./09/villeneuve-du-pareage.html","phone":"05 61 67 24 95","email":"mairie.villeneuvedupareage@wanadoo.fr","population":"641 habitants","website":"","townhallAdress":"Place du Château - 09100 - VILLENEUVE-DU-PAREAGE"},{"text":"VIRA","href":"./09/vira.html","phone":"05 61 68 71 50","email":"mairie.vira@orange.fr","population":"153 habitants","website":"","townhallAdress":"Village - 09120 - VIRA"},{"text":"VIVIES","href":"./09/vivies.html","phone":"05 61 68 65 05","email":"mairie.vivies@wanadoo.fr","population":"107 habitants","website":"","townhallAdress":"Hameau Gaston - 09500 - VIVIES"}]}