{"text":"12 | Aveyron","href":"aveyron.html","townships":[{"text":"AGEN D'AVEYRON","href":"./12/agen-d-aveyron.html","phone":"05 65 42 30 88","email":"mairie-agendaveyron@wanadoo.fr","population":"1093 habitants","website":"","townhallAdress":"2 Place Marc Robert - 12630 - AGEN-D'AVEYRON"},{"text":"AGUESSAC","href":"./12/aguessac.html","phone":"05 65 59 80 15","email":"mairie-aguessac@wanadoo.fr","population":"859 habitants","website":"","townhallAdress":"28 Avenue Causses - 12520 - AGUESSAC"},{"text":"ALMONT LES JUNIES","href":"./12/almont-les-junies.html","phone":"05 65 64 04 76","email":"mairie-almont.les.junies@wanadoo.fr","population":"498 habitants","website":"","townhallAdress":"Le Bourg - 12300 - ALMONT-LES-JUNIES"},{"text":"ALPUECH","href":"./12/alpuech.html","phone":"05 65 48 47 21","email":"mairie-alpuech@wanadoo.fr","population":"81 habitants","website":"","townhallAdress":"Le Bourg - 12210 - ALPUECH"},{"text":"ALRANCE","href":"./12/alrance.html","phone":"05 65 46 56 46","email":"mairie-alrance@orange.fr","population":"389 habitants","website":"","townhallAdress":"Le Bourg - 12430 - ALRANCE"},{"text":"AMBEYRAC","href":"./12/ambeyrac.html","phone":"05 65 81 60 43","email":"mairie.ambeyrac@free.fr","population":"183 habitants","website":"","townhallAdress":"Le Bourg - 12260 - AMBEYRAC"},{"text":"ANGLARS SAINT FELIX","href":"./12/anglars-saint-felix.html","phone":"05 65 64 51 06","email":"mairie-anglarsaintfelix@wanadoo.fr","population":"616 habitants","website":"","townhallAdress":"Le Bourg - 12390 - ANGLARS-SAINT-FELIX"},{"text":"ARNAC SUR DOURDOU","href":"./12/arnac-sur-dourdou.html","phone":"05 65 49 58 72","email":"commune.arnac-sur-dourdou@orange.fr","population":"23 habitants","website":"","townhallAdress":"Le Bourg - 12360 - ARNAC-SUR-DOURDOU"},{"text":"ARQUES","href":"./12/arques.html","phone":"05 65 70 66 98","email":"mairie-arques@wanadoo.fr","population":"129 habitants","website":"","townhallAdress":"Le Bourg - 12290 - ARQUES"},{"text":"ARVIEU","href":"./12/arvieu.html","phone":"05 65 46 71 06","email":"mairie-arvieu@wanadoo.fr","population":"881 habitants","website":"","townhallAdress":"Le Bourg - 12120 - ARVIEU"},{"text":"ASPRIERES","href":"./12/asprieres.html","phone":"05 65 63 89 60","email":"mairie-asprieres@cegetel.net","population":"716 habitants","website":"","townhallAdress":"Place Cazals - 12700 - ASPRIERES"},{"text":"AUBIN","href":"./12/aubin.html","phone":"05 65 63 14 11","email":"mairie-aubin@wanadoo.fr","population":"4464 habitants","website":"","townhallAdress":"1 place Maruejouls - 12110 - AUBIN"},{"text":"AURELLE VERLAC","href":"./12/aurelle-verlac.html","phone":"05 65 70 46 70","email":"mairie.aurelleverlac@perso.altitudetelecom.fr","population":"179 habitants","website":"","townhallAdress":"Mairie Verlac - 12130 - AURELLE-VERLAC"},{"text":"AURIAC LAGAST","href":"./12/auriac-lagast.html","phone":"05 65 46 70 81","email":"mairie.auriaclagast@wanadoo.fr","population":"269 habitants","website":"","townhallAdress":"Le Bourg - 12120 - AURIAC-LAGAST"},{"text":"AUZITS","href":"./12/auzits.html","phone":"05 65 63 45 28","email":"auzits.mairie@orange.fr","population":"919 habitants","website":"","townhallAdress":"La Planque - 12390 - AUZITS"},{"text":"AYSSENES","href":"./12/ayssenes.html","phone":"05 65 46 50 91","email":"commune.ayssenes@wanadoo.fr","population":"221 habitants","website":"","townhallAdress":"Le Bourg - 12430 - AYSSENES"},{"text":"BALAGUIER D'OLT","href":"./12/balaguier-d-olt.html","phone":"05 65 64 64 61","email":"mairie.balaguier@free.fr","population":"147 habitants","website":"","townhallAdress":"Le Bourg - 12260 - BALAGUIER-D'OLT"},{"text":"BALAGUIER SUR RANCE","href":"./12/balaguier-sur-rance.html","phone":"05 65 99 60 27","email":"mairie.balaguier@wanadoo.fr","population":"92 habitants","website":"","townhallAdress":"Le Bourg - 12380 - BALAGUIER-SUR-RANCE"},{"text":"BALSAC","href":"./12/balsac.html","phone":"05 65 72 60 56","email":"mairie.de.balsac@wanadoo.fr","population":"595 habitants","website":"","townhallAdress":"Le Bourg - 12510 - BALSAC"},{"text":"BARAQUEVILLE","href":"./12/baraqueville.html","phone":"05 65 71 10 10","email":"mairie-de-baraqueville@wanadoo.fr","population":"3065 habitants","website":"","townhallAdress":"42 rue de la Mairie - 12160 - BARAQUEVILLE"},{"text":"BELCASTEL","href":"./12/belcastel.html","phone":"05 65 64 52 25","email":"mairie-de-belcastel@alsatis.net","population":"238 habitants","website":"","townhallAdress":"Le Bourg - 12390 - BELCASTEL"},{"text":"BELMONT SUR RANCE","href":"./12/belmont-sur-rance.html","phone":"05 65 99 91 80","email":"mairie.belmont.sur.rance@wanadoo.fr","population":"1042 habitants","website":"","townhallAdress":"Le Bourg - 12370 - BELMONT-SUR-RANCE"},{"text":"BERTHOLENE","href":"./12/bertholene.html","phone":"05 65 69 62 18","email":"bertholene.secr@laposte.net","population":"1033 habitants","website":"","townhallAdress":"2 rue Caminades - 12310 - BERTHOLENE"},{"text":"BESSUEJOULS","href":"./12/bessuejouls.html","phone":"05 65 44 02 60","email":"mairie.bessuejouls@wanadoo.fr","population":"238 habitants","website":"","townhallAdress":"L'Hom - 12500 - BESSUEJOULS"},{"text":"BOISSE PENCHOT","href":"./12/boisse-penchot.html","phone":"05 65 63 31 76","email":"mairie.boisse.penchot@wanadoo.fr","population":"546 habitants","website":"","townhallAdress":"Le Bourg - 12300 - BOISSE-PENCHOT"},{"text":"BOR ET BAR","href":"./12/bor-et-bar.html","phone":"05 65 65 81 58","email":"MAIRIE-DE-BOR-ET-BAR@wanadoo.fr","population":"192 habitants","website":"","townhallAdress":"Le Bourg - 12270 - BOR-ET-BAR"},{"text":"BOUILLAC","href":"./12/bouillac.html","phone":"05 65 43 10 27","email":"mairie-bouillac@wanadoo.fr","population":"427 habitants","website":"","townhallAdress":"Le Bourg - 12300 - BOUILLAC"},{"text":"BOURNAZEL","href":"./12/bournazel.html","phone":"05 65 64 41 50","email":"mairie-bournazel12@wanadoo.fr","population":"350 habitants","website":"","townhallAdress":"Le Bourg - 12390 - BOURNAZEL"},{"text":"BOUSSAC","href":"./12/boussac.html","phone":"05 65 69 02 63","email":"mairie.de.boussac@wibox.fr","population":"539 habitants","website":"","townhallAdress":"Le Bourg - 12160 - BOUSSAC"},{"text":"BOZOULS","href":"./12/bozouls.html","phone":"05 65 51 28 00","email":"mairie-de-bozouls@wanadoo.fr","population":"2828 habitants","website":"","townhallAdress":"Place de la Mairie - 12340 - BOZOULS"},{"text":"BRANDONNET","href":"./12/brandonnet.html","phone":"05 65 29 32 51","email":"mairie.brandonnet@wanadoo.fr","population":"314 habitants","website":"","townhallAdress":"Le Bourg - 12350 - BRANDONNET"},{"text":"BRASC","href":"./12/brasc.html","phone":"05 65 99 77 85","email":"mairie.brasc@wanadoo.fr","population":"201 habitants","website":"","townhallAdress":"Le Bourg - 12550 - BRASC"},{"text":"BROMMAT","href":"./12/brommat.html","phone":"05 65 66 00 96","email":"mairie-de.brommat@wanadoo.fr","population":"735 habitants","website":"","townhallAdress":"Le Bourg - 12600 - BROMMAT"},{"text":"BROQUIES","href":"./12/broquies.html","phone":"05 65 99 41 26","email":"mairiebroquies@wanadoo.fr","population":"673 habitants","website":"","townhallAdress":"4 Place de la Mairie - 12480 - BROQUIES"},{"text":"BROUSSE LE CHATEAU","href":"./12/brousse-le-chateau.html","phone":"05 65 99 41 14","email":"mairie.brousselechateau@wanadoo.fr","population":"177 habitants","website":"","townhallAdress":"Le Bourg - 12480 - BROUSSE-LE-CHATEAU"},{"text":"BRUSQUE","href":"./12/brusque.html","phone":"05 65 99 53 12","email":"mairie.de.brusque@wanadoo.fr","population":"324 habitants","website":"","townhallAdress":"Place Saint Jacques - 12360 - BRUSQUE"},{"text":"BUZEINS","href":"./12/buzeins.html","phone":"05 65 47 62 78","email":"mairie.buzeins@wanadoo.fr","population":"189 habitants","website":"","townhallAdress":"Le Bourg - 12150 - BUZEINS"},{"text":"CABANES","href":"./12/cabanes.html","phone":"05 65 47 00 41","email":"mairie.cabanes@wanadoo.fr","population":"237 habitants","website":"","townhallAdress":"Le Bourg - 12800 - CABANES"},{"text":"CALMELS ET LE VIALA","href":"./12/calmels-et-le-viala.html","phone":"05 65 99 02 90","email":"mairie.calmels-viala@wanadoo.fr","population":"243 habitants","website":"","townhallAdress":"Le Bourg - 12400 - CALMELS-ET-LE-VIALA"},{"text":"CALMONT","href":"./12/calmont.html","phone":"05 65 69 47 22","email":"mairie-calmont@wanadoo.fr","population":"1962 habitants","website":"","townhallAdress":"Bois Grand - 12450 - CALMONT"},{"text":"CAMARES","href":"./12/camares.html","phone":"05 65 98 15 20","email":"mairie.camares@wanadoo.fr","population":"1013 habitants","website":"","townhallAdress":"11 Grand Rue - 12360 - CAMARES"},{"text":"CAMBOULAZET","href":"./12/camboulazet.html","phone":"05 65 69 02 42","email":"mairie-de.camboulazet@wanadoo.fr","population":"355 habitants","website":"","townhallAdress":"Le Bourg - 12160 - CAMBOULAZET"},{"text":"CAMJAC","href":"./12/camjac.html","phone":"05 65 69 20 85","email":"mairie.camjac@wanadoo.fr","population":"540 habitants","website":"","townhallAdress":"La Croix Rouge - 12800 - CAMJAC"},{"text":"CAMPAGNAC","href":"./12/campagnac.html","phone":"05 65 70 41 27","email":"mairie-de.campagnac@wanadoo.fr","population":"467 habitants","website":"","townhallAdress":"Le Bourg - 12560 - CAMPAGNAC"},{"text":"CAMPOURIEZ","href":"./12/campouriez.html","phone":"05 65 44 85 31","email":"mairie.campouriez@wanadoo.fr","population":"415 habitants","website":"","townhallAdress":"Le Bourg - 12140 - CAMPOURIEZ"},{"text":"CAMPUAC","href":"./12/campuac.html","phone":"05 65 44 61 45","email":"mairie-campuac@wanadoo.fr","population":"451 habitants","website":"","townhallAdress":"Le Bourg - 12580 - CAMPUAC"},{"text":"CANET DE SALARS","href":"./12/canet-de-salars.html","phone":"05 65 46 84 04","email":"mairie-canetdesalars@wanadoo.fr","population":"405 habitants","website":"","townhallAdress":"Le Bourg - 12290 - CANET-DE-SALARS"},{"text":"CANTOIN","href":"./12/cantoin.html","phone":"05 65 66 43 15","email":"mairie.cantoin@wanadoo.fr","population":"328 habitants","website":"","townhallAdress":"Le Bourg - 12420 - CANTOIN"},{"text":"CAPDENAC GARE","href":"./12/capdenac-gare.html","phone":"05 65 80 22 22","email":"services.generaux@mairie-capdenacgare.fr","population":"4792 habitants","website":"","townhallAdress":"1 avenue Albert Thomas - 12700 - CAPDENAC-GARE"},{"text":"CASSAGNES BEGONHES","href":"./12/cassagnes-begonhes.html","phone":"05 65 46 70 09","email":"mairie-cassagnes12@wanadoo.fr","population":"990 habitants","website":"","townhallAdress":"Le Bourg - 12120 - CASSAGNES-BEGONHES"},{"text":"CASSUEJOULS","href":"./12/cassuejouls.html","phone":"05 65 44 38 41","email":"mairie-cassuejouls@wanadoo.fr","population":"142 habitants","website":"","townhallAdress":"Le Bourg - 12210 - CASSUEJOULS"},{"text":"CASTANET","href":"./12/castanet.html","phone":"05 65 69 91 04","email":"mairie-de.castanet@wanadoo.fr","population":"573 habitants","website":"","townhallAdress":"Le Bourg - 12240 - CASTANET"},{"text":"CASTELMARY","href":"./12/castelmary.html","phone":"05 65 72 25 00","email":"mairie.castelmary@wanadoo.fr","population":"133 habitants","website":"","townhallAdress":"Lavernhe - 12800 - CASTELMARY"},{"text":"CASTELNAU DE MANDAILLES","href":"./12/castelnau-de-mandailles.html","phone":"05 65 48 71 45","email":"mairie.castelnau.mandailles@wanadoo.fr","population":"559 habitants","website":"","townhallAdress":"Le Bourg - 12500 - CASTELNAU-DE-MANDAILLES"},{"text":"CASTELNAU PEGAYROLS","href":"./12/castelnau-pegayrols.html","phone":"05 65 62 02 97","email":"mairie.castelnau-12@wanadoo.fr","population":"331 habitants","website":"","townhallAdress":"Le Bourg - 12620 - CASTELNAU-PEGAYROLS"},{"text":"CAUSSE ET DIEGE","href":"./12/causse-et-diege.html","phone":"05 65 64 66 47","email":"mairie.loupiac.caussediege@wanadoo.fr","population":"719 habitants","website":"","townhallAdress":"Loupiac - 12700 - CAUSSE-ET-DIEGE"},{"text":"CENTRES","href":"./12/centres.html","phone":"05 65 69 23 01","email":"mairie.centres@wanadoo.fr","population":"570 habitants","website":"","townhallAdress":"Le Bourg - 12120 - CENTRES"},{"text":"CLAIRVAUX D'AVEYRON","href":"./12/clairvaux-d-aveyron.html","phone":"05 65 72 71 09","email":"mairieclairvaux@wanadoo.fr","population":"1143 habitants","website":"","townhallAdress":"30 Avenue La Tour - 12330 - CLAIRVAUX-D'AVEYRON"},{"text":"COLOMBIES","href":"./12/colombies.html","phone":"05 65 69 92 12","email":"mairie-colombies@wanadoo.fr","population":"973 habitants","website":"","townhallAdress":"Le Bourg - 12240 - COLOMBIES"},{"text":"COMBRET","href":"./12/combret.html","phone":"05 65 99 64 58","email":"mairiecombret@gmail.com","population":"302 habitants","website":"","townhallAdress":"Rue Serre - 12370 - COMBRET"},{"text":"COMPEYRE","href":"./12/compeyre.html","phone":"05 65 59 87 92","email":"mairie-compeyre@wanadoo.fr","population":"557 habitants","website":"","townhallAdress":"Compeyre la Rode - 12520 - COMPEYRE"},{"text":"COMPOLIBAT","href":"./12/compolibat.html","phone":"05 65 81 95 50","email":"compolibat.mairie@free.fr","population":"426 habitants","website":"","townhallAdress":"Le Bourg - 12350 - COMPOLIBAT"},{"text":"COMPREGNAC","href":"./12/compregnac.html","phone":"05 65 62 31 06","email":"compregnac.mairie@wanadoo.fr","population":"258 habitants","website":"","townhallAdress":"Rue de la Mairie - 12100 - COMPREGNAC"},{"text":"COMPS LA GRAND VILLE","href":"./12/comps-la-grand-ville.html","phone":"05 65 74 12 23","email":"mairiecomps@orange.fr","population":"507 habitants","website":"","townhallAdress":"6 rue Vidarie - 12120 - COMPS-LA-GRAND-VILLE"},{"text":"CONDOM D'AUBRAC","href":"./12/condom-d-aubrac.html","phone":"05 65 44 27 11","email":"condom-aubrac@wanadoo.fr","population":"330 habitants","website":"","townhallAdress":"Le Bourg - 12470 - CONDOM-D'AUBRAC"},{"text":"CONNAC","href":"./12/connac.html","phone":"05 65 74 01 08","email":"mairie-de-connac@wanadoo.fr","population":"118 habitants","website":"","townhallAdress":"Le Bourg - 12170 - CONNAC"},{"text":"CONQUES","href":"./12/conques.html","phone":"0 820 820 803","email":"mairie-conques@wanadoo.fr","population":"291 habitants","website":"","townhallAdress":"Le Bourg - 12320 - CONQUES"},{"text":"CORNUS","href":"./12/cornus.html","phone":"05 65 99 38 47","email":"mairie.cornus@wanadoo.fr","population":"520 habitants","website":"","townhallAdress":"Avenue Charles de Gaulle - 12540 - CORNUS"},{"text":"COUBISOU","href":"./12/coubisou.html","phone":"05 65 44 04 92","email":"MAIRIE-COUBISOU@wanadoo.fr","population":"545 habitants","website":"","townhallAdress":"Le Bourg - 12190 - COUBISOU"},{"text":"COUPIAC","href":"./12/coupiac.html","phone":"05 65 99 72 27","email":"mairie.coupiac@wanadoo.fr","population":"501 habitants","website":"","townhallAdress":"Le Bourg - 12550 - COUPIAC"},{"text":"COUSSERGUES","href":"./12/coussergues.html","phone":"05 65 70 67 15","email":"mairie-coussergues@wanadoo.fr","population":"231 habitants","website":"","townhallAdress":"Le Bourg - 12310 - COUSSERGUES"},{"text":"CRANSAC","href":"./12/cransac.html","phone":"05 65 63 03 55","email":"cransac@wanadoo.fr","population":"1756 habitants","website":"","townhallAdress":"Place Jean Jaurès - 12110 - CRANSAC"},{"text":"CREISSELS","href":"./12/creissels.html","phone":"05 65 60 16 52","email":"mairie.creissels@wanadoo.fr","population":"1529 habitants","website":"","townhallAdress":"16 rue Moulin Haut - 12100 - CREISSELS"},{"text":"CRESPIN","href":"./12/crespin.html","phone":"05 65 69 23 35","email":"mairie-de-crespin@wanadoo.fr","population":"276 habitants","website":"","townhallAdress":"Le Bourg - 12800 - CRESPIN"},{"text":"CRUEJOULS","href":"./12/cruejouls.html","phone":"05 65 44 90 12","email":"cruejouls@wanadoo.fr","population":"423 habitants","website":"","townhallAdress":"Le Bourg - 12340 - CRUEJOULS"},{"text":"CURAN","href":"./12/curan.html","phone":"05 65 46 35 89","email":"mairie-curan@wanadoo.fr","population":"307 habitants","website":"","townhallAdress":"Le Bourg - 12410 - CURAN"},{"text":"CURIERES","href":"./12/curieres.html","phone":"05 65 44 36 94","email":"mairie-curieres@wanadoo.fr","population":"264 habitants","website":"","townhallAdress":"Le Bourg - 12210 - CURIERES"},{"text":"DECAZEVILLE","href":"./12/decazeville.html","phone":"05 65 43 87 00","email":"secretaire@decazeville.fr","population":"6205 habitants","website":"","townhallAdress":"Place Decazes - 12300 - DECAZEVILLE"},{"text":"DRUELLE","href":"./12/druelle.html","phone":"05 65 69 36 40","email":"druelle.mairie@wanadoo.fr","population":"2006 habitants","website":"","townhallAdress":"Ampiac - 12510 - DRUELLE"},{"text":"DRULHE","href":"./12/drulhe.html","phone":"05 65 80 63 03","email":"mairie.drulhe@wanadoo.fr","population":"409 habitants","website":"","townhallAdress":"Le Bourg - 12350 - DRULHE"},{"text":"DURENQUE","href":"./12/durenque.html","phone":"05 65 46 58 03","email":"mairie-durenque@wanadoo.fr","population":"568 habitants","website":"","townhallAdress":"Le Bourg - 12170 - DURENQUE"},{"text":"ENTRAYGUES SUR TRUYERE","href":"./12/entraygues-sur-truyere.html","phone":"05 65 44 53 31","email":"mairie.entraygues@wanadoo.fr","population":"1234 habitants","website":"","townhallAdress":"Rue du Collège - 12140 - ENTRAYGUES-SUR-TRUYERE"},{"text":"ESCANDOLIERES","href":"./12/escandolieres.html","phone":"05 65 63 46 79","email":"mairie-escandolieres@wanadoo.fr","population":"210 habitants","website":"","townhallAdress":"Le Bourg - 12390 - ESCANDOLIERES"},{"text":"ESPALION","href":"./12/espalion.html","phone":"05 65 51 10 30","email":"mairie-espalion@wanadoo.fr","population":"4721 habitants","website":"","townhallAdress":"Place Saint Georges - 12500 - ESPALION"},{"text":"ESPEYRAC","href":"./12/espeyrac.html","phone":"05 65 69 88 69","email":"mairie-espeyrac@wanadoo.fr","population":"248 habitants","website":"","townhallAdress":"Le Bourg - 12140 - ESPEYRAC"},{"text":"ESTAING","href":"./12/estaing.html","phone":"05 65 44 70 32","email":"mairie-estaing@wanadoo.fr","population":"631 habitants","website":"","townhallAdress":"Rue François d'Estaing - 12190 - ESTAING"},{"text":"FAYET","href":"./12/fayet.html","phone":"05 65 49 58 52","email":"mairiedefayet@orange.fr","population":"284 habitants","website":"","townhallAdress":"Le Bourg - 12360 - FAYET"},{"text":"FIRMI","href":"./12/firmi.html","phone":"05 65 63 43 02","email":"mairie.FIRMI@wanadoo.fr","population":"2618 habitants","website":"","townhallAdress":"9 Place Hôtel de Ville - 12300 - FIRMI"},{"text":"FLAGNAC","href":"./12/flagnac.html","phone":"05 65 64 01 06","email":"mairie.flagnac@wanadoo.fr","population":"956 habitants","website":"","townhallAdress":"Le Bourg - 12300 - FLAGNAC"},{"text":"FLAVIN","href":"./12/flavin.html","phone":"05 65 71 94 33","email":"mairie.flavin@wanadoo.fr","population":"2235 habitants","website":"","townhallAdress":"Avenue du 11 Novembre - 12450 - FLAVIN"},{"text":"FLORENTIN LA CAPELLE","href":"./12/florentin-la-capelle.html","phone":"05 65 44 41 07","email":"mairie-florentin@wanadoo.fr","population":"342 habitants","website":"","townhallAdress":"Le Bourg - 12140 - FLORENTIN-LA-CAPELLE"},{"text":"FOISSAC","href":"./12/foissac.html","phone":"05 65 64 61 16","email":"foissac.mairie@wanadoo.fr","population":"422 habitants","website":"","townhallAdress":"Le Bourg - 12260 - FOISSAC"},{"text":"FONDAMENTE","href":"./12/fondamente.html","phone":"05 65 99 37 05","email":"mairie-fondamente@wanadoo.fr","population":"291 habitants","website":"","townhallAdress":"Le Bourg - 12540 - FONDAMENTE"},{"text":"GABRIAC","href":"./12/gabriac.html","phone":"05 65 44 92 84","email":"mairie@gabriac.fr","population":"482 habitants","website":"","townhallAdress":"Le Bourg - 12340 - GABRIAC"},{"text":"GAILLAC D'AVEYRON","href":"./12/gaillac-d-aveyron.html","phone":"05 65 69 65 68","email":"gaill.secr@wanadoo.fr","population":"303 habitants","website":"","townhallAdress":"Le Bourg - 12310 - GAILLAC-D'AVEYRON"},{"text":"GALGAN","href":"./12/galgan.html","phone":"05 65 80 41 08","email":"mairie-galgan@wanadoo.fr","population":"362 habitants","website":"","townhallAdress":"Le Bourg - 12220 - GALGAN"},{"text":"GISSAC","href":"./12/gissac.html","phone":"05 65 99 57 18","email":"mairie.gissac@wanadoo.fr","population":"121 habitants","website":"","townhallAdress":"Gissac Haut - 12360 - GISSAC"},{"text":"GOLINHAC","href":"./12/golinhac.html","phone":"05 65 44 50 12","email":"golinhac@wanadoo.fr","population":"445 habitants","website":"","townhallAdress":"Le Bourg - 12140 - GOLINHAC"},{"text":"GOUTRENS","href":"./12/goutrens.html","phone":"05 65 72 71 24","email":"mairie-goutrens@wanadoo.fr","population":"436 habitants","website":"","townhallAdress":"Le Bourg - 12390 - GOUTRENS"},{"text":"GRAISSAC","href":"./12/graissac.html","phone":"05 65 66 43 98","email":"mairie.graissac12@aliceadsl.fr","population":"224 habitants","website":"","townhallAdress":"Le Bourg - 12420 - GRAISSAC"},{"text":"GRAMOND","href":"./12/gramond.html","phone":"05 65 69 02 96","email":"mairie.gramond@wanadoo.fr","population":"391 habitants","website":"","townhallAdress":"Le Bourg - 12160 - GRAMOND"},{"text":"GRAND VABRE","href":"./12/grand-vabre.html","phone":"05 65 69 82 38","email":"mairie.grandvabre@wanadoo.fr","population":"429 habitants","website":"","townhallAdress":"Le Bourg - 12320 - GRAND-VABRE"},{"text":"HUPARLAC","href":"./12/huparlac.html","phone":"05 65 44 36 20","email":"mairie.huparlac@orange.fr","population":"252 habitants","website":"","townhallAdress":"Le Bourg - 12460 - HUPARLAC"},{"text":"LA BASTIDE L'EVEQUE","href":"./12/la-bastide-l-eveque.html","phone":"05 65 29 93 01","email":"mairie-labastideleveque@wanadoo.fr","population":"853 habitants","website":"","townhallAdress":"Le Bourg - 12200 - LA-BASTIDE-L'EVEQUE"},{"text":"LA BASTIDE PRADINES","href":"./12/la-bastide-pradines.html","phone":"05 65 62 72 87","email":"mairie.la-bastide-pradines@wanadoo.fr","population":"112 habitants","website":"","townhallAdress":"Le Bourg - 12490 - LA-BASTIDE-PRADINES"},{"text":"LA BASTIDE SOLAGES","href":"./12/la-bastide-solages.html","phone":"05 65 99 74 72","email":"labastidesolages@laposte.net","population":"115 habitants","website":"","townhallAdress":"Le Bourg - 12550 - LA-BASTIDE-SOLAGES"},{"text":"LACALM","href":"./12/lacalm.html","phone":"05 65 44 30 12","email":"mairie-lacalm@wanadoo.fr","population":"213 habitants","website":"","townhallAdress":"Le Bourg - 12210 - LACALM"},{"text":"LA CAPELLE BALAGUIER","href":"./12/la-capelle-balaguier.html","phone":"05 65 81 63 45","email":"mairie.lacapelle.balaguier@wanadoo.fr","population":"287 habitants","website":"","townhallAdress":"Le Bourg - 12260 - LA-CAPELLE-BALAGUIER"},{"text":"LA CAPELLE BLEYS","href":"./12/la-capelle-bleys.html","phone":"05 65 65 58 66","email":"mairie.lacapellebleys@wanadoo.fr","population":"391 habitants","website":"","townhallAdress":"Le Bourg - 12240 - LA-CAPELLE-BLEYS"},{"text":"LA CAPELLE BONANCE","href":"./12/la-capelle-bonance.html","phone":"05 65 47 52 85","email":"mairie.la.capelle.bonance@wanadoo.fr","population":"92 habitants","website":"","townhallAdress":"Le Bourg - 12130 - LA-CAPELLE-BONANCE"},{"text":"LA CAVALERIE","href":"./12/la-cavalerie.html","phone":"05 65 62 70 11","email":"mairie@lacavalerie.fr","population":"1106 habitants","website":"","townhallAdress":"Place de la mairie - BP7 - 12230 - LA-CAVALERIE"},{"text":"LA COUVERTOIRADE","href":"./12/la-couvertoirade.html","phone":"05 65 58 55 59","email":"mairie-lacouvertoirade@wanadoo.fr","population":"186 habitants","website":"","townhallAdress":"Le Bourg - 12230 - LA-COUVERTOIRADE"},{"text":"LA CRESSE","href":"./12/la-cresse.html","phone":"05 65 59 01 49","email":"mairie-de.la-cresse@wanadoo.fr","population":"315 habitants","website":"","townhallAdress":"Le Bourg - 12640 - LA-CRESSE"},{"text":"LACROIX BARREZ","href":"./12/lacroix-barrez.html","phone":"05 65 66 03 27","email":"mairielacroix-barrez@wanadoo.fr","population":"530 habitants","website":"","townhallAdress":"Le Bourg - 12600 - LACROIX-BARREZ"},{"text":"LA FOUILLADE","href":"./12/la-fouillade.html","phone":"05 65 65 71 13","email":"mairielafouillade@wanadoo.fr","population":"1176 habitants","website":"","townhallAdress":"Le Bourg - 12270 - LA-FOUILLADE"},{"text":"LAGUIOLE","href":"./12/laguiole.html","phone":"05 65 51 26 30","email":"mairie-laguiole@wanadoo.fr","population":"1314 habitants","website":"","townhallAdress":"5 Place de la Mairie - 12210 - LAGUIOLE"},{"text":"LAISSAC","href":"./12/laissac.html","phone":"05 65 69 60 45","email":"mairie-de-laissac@wanadoo.fr","population":"1576 habitants","website":"","townhallAdress":"1 Place Roland Saules - 12310 - LAISSAC"},{"text":"LA LOUBIERE","href":"./12/la-loubiere.html","phone":"05 65 74 92 84","email":"mairie-laloubiere@wanadoo.fr","population":"1382 habitants","website":"","townhallAdress":"Le Bourg - 12740 - LA-LOUBIERE"},{"text":"LANUEJOULS","href":"./12/lanuejouls.html","phone":"05 65 81 95 09","email":"mairie@lanuejouls.fr","population":"749 habitants","website":"","townhallAdress":"6 rue Jonquilles - 12350 - LANUEJOULS"},{"text":"LAPANOUSE","href":"./12/lapanouse.html","phone":"05 65 71 60 57","email":"mairie-lapanouse@wanadoo.fr","population":"806 habitants","website":"","townhallAdress":"Le Bourg - 12150 - LAPANOUSE"},{"text":"LAPANOUSE DE CERNON","href":"./12/lapanouse-de-cernon.html","phone":"05 65 62 76 20","email":"mairielapanousedecernon@wanadoo.fr","population":"118 habitants","website":"","townhallAdress":"Le Bourg - 12230 - LAPANOUSE-DE-CERNON"},{"text":"LA ROQUE SAINTE MARGUERITE","href":"./12/la-roque-sainte-marguerite.html","phone":"05 65 62 81 00","email":"MAIRIE-DE-LA-ROQUE-STE-MARGUERI@wanadoo.fr","population":"204 habitants","website":"","townhallAdress":"Le Bourg - 12100 - LA-ROQUE-SAINTE-MARGUERITE"},{"text":"LA ROUQUETTE","href":"./12/la-rouquette.html","phone":"05 65 29 60 98","email":"la.rouquette@wanadoo.fr","population":"736 habitants","website":"","townhallAdress":"Le Bourg - 12200 - LA-ROUQUETTE"},{"text":"LA SALVETAT PEYRALES","href":"./12/la-salvetat-peyrales.html","phone":"05 65 81 80 16","email":"mairie-salvetat-peyrales@wanadoo.fr","population":"1089 habitants","website":"","townhallAdress":"5 Place de la Mairie - 12440 - LA-SALVETAT-PEYRALES"},{"text":"LA SELVE","href":"./12/la-selve.html","phone":"05 65 46 73 13","email":"communelaselve@orange.fr","population":"687 habitants","website":"","townhallAdress":"Le Bourg - 12170 - LA-SELVE"},{"text":"LA SERRE","href":"./12/la-serre.html","phone":"05 65 99 68 88","email":"mairielaserre@wanadoo.fr","population":"139 habitants","website":"","townhallAdress":"Anglas - 12380 - LA-SERRE"},{"text":"LASSOUTS","href":"./12/lassouts.html","phone":"05 65 48 91 09","email":"mairie.lassouts@wanadoo.fr","population":"322 habitants","website":"","townhallAdress":"Le Bourg - 12500 - LASSOUTS"},{"text":"LA TERRISSE","href":"./12/la-terrisse.html","phone":"05 65 44 35 85","email":"mairie-laterrisse@wanadoo.fr","population":"174 habitants","website":"","townhallAdress":"Le Bourg - 12210 - LA-TERRISSE"},{"text":"LAVAL ROQUECEZIERE","href":"./12/laval-roqueceziere.html","phone":"05 65 99 68 66","email":"mairie.lavalr@wanadoo.fr","population":"316 habitants","website":"","townhallAdress":"Secrétariat La Claparède - 12380 - LAVAL-ROQUECEZIERE"},{"text":"LAVERNHE","href":"./12/lavernhe.html","phone":"05 65 47 62 97","email":"mairie-lavernhe.de.severac@wanadoo.fr","population":"248 habitants","website":"","townhallAdress":"Place de la mairie - 12150 - LAVERNHE"},{"text":"LE CAYROL","href":"./12/le-cayrol.html","phone":"05 65 44 01 38","email":"mairie.lecayrol@wanadoo.fr","population":"289 habitants","website":"","townhallAdress":"Le Bourg - 12500 - LE-CAYROL"},{"text":"LE CLAPIER","href":"./12/le-clapier.html","phone":"05 65 99 32 45","email":"mairieduclapier@wanadoo.fr","population":"86 habitants","website":"","townhallAdress":"Le Bourg - 12540 - LE-CLAPIER"},{"text":"LEDERGUES","href":"./12/ledergues.html","phone":"05 65 74 01 91","email":"mairiedeledergues@orange.fr","population":"720 habitants","website":"","townhallAdress":"Place de la Mairie - 12170 - LEDERGUES"},{"text":"LE FEL","href":"./12/le-fel.html","phone":"05 65 44 51 86","email":"le-fel.mairie@wanadoo.fr","population":"178 habitants","website":"","townhallAdress":"Le Bourg - 12140 - LE-FEL"},{"text":"LE MONASTERE","href":"./12/le-monastere.html","phone":"05 65 42 50 77","email":"mairie-lemonastere@wanadoo.fr","population":"2176 habitants","website":"","townhallAdress":"Place de la République - 12000 - LE-MONASTERE"},{"text":"LE NAYRAC","href":"./12/le-nayrac.html","phone":"05 65 44 40 05","email":"contact@mairie-le-nayrac.fr","population":"563 habitants","website":"","townhallAdress":"Le Bourg - 12190 - LE-NAYRAC"},{"text":"LES ALBRES","href":"./12/les-albres.html","phone":"05 65 80 42 64","email":"mairielesalbres-aveyron@neuf.fr","population":"360 habitants","website":"","townhallAdress":"Le Bourg - 12220 - LES-ALBRES"},{"text":"LES COSTES GOZON","href":"./12/les-costes-gozon.html","phone":"05 65 49 45 22","email":"mairie.costesgozon@wanadoo.fr","population":"181 habitants","website":"","townhallAdress":"Le Bourg - 12400 - LES-COSTES-GOZON"},{"text":"LESCURE JAOUL","href":"./12/lescure-jaoul.html","phone":"05 65 81 82 10","email":"mairie.lescure-jaoul@wanadoo.fr","population":"268 habitants","website":"","townhallAdress":"Le Bourg - 12440 - LESCURE-JAOUL"},{"text":"LESTRADE ET THOUELS","href":"./12/lestrade-et-thouels.html","phone":"05 65 46 58 91","email":"mairie.lestradethouels@orange.fr","population":"433 habitants","website":"","townhallAdress":"Le Bourg - 12430 - LESTRADE-ET-THOUELS"},{"text":"LE TRUEL","href":"./12/le-truel.html","phone":"05 65 46 57 66","email":"mairie.letruel@wanadoo.fr","population":"352 habitants","website":"","townhallAdress":"Le Bourg - 12430 - LE-TRUEL"},{"text":"LE VIBAL","href":"./12/le-vibal.html","phone":"05 65 46 85 46","email":"le-vibal.mairie@wanadoo.fr","population":"499 habitants","website":"","townhallAdress":"Le Bourg - 12290 - LE-VIBAL"},{"text":"L HOSPITALET DU LARZAC","href":"./12/l-hospitalet-du-larzac.html","phone":"05 65 62 71 01","email":"mairie-lhospitaletdularzac@orange.fr","population":"327 habitants","website":"","townhallAdress":"Le Bourg - 12230 - L'HOSPITALET-DU-LARZAC"},{"text":"LIVINHAC LE HAUT","href":"./12/livinhac-le-haut.html","phone":"05 65 63 33 84","email":"mairie.livinhac-le-haut@wanadoo.fr","population":"1102 habitants","website":"","townhallAdress":"Place Quatorze Juin - 12300 - LIVINHAC-LE-HAUT"},{"text":"LUC LA PRIMAUBE","href":"./12/luc-la-primaube.html","phone":null,"email":null,"population":null,"website":null,"townhallAdress":null},{"text":"LUGAN","href":"./12/lugan.html","phone":"05 65 80 65 72","email":"mairie-lugan@wanadoo.fr","population":"330 habitants","website":"","townhallAdress":"Le Bourg - 12220 - LUGAN"},{"text":"LUNAC","href":"./12/lunac.html","phone":"05 65 81 40 16","email":"mairie.lunac@wanadoo.fr","population":"470 habitants","website":"","townhallAdress":"Le Bourg - 12270 - LUNAC"},{"text":"MALEVILLE","href":"./12/maleville.html","phone":"05 65 29 30 20","email":"mairiedemaleville@wanadoo.fr","population":"951 habitants","website":"","townhallAdress":"Le Bourg - 12350 - MALEVILLE"},{"text":"MANHAC","href":"./12/manhac.html","phone":"05 65 69 03 53","email":"mairiedemanhac@wanadoo.fr","population":"637 habitants","website":"","townhallAdress":"Le Bourg - 12160 - MANHAC"},{"text":"MARCILLAC VALLON","href":"./12/marcillac-vallon.html","phone":"05 65 71 72 25","email":"mairie-marcillacvallon@wanadoo.fr","population":"1687 habitants","website":"","townhallAdress":"Tour de Ville - 12330 - MARCILLAC-VALLON"},{"text":"MARNHAGUES ET LATOUR","href":"./12/marnhagues-et-latour.html","phone":"05 65 99 38 46","email":"latour.mairie@wanadoo.fr","population":"145 habitants","website":"","townhallAdress":"Latour - 12540 - MARNHAGUES-ET-LATOUR"},{"text":"MARTIEL","href":"./12/martiel.html","phone":"05 65 29 41 20","email":"m.martiel@wanadoo.fr","population":"932 habitants","website":"","townhallAdress":"Le Bourg - 12200 - MARTIEL"},{"text":"MARTRIN","href":"./12/martrin.html","phone":"05 65 99 79 65","email":"mairiedemartrin@wanadoo.fr","population":"224 habitants","website":"","townhallAdress":"Le Bourg - 12550 - MARTRIN"},{"text":"MAYRAN","href":"./12/mayran.html","phone":"05 65 64 51 24","email":"mairie-mayran@wanadoo.fr","population":"522 habitants","website":"","townhallAdress":"Le Bourg - 12390 - MAYRAN"},{"text":"MELAGUES","href":"./12/melagues.html","phone":"05 65 99 53 03","email":"mairie.melagues@wanadoo.fr","population":"68 habitants","website":"","townhallAdress":"Le Bourg - 12360 - MELAGUES"},{"text":"MELJAC","href":"./12/meljac.html","phone":"05 65 46 70 23","email":"mairie.meljac@wanadoo.fr","population":"149 habitants","website":"","townhallAdress":"Le Bourg - 12120 - MELJAC"},{"text":"MILLAU","href":"./12/millau.html","phone":"05 65 59 50 00","email":"dg.mairiemillau@wanadoo.fr","population":"22920 habitants","website":"","townhallAdress":"17 Avenue de la République - 12100 - MILLAU"},{"text":"MONTAGNOL","href":"./12/montagnol.html","phone":"05 65 49 59 19","email":"mairie.montagnol@wanadoo.fr","population":"159 habitants","website":"","townhallAdress":"Le Bourg - 12360 - MONTAGNOL"},{"text":"MONTBAZENS","href":"./12/montbazens.html","phone":"05 65 80 60 06","email":"mairie.montbazens@wanadoo.fr","population":"1346 habitants","website":"","townhallAdress":"20 Place de l'Eglise - 12220 - MONTBAZENS"},{"text":"MONTCLAR","href":"./12/montclar.html","phone":"05 65 99 75 06","email":"mairie.montclar@wanadoo.fr","population":"152 habitants","website":"","townhallAdress":"Le Bourg - 12550 - MONTCLAR"},{"text":"MONTEILS","href":"./12/monteils.html","phone":"05 65 29 63 48","email":"monteils@wanadoo.fr","population":"631 habitants","website":"","townhallAdress":"Le Bourg - 12200 - MONTEILS"},{"text":"MONTEZIC","href":"./12/montezic.html","phone":"05 65 44 88 08","email":"mairie-montezic@wanadoo.fr","population":"258 habitants","website":"","townhallAdress":"Le Bourg - 12460 - MONTEZIC"},{"text":"MONTFRANC","href":"./12/montfranc.html","phone":"05 65 99 66 24","email":"mairie.montfranc@wibox.fr","population":"138 habitants","website":"","townhallAdress":"Le Bourg - 12380 - MONTFRANC"},{"text":"MONTJAUX","href":"./12/montjaux.html","phone":"05 65 62 53 61","email":"mairie.montjaux@wanadoo.fr","population":"405 habitants","website":"","townhallAdress":"Le Bourg - 12490 - MONTJAUX"},{"text":"MONTLAUR","href":"./12/montlaur.html","phone":"05 65 99 84 85","email":"communedemontlaur@orange.fr","population":"690 habitants","website":"","townhallAdress":"Le Bourg - 12400 - MONTLAUR"},{"text":"MONTPEYROUX","href":"./12/montpeyroux.html","phone":"05 65 44 38 00","email":"mairie-montpeyroux12@wanadoo.fr","population":"580 habitants","website":"","townhallAdress":"St Rémy - 12210 - MONTPEYROUX"},{"text":"MONTROZIER","href":"./12/montrozier.html","phone":"05 65 42 29 32","email":"mairie-montrozier@wanadoo.fr","population":"1444 habitants","website":"","townhallAdress":"Gages le Pont - 12630 - MONTROZIER"},{"text":"MONTSALES","href":"./12/montsales.html","phone":"05 65 81 56 03","email":"mairie.montsales@gmail.com","population":"237 habitants","website":"","townhallAdress":"Le Bourg - 12260 - MONTSALES"},{"text":"MORLHON LE HAUT","href":"./12/morlhon-le-haut.html","phone":"05 65 29 94 89","email":"morlhon.le.haut@wanadoo.fr","population":"570 habitants","website":"","townhallAdress":"Le Bourg - 12200 - MORLHON-LE-HAUT"},{"text":"MOSTUEJOULS","href":"./12/mostuejouls.html","phone":"05 65 62 60 43","email":"mairie.mostuejouls@wanadoo.fr","population":"283 habitants","website":"","townhallAdress":"Réservoir d'eau La Peyrouse - 12720 - MOSTUEJOULS"},{"text":"MOUNES PROHENCOUX","href":"./12/mounes-prohencoux.html","phone":"05 65 99 52 12","email":"commune-mounes@orange.fr","population":"204 habitants","website":"","townhallAdress":"Mounes - 12370 - MOUNES-PROHENCOUX"},{"text":"MOURET","href":"./12/mouret.html","phone":"05 65 69 82 86","email":"mairie.mouret@wanadoo.fr","population":"571 habitants","website":"","townhallAdress":"Le Bourg - 12330 - MOURET"},{"text":"MOYRAZES","href":"./12/moyrazes.html","phone":"05 65 69 35 50","email":"mairie-moyrazes@wanadoo.fr","population":"1119 habitants","website":"","townhallAdress":"Avenue Ségala - 12160 - MOYRAZES"},{"text":"MURASSON","href":"./12/murasson.html","phone":"05 65 99 90 65","email":"mairie-murasson@wanadoo.fr","population":"217 habitants","website":"","townhallAdress":"Le Bourg - 12370 - MURASSON"},{"text":"MUR DE BARREZ","href":"./12/mur-de-barrez.html","phone":"05 65 66 00 47","email":"mairie.murdebarrez@wanadoo.fr","population":"848 habitants","website":"","townhallAdress":"16 Grand Rue - 12600 - MUR-DE-BARREZ"},{"text":"MURET LE CHATEAU","href":"./12/muret-le-chateau.html","phone":"05 65 46 93 84","email":"mairie.muretlechateau@wanadoo.fr","population":"314 habitants","website":"","townhallAdress":"Le Bourg - 12330 - MURET-LE-CHATEAU"},{"text":"MUROLS","href":"./12/murols.html","phone":"05 65 66 17 96","email":"mairie.murols@perso.altitudetelecom.fr","population":"110 habitants","website":"","townhallAdress":"Le Bourg - 12600 - MUROLS"},{"text":"NAJAC","href":"./12/najac.html","phone":"05 65 29 71 43","email":"mairie-de.najac@wanadoo.fr","population":"774 habitants","website":"","townhallAdress":"Rue Bourguet - 12270 - NAJAC"},{"text":"NANT","href":"./12/nant.html","phone":"05 65 62 25 12","email":"mairie-nant@wanadoo.fr","population":"937 habitants","website":"","townhallAdress":"Place Claux - 12230 - NANT"},{"text":"NAUCELLE","href":"./12/naucelle.html","phone":"05 65 67 82 90","email":"mairie.naucelle@wanadoo.fr","population":"2235 habitants","website":"","townhallAdress":"Place de l'Hôtel de Ville - 12800 - NAUCELLE"},{"text":"NAUSSAC","href":"./12/naussac.html","phone":"05 65 64 62 43","email":"mairie-naussac@wanadoo.fr","population":"323 habitants","website":"","townhallAdress":"Le Bourg - 12700 - NAUSSAC"},{"text":"NAUVIALE","href":"./12/nauviale.html","phone":"05 65 69 85 25","email":"mairie.nauviale@wanadoo.fr","population":"559 habitants","website":"","townhallAdress":"Le Bourg - 12330 - NAUVIALE"},{"text":"NOAILHAC","href":"./12/noailhac.html","phone":"05 65 69 85 81","email":"mairie.noailhac@wanadoo.fr","population":"184 habitants","website":"","townhallAdress":"Le Bourg - 12320 - NOAILHAC"},{"text":"OLEMPS","href":"./12/olemps.html","phone":"05 65 75 51 00","email":"mairie@mairie-olemps.fr","population":"3269 habitants","website":"","townhallAdress":"Place de la Mairie - 12510 - OLEMPS"},{"text":"OLS ET RINHODES","href":"./12/ols-et-rinhodes.html","phone":"05 65 81 77 89","email":"mairie.olsetrinhodes@orange.fr","population":"153 habitants","website":"","townhallAdress":"Le Bourg - 12260 - OLS-ET-RINHODES"},{"text":"ONET LE CHATEAU","href":"./12/onet-le-chateau.html","phone":"05 65 77 25 00","email":"contact@onet-le-chateau.fr","population":"10971 habitants","website":"","townhallAdress":"12 rue des Coquelicots - 12850 - ONET-LE-CHATEAU"},{"text":"PALMAS","href":"./12/palmas.html","phone":"05 65 69 65 76","email":"palm.secr@wanadoo.fr","population":"293 habitants","website":"","townhallAdress":"Le Bourg - 12310 - PALMAS"},{"text":"PAULHE","href":"./12/paulhe.html","phone":"05 65 59 87 10","email":"mairie-paulhe@wanadoo.fr","population":"368 habitants","website":"","townhallAdress":"Le Bourg - 12520 - PAULHE"},{"text":"PEUX ET COUFFOULEUX","href":"./12/peux-et-couffouleux.html","phone":"05 65 49 55 74","email":"commune-couffouleux@orange.fr","population":"116 habitants","website":"","townhallAdress":"Couffouleux - 12360 - PEUX-ET-COUFFOULEUX"},{"text":"PEYRELEAU","href":"./12/peyreleau.html","phone":"05 65 62 61 33","email":"mairie-de-peyreleau@9business.fr","population":"73 habitants","website":"","townhallAdress":"Le Bourg - 12720 - PEYRELEAU"},{"text":"PEYRUSSE LE ROC","href":"./12/peyrusse-le-roc.html","phone":"05 65 80 42 98","email":"mairie-peyrusseleroc@wanadoo.fr","population":"217 habitants","website":"","townhallAdress":"Le Bourg - 12220 - PEYRUSSE-LE-ROC"},{"text":"PIERREFICHE","href":"./12/pierrefiche.html","phone":"05 65 47 43 15","email":"mairie.pierrefichedolt@wanadoo.fr","population":"274 habitants","website":"","townhallAdress":"Le Bourg - 12130 - PIERREFICHE"},{"text":"PLAISANCE","href":"./12/plaisance.html","phone":"05 65 99 75 07","email":"mairie.plaisance12@laposte.net","population":"234 habitants","website":"","townhallAdress":"Le Bourg - 12550 - PLAISANCE"},{"text":"POMAYROLS","href":"./12/pomayrols.html","phone":"05 65 47 44 02","email":"mairie.pomayrols@perso.altitudetelecom.fr","population":"156 habitants","website":"","townhallAdress":"Le Bourg - 12130 - POMAYROLS"},{"text":"PONT DE SALARS","href":"./12/pont-de-salars.html","phone":"05 65 46 84 27","email":"mairie.pontdesalars@wanadoo.fr","population":"1587 habitants","website":"","townhallAdress":"Place de la Mairie - 12290 - PONT-DE-SALARS"},{"text":"POUSTHOMY","href":"./12/pousthomy.html","phone":"05 65 99 65 01","email":"mairie.pousthomy@orange.fr","population":"220 habitants","website":"","townhallAdress":"Le Bourg - 12380 - POUSTHOMY"},{"text":"PRADES D'AUBRAC","href":"./12/prades-d-aubrac.html","phone":"05 65 48 71 81","email":"contact@pradesdaubrac.fr","population":"428 habitants","website":"","townhallAdress":"Le Bourg - 12470 - PRADES-D'AUBRAC"},{"text":"PRADES SALARS","href":"./12/prades-salars.html","phone":"05 65 46 83 90","email":"mairie-pradesdesalars@wanadoo.fr","population":"295 habitants","website":"","townhallAdress":"Le Bourg - 12290 - PRADES-SALARS"},{"text":"PRADINAS","href":"./12/pradinas.html","phone":"05 65 69 92 84","email":"mairie-pradinas@wanadoo.fr","population":"381 habitants","website":"","townhallAdress":"Le Bourg - 12240 - PRADINAS"},{"text":"PREVINQUIERES","href":"./12/previnquieres.html","phone":"05 65 81 94 98","email":"mairie.previnquieres@wanadoo.fr","population":"286 habitants","website":"","townhallAdress":"Le Bourg - 12350 - PREVINQUIERES"},{"text":"PRIVEZAC","href":"./12/privezac.html","phone":"05 65 81 96 77","email":"mairie.privezac@wanadoo.fr","population":"327 habitants","website":"","townhallAdress":"Le Bourg - 12350 - PRIVEZAC"},{"text":"PRUINES","href":"./12/pruines.html","phone":"05 65 69 82 85","email":"commune.pruines@wanadoo.fr","population":"276 habitants","website":"","townhallAdress":"Le Bourg - 12320 - PRUINES"},{"text":"QUINS","href":"./12/quins.html","phone":"05 65 69 03 04","email":"mairie.quins@wanadoo.fr","population":"798 habitants","website":"","townhallAdress":"Le Bourg - 12800 - QUINS"},{"text":"REBOURGUIL","href":"./12/rebourguil.html","phone":"05 65 99 83 11","email":"rebourguil@wanadoo.fr","population":"270 habitants","website":"","townhallAdress":"Le Bourg - 12400 - REBOURGUIL"},{"text":"RECOULES PREVINQUIERES","href":"./12/recoules-previnquieres.html","phone":"05 65 47 64 02","email":"mairie-recoules-previnquieres@wanadoo.fr","population":"473 habitants","website":"","townhallAdress":"Le Bourg - 12150 - RECOULES-PREVINQUIERES"},{"text":"REQUISTA","href":"./12/requista.html","phone":"05 65 74 02 39","email":"mairie.requista@wanadoo.fr","population":"2191 habitants","website":"","townhallAdress":"57 Avenue de Millau - 12170 - REQUISTA"},{"text":"RIEUPEYROUX","href":"./12/rieupeyroux.html","phone":"05 65 65 51 12","email":"communaute.avesevi@wanadoo.fr","population":"2148 habitants","website":"","townhallAdress":"22 rue de la Mairie - 12240 - RIEUPEYROUX"},{"text":"RIGNAC","href":"./12/rignac.html","phone":"05 65 80 26 00","email":"mairie.rignac@wanadoo.fr","population":"2025 habitants","website":"","townhallAdress":"Place Portail haut - 12390 - RIGNAC"},{"text":"RIVIERE SUR TARN","href":"./12/riviere-sur-tarn.html","phone":"05 65 59 80 74","email":"mairie-rivieresurtarn@wanadoo.fr","population":"1041 habitants","website":"","townhallAdress":"Le Bourg - 12640 - RIVIERE-SUR-TARN"},{"text":"RODELLE","href":"./12/rodelle.html","phone":"05 65 44 92 17","email":"mairie.de.rodelle@wanadoo.fr","population":"989 habitants","website":"","townhallAdress":"Le Bourg - 12340 - RODELLE"},{"text":"RODEZ","href":"./12/rodez.html","phone":"05 65 77 88 00","email":"contact@mairie-rodez.fr","population":"26324 habitants","website":"","townhallAdress":"17 Boulevard du 122 ème RI - 12000 - RODEZ"},{"text":"ROQUEFORT SUR SOULZON","href":"./12/roquefort-sur-soulzon.html","phone":"05 65 59 91 95","email":"ville.de.roquefort@roquefort.com","population":"715 habitants","website":"","townhallAdress":"Le Bourg - 12250 - ROQUEFORT-SUR-SOULZON"},{"text":"ROUSSENNAC","href":"./12/roussennac.html","phone":"05 65 63 70 68","email":"roussennac.mairie@wanadoo.fr","population":"503 habitants","website":"","townhallAdress":"Le Bourg - 12220 - ROUSSENNAC"},{"text":"RULLAC SAINT CIRQ","href":"./12/rullac-saint-cirq.html","phone":"05 65 46 75 16","email":"la-mairie-rullac@wanadoo.fr","population":"377 habitants","website":"","townhallAdress":"Le Bourg - 12120 - RULLAC-SAINT-CIRQ"},{"text":"SAINT AFFRIQUE","href":"./12/saint-affrique.html","phone":"05 65 98 29 00","email":"mairie@ville-saintaffrique.fr","population":"8728 habitants","website":"","townhallAdress":"1 place de l'Hôtel de Ville - 12400 - SAINT-AFFRIQUE"},{"text":"SAINT AMANS DES COTS","href":"./12/saint-amans-des-cots.html","phone":"05 65 44 86 19","email":"Mairie.st.amans@wanadoo.fr","population":"793 habitants","website":"","townhallAdress":"Le Bourg - 12460 - SAINT-AMANS-DES-COTS"},{"text":"SAINT ANDRE DE NAJAC","href":"./12/saint-andre-de-najac.html","phone":"05 65 65 73 19","email":"Commune.standredenajac@wanadoo.fr","population":"426 habitants","website":"","townhallAdress":"Le Bourg - 12270 - SAINT-ANDRE-DE-NAJAC"},{"text":"SAINT ANDRE DE VEZINES","href":"./12/saint-andre-de-vezines.html","phone":"05 65 61 23 64","email":"standre.mairie@wanadoo.fr","population":"127 habitants","website":"","townhallAdress":"Le Bourg - 12720 - SAINT-ANDRE-DE-VEZINES"},{"text":"SAINT BEAULIZE","href":"./12/saint-beaulize.html","phone":"05 65 99 36 07","email":"commune.beaulize@wanadoo.fr","population":"100 habitants","website":"","townhallAdress":"Le Bourg - 12540 - SAINT-BEAULIZE"},{"text":"SAINT BEAUZELY","href":"./12/saint-beauzely.html","phone":"05 65 62 02 69","email":"mairie@saint-beauzely.fr","population":"530 habitants","website":"","townhallAdress":"Avenue Déodat Alaux - 12620 - SAINT-BEAUZELY"},{"text":"SAINT CHELY D'AUBRAC","href":"./12/saint-chely-d-aubrac.html","phone":"05 65 44 27 08","email":"mairie-st-chely-daubrac@wanadoo.fr","population":"566 habitants","website":"","townhallAdress":"Place de la Mairie - 12470 - SAINT-CHELY-D'AUBRAC"},{"text":"SAINT CHRISTOPHE VALLON","href":"./12/saint-christophe-vallon.html","phone":"05 65 72 71 30","email":"mairie-saintchristophevallon@wanadoo.fr","population":"1106 habitants","website":"","townhallAdress":"2 Route Cayla - 12330 - SAINT-CHRISTOPHE-VALLON"},{"text":"SAINT COME D'OLT","href":"./12/saint-come-d-olt.html","phone":"05 65 44 07 09","email":"MAIRIE-STCOME@wanadoo.fr","population":"1437 habitants","website":"","townhallAdress":"Place Château de Castelnau - 12500 - SAINT-COME-D'OLT"},{"text":"SAINT CYPRIEN SUR DOURDOU","href":"./12/saint-cyprien-sur-dourdou.html","phone":"05 65 69 83 16","email":"mairie-stcyprien12@wanadoo.fr","population":"834 habitants","website":"","townhallAdress":"Le Bourg - 12320 - SAINT-CYPRIEN-SUR-DOURDOU"},{"text":"SAINTE CROIX","href":"./12/sainte-croix.html","phone":"05 65 81 61 86","email":"mairie-ste-croix@wanadoo.fr","population":"736 habitants","website":"","townhallAdress":"Le Bourg - 12260 - SAINTE-CROIX"},{"text":"SAINTE EULALIE DE CERNON","href":"./12/sainte-eulalie-de-cernon.html","phone":"05 65 62 72 99","email":"steeulaliedecernon@nordnet.fr","population":"251 habitants","website":"","townhallAdress":"Le Bourg - 12230 - SAINTE-EULALIE-DE-CERNON"},{"text":"SAINTE EULALIE D'OLT","href":"./12/sainte-eulalie-d-olt.html","phone":"05 65 47 44 59","email":"STE.EULALIE@wanadoo.fr","population":"353 habitants","website":"","townhallAdress":"Le Bourg - 12130 - SAINTE-EULALIE-D'OLT"},{"text":"SAINTE GENEVIEVE SUR ARGENCE","href":"./12/sainte-genevieve-sur-argence.html","phone":"05 65 66 41 46","email":"mairie.stegenevieve12@wanadoo.fr","population":"1045 habitants","website":"","townhallAdress":"Place des Tilleuls - 12420 - SAINTE-GENEVIEVE-SUR-ARGENCE"},{"text":"SAINTE JULIETTE SUR VIAUR","href":"./12/sainte-juliette-sur-viaur.html","phone":"05 65 69 46 06","email":"mairie.stejuliette@wanadoo.fr","population":"511 habitants","website":"","townhallAdress":"Le Bourg - 12120 - SAINTE-JULIETTE-SUR-VIAUR"},{"text":"SAINTE RADEGONDE","href":"./12/sainte-radegonde.html","phone":"05 65 42 46 00","email":"mairie-steradegonde@wanadoo.fr","population":"1616 habitants","website":"","townhallAdress":"Le Bourg - 12850 - SAINTE-RADEGONDE"},{"text":"SAINT FELIX DE LUNEL","href":"./12/saint-felix-de-lunel.html","phone":"05 65 44 61 52","email":"mairie.st.felix.de.lunel@wanadoo.fr","population":"393 habitants","website":"","townhallAdress":"Le Bourg - 12320 - SAINT-FELIX-DE-LUNEL"},{"text":"SAINT FELIX DE SORGUES","href":"./12/saint-felix-de-sorgues.html","phone":"05 65 99 17 82","email":"st.felix.mairie@wanadoo.fr","population":"202 habitants","website":"","townhallAdress":"Le Bourg - 12400 - SAINT-FELIX-DE-SORGUES"},{"text":"SAINT GENIEZ D'OLT","href":"./12/saint-geniez-d-olt.html","phone":"05 65 70 40 01","email":"mairie-stgeniez-dolt@wanadoo.fr","population":"2066 habitants","website":"","townhallAdress":"Rue de l'Hôtel de Ville - 12130 - SAINT-GENIEZ-D'OLT"},{"text":"SAINT GEORGES DE LUZENCON","href":"./12/saint-georges-de-luzencon.html","phone":"05 65 62 35 80","email":"MAIRIE-ST-GEORGES@wanadoo.fr","population":"1702 habitants","website":"","townhallAdress":"Chemin des Rivières - 12100 - SAINT-GEORGES-DE-LUZENCON"},{"text":"SAINT HIPPOLYTE","href":"./12/saint-hippolyte.html","phone":"05 65 66 14 50","email":"contact@sainthippolyte.fr","population":"478 habitants","website":"","townhallAdress":"Le Bourg - 12140 - SAINT-HIPPOLYTE"},{"text":"SAINT IGEST","href":"./12/saint-igest.html","phone":"05 65 81 62 69","email":"mairie.saintigest@perso.altitudetelecom.fr","population":"176 habitants","website":"","townhallAdress":"Le Bourg - 12260 - SAINT-IGEST"},{"text":"SAINT IZAIRE","href":"./12/saint-izaire.html","phone":"05 65 99 40 31","email":"mairie.st-izaire@wanadoo.fr","population":"339 habitants","website":"","townhallAdress":"Le Bourg - 12480 - SAINT-IZAIRE"},{"text":"SAINT JEAN D'ALCAPIES","href":"./12/saint-jean-d-alcapies.html","phone":"05 65 99 15 99","email":"mairie@stjean-alcapies.org","population":"271 habitants","website":"","townhallAdress":"Le Bourg - 12250 - SAINT-JEAN-D'ALCAPIES"},{"text":"SAINT JEAN DELNOUS","href":"./12/saint-jean-delnous.html","phone":"05 65 74 01 83","email":"mairie.stjeandelnous@wanadoo.fr","population":"463 habitants","website":"","townhallAdress":"Le Bourg - 12170 - SAINT-JEAN-DELNOUS"},{"text":"SAINT JEAN DU BRUEL","href":"./12/saint-jean-du-bruel.html","phone":"05 65 62 26 16","email":"mairiest.jean.du.bruel@wanadoo.fr","population":"702 habitants","website":"","townhallAdress":"Le Bourg - 12230 - SAINT-JEAN-DU-BRUEL"},{"text":"SAINT JEAN ET SAINT PAUL","href":"./12/saint-jean-et-saint-paul.html","phone":"05 65 99 14 79","email":"st-jean.st-paul@wanadoo.fr","population":"262 habitants","website":"","townhallAdress":"Saint Jean d'Alcas - 12250 - SAINT-JEAN-ET-SAINT-PAUL"},{"text":"SAINT JUERY","href":"./12/saint-juery.html","phone":"05 65 99 80 82","email":"mairiedesaint-juery@wanadoo.fr","population":"236 habitants","website":"","townhallAdress":"Farret - 12550 - SAINT-JUERY"},{"text":"SAINT JUST SUR VIAUR","href":"./12/saint-just-sur-viaur.html","phone":"05 65 69 22 63","email":"mairie.st_just_sur_viaur@aliceadsl.fr","population":"206 habitants","website":"","townhallAdress":"Le Bourg - 12800 - SAINT-JUST-SUR-VIAUR"},{"text":"SAINT LAURENT DE LEVEZOU","href":"./12/saint-laurent-de-levezou.html","phone":"05 65 61 87 60","email":"mairie-stlaurentdelevezou@wanadoo.fr","population":"161 habitants","website":"","townhallAdress":"Le Bourg - 12620 - SAINT-LAURENT-DE-LEVEZOU"},{"text":"SAINT LAURENT D'OLT","href":"./12/saint-laurent-d-olt.html","phone":"05 65 47 45 26","email":"mairie.saintlaurentdolt@orange.fr","population":"732 habitants","website":"","townhallAdress":"Le Bourg - 12560 - SAINT-LAURENT-D'OLT"},{"text":"SAINT LEONS","href":"./12/saint-leons.html","phone":"05 65 61 86 03","email":"mairie-saintleons@wanadoo.fr","population":"345 habitants","website":"","townhallAdress":"Le Bourg - 12780 - SAINT-LEONS"},{"text":"SAINT MARTIN DE LENNE","href":"./12/saint-martin-de-lenne.html","phone":"05 65 47 45 39","email":"mairie-stmartindelenne2@wanadoo.fr","population":"249 habitants","website":"","townhallAdress":"Le Bourg - 12130 - SAINT-MARTIN-DE-LENNE"},{"text":"SAINT PARTHEM","href":"./12/saint-parthem.html","phone":"05 65 64 05 69","email":"mairie.saint.parthem@wanadoo.fr","population":"442 habitants","website":"","townhallAdress":"Le Bourg - 12300 - SAINT-PARTHEM"},{"text":"SAINT REMY","href":"./12/saint-remy.html","phone":"05 65 81 76 32","email":"saint.remy@wanadoo.fr","population":"322 habitants","website":"","townhallAdress":"Le Bourg - 12200 - SAINT-REMY"},{"text":"SAINT ROME DE CERNON","href":"./12/saint-rome-de-cernon.html","phone":"05 65 62 33 06","email":"st-rome-de-cernon-mairie@wanadoo.fr","population":"778 habitants","website":"","townhallAdress":"Avenue de la Liberté - 12490 - SAINT-ROME-DE-CERNON"},{"text":"SAINT ROME DE TARN","href":"./12/saint-rome-de-tarn.html","phone":"05 65 58 44 00","email":"commune.saintromedetarn@wanadoo.fr","population":"859 habitants","website":"","townhallAdress":"Rue du Château - 12490 - SAINT-ROME-DE-TARN"},{"text":"SAINT SALVADOU","href":"./12/saint-salvadou.html","phone":"05 65 29 83 85","email":"mairie-stsalvadou@orange.fr","population":"423 habitants","website":"","townhallAdress":"Les Places - 12200 - SAINT-SALVADOU"},{"text":"SAINT SANTIN","href":"./12/saint-santin.html","phone":"05 65 64 07 34","email":"mairie-stsantin@wanadoo.fr","population":"588 habitants","website":"","townhallAdress":"Le Bourg - 12300 - SAINT-SANTIN"},{"text":"SAINT SATURNIN DE LENNE","href":"./12/saint-saturnin-de-lenne.html","phone":"05 65 70 41 69","email":"mairie-stsaturnindelenne@wanadoo.fr","population":"361 habitants","website":"","townhallAdress":"Le Bourg - 12560 - SAINT-SATURNIN-DE-LENNE"},{"text":"SAINT SERNIN SUR RANCE","href":"./12/saint-sernin-sur-rance.html","phone":"05 65 99 62 84","email":"mairie@st-sernin.fr","population":"790 habitants","website":"","townhallAdress":"Place de l'Eglise - 12380 - SAINT-SERNIN-SUR-RANCE"},{"text":"SAINT SEVER DU MOUSTIER","href":"./12/saint-sever-du-moustier.html","phone":"05 65 99 91 98","email":"mairie-stsever@numeo.fr","population":"232 habitants","website":"","townhallAdress":"Saint Sever - 12370 - SAINT-SEVER-DU-MOUSTIER"},{"text":"SAINT SYMPHORIEN DE THENIERE","href":"./12/saint-symphorien-de-theniere.html","phone":"05 65 44 30 20","email":"mairie.st-symphorien@luxinet.fr","population":"228 habitants","website":"","townhallAdress":"Le Bourg - 12460 - SAINT-SYMPHORIEN-DE-THENIERE"},{"text":"SAINT VICTOR ET MELVIEU","href":"./12/saint-victor-et-melvieu.html","phone":"05 65 62 51 05","email":"mairie.stvictoretmelvieu@wanadoo.fr","population":"385 habitants","website":"","townhallAdress":"Saint Victor - 12400 - SAINT-VICTOR-ET-MELVIEU"},{"text":"SALLES COURBATIES","href":"./12/salles-courbaties.html","phone":"05 65 81 63 93","email":"mairie.sallescourbaties@wanadoo.fr","population":"405 habitants","website":"","townhallAdress":"Le Bourg - 12260 - SALLES-COURBATIES"},{"text":"SALLES CURAN","href":"./12/salles-curan.html","phone":"05 65 46 35 21","email":"mairie-salles-curan@wanadoo.fr","population":"1096 habitants","website":"","townhallAdress":"Place de la Mairie - 12410 - SALLES-CURAN"},{"text":"SALLES LA SOURCE","href":"./12/salles-la-source.html","phone":"05 65 67 25 52","email":"mairie-salleslasource@wanadoo.fr","population":"2049 habitants","website":"","townhallAdress":"Village - 12330 - SALLES-LA-SOURCE"},{"text":"SALMIECH","href":"./12/salmiech.html","phone":"05 65 46 72 39","email":"mairiesalmiech@orange.fr","population":"718 habitants","website":"","townhallAdress":"Place de la Mairie - 12120 - SALMIECH"},{"text":"SALVAGNAC CAJARC","href":"./12/salvagnac-cajarc.html","phone":"05 65 40 70 69","email":"mairie-salvagnac@wanadoo.fr","population":"397 habitants","website":"","townhallAdress":"Le Bourg - 12260 - SALVAGNAC-CAJARC"},{"text":"SANVENSA","href":"./12/sanvensa.html","phone":"05 65 29 80 65","email":"mairie.sanvensa@wanadoo.fr","population":"619 habitants","website":"","townhallAdress":"Le Bourg - 12200 - SANVENSA"},{"text":"SAUCLIERES","href":"./12/sauclieres.html","phone":"05 65 62 26 77","email":"mairie-sauclieres@wanadoo.fr","population":"196 habitants","website":"","townhallAdress":"Le Bourg - 12230 - SAUCLIERES"},{"text":"SAUJAC","href":"./12/saujac.html","phone":"05 65 81 75 94","email":"","population":"137 habitants","website":"","townhallAdress":"Le Bourg - 12260 - SAUJAC"},{"text":"SAUVETERRE DE ROUERGUE","href":"./12/sauveterre-de-rouergue.html","phone":"05 65 47 05 32","email":"mairiesauveterrerouergue@wanadoo.fr","population":"827 habitants","website":"","townhallAdress":"Le Bourg - 12800 - SAUVETERRE-DE-ROUERGUE"},{"text":"SAVIGNAC","href":"./12/savignac.html","phone":"05 65 45 27 34","email":"mairie-savignac@orange.fr","population":"623 habitants","website":"","townhallAdress":"Le Bourg - 12200 - SAVIGNAC"},{"text":"SEBAZAC CONCOURES","href":"./12/sebazac-concoures.html","phone":"05 65 74 90 42","email":"commune-de-sebazac@wanadoo.fr","population":"3039 habitants","website":"","townhallAdress":"Rue Sales - 12740 - SEBAZAC-CONCOURES"},{"text":"SEBRAZAC","href":"./12/sebrazac.html","phone":"05 65 44 71 04","email":"sebrazac.mairie@wanadoo.fr","population":"523 habitants","website":"","townhallAdress":"Le Bourg - 12190 - SEBRAZAC"},{"text":"SEGUR","href":"./12/segur.html","phone":"05 65 69 65 09","email":"mairie-segur-12@wanadoo.fr","population":"604 habitants","website":"","townhallAdress":"Le Bourg - 12290 - SEGUR"},{"text":"SENERGUES","href":"./12/senergues.html","phone":"05 65 69 85 72","email":"mairie-senergues@wanadoo.fr","population":"511 habitants","website":"","townhallAdress":"Le Bourg - 12320 - SENERGUES"},{"text":"SEVERAC LE CHATEAU","href":"./12/severac-le-chateau.html","phone":"05 65 47 62 63","email":"contact@severaclechateau.fr","population":"2503 habitants","website":"","townhallAdress":"9 rue Douves - 12150 - SEVERAC-LE-CHATEAU"},{"text":"SEVERAC L EGLISE","href":"./12/severac-l-eglise.html","phone":"05 65 69 61 72","email":"sevegl.secr@wanadoo.fr","population":"502 habitants","website":"","townhallAdress":"1 Place de la Mairie - 12310 - SEVERAC-L'EGLISE"},{"text":"SONNAC","href":"./12/sonnac.html","phone":"05 65 49 54 72","email":"mairiesonnac@wanadoo.fr","population":"398 habitants","website":"","townhallAdress":"Le Bourg - 12700 - SONNAC"},{"text":"SOULAGES BONNEVAL","href":"./12/soulages-bonneval.html","phone":"05 65 44 33 42","email":"mairie-soulagesbonneval@orange.fr","population":"281 habitants","website":"","townhallAdress":"Le Bourg - 12210 - SOULAGES-BONNEVAL"},{"text":"SYLVANES","href":"./12/sylvanes.html","phone":"05 65 49 58 09","email":"mairiesylvanes@orange.fr","population":"100 habitants","website":"","townhallAdress":"Le Bourg - 12360 - SYLVANES"},{"text":"TAURIAC DE CAMARES","href":"./12/tauriac-de-camares.html","phone":"05 65 49 54 72","email":"tauriacdecamares2@wanadoo.fr","population":"61 habitants","website":"","townhallAdress":"Le Bourg - 12360 - TAURIAC-DE-CAMARES"},{"text":"TAURIAC DE NAUCELLE","href":"./12/tauriac-de-naucelle.html","phone":"05 65 47 06 26","email":"mairiedetauriacdenaucelle@hotmail.fr","population":"395 habitants","website":"","townhallAdress":"Saint Martial - 12800 - TAURIAC-DE-NAUCELLE"},{"text":"TAUSSAC","href":"./12/taussac.html","phone":"05 65 66 02 45","email":"mairie.taussac@wanadoo.fr","population":"476 habitants","website":"","townhallAdress":"Le Bourg - 12600 - TAUSSAC"},{"text":"TAYRAC","href":"./12/tayrac.html","phone":"05 65 81 84 62","email":"tayrac.mairie@wanadoo.fr","population":"180 habitants","website":"","townhallAdress":"Le Bourg - 12440 - TAYRAC"},{"text":"THERONDELS","href":"./12/therondels.html","phone":"05 65 66 02 62","email":"mairiedetherondels@wanadoo.fr","population":"497 habitants","website":"","townhallAdress":"Le Bourg - 12600 - THERONDELS"},{"text":"TOULONJAC","href":"./12/toulonjac.html","phone":"05 65 45 11 97","email":"toulonjac@wanadoo.fr","population":"719 habitants","website":"","townhallAdress":"Le Bourg - 12200 - TOULONJAC"},{"text":"TOURNEMIRE","href":"./12/tournemire.html","phone":"05 65 59 90 86","email":"mairie-tournemire@wanadoo.fr","population":"471 habitants","website":"","townhallAdress":"Avenue Hippolyte Puech - 12250 - TOURNEMIRE"},{"text":"TREMOUILLES","href":"./12/tremouilles.html","phone":"05 65 74 10 76","email":"mairie-tremouilles@wanadoo.fr","population":"544 habitants","website":"","townhallAdress":"Le Bourg - 12290 - TREMOUILLES"},{"text":"VABRES L'ABBAYE","href":"./12/vabres-l-abbaye.html","phone":"05 65 99 08 57","email":"mairie-de-vabres-labbaye@wanadoo.fr","population":"1145 habitants","website":"","townhallAdress":"Le Bourg - 12400 - VABRES-L'ABBAYE"},{"text":"VABRE TIZAC","href":"./12/vabre-tizac.html","phone":"05 65 81 82 67","email":"mairie-vabre-tizac@wanadoo.fr","population":"443 habitants","website":"","townhallAdress":"Le Bourg - 12240 - VABRE-TIZAC"},{"text":"VAILHOURLES","href":"./12/vailhourles.html","phone":"05 65 29 54 09","email":"mairie.vailhourles@wanadoo.fr","population":"624 habitants","website":"","townhallAdress":"Le Bourg - 12200 - VAILHOURLES"},{"text":"VALADY","href":"./12/valady.html","phone":"05 65 72 71 48","email":"valady.mairie@wanadoo.fr","population":"1450 habitants","website":"","townhallAdress":"Grand'Rue - 12330 - VALADY"},{"text":"VALZERGUES","href":"./12/valzergues.html","phone":"05 65 64 90 80","email":"mairievalzergues@orange.fr","population":"223 habitants","website":"","townhallAdress":"Le Bourg - 12220 - VALZERGUES"},{"text":"VAUREILLES","href":"./12/vaureilles.html","phone":"05 65 80 61 18","email":"mairie-vaureilles@wanadoo.fr","population":"533 habitants","website":"","townhallAdress":"Le Bourg - 12220 - VAUREILLES"},{"text":"VERRIERES","href":"./12/verrieres.html","phone":"05 65 59 71 52","email":"mairie-verrieres12@wanadoo.fr","population":"384 habitants","website":"","townhallAdress":"Le Bourg - 12520 - VERRIERES"},{"text":"VERSOLS ET LAPEYRE","href":"./12/versols-et-lapeyre.html","phone":"05 65 99 14 50","email":"mairie_versols@hotmail.com","population":"445 habitants","website":"","townhallAdress":"Versols - 12400 - VERSOLS-ET-LAPEYRE"},{"text":"VEYREAU","href":"./12/veyreau.html","phone":"05 65 62 83 78","email":"mairiedeveyreau@wanadoo.fr","population":"124 habitants","website":"","townhallAdress":"Le Bourg - 12720 - VEYREAU"},{"text":"VEZINS DE LEVEZOU","href":"./12/vezins-de-levezou.html","phone":"05 65 61 87 09","email":"mairie-vezinsdelevezou@wanadoo.fr","population":"655 habitants","website":"","townhallAdress":"Le Bourg - 12780 - VEZINS-DE-LEVEZOU"},{"text":"VIALA DU PAS DE JAUX","href":"./12/viala-du-pas-de-jaux.html","phone":"05 65 59 95 83","email":"mairiepasdejaux@wanadoo.fr","population":"104 habitants","website":"","townhallAdress":"Le Bourg - 12250 - VIALA-DU-PAS-DE-JAUX"},{"text":"VIALA DU TARN","href":"./12/viala-du-tarn.html","phone":"05 65 62 52 37","email":"mairie.vialadutarn@wanadoo.fr","population":"558 habitants","website":"","townhallAdress":"Rue de la Mairie - 12490 - VIALA-DU-TARN"},{"text":"VILLECOMTAL","href":"./12/villecomtal.html","phone":"05 65 44 60 21","email":"mairie@villecomtal.fr","population":"448 habitants","website":"","townhallAdress":"1 Place Jean XXIII - 12580 - VILLECOMTAL"},{"text":"VILLEFRANCHE DE PANAT","href":"./12/villefranche-de-panat.html","phone":"05 65 46 58 08","email":"mairie-villef-panat@wanadoo.fr","population":"801 habitants","website":"","townhallAdress":"1 Avenue Lévézou - 12430 - VILLEFRANCHE-DE-PANAT"},{"text":"VILLEFRANCHE DE ROUERGUE","href":"./12/villefranche-de-rouergue.html","phone":"05 65 65 16 20","email":"mairie@villefranchederouergue.fr","population":"12673 habitants","website":"","townhallAdress":"Promenade Guiraudet - 12200 - VILLEFRANCHE-DE-ROUERGUE"},{"text":"VILLENEUVE","href":"./12/villeneuve.html","phone":"05 65 81 60 38","email":"Villeneuve-daveyron.mairie@wanadoo.fr","population":"2024 habitants","website":"","townhallAdress":"Place Conques - 12260 - VILLENEUVE"},{"text":"VIMENET","href":"./12/vimenet.html","phone":"05 65 69 65 91","email":"mairie-vimenet@wanadoo.fr","population":"267 habitants","website":"","townhallAdress":"Le Bourg - 12310 - VIMENET"},{"text":"VITRAC EN VIADENE","href":"./12/vitrac-en-viadene.html","phone":"05 65 48 44 29","email":"mairie-vitracviadene@wanadoo.fr","population":"118 habitants","website":"","townhallAdress":"Le Bourg - 12420 - VITRAC-EN-VIADENE"},{"text":"VIVIEZ","href":"./12/viviez.html","phone":"05 65 43 12 06","email":"mairie-viviez@wanadoo.fr","population":"1462 habitants","website":"","townhallAdress":"Avenue Paul Ramadier - 12110 - VIVIEZ"}]}