{"text":"16 | Charente","href":"charente.html","townships":[{"text":"ABZAC","href":"./16/abzac.html","phone":"05 45 89 40 21","email":"mairie-abzac@orange.fr","population":"524 habitants","website":"","townhallAdress":"Le Bourg - 16500 - ABZAC"},{"text":"AGRIS","href":"./16/agris.html","phone":"05 45 63 93 68","email":"mairie.agris@wanadoo.fr","population":"817 habitants","website":"","townhallAdress":"Le Bourg - 16110 - AGRIS"},{"text":"AIGNES ET PUYPEROUX","href":"./16/aignes-et-puyperoux.html","phone":"05 45 60 20 94","email":"mairie.aignes@wanadoo.fr","population":"309 habitants","website":"","townhallAdress":"Le Bourg - 16190 - AIGNES-ET-PUYPEROUX"},{"text":"AIGRE","href":"./16/aigre.html","phone":"05 45 21 10 56","email":"mairie-aigre@wanadoo.fr","population":"1137 habitants","website":"","townhallAdress":"2 rue de l'Hôtel de Ville - 16140 - AIGRE"},{"text":"ALLOUE","href":"./16/alloue.html","phone":"05 45 31 81 34","email":"mairiedalloue@orange.fr","population":"518 habitants","website":"","townhallAdress":"Le Bourg - 16490 - ALLOUE"},{"text":"AMBERAC","href":"./16/amberac.html","phone":"05 45 21 13 65","email":"mairie.amberac@orange.fr","population":"318 habitants","website":"","townhallAdress":"Le Bourg - 16140 - AMBERAC"},{"text":"AMBERNAC","href":"./16/ambernac.html","phone":"05 45 85 92 64","email":"mairie-ambernac@wanadoo.fr","population":"395 habitants","website":"","townhallAdress":"Le Bourg - 16490 - AMBERNAC"},{"text":"AMBLEVILLE","href":"./16/ambleville.html","phone":"05 45 80 54 71","email":"ambleville16.mairie@wanadoo.fr","population":"190 habitants","website":"","townhallAdress":"Le Château - 16300 - AMBLEVILLE"},{"text":"ANAIS","href":"./16/anais.html","phone":"05 45 20 61 84","email":"mairieanais@wanadoo.fr","population":"549 habitants","website":"","townhallAdress":"Le Bourg - 16560 - ANAIS"},{"text":"ANGEAC CHAMPAGNE","href":"./16/angeac-champagne.html","phone":"05 45 83 74 42","email":"mairie.angeacchampagne@wanadoo.fr","population":"510 habitants","website":"","townhallAdress":"Le Bourg - 16130 - ANGEAC-CHAMPAGNE"},{"text":"ANGEAC CHARENTE","href":"./16/angeac-charente.html","phone":"05 45 97 02 67","email":"mairie-angeac-charente@orange.fr","population":"388 habitants","website":"","townhallAdress":"Le Bourg - 16120 - ANGEAC-CHARENTE"},{"text":"ANGEDUC","href":"./16/angeduc.html","phone":"05 45 78 09 27","email":"mairie-angeduc@wanadoo.fr","population":"109 habitants","website":"","townhallAdress":"Le Bourg - 16300 - ANGEDUC"},{"text":"ANGOULEME","href":"./16/angouleme.html","phone":"05 45 38 70 00","email":"angouleme@mairie-angouleme.fr","population":"45686 habitants","website":"","townhallAdress":"Place de l'Hôtel de Ville - 16000 - ANGOULEME"},{"text":"ANSAC SUR VIENNE","href":"./16/ansac-sur-vienne.html","phone":"05 45 84 12 82","email":"mairie.ansac@wanadoo.fr","population":"846 habitants","website":"","townhallAdress":"Le Bourg - 16500 - ANSAC-SUR-VIENNE"},{"text":"ANVILLE","href":"./16/anville.html","phone":"05 45 21 60 84","email":"","population":"191 habitants","website":"","townhallAdress":"La Cabane - 16170 - ANVILLE"},{"text":"ARS","href":"./16/ars.html","phone":"05 45 82 42 09","email":"mairie-ars-16@wanadoo.fr","population":"748 habitants","website":"","townhallAdress":"Place de la Mairie - 16130 - ARS"},{"text":"ASNIERES SUR NOUERE","href":"./16/asnieres-sur-nouere.html","phone":"05 45 96 91 74","email":"mairie@asnieres-sur-nouere.fr","population":"1118 habitants","website":"","townhallAdress":"Le Bourg - 16290 - ASNIERES-SUR-NOUERE"},{"text":"AUBETERRE SUR DRONNE","href":"./16/aubeterre-sur-dronne.html","phone":"05 45 98 50 33","email":"mairie.aubeterre-sur-dronne@wanadoo.fr","population":"436 habitants","website":"","townhallAdress":"Place Ludovic Trarieux - 16390 - AUBETERRE-SUR-DRONNE"},{"text":"AUBEVILLE","href":"./16/aubeville.html","phone":"05 45 64 07 09","email":"mairie.aubeville@wanadoo.fr","population":"141 habitants","website":"","townhallAdress":"La Croix Blanche - 16250 - AUBEVILLE"},{"text":"AUGE SAINT MEDARD","href":"./16/auge-saint-medard.html","phone":"05 45 21 61 43","email":"mairie.auge-stmedard@wanadoo.fr","population":"334 habitants","website":"","townhallAdress":"Le Bourg - 16170 - AUGE-SAINT-MEDARD"},{"text":"AUNAC","href":"./16/aunac.html","phone":"05 45 22 24 38","email":"mairie.aunac@wanadoo.fr","population":"352 habitants","website":"","townhallAdress":"1 Place de la Mairie - 16460 - AUNAC"},{"text":"AUSSAC VADALLE","href":"./16/aussac-vadalle.html","phone":"05 45 20 61 60","email":"aussac.vadalle@wanadoo.fr","population":"419 habitants","website":"","townhallAdress":"Vadalle - 16560 - AUSSAC-VADALLE"},{"text":"BAIGNES SAINTE RADEGONDE","href":"./16/baignes-sainte-radegonde.html","phone":"05 45 78 40 04","email":"baignes.charente@wanadoo.fr","population":"1306 habitants","website":"","townhallAdress":"Rue Général de Gaulle - 16360 - BAIGNES-SAINTE-RADEGONDE"},{"text":"BALZAC","href":"./16/balzac.html","phone":"05 45 68 42 69","email":"mairie@balzac.fr","population":"1300 habitants","website":"","townhallAdress":"Place Jean Louis Guez De Balzac - 16430 - BALZAC"},{"text":"BARBEZIERES","href":"./16/barbezieres.html","phone":"05 45 21 00 62","email":"barbezieres@wanadoo.fr","population":"131 habitants","website":"","townhallAdress":"Le Bourg - 16140 - BARBEZIERES"},{"text":"BARBEZIEUX SAINT HILAIRE","href":"./16/barbezieux-saint-hilaire.html","phone":"05 45 78 20 22","email":"secretariat@mairie-barbezieux.fr","population":"4826 habitants","website":"","townhallAdress":"26 rue Marcel Jambon - 16300 - BARBEZIEUX-SAINT-HILAIRE"},{"text":"BARDENAC","href":"./16/bardenac.html","phone":"05 45 98 02 17","email":"mairiedebardenac@wanadoo.fr","population":"244 habitants","website":"","townhallAdress":"Le Bourg - 16210 - BARDENAC"},{"text":"BARRET","href":"./16/barret.html","phone":"05 45 78 06 03","email":"mairie.barret@wanadoo.fr","population":"925 habitants","website":"","townhallAdress":"Le Bourg - 16300 - BARRET"},{"text":"BARRO","href":"./16/barro.html","phone":"05 45 31 45 25","email":"mairie-barro@wanadoo.fr","population":"353 habitants","website":"","townhallAdress":"Le Bourg - 16700 - BARRO"},{"text":"BASSAC","href":"./16/bassac.html","phone":"0545819472","email":"maire@mairie-bassac.cegeteldsl.com","population":"540 habitants","website":"","townhallAdress":"10espace marcilhacy - 16120 - BASSAC"},{"text":"BAYERS","href":"./16/bayers.html","phone":"05 45 22 52 84","email":"communedebayers@wanadoo.fr","population":"126 habitants","website":"","townhallAdress":"Le Bourg - 16460 - BAYERS"},{"text":"BAZAC","href":"./16/bazac.html","phone":"05 45 98 03 41","email":"bazac.mairie@wanadoo.fr","population":"178 habitants","website":"","townhallAdress":"Le Bourg - 16210 - BAZAC"},{"text":"BEAULIEU SUR SONNETTE","href":"./16/beaulieu-sur-sonnette.html","phone":"05 45 85 70 45","email":"","population":"291 habitants","website":"","townhallAdress":"Le Bourg - 16450 - BEAULIEU-SUR-SONNETTE"},{"text":"BECHERESSE","href":"./16/becheresse.html","phone":"05 45 24 81 22","email":"mairiedebecheresse@wanadoo.fr","population":"237 habitants","website":"","townhallAdress":"Mairie Le Bourg - 16250 - BECHERESSE"},{"text":"BELLON","href":"./16/bellon.html","phone":"05 45 98 17 21","email":"mairie.bellon@wanadoo.fr","population":"184 habitants","website":"","townhallAdress":"Le Bourg - 16210 - BELLON"},{"text":"BENEST","href":"./16/benest.html","phone":"05 45 31 80 39","email":"mairie-benest@wanadoo.fr","population":"368 habitants","website":"","townhallAdress":"Le Bourg - 16350 - BENEST"},{"text":"BERNAC","href":"./16/bernac.html","phone":"05 45 31 14 80","email":"mairie.bernac16@orange.fr","population":"427 habitants","website":"","townhallAdress":"Mouchedune - 16700 - BERNAC"},{"text":"BERNEUIL","href":"./16/berneuil.html","phone":"05 45 78 55 52","email":"mairie.berneuil@wanadoo.fr","population":"335 habitants","website":"","townhallAdress":"Le Bourg - 16480 - BERNEUIL"},{"text":"BESSAC","href":"./16/bessac.html","phone":"05 45 64 06 96","email":"mairie.bessac@wanadoo.fr","population":"128 habitants","website":"","townhallAdress":"Le Bourg - 16250 - BESSAC"},{"text":"BESSE","href":"./16/besse.html","phone":"05 45 31 72 95","email":"communebesse@wanadoo.fr","population":"154 habitants","website":"","townhallAdress":"Le Bourg - 16140 - BESSE"},{"text":"BIGNAC","href":"./16/bignac.html","phone":"05 45 21 50 52","email":"mairiebignac@wanadoo.fr","population":"227 habitants","website":"","townhallAdress":"Belveder - 16170 - BIGNAC"},{"text":"BIOUSSAC","href":"./16/bioussac.html","phone":"05 45 31 30 60","email":"mairie.bioussac@wanadoo.fr","population":"234 habitants","website":"","townhallAdress":"Le Bourg - 16700 - BIOUSSAC"},{"text":"BIRAC","href":"./16/birac.html","phone":"05 45 97 10 91","email":"mairie.birac16@wanadoo.fr","population":"251 habitants","website":"","townhallAdress":"Le Bourg - 16120 - BIRAC"},{"text":"BLANZAC PORCHERESSE","href":"./16/blanzac-porcheresse.html","phone":"05 45 64 03 77","email":"mairie-blanzac@wanadoo.fr","population":"847 habitants","website":"","townhallAdress":"2 Route Villebois Lavalette - 16250 - BLANZAC-PORCHERESSE"},{"text":"BLANZAGUET SAINT CYBARD","href":"./16/blanzaguet-saint-cybard.html","phone":"05 45 64 98 56","email":"blanzaguet.mairie@wanadoo.fr","population":"242 habitants","website":"","townhallAdress":"Le Bourg - 16320 - BLANZAGUET-SAINT-CYBARD"},{"text":"BOISBRETEAU","href":"./16/boisbreteau.html","phone":"05 45 98 72 83","email":"mairie-boisbreteau@wanadoo.fr","population":"124 habitants","website":"","townhallAdress":"Le Bourg - 16480 - BOISBRETEAU"},{"text":"BONNES","href":"./16/bonnes.html","phone":"05 45 98 51 74","email":"mairiebonnes@wanadoo.fr","population":"357 habitants","website":"","townhallAdress":"Le Bourg - 16390 - BONNES"},{"text":"BONNEUIL","href":"./16/bonneuil.html","phone":"05 45 97 50 25","email":"mairie.bonneuil@wanadoo.fr","population":"248 habitants","website":"","townhallAdress":"Le Bourg - 16120 - BONNEUIL"},{"text":"BONNEVILLE","href":"./16/bonneville.html","phone":"05 45 21 61 62","email":"mairie.bonneville@wanadoo.fr","population":"161 habitants","website":"","townhallAdress":"Patreville - 16170 - BONNEVILLE"},{"text":"BORS DE BAIGNES","href":"./16/bors-de-baignes.html","phone":"05 45 78 41 41","email":"mairie-bors-de-b@wanadoo.fr","population":"132 habitants","website":"","townhallAdress":"Le Bourg - 16360 - BORS-DE-BAIGNES"},{"text":"BORS DE MONTMOREAU","href":"./16/bors-de-montmoreau.html","phone":"05 45 60 22 63","email":"mairie.borsdemontmoreau@wanadoo.fr","population":"270 habitants","website":"","townhallAdress":"Le Bourg - 16190 - BORS-DE-MONTMOREAU"},{"text":"BOUEX","href":"./16/bouex.html","phone":"05 45 24 91 14","email":"mairiedebouex@wanadoo.fr","population":"915 habitants","website":"","townhallAdress":"Le Bourg - 16410 - BOUEX"},{"text":"BOURG CHARENTE","href":"./16/bourg-charente.html","phone":"05 45 81 30 25","email":"mairie-bourg-chte@wanadoo.fr","population":"729 habitants","website":"","townhallAdress":"Chez Maillocheau - 16200 - BOURG-CHARENTE"},{"text":"BOUTEVILLE","href":"./16/bouteville.html","phone":"05 45 97 51 65","email":"mairie.bouteville@wanadoo.fr","population":"346 habitants","website":"","townhallAdress":"Grand'Rue - 16120 - BOUTEVILLE"},{"text":"BOUTIERS SAINT TROJAN","href":"./16/boutiers-saint-trojan.html","phone":"05 45 32 12 60","email":"mairiebst@alsatis.net","population":"1367 habitants","website":"","townhallAdress":"2 Place de l'Eglise - 16100 - BOUTIERS-SAINT-TROJAN"},{"text":"BRETTES","href":"./16/brettes.html","phone":"05 45 31 75 28","email":"mairie.brettes@wanadoo.fr","population":"193 habitants","website":"","townhallAdress":"Le Bourg - 16240 - BRETTES"},{"text":"BREVILLE","href":"./16/breville.html","phone":"05 45 80 86 34","email":"mairie@breville.org","population":"519 habitants","website":"","townhallAdress":"Le Bourg - 16370 - BREVILLE"},{"text":"BRIE","href":"./16/brie.html","phone":"05 45 69 96 89","email":"mairie.brie@wanadoo.fr","population":"3743 habitants","website":"","townhallAdress":"Le Bourg - 16590 - BRIE"},{"text":"BRIE SOUS BARBEZIEUX","href":"./16/brie-sous-barbezieux.html","phone":"05 45 78 07 07","email":"mairie-brie-sous-barbezieux@wanadoo.fr","population":"115 habitants","website":"","townhallAdress":"Les Fleuriottes - 16300 - BRIE-SOUS-BARBEZIEUX"},{"text":"BRIE SOUS CHALAIS","href":"./16/brie-sous-chalais.html","phone":"05 45 98 28 07","email":"mairiedebriesouschalais@wanadoo.fr","population":"171 habitants","website":"","townhallAdress":"Le Bourg - 16210 - BRIE-SOUS-CHALAIS"},{"text":"BRIGUEUIL","href":"./16/brigueuil.html","phone":"05 45 71 00 33","email":"mairie.brigueuil.16@wanadoo.fr","population":"1060 habitants","website":"","townhallAdress":"Place de la Liberté - 16420 - BRIGUEUIL"},{"text":"BRILLAC","href":"./16/brillac.html","phone":"05 45 89 41 69","email":"mairie-brillac@wanadoo.fr","population":"649 habitants","website":"","townhallAdress":"Le Bourg - 16500 - BRILLAC"},{"text":"BROSSAC","href":"./16/brossac.html","phone":"05 45 98 70 14","email":"mairie.brossac@wanadoo.fr","population":"569 habitants","website":"","townhallAdress":"Rue Charles Rougier - 16480 - BROSSAC"},{"text":"BUNZAC","href":"./16/bunzac.html","phone":"05 45 70 35 13","email":"mairie.bunzac@wanadoo.fr","population":"473 habitants","website":"","townhallAdress":"Le Bourg - 16110 - BUNZAC"},{"text":"CELLEFROUIN","href":"./16/cellefrouin.html","phone":"05 45 85 70 78","email":"mairiecellefrouin@wanadoo.fr","population":"519 habitants","website":"","townhallAdress":"Le Bourg - 16260 - CELLEFROUIN"},{"text":"CELLETTES","href":"./16/cellettes.html","phone":"05 45 22 28 54","email":"cellettes.mairie@wanadoo.fr","population":"460 habitants","website":"","townhallAdress":"Le Bourg - 16230 - CELLETTES"},{"text":"CHABANAIS","href":"./16/chabanais.html","phone":"05 45 89 03 99","email":"mairie-chabanais@wanadoo.fr","population":"1917 habitants","website":"","townhallAdress":"1 rue François Faubert - 16150 - CHABANAIS"},{"text":"CHABRAC","href":"./16/chabrac.html","phone":"05 45 85 52 33","email":"chabrac.cne@wanadoo.fr","population":"506 habitants","website":"","townhallAdress":"Le Bourg - 16150 - CHABRAC"},{"text":"CHADURIE","href":"./16/chadurie.html","phone":"05 45 24 80 18","email":"mairie.chadurie@wanadoo.fr","population":"529 habitants","website":"","townhallAdress":"Le Bourg - 16250 - CHADURIE"},{"text":"CHALAIS","href":"./16/chalais.html","phone":"05 45 98 10 33","email":"contact@chalais.net","population":"2090 habitants","website":"","townhallAdress":"Place de l'Hôtel de Ville - 16210 - CHALAIS"},{"text":"CHALLIGNAC","href":"./16/challignac.html","phone":"05 45 78 52 24","email":"mairie.challignac@wanadoo.fr","population":"310 habitants","website":"","townhallAdress":"Le Bourg - 16300 - CHALLIGNAC"},{"text":"CHAMPAGNE MOUTON","href":"./16/champagne-mouton.html","phone":"05 45 31 80 48","email":"mairie-champagne@wanadoo.fr","population":"1003 habitants","website":"","townhallAdress":"6 Place de l'Eglise - 16350 - CHAMPAGNE-MOUTON"},{"text":"CHAMPAGNE VIGNY","href":"./16/champagne-vigny.html","phone":"05 45 64 10 77","email":"mairie.champagne-vigny@wanadoo.fr","population":"202 habitants","website":"","townhallAdress":"Le Bourg - 16250 - CHAMPAGNE-VIGNY"},{"text":"CHAMPMILLON","href":"./16/champmillon.html","phone":"05 45 96 91 06","email":"mairie.champmillon@wanadoo.fr","population":"547 habitants","website":"","townhallAdress":"Le Bourg - 16290 - CHAMPMILLON"},{"text":"CHAMPNIERS","href":"./16/champniers.html","phone":"05 45 69 88 98","email":"courrier@champniers.fr","population":"5145 habitants","website":"","townhallAdress":"Le Bourg - 16430 - CHAMPNIERS"},{"text":"CHANTILLAC","href":"./16/chantillac.html","phone":"05 45 78 41 34","email":"mairie.chantillac@wanadoo.fr","population":"280 habitants","website":"","townhallAdress":"Les Marthes - 16360 - CHANTILLAC"},{"text":"CHARMANT","href":"./16/charmant.html","phone":"05 45 24 80 77","email":"commune-charmant@wanadoo.fr","population":"335 habitants","website":"","townhallAdress":"Le Bourg - 16320 - CHARMANT"},{"text":"CHARME","href":"./16/charme.html","phone":"05 45 31 41 61","email":"mairiedecharme@orange.fr","population":"394 habitants","website":"","townhallAdress":"Le Bourg - 16140 - CHARME"},{"text":"CHARRAS","href":"./16/charras.html","phone":"05 45 23 01 41","email":"secretariat@mairie-charras.fr","population":"323 habitants","website":"","townhallAdress":"Le Bourg - 16380 - CHARRAS"},{"text":"CHASSENEUIL SUR BONNIEURE","href":"./16/chasseneuil-sur-bonnieure.html","phone":"05 45 39 55 36","email":"mairie.chasseneuil@wanadoo.fr","population":"3167 habitants","website":"","townhallAdress":"86 Avenue de la République - 16260 - CHASSENEUIL-SUR-BONNIEURE"},{"text":"CHASSENON","href":"./16/chassenon.html","phone":"05 45 89 24 64","email":"mairie.chassenon@wanadoo.fr","population":"918 habitants","website":"","townhallAdress":"Le Bourg - 16150 - CHASSENON"},{"text":"CHASSIECQ","href":"./16/chassiecq.html","phone":"05 45 31 94 20","email":"mairie-chassiecq@wanadoo.fr","population":"168 habitants","website":"","townhallAdress":"Le Bourg - 16350 - CHASSIECQ"},{"text":"CHASSORS","href":"./16/chassors.html","phone":"05 45 81 06 63","email":"mairie.chassors@wanadoo.fr","population":"1120 habitants","website":"","townhallAdress":"Les Six Chemins - 16200 - CHASSORS"},{"text":"CHATEAUBERNARD","href":"./16/chateaubernard.html","phone":"05 45 32 32 51","email":"mairie.chateaubernard@wanadoo.fr","population":"3992 habitants","website":"","townhallAdress":"2 rue de la Commanderie - 16100 - CHATEAUBERNARD"},{"text":"CHATEAUNEUF SUR CHARENTE","href":"./16/chateauneuf-sur-charente.html","phone":"05 45 97 12 42","email":"ville.de.chateauneuf.16@wanadoo.fr","population":"3504 habitants","website":"","townhallAdress":"Place de la Liberté - 16120 - CHATEAUNEUF-SUR-CHARENTE"},{"text":"CHATIGNAC","href":"./16/chatignac.html","phone":"05 45 98 77 23","email":"mairie.chatignac@wanadoo.fr","population":"207 habitants","website":"","townhallAdress":"Le Bourg - 16480 - CHATIGNAC"},{"text":"CHAVENAT","href":"./16/chavenat.html","phone":"05 45 60 21 99","email":"mairie-de-chavenat@alsatis.net","population":"214 habitants","website":"","townhallAdress":"Le Bourg - 16320 - CHAVENAT"},{"text":"CHAZELLES","href":"./16/chazelles.html","phone":"05 45 70 33 08","email":"mairie@chazelles-sur-lyon.fr","population":"1554 habitants","website":"","townhallAdress":"Le Bourg - 16380 - CHAZELLES"},{"text":"CHENOMMET","href":"./16/chenommet.html","phone":"05 45 22 51 01","email":"mairie.chenommet@wanadoo.fr","population":"145 habitants","website":"","townhallAdress":"Le Bourg - 16460 - CHENOMMET"},{"text":"CHENON","href":"./16/chenon.html","phone":"05 45 22 52 77","email":"mairiedechenon@wanadoo.fr","population":"163 habitants","website":"","townhallAdress":"Les Geais - 16460 - CHENON"},{"text":"CHERVES CHATELARS","href":"./16/cherves-chatelars.html","phone":"05 45 65 04 34","email":"mairie.cherves.chatelars@wanadoo.fr","population":"437 habitants","website":"","townhallAdress":"Le Bourg - 16310 - CHERVES-CHATELARS"},{"text":"CHERVES RICHEMONT","href":"./16/cherves-richemont.html","phone":"05 45 83 25 69","email":"com.cherves-richt@wanadoo.fr","population":"2518 habitants","website":"","townhallAdress":"Place du Champ de Foire - 16370 - CHERVES-RICHEMONT"},{"text":"CHILLAC","href":"./16/chillac.html","phone":"05 45 98 77 91","email":"mairie.chillac@wanadoo.fr","population":"199 habitants","website":"","townhallAdress":"Le Bourg - 16480 - CHILLAC"},{"text":"CHIRAC","href":"./16/chirac.html","phone":"05 45 84 15 19","email":"mairie.chirac@wanadoo.fr","population":"716 habitants","website":"","townhallAdress":"Le Bourg - 16150 - CHIRAC"},{"text":"CLAIX","href":"./16/claix.html","phone":"05 45 66 31 47","email":"mairie.de.claix@wanadoo.fr","population":"898 habitants","website":"","townhallAdress":"Bois Gounerie - 16440 - CLAIX"},{"text":"COGNAC","href":"./16/cognac.html","phone":"05 45 36 55 36","email":"mairie@ville-cognac.fr","population":"19857 habitants","website":"","townhallAdress":"68 boulevard Denfert Rochereau - 16100 - COGNAC"},{"text":"COMBIERS","href":"./16/combiers.html","phone":"05 45 23 04 08","email":"mairiedecombiers@wanadoo.fr","population":"118 habitants","website":"","townhallAdress":"Le Bourg - 16320 - COMBIERS"},{"text":"CONDAC","href":"./16/condac.html","phone":"05 45 31 15 02","email":"mairie-condac@wanadoo.fr","population":"487 habitants","website":"","townhallAdress":"Le Bourg - 16700 - CONDAC"},{"text":"CONDEON","href":"./16/condeon.html","phone":"05 45 78 55 07","email":"mairie.condeon@wanadoo.fr","population":"566 habitants","website":"","townhallAdress":"Le Bourg - 16360 - CONDEON"},{"text":"CONFOLENS","href":"./16/confolens.html","phone":"05 45 84 01 97","email":"mairie-confolens@wanadoo.fr","population":"3005 habitants","website":"","townhallAdress":"Place de l'Hôtel de Ville - 16500 - CONFOLENS"},{"text":"COULGENS","href":"./16/coulgens.html","phone":"05 45 63 90 62","email":"mairie@coulgens.fr","population":"512 habitants","website":"","townhallAdress":"Rue du Docteur Louis Ferrand - 16560 - COULGENS"},{"text":"COULONGES","href":"./16/coulonges.html","phone":"05 45 39 85 69","email":"mairie.coulonges@wanadoo.fr","population":"153 habitants","website":"","townhallAdress":"Le Bourg - 16330 - COULONGES"},{"text":"COURBILLAC","href":"./16/courbillac.html","phone":"05 45 21 74 21","email":"communedecourbillac@orange.fr","population":"587 habitants","website":"","townhallAdress":"Le Bourg - 16200 - COURBILLAC"},{"text":"COURCOME","href":"./16/courcome.html","phone":"05 45 31 01 68","email":"mairiedecourcome@wanadoo.fr","population":"437 habitants","website":"","townhallAdress":"Le Bourg - 16240 - COURCOME"},{"text":"COURGEAC","href":"./16/courgeac.html","phone":"05 45 60 26 44","email":"mairie.courgeac@wanadoo.fr","population":"198 habitants","website":"","townhallAdress":"Chez Chartier - 16190 - COURGEAC"},{"text":"COURLAC","href":"./16/courlac.html","phone":"05 45 98 09 56","email":"mairiedecourlac@wanadoo.fr","population":"67 habitants","website":"","townhallAdress":"Chez Blanchet - 16210 - COURLAC"},{"text":"COUTURE","href":"./16/couture.html","phone":"05 45 22 52 55","email":"mairie.couture16@wanadoo.fr","population":"162 habitants","website":"","townhallAdress":"Le Bourg - 16460 - COUTURE"},{"text":"CRESSAC SAINT GENIS","href":"./16/cressac-saint-genis.html","phone":"05 45 64 04 50","email":"mairie.cressacsaintgenis@wanadoo.fr","population":"154 habitants","website":"","townhallAdress":"Le Bourg - 16250 - CRESSAC-SAINT-GENIS"},{"text":"CRITEUIL LA MAGDELEINE","href":"./16/criteuil-la-magdeleine.html","phone":"05 45 80 54 17","email":"mairie.criteuil-la-magdeleine@wanadoo.fr","population":"441 habitants","website":"","townhallAdress":"Le Bourg - 16300 - CRITEUIL-LA-MAGDELEINE"},{"text":"CURAC","href":"./16/curac.html","phone":"05 45 98 26 31","email":"mairie.curac@wanadoo.fr","population":"126 habitants","website":"","townhallAdress":"Vigne du Gué - 16210 - CURAC"},{"text":"DEVIAT","href":"./16/deviat.html","phone":"05 45 64 06 74","email":"mairie.deviat@wanadoo.fr","population":"169 habitants","website":"","townhallAdress":"Le Bourg - 16190 - DEVIAT"},{"text":"DIGNAC","href":"./16/dignac.html","phone":"05 45 24 50 35","email":"mairie.dignac@wanadoo.fr","population":"1348 habitants","website":"","townhallAdress":"1 Place du Champ de Foire - 16410 - DIGNAC"},{"text":"DIRAC","href":"./16/dirac.html","phone":"05 45 60 61 69","email":"mairie@mairie-dirac.fr","population":"1463 habitants","website":"","townhallAdress":"Rue du Bourg - 16410 - DIRAC"},{"text":"DOUZAT","href":"./16/douzat.html","phone":"05 45 96 40 41","email":"mairiedouzat@wanadoo.fr","population":"360 habitants","website":"","townhallAdress":"Le Bourg - 16290 - DOUZAT"},{"text":"EBREON","href":"./16/ebreon.html","phone":"05 45 21 12 35","email":"mairieebreon@wanadoo.fr","population":"160 habitants","website":"","townhallAdress":"Le Bourg - 16140 - EBREON"},{"text":"ECHALLAT","href":"./16/echallat.html","phone":"05 45 96 92 60","email":"mairie.echallat@wanadoo.fr","population":"463 habitants","website":"","townhallAdress":"Rue des Ecoles - 16170 - ECHALLAT"},{"text":"ECURAS","href":"./16/ecuras.html","phone":"05 45 23 20 08","email":"mairie.ecuras@wanadoo.fr","population":"662 habitants","website":"","townhallAdress":"Le Bourg - 16220 - ECURAS"},{"text":"EDON","href":"./16/edon.html","phone":"05 45 64 95 18","email":"mairie.edon@wanadoo.fr","population":"270 habitants","website":"","townhallAdress":"Le Bourg - 16320 - EDON"},{"text":"EMPURE","href":"./16/empure.html","phone":"05 45 31 72 10","email":"mairie-empure@wanadoo.fr","population":"123 habitants","website":"","townhallAdress":"Le Bourg - 16240 - EMPURE"},{"text":"EPENEDE","href":"./16/epenede.html","phone":"05 45 89 65 08","email":"mairie-epenede@wanadoo.fr","population":"212 habitants","website":"","townhallAdress":"Le Bourg - 16490 - EPENEDE"},{"text":"ERAVILLE","href":"./16/eraville.html","phone":"05 45 97 08 69","email":"mairie.eraville@wanadoo.fr","population":"181 habitants","website":"","townhallAdress":"Bois Clavaud - 16120 - ERAVILLE"},{"text":"ESSE","href":"./16/esse.html","phone":"05 45 84 11 46","email":"mairie-esse@wanadoo.fr","population":"513 habitants","website":"","townhallAdress":"Le Bourg - 16500 - ESSE"},{"text":"ETAGNAC","href":"./16/etagnac.html","phone":"05 45 89 20 33","email":"mairie.etagnac@orange.fr","population":"1002 habitants","website":"","townhallAdress":"Le Bourg - 16150 - ETAGNAC"},{"text":"ETRIAC","href":"./16/etriac.html","phone":"05 45 66 37 53","email":"mairie.etriac@wanadoo.fr","population":"191 habitants","website":"","townhallAdress":"Le Bourg - 16250 - ETRIAC"},{"text":"EXIDEUIL","href":"./16/exideuil.html","phone":"05 45 89 01 29","email":"communedexideuil@wanadoo.fr","population":"1077 habitants","website":"","townhallAdress":"Le Bourg - 16150 - EXIDEUIL"},{"text":"EYMOUTHIERS","href":"./16/eymouthiers.html","phone":"05 45 23 60 55","email":"mairie.eymouthiers@wanadoo.fr","population":"320 habitants","website":"","townhallAdress":"La Tricherie - 16220 - EYMOUTHIERS"},{"text":"FEUILLADE","href":"./16/feuillade.html","phone":"05 45 70 21 88","email":"mairie.feuillade16@wanadoo.fr","population":"316 habitants","website":"","townhallAdress":"Chez Billat - 16380 - FEUILLADE"},{"text":"FLEAC","href":"./16/fleac.html","phone":"05 45 91 04 57","email":"mairiefleac@wanadoo.fr","population":"3714 habitants","website":"","townhallAdress":"5 rue de la Mairie - 16730 - FLEAC"},{"text":"FLEURAC","href":"./16/fleurac.html","phone":"05 45 35 82 38","email":"mairiedefleurac@orange.fr","population":"231 habitants","website":"","townhallAdress":"Le Bourg - 16200 - FLEURAC"},{"text":"FONTCLAIREAU","href":"./16/fontclaireau.html","phone":"05 45 22 72 63","email":"mairie.fontclaireau@wanadoo.fr","population":"383 habitants","website":"","townhallAdress":"Le Bourg - 16230 - FONTCLAIREAU"},{"text":"FONTENILLE","href":"./16/fontenille.html","phone":"05 45 22 21 47","email":"mairie.fontenille@wanadoo.fr","population":"344 habitants","website":"","townhallAdress":"Le Bourg - 16230 - FONTENILLE"},{"text":"FOUQUEBRUNE","href":"./16/fouquebrune.html","phone":"05 45 24 58 89","email":"fouquebrune@wanadoo.fr","population":"678 habitants","website":"","townhallAdress":"Le Bourg - 16410 - FOUQUEBRUNE"},{"text":"FOUQUEURE","href":"./16/fouqueure.html","phone":"05 45 39 07 46","email":"mairie-de-fouqueure@wanadoo.fr","population":"433 habitants","website":"","townhallAdress":"Place de la Mairie - 16140 - FOUQUEURE"},{"text":"FOUSSIGNAC","href":"./16/foussignac.html","phone":"05 45 35 87 77","email":"commune-de-foussignac@wanadoo.fr","population":"598 habitants","website":"","townhallAdress":"1 Place Jean Michaud - 16200 - FOUSSIGNAC"},{"text":"GARAT","href":"./16/garat.html","phone":"05 45 60 62 73","email":"mairie.garat@wanadoo.fr","population":"1938 habitants","website":"","townhallAdress":"133 rue du Dr Jean Bouillaud - 16410 - GARAT"},{"text":"GARDES LE PONTAROUX","href":"./16/gardes-le-pontaroux.html","phone":"05 45 64 91 78","email":"gardeslepontaroux@wanadoo.fr","population":"289 habitants","website":"","townhallAdress":"Le Bourg - 16320 - GARDES-LE-PONTAROUX"},{"text":"GENAC","href":"./16/genac.html","phone":"05 45 21 72 06","email":"mairie-genac@orange.fr","population":"743 habitants","website":"","townhallAdress":"Le Bourg - 16170 - GENAC"},{"text":"GENOUILLAC","href":"./16/genouillac.html","phone":"05 45 71 13 11","email":"mairiegenouillac@wanadoo.fr","population":"595 habitants","website":"","townhallAdress":"Le Bourg - 16270 - GENOUILLAC"},{"text":"GENSAC LA PALLUE","href":"./16/gensac-la-pallue.html","phone":"05 45 35 90 08","email":"gensac.mairie@wanadoo.fr","population":"1648 habitants","website":"","townhallAdress":"Le Bourg - 16130 - GENSAC-LA-PALLUE"},{"text":"GENTE","href":"./16/gente.html","phone":"05 45 83 73 97","email":"mairiedegente@wanadoo.fr","population":"907 habitants","website":"","townhallAdress":"Mairie Le Bourg - 16130 - GENTE"},{"text":"GIMEUX","href":"./16/gimeux.html","phone":"05 45 82 27 42","email":"mairie.gimeux@wanadoo.fr","population":"736 habitants","website":"","townhallAdress":"1 rue Saint Jacques de Compostelle - 16130 - GIMEUX"},{"text":"GONDEVILLE","href":"./16/gondeville.html","phone":"05 45 81 02 81","email":"mairiedegondeville@wanadoo.fr","population":"521 habitants","website":"","townhallAdress":"1 route Isaac de Loisné - 16200 - GONDEVILLE"},{"text":"GOND PONTOUVRE","href":"./16/gond-pontouvre.html","phone":"05 45 68 72 40","email":"ville-gondpontouvre@wanadoo.fr","population":"6290 habitants","website":"","townhallAdress":"Place de l'Hôtel de Ville - 16160 - GOND-PONTOUVRE"},{"text":"GOURVILLE","href":"./16/gourville.html","phone":"05 45 21 78 48","email":"mairie_gourville@yahoo.fr","population":"651 habitants","website":"","townhallAdress":"Le Bourg - 16170 - GOURVILLE"},{"text":"GRASSAC","href":"./16/grassac.html","phone":"05 45 70 23 91","email":"cne.grassac@wanadoo.fr","population":"279 habitants","website":"","townhallAdress":"Le Bourg - 16380 - GRASSAC"},{"text":"GRAVES SAINT AMANT","href":"./16/graves-saint-amant.html","phone":"05 45 97 05 25","email":"mairie.gravesstamant@wanadoo.fr","population":"324 habitants","website":"","townhallAdress":"Le Bourg de Saint Amant - 16120 - GRAVES-SAINT-AMANT"},{"text":"GUIMPS","href":"./16/guimps.html","phone":"05 45 78 90 68","email":"mairiedeguimps@wanadoo.fr","population":"511 habitants","website":"","townhallAdress":"Le Bourg - 16300 - GUIMPS"},{"text":"GUIZENGEARD","href":"./16/guizengeard.html","phone":"05 45 98 71 55","email":"mairie.guizengeard@wanadoo.fr","population":"169 habitants","website":"","townhallAdress":"Chez Thomas - 16480 - GUIZENGEARD"},{"text":"GURAT","href":"./16/gurat.html","phone":"05 45 64 75 93","email":"mairie-de-gurat@wanadoo.fr","population":"192 habitants","website":"","townhallAdress":"Le Bourg - 16320 - GURAT"},{"text":"HIERSAC","href":"./16/hiersac.html","phone":"05 45 90 90 22","email":"mairie.hiersac@wanadoo.fr","population":"1100 habitants","website":"","townhallAdress":"10 rue Charente - 16290 - HIERSAC"},{"text":"HIESSE","href":"./16/hiesse.html","phone":"05 45 89 65 86","email":"mairie-hiesse@wanadoo.fr","population":"258 habitants","website":"","townhallAdress":"Le Bourg - 16490 - HIESSE"},{"text":"HOULETTE","href":"./16/houlette.html","phone":"05 45 80 86 47","email":"commune.houlette@wanadoo.fr","population":"393 habitants","website":"","townhallAdress":"1 Place de l'Eglise - 16200 - HOULETTE"},{"text":"JARNAC","href":"./16/jarnac.html","phone":"05 45 81 08 11","email":"mairie@ville-de-jarnac.fr","population":"4680 habitants","website":"","townhallAdress":"Place Jean Jaurès - 16200 - JARNAC"},{"text":"JAULDES","href":"./16/jauldes.html","phone":"05 45 20 61 06","email":"mairie.jauldes@wanadoo.fr","population":"725 habitants","website":"","townhallAdress":"Le Bourg - 16560 - JAULDES"},{"text":"JAVREZAC","href":"./16/javrezac.html","phone":"05 45 82 15 22","email":"mairie.javrezac@wanadoo.fr","population":"663 habitants","website":"","townhallAdress":"Mairie - 16100 - JAVREZAC"},{"text":"JUIGNAC","href":"./16/juignac.html","phone":"05 45 60 34 46","email":"mairie.juignac@wanadoo.fr","population":"428 habitants","website":"","townhallAdress":"Le Bourg - 16190 - JUIGNAC"},{"text":"JUILLAC LE COQ","href":"./16/juillac-le-coq.html","phone":"05 45 83 09 09","email":"mairiedejuillaclecoq@wanadoo.fr","population":"693 habitants","website":"","townhallAdress":"Le Bourg - 16130 - JUILLAC-LE-COQ"},{"text":"JUILLAGUET","href":"./16/juillaguet.html","phone":"05 45 64 94 63","email":"mairie.juillaguet@orange.fr","population":"142 habitants","website":"","townhallAdress":"Le Bourg - 16320 - JUILLAGUET"},{"text":"JUILLE","href":"./16/juille.html","phone":"05 45 39 07 18","email":"mairie.juille@orange.fr","population":"187 habitants","website":"","townhallAdress":"Le Bourg - 16230 - JUILLE"},{"text":"JULIENNE","href":"./16/julienne.html","phone":"05 45 81 20 24","email":"mairie-de-julienne@wanadoo.fr","population":"441 habitants","website":"","townhallAdress":"1 Place de la Mairie - 16200 - JULIENNE"},{"text":"JURIGNAC","href":"./16/jurignac.html","phone":"05 45 66 37 17","email":"mairie.jurignac@wanadoo.fr","population":"534 habitants","website":"","townhallAdress":"Le Bourg - 16250 - JURIGNAC"},{"text":"LACHAISE","href":"./16/lachaise.html","phone":"05 45 78 70 83","email":"mairie.lachaise@wanadoo.fr","population":"292 habitants","website":"","townhallAdress":"Le Ménallier - 16300 - LACHAISE"},{"text":"LA CHAPELLE","href":"./16/la-chapelle.html","phone":"05 45 21 12 73","email":"mairie.la.chapelle@wanadoo.fr","population":"186 habitants","website":"","townhallAdress":"Le Bourg - 16140 - LA-CHAPELLE"},{"text":"LA CHEVRERIE","href":"./16/la-chevrerie.html","phone":"05 45 31 25 36","email":"mairie.chevrerie@wanadoo.fr","population":"156 habitants","website":"","townhallAdress":"Champ du Fossé - 16240 - LA-CHEVRERIE"},{"text":"LA COURONNE","href":"./16/la-couronne.html","phone":"05 45 67 28 11","email":"mairie@mairie-lacouronne.fr","population":"7334 habitants","website":"","townhallAdress":"Place de l'Hôtel de Ville - 16400 - LA-COURONNE"},{"text":"LADIVILLE","href":"./16/ladiville.html","phone":"05 45 78 58 49","email":"mairie.ladiville@wanadoo.fr","population":"133 habitants","website":"","townhallAdress":"Le Bourg - 16120 - LADIVILLE"},{"text":"LA FAYE","href":"./16/la-faye.html","phone":"05 45 31 13 23","email":"communelafaye@orange.fr","population":"606 habitants","website":"","townhallAdress":"Le Bourg - 16700 - LA-FAYE"},{"text":"LA FORET DE TESSE","href":"./16/la-foret-de-tesse.html","phone":"05 45 31 61 40","email":"la-foret-de-tesse@wanadoo.fr","population":"211 habitants","website":"","townhallAdress":"Le Bourg - 16240 - LA-FORET-DE-TESSE"},{"text":"LAGARDE SUR LE NE","href":"./16/lagarde-sur-le-ne.html","phone":"05 45 78 08 51","email":"mairie.lagarde-slene@wanadoo.fr","population":"181 habitants","website":"","townhallAdress":"Chez Drouillard - 16300 - LAGARDE-SUR-LE-NE"},{"text":"LA MAGDELEINE","href":"./16/la-magdeleine.html","phone":"05 45 31 77 81","email":"mairielamagdeleine@wanadoo.fr","population":"119 habitants","website":"","townhallAdress":"Le Bourg - 16240 - LA-MAGDELEINE"},{"text":"LAMERAC","href":"./16/lamerac.html","phone":"05 45 78 09 14","email":"mairie-lamerac@wanadoo.fr","population":"203 habitants","website":"","townhallAdress":"Le Bourg - 16300 - LAMERAC"},{"text":"LA PERUSE","href":"./16/la-peruse.html","phone":"05 45 71 11 99","email":"mairie.laperuse@wanadoo.fr","population":"531 habitants","website":"","townhallAdress":"Le Bourg - 16270 - LA-PERUSE"},{"text":"LAPRADE","href":"./16/laprade.html","phone":"05 45 98 50 42","email":"mairie.laprade@wanadoo.fr","population":"229 habitants","website":"","townhallAdress":"Le Bourg - 16390 - LAPRADE"},{"text":"LA ROCHEFOUCAULD","href":"./16/la-rochefoucauld.html","phone":"05 45 62 02 61","email":"ville.larochefoucauld@wanadoo.fr","population":"3249 habitants","website":"","townhallAdress":"Place Emile Roux - 16110 - LA-ROCHEFOUCAULD"},{"text":"LA ROCHETTE","href":"./16/la-rochette.html","phone":"05 45 63 90 76","email":"mairie-larochette16@wanadoo.fr","population":"558 habitants","website":"","townhallAdress":"Le Bourg - 16110 - LA-ROCHETTE"},{"text":"LA TACHE","href":"./16/la-tache.html","phone":"05 45 39 26 07","email":"mairiedelatache@wanadoo.fr","population":"112 habitants","website":"","townhallAdress":"Le Bourg - 16260 - LA-TACHE"},{"text":"LE BOUCHAGE","href":"./16/le-bouchage.html","phone":"05 45 31 81 12","email":"mairie-lebouchage@wanadoo.fr","population":"171 habitants","website":"","townhallAdress":"La Grange - 16350 - LE-BOUCHAGE"},{"text":"LE GRAND MADIEU","href":"./16/le-grand-madieu.html","phone":"05 45 85 75 19","email":"grand.madieu@wanadoo.fr","population":"180 habitants","website":"","townhallAdress":"Le Bourg - 16450 - LE-GRAND-MADIEU"},{"text":"LE LINDOIS","href":"./16/le-lindois.html","phone":"05 45 65 05 30","email":"le-lindois.cne@wanadoo.fr","population":"326 habitants","website":"","townhallAdress":"Le Bourg - 16310 - LE-LINDOIS"},{"text":"LES ADJOTS","href":"./16/les-adjots.html","phone":"05 45 31 02 95","email":"mairielesadjots@wanadoo.fr","population":"460 habitants","website":"","townhallAdress":"Le Bourg - 16700 - LES-ADJOTS"},{"text":"LES ESSARDS","href":"./16/les-essards.html","phone":"05 45 98 51 93","email":"les.essards@mairie17.com","population":"215 habitants","website":"","townhallAdress":"Le Bourg - 16210 - LES-ESSARDS"},{"text":"LES GOURS","href":"./16/les-gours.html","phone":"05 45 21 03 25","email":"","population":"128 habitants","website":"","townhallAdress":"Le Bourg - 16140 - LES-GOURS"},{"text":"LESIGNAC DURAND","href":"./16/lesignac-durand.html","phone":"05 45 65 04 65","email":"mairie.lesignac@wanadoo.fr","population":"197 habitants","website":"","townhallAdress":"Le Bourg - 16310 - LESIGNAC-DURAND"},{"text":"LES METAIRIES","href":"./16/les-metairies.html","phone":"05 45 81 05 30","email":"mairie.lesmetairies@wanadoo.fr","population":"543 habitants","website":"","townhallAdress":"Coursac - 16200 - LES-METAIRIES"},{"text":"LES PINS","href":"./16/les-pins.html","phone":"05 45 39 53 31","email":"lespinsmairie@wanadoo.fr","population":"445 habitants","website":"","townhallAdress":"Le Bourg - 16260 - LES-PINS"},{"text":"LESSAC","href":"./16/lessac.html","phone":"05 45 84 08 60","email":"communelessac@wanadoo.fr","population":"593 habitants","website":"","townhallAdress":"Le Bourg - 16500 - LESSAC"},{"text":"LESTERPS","href":"./16/lesterps.html","phone":"05 45 71 02 92","email":"mairie.lesterps@wanadoo.fr","population":"535 habitants","website":"","townhallAdress":"Le Bourg - 16420 - LESTERPS"},{"text":"LE TATRE","href":"./16/le-tatre.html","phone":"05 45 78 44 62","email":"commune-de-le-tatre@orange.fr","population":"334 habitants","website":"","townhallAdress":"Le Bourg - 16360 - LE-TATRE"},{"text":"LE VIEUX CERIER","href":"./16/le-vieux-cerier.html","phone":"05 45 31 82 91","email":"mairie-vxcerier@wanadoo.fr","population":"142 habitants","website":"","townhallAdress":"Le Bourg - 16350 - LE-VIEUX-CERIER"},{"text":"LICHERES","href":"./16/licheres.html","phone":"05 45 22 73 85","email":"mairie.licheres@wanadoo.fr","population":"87 habitants","website":"","townhallAdress":"La Salle - 16460 - LICHERES"},{"text":"LIGNE","href":"./16/ligne.html","phone":"05 45 39 01 73","email":"mairie.ligne@wanadoo.fr","population":"169 habitants","website":"","townhallAdress":"Le Bourg - 16140 - LIGNE"},{"text":"LIGNIERES SONNEVILLE","href":"./16/lignieres-sonneville.html","phone":"05 45 80 50 10","email":"mairie-lignieres-sonneville@wanadoo.fr","population":"606 habitants","website":"","townhallAdress":"Le Bourg - 16130 - LIGNIERES-SONNEVILLE"},{"text":"LINARS","href":"./16/linars.html","phone":"05 45 25 15 15","email":"mairie-linars@wanadoo.fr","population":"2193 habitants","website":"","townhallAdress":"6 rue de la Mairie - 16730 - LINARS"},{"text":"L ISLE D ESPAGNAC","href":"./16/l-isle-d-espagnac.html","phone":"05 45 38 62 00","email":"mairie@mairie-lisledespagnac.fr","population":"5467 habitants","website":"","townhallAdress":"Place François Mitterand - 16340 - L'ISLE-D'ESPAGNAC"},{"text":"LONDIGNY","href":"./16/londigny.html","phone":"05 45 31 30 58","email":"mairie.londigny@orange.fr","population":"248 habitants","website":"","townhallAdress":"Le Bourg - 16700 - LONDIGNY"},{"text":"LONGRE","href":"./16/longre.html","phone":"05 45 31 71 54","email":"mairie.longre@wanadoo.fr","population":"225 habitants","website":"","townhallAdress":"Le Bourg - 16240 - LONGRE"},{"text":"LONNES","href":"./16/lonnes.html","phone":"05 45 22 27 65","email":"mairie.lonnes@nordcharentewireless.com","population":"168 habitants","website":"","townhallAdress":"Le Bourg - 16230 - LONNES"},{"text":"LOUZAC SAINT ANDRE","href":"./16/louzac-saint-andre.html","phone":"05 45 82 18 80","email":"mairie.louzacstandre@wanadoo.fr","population":"1026 habitants","website":"","townhallAdress":"Le Bourg - 16100 - LOUZAC-SAINT-ANDRE"},{"text":"LUPSAULT","href":"./16/lupsault.html","phone":"05 45 21 02 00","email":"mairie-lupsault@wanadoo.fr","population":"128 habitants","website":"","townhallAdress":"Le Bourg - 16140 - LUPSAULT"},{"text":"LUSSAC","href":"./16/lussac.html","phone":"05 45 71 30 88","email":"communedelussac@wanadoo.fr","population":"289 habitants","website":"","townhallAdress":"Le Bourg - 16450 - LUSSAC"},{"text":"LUXE","href":"./16/luxe.html","phone":"05 45 39 01 77","email":"mairie.luxe@wanadoo.fr","population":"796 habitants","website":"","townhallAdress":"Le Bourg - 16230 - LUXE"},{"text":"MAGNAC LAVALETTE VILLARS","href":"./16/magnac-lavalette-villars.html","phone":"05 45 64 92 54","email":"mairie.magnaclavalette@wanadoo.fr","population":"491 habitants","website":"","townhallAdress":"Le Bourg - 16320 - MAGNAC-LAVALETTE-VILLARS"},{"text":"MAGNAC SUR TOUVRE","href":"./16/magnac-sur-touvre.html","phone":"05 45 37 14 50","email":"mairie@magnacsurtouvre.fr","population":"3093 habitants","website":"","townhallAdress":"Place de l'Hôtel de Ville - 16600 - MAGNAC-SUR-TOUVRE"},{"text":"MAINE DE BOIXE","href":"./16/maine-de-boixe.html","phone":"05 45 22 20 67","email":"mairie.mainedeboixe@wanadoo.fr","population":"451 habitants","website":"","townhallAdress":"28 rue Principale - 16230 - MAINE-DE-BOIXE"},{"text":"MAINFONDS","href":"./16/mainfonds.html","phone":"05 45 64 05 82","email":"mairie.de.mainfonds@wanadoo.fr","population":"167 habitants","website":"","townhallAdress":"Le Bourg de Mainfonds - 16250 - MAINFONDS"},{"text":"MAINXE","href":"./16/mainxe.html","phone":"05 45 83 41 59","email":"mairie.mainxe@orange.fr","population":"627 habitants","website":"","townhallAdress":"Le Bourg - 16200 - MAINXE"},{"text":"MAINZAC","href":"./16/mainzac.html","phone":"05 45 23 00 03","email":"mairie.mainzac@wanadoo.fr","population":"112 habitants","website":"","townhallAdress":"Le Bourg de Mainzac - 16380 - MAINZAC"},{"text":"MALAVILLE","href":"./16/malaville.html","phone":"05 45 97 08 14","email":"mairie.malaville@wanadoo.fr","population":"425 habitants","website":"","townhallAdress":"Le Mas du Bourg - 16120 - MALAVILLE"},{"text":"MANOT","href":"./16/manot.html","phone":"05 45 84 17 16","email":"mairie-de-manot.manot@wanadoo.fr","population":"611 habitants","website":"","townhallAdress":"Le Bourg - 16500 - MANOT"},{"text":"MANSLE","href":"./16/mansle.html","phone":"05 45 22 20 43","email":"mairie.mansle@wanadoo.fr","population":"1545 habitants","website":"","townhallAdress":"Place de l'Hôtel de Ville - 16230 - MANSLE"},{"text":"MARCILLAC LANVILLE","href":"./16/marcillac-lanville.html","phone":"05 45 21 12 72","email":"marcillac.lanville@wanadoo.fr","population":"605 habitants","website":"","townhallAdress":"Le Bourg - 16140 - MARCILLAC-LANVILLE"},{"text":"MAREUIL","href":"./16/mareuil.html","phone":"05 45 21 74 01","email":"mareuilcharente@wanadoo.fr","population":"388 habitants","website":"","townhallAdress":"Le Bourg - 16170 - MAREUIL"},{"text":"MARILLAC LE FRANC","href":"./16/marillac-le-franc.html","phone":"05 45 63 54 10","email":"mairie-marillaclefranc@wanadoo.fr","population":"727 habitants","website":"","townhallAdress":"Le Bourg - 16110 - MARILLAC-LE-FRANC"},{"text":"MARSAC","href":"./16/marsac.html","phone":"05 45 21 43 67","email":"mairie@marsac.fr","population":"793 habitants","website":"","townhallAdress":"Le Bourg - 16570 - MARSAC"},{"text":"MARTHON","href":"./16/marthon.html","phone":"05 45 70 21 18","email":"mairie-de-marthon@wanadoo.fr","population":"603 habitants","website":"","townhallAdress":"Le Bourg - 16380 - MARTHON"},{"text":"MASSIGNAC","href":"./16/massignac.html","phone":"05 45 65 03 76","email":"mairie.massignac@wanadoo.fr","population":"392 habitants","website":"","townhallAdress":"Le Bourg - 16310 - MASSIGNAC"},{"text":"MAZEROLLES","href":"./16/mazerolles.html","phone":"05 45 65 05 69","email":"commune-de-mazerolles@wanadoo.fr","population":"328 habitants","website":"","townhallAdress":"Le Bourg - 16310 - MAZEROLLES"},{"text":"MAZIERES","href":"./16/mazieres.html","phone":"05 45 71 21 31","email":"mazieres.mairie@wanadoo.fr","population":"100 habitants","website":"","townhallAdress":"Le Bourg - 16270 - MAZIERES"},{"text":"MEDILLAC","href":"./16/medillac.html","phone":"05 45 98 27 42","email":"medillac.mairie@wanadoo.fr","population":"158 habitants","website":"","townhallAdress":"Pont de Corps - 16210 - MEDILLAC"},{"text":"MERIGNAC","href":"./16/merignac.html","phone":"05 45 35 80 20","email":"communedemerignac@orange.fr","population":"727 habitants","website":"","townhallAdress":"Le Bourg - 16200 - MERIGNAC"},{"text":"MERPINS","href":"./16/merpins.html","phone":"05 45 82 26 55","email":"mairie.merpins@wanadoo.fr","population":"1067 habitants","website":"","townhallAdress":"572 Avenue Montignac - 16100 - MERPINS"},{"text":"MESNAC","href":"./16/mesnac.html","phone":"05 45 83 26 74","email":"commune.mesnac@wanadoo.fr","population":"350 habitants","website":"","townhallAdress":"Vignolles - 16370 - MESNAC"},{"text":"MONS","href":"./16/mons.html","phone":"05 45 21 12 06","email":"mairie-mons@wanadoo.fr","population":"261 habitants","website":"","townhallAdress":"Le Bourg - 16140 - MONS"},{"text":"MONTBOYER","href":"./16/montboyer.html","phone":"05 45 98 15 22","email":"montboyer.mairie@wanadoo.fr","population":"416 habitants","website":"","townhallAdress":"Le Bourg - 16620 - MONTBOYER"},{"text":"MONTBRON","href":"./16/montbron.html","phone":"05 45 63 15 15","email":"mairie.montbron@wanadoo.fr","population":"2221 habitants","website":"","townhallAdress":"Rue Angoulème - 16220 - MONTBRON"},{"text":"MONTCHAUDE","href":"./16/montchaude.html","phone":"05 45 78 05 24","email":"mairie-montchaude@wanadoo.fr","population":"525 habitants","website":"","townhallAdress":"Le Bourg - 16300 - MONTCHAUDE"},{"text":"MONTEMBOEUF","href":"./16/montemboeuf.html","phone":"05 45 65 01 17","email":"mairie.montemboeuf@wanadoo.fr","population":"732 habitants","website":"","townhallAdress":"Place de la Mairie - 16310 - MONTEMBOEUF"},{"text":"MONTIGNAC CHARENTE","href":"./16/montignac-charente.html","phone":"05 45 39 85 25","email":"mairie.montignac-chte@orange.fr","population":"783 habitants","website":"","townhallAdress":"Avenue Boixe - 16330 - MONTIGNAC-CHARENTE"},{"text":"MONTIGNAC LE COQ","href":"./16/montignac-le-coq.html","phone":"05 45 98 53 79","email":"communemontignaclecoq@wanadoo.fr","population":"139 habitants","website":"","townhallAdress":"Le Bourg - 16390 - MONTIGNAC-LE-COQ"},{"text":"MONTIGNE","href":"./16/montigne.html","phone":"05 45 21 60 30","email":"mairie.montigne@wanadoo.fr","population":"128 habitants","website":"","townhallAdress":"Le Bourg - 16170 - MONTIGNE"},{"text":"MONTJEAN","href":"./16/montjean.html","phone":"05 45 31 09 14","email":"mairiemontjean@wanadoo.fr","population":"270 habitants","website":"","townhallAdress":"Le Bourg - 16240 - MONTJEAN"},{"text":"MONTMOREAU SAINT CYBARD","href":"./16/montmoreau-saint-cybard.html","phone":"05 45 60 33 19","email":"mairie.montmoreaustcybard@wanadoo.fr","population":"1184 habitants","website":"","townhallAdress":"29 Avenue Aquitaine - 16190 - MONTMOREAU-SAINT-CYBARD"},{"text":"MONTROLLET","href":"./16/montrollet.html","phone":"05 45 71 03 87","email":"mairie.montrollet@wanadoo.fr","population":"295 habitants","website":"","townhallAdress":"Beaulieu - 16420 - MONTROLLET"},{"text":"MORNAC","href":"./16/mornac.html","phone":"05 45 65 77 82","email":"commune-de-mornac@wanadoo.fr","population":"2166 habitants","website":"","townhallAdress":"1 Allée des Sports - 16600 - MORNAC"},{"text":"MOSNAC","href":"./16/mosnac.html","phone":"05 45 62 53 86","email":"mairie.mosnac@wanadoo.fr","population":"470 habitants","website":"","townhallAdress":"Le Bourg - 16120 - MOSNAC"},{"text":"MOULIDARS","href":"./16/moulidars.html","phone":"05 45 96 91 25","email":"communemoulidars@wanadoo.fr","population":"735 habitants","website":"","townhallAdress":"Le Bourg - 16290 - MOULIDARS"},{"text":"MOUTHIERS SUR BOEME","href":"./16/mouthiers-sur-boeme.html","phone":"05 45 67 92 20","email":"mairie.mouthiers@wanadoo.fr","population":"2510 habitants","website":"","townhallAdress":"2 Place de la Gare - 16440 - MOUTHIERS-SUR-BOEME"},{"text":"MOUTON","href":"./16/mouton.html","phone":"05 45 22 54 25","email":"mairie.mouton@wanadoo.fr","population":"234 habitants","website":"","townhallAdress":"Le Bourg - 16460 - MOUTON"},{"text":"MOUTONNEAU","href":"./16/moutonneau.html","phone":"05 45 22 51 22","email":"mairie.moutonneau@wanadoo.fr","population":"106 habitants","website":"","townhallAdress":"Le Bourg - 16460 - MOUTONNEAU"},{"text":"MOUZON","href":"./16/mouzon.html","phone":"05 45 65 03 53","email":"mouzon.mairie@wanadoo.fr","population":"149 habitants","website":"","townhallAdress":"Le Bourg - 16310 - MOUZON"},{"text":"NABINAUD","href":"./16/nabinaud.html","phone":"05 45 98 56 77","email":"mairie.nabinaud@wanadoo.fr","population":"81 habitants","website":"","townhallAdress":"La Croix - 16390 - NABINAUD"},{"text":"NANCLARS","href":"./16/nanclars.html","phone":"05 45 22 22 09","email":"mairie.nanclars@wanadoo.fr","population":"211 habitants","website":"","townhallAdress":"Le Bourg - 16230 - NANCLARS"},{"text":"NANTEUIL EN VALLEE","href":"./16/nanteuil-en-vallee.html","phone":"05 45 31 82 67","email":"nanteuil-en-vallee.mairie@wanadoo.fr","population":"1458 habitants","website":"","townhallAdress":"21 rue Farèze - 16700 - NANTEUIL-EN-VALLEE"},{"text":"NERCILLAC","href":"./16/nercillac.html","phone":"05 45 80 92 11","email":"mairie-nercillac@wanadoo.fr","population":"1052 habitants","website":"","townhallAdress":"46 rue Soloire - 16200 - NERCILLAC"},{"text":"NERSAC","href":"./16/nersac.html","phone":"05 45 90 60 22","email":"mairie.nersac@wanadoo.fr","population":"2370 habitants","website":"","townhallAdress":"Place de l'Union - 16440 - NERSAC"},{"text":"NIEUIL","href":"./16/nieuil.html","phone":"05 45 29 69 23","email":"mairiedenieuil@orange.fr","population":"947 habitants","website":"","townhallAdress":"Le Bourg - 16270 - NIEUIL"},{"text":"NONAC","href":"./16/nonac.html","phone":"05 45 64 16 10","email":"mairie.nonac@wanadoo.fr","population":"320 habitants","website":"","townhallAdress":"Le Bourg - 16190 - NONAC"},{"text":"NONAVILLE","href":"./16/nonaville.html","phone":"05 45 78 31 58","email":"nonaville16@wanadoo.fr","population":"191 habitants","website":"","townhallAdress":"Pont à Brac - 16120 - NONAVILLE"},{"text":"ORADOUR","href":"./16/oradour.html","phone":"05 45 21 02 84","email":"mairie-oradour@wanadoo.fr","population":"215 habitants","website":"","townhallAdress":"Le Bourg - 16140 - ORADOUR"},{"text":"ORADOUR FANAIS","href":"./16/oradour-fanais.html","phone":"05 45 89 41 47","email":"mairie-oradourfanais@wanadoo.fr","population":"380 habitants","website":"","townhallAdress":"Le Bourg - 16500 - ORADOUR-FANAIS"},{"text":"ORGEDEUIL","href":"./16/orgedeuil.html","phone":"05 45 23 60 91","email":"mairie-dorgedeuil@wanadoo.fr","population":"222 habitants","website":"","townhallAdress":"Le Bourg - 16220 - ORGEDEUIL"},{"text":"ORIOLLES","href":"./16/oriolles.html","phone":"05 45 98 74 36","email":"mairie.oriolles@wanadoo.fr","population":"247 habitants","website":"","townhallAdress":"Le Bourg - 16480 - ORIOLLES"},{"text":"ORIVAL","href":"./16/orival.html","phone":"05 45 98 24 32","email":"mairie.orival@wanadoo.fr","population":"165 habitants","website":"","townhallAdress":"Le Bourg - 16210 - ORIVAL"},{"text":"PAIZAY NAUDOUIN EMBOURIE","href":"./16/paizay-naudouin-embourie.html","phone":"05 45 31 62 14","email":"mairie.paizay-naudouin@wanadoo.fr","population":"407 habitants","website":"","townhallAdress":"Le Bourg - 16240 - PAIZAY-NAUDOUIN-EMBOURIE"},{"text":"PALLUAUD","href":"./16/palluaud.html","phone":"05 45 60 30 44","email":"","population":"294 habitants","website":"","townhallAdress":"Le Bourg - 16390 - PALLUAUD"},{"text":"PARZAC","href":"./16/parzac.html","phone":"05 45 85 72 30","email":"communedeparzac@orange.fr","population":"133 habitants","website":"","townhallAdress":"Le Bourg - 16450 - PARZAC"},{"text":"PASSIRAC","href":"./16/passirac.html","phone":"05 45 98 71 60","email":"commune.passirac@wanadoo.fr","population":"262 habitants","website":"","townhallAdress":"Le Bourg - 16480 - PASSIRAC"},{"text":"PEREUIL","href":"./16/pereuil.html","phone":"05 45 64 10 87","email":"mairiepereuil@wanadoo.fr","population":"423 habitants","website":"","townhallAdress":"Le Bourg - 16250 - PEREUIL"},{"text":"PERIGNAC","href":"./16/perignac.html","phone":"05 45 64 00 99","email":"mairie-perignac@wanadoo.fr","population":"548 habitants","website":"","townhallAdress":"Place de l'Eglise - Le Bourg - 16250 - PERIGNAC"},{"text":"PILLAC","href":"./16/pillac.html","phone":"05 45 98 51 43","email":"communedepillac@wanadoo.fr","population":"262 habitants","website":"","townhallAdress":"Le Bourg - 16390 - PILLAC"},{"text":"PLAIZAC","href":"./16/plaizac.html","phone":"05 45 96 53 30","email":"communeplaizac@orange.fr","population":"162 habitants","website":"","townhallAdress":"Le Bourg - 16170 - PLAIZAC"},{"text":"PLASSAC ROUFFIAC","href":"./16/plassac-rouffiac.html","phone":"05 45 64 01 36","email":"mairie.plassac@wanadoo.fr","population":"348 habitants","website":"","townhallAdress":"Le Bourg - 16250 - PLASSAC-ROUFFIAC"},{"text":"PLEUVILLE","href":"./16/pleuville.html","phone":"05 45 89 61 16","email":"mairie-pleuville@wanadoo.fr","population":"361 habitants","website":"","townhallAdress":"Rue Maquis Raf - 16490 - PLEUVILLE"},{"text":"POULLIGNAC","href":"./16/poullignac.html","phone":"05 45 64 07 56","email":"mairie.poullignac@wanadoo.fr","population":"81 habitants","website":"","townhallAdress":"Le Bourg - 16190 - POULLIGNAC"},{"text":"POURSAC","href":"./16/poursac.html","phone":"05 45 31 41 90","email":"communedepoursac@wanadoo.fr","population":"209 habitants","website":"","townhallAdress":"Le Bourg - 16700 - POURSAC"},{"text":"PRANZAC","href":"./16/pranzac.html","phone":"05 45 70 30 20","email":"mairie.pranzac@wanadoo.fr","population":"900 habitants","website":"","townhallAdress":"Le Bourg - 16110 - PRANZAC"},{"text":"PRESSIGNAC","href":"./16/pressignac.html","phone":"05 45 89 04 56","email":"mairie.pressignac@wanadoo.fr","population":"431 habitants","website":"","townhallAdress":"Le Bourg - 16150 - PRESSIGNAC"},{"text":"PUYMOYEN","href":"./16/puymoyen.html","phone":"05 45 61 10 54","email":"contact@puymoyen.fr","population":"2619 habitants","website":"","townhallAdress":"Place Genainville - 16400 - PUYMOYEN"},{"text":"PUYREAUX","href":"./16/puyreaux.html","phone":"05 45 22 26 09","email":"mairie.puyreaux@orange.fr","population":"459 habitants","website":"","townhallAdress":"Rue Eugène de Thiac - 16230 - PUYREAUX"},{"text":"RAIX","href":"./16/raix.html","phone":"05 45 31 60 38","email":"mairiederaix@wanadoo.fr","population":"151 habitants","website":"","townhallAdress":"Le Bourg - 16240 - RAIX"},{"text":"RANCOGNE","href":"./16/rancogne.html","phone":"05 45 23 10 83","email":"mairie.rancogne@wanadoo.fr","population":"383 habitants","website":"","townhallAdress":"Le Bourg - 16110 - RANCOGNE"},{"text":"RANVILLE BREUILLAUD","href":"./16/ranville-breuillaud.html","phone":"05 45 21 00 14","email":"mairie.ranville.breuillaud@wanadoo.fr","population":"183 habitants","website":"","townhallAdress":"Le Bourg - 16140 - RANVILLE-BREUILLAUD"},{"text":"REIGNAC","href":"./16/reignac.html","phone":"05 45 78 52 37","email":"mairiereignac@wanadoo.fr","population":"660 habitants","website":"","townhallAdress":"Le Bourg - 16360 - REIGNAC"},{"text":"REPARSAC","href":"./16/reparsac.html","phone":"05 45 80 92 71","email":"reparsac.mairie@wanadoo.fr","population":"580 habitants","website":"","townhallAdress":"3 rue Grand'Ouche - 16200 - REPARSAC"},{"text":"RIOUX MARTIN","href":"./16/rioux-martin.html","phone":"05 45 98 19 04","email":"rioux-martin@orange.fr","population":"232 habitants","website":"","townhallAdress":"Le Bourg - 16210 - RIOUX-MARTIN"},{"text":"RIVIERES","href":"./16/rivieres.html","phone":"05 45 62 05 01","email":"mairie.rivieres@wanadoo.fr","population":"1923 habitants","website":"","townhallAdress":"Le Bourg - 16110 - RIVIERES"},{"text":"RONSENAC","href":"./16/ronsenac.html","phone":"05 45 64 93 46","email":"commune.ronsenac@wanadoo.fr","population":"563 habitants","website":"","townhallAdress":"Le Bourg - 16320 - RONSENAC"},{"text":"ROUFFIAC","href":"./16/rouffiac.html","phone":"05 45 98 28 18","email":"","population":"116 habitants","website":"","townhallAdress":"Le Bourg - 16210 - ROUFFIAC"},{"text":"ROUGNAC","href":"./16/rougnac.html","phone":"05 45 23 03 01","email":"commune.rougnac@wanadoo.fr","population":"449 habitants","website":"","townhallAdress":"Le Bourg - 16320 - ROUGNAC"},{"text":"ROUILLAC","href":"./16/rouillac.html","phone":"05 45 96 51 41","email":"Mairie@ville-rouillac.fr","population":"1784 habitants","website":"","townhallAdress":"7 rue Jarnac - 16170 - ROUILLAC"},{"text":"ROULLET SAINT ESTEPHE","href":"./16/roullet-saint-estephe.html","phone":"05 45 66 30 08","email":"infos@roulletstestephe.fr","population":"3765 habitants","website":"","townhallAdress":"Le Bourg - 16440 - ROULLET-SAINT-ESTEPHE"},{"text":"ROUMAZIERES LOUBERT","href":"./16/roumazieres-loubert.html","phone":"05 45 71 20 54","email":"mairie@mairie-roumazieres-loubert.com","population":"2640 habitants","website":"","townhallAdress":"31 rue de l'Union - 16270 - ROUMAZIERES-LOUBERT"},{"text":"ROUSSINES","href":"./16/roussines.html","phone":"05 45 23 22 51","email":"mairiederoussines@wanadoo.fr","population":"321 habitants","website":"","townhallAdress":"Le Bourg - 16310 - ROUSSINES"},{"text":"ROUZEDE","href":"./16/rouzede.html","phone":"05 45 23 22 97","email":"mairiederouzede@wanadoo.fr","population":"270 habitants","website":"","townhallAdress":"Le Bourg - 16220 - ROUZEDE"},{"text":"RUELLE SUR TOUVRE","href":"./16/ruelle-sur-touvre.html","phone":"05 45 65 62 95","email":"mairie@ville-ruellesurtouvre.fr","population":"7885 habitants","website":"","townhallAdress":"Place Auguste Rouyer - 16600 - RUELLE-SUR-TOUVRE"},{"text":"RUFFEC","href":"./16/ruffec.html","phone":"05 45 31 01 75","email":"direction.generale@mairie-ruffec.fr","population":"3745 habitants","website":"","townhallAdress":"Place d'Armes - 16700 - RUFFEC"},{"text":"SAINT ADJUTORY","href":"./16/saint-adjutory.html","phone":"05 45 62 02 38","email":"mairie.stadjutory@wanadoo.fr","population":"343 habitants","website":"","townhallAdress":"Le Bourg - 16310 - SAINT-ADJUTORY"},{"text":"SAINT AMANT DE BOIXE","href":"./16/saint-amant-de-boixe.html","phone":"05 45 39 72 15","email":"mairie.stamboixe@wanadoo.fr","population":"1319 habitants","website":"","townhallAdress":"Rue Centre - 16330 - SAINT-AMANT-DE-BOIXE"},{"text":"SAINT AMANT DE BONNIEURE","href":"./16/saint-amant-de-bonnieure.html","phone":"05 45 39 22 67","email":"mairiefaure@wanadoo.fr","population":"352 habitants","website":"","townhallAdress":"Le Bourg - 16230 - SAINT-AMANT-DE-BONNIEURE"},{"text":"SAINT AMANT DE MONTMOREAU","href":"./16/saint-amant-de-montmoreau.html","phone":null,"email":null,"population":null,"website":null,"townhallAdress":null},{"text":"SAINT AMANT DE NOUERE","href":"./16/saint-amant-de-nouere.html","phone":"05 45 21 46 03","email":"mairie.stamantdenouere@orange.fr","population":"391 habitants","website":"","townhallAdress":"Le Bourg - 16170 - SAINT-AMANT-DE-NOUERE"},{"text":"SAINT ANGEAU","href":"./16/saint-angeau.html","phone":"05 45 39 21 45","email":"mairie.saint.angeau@wanadoo.fr","population":"675 habitants","website":"","townhallAdress":"Place Arsène Roudy - 16230 - SAINT-ANGEAU"},{"text":"SAINT AULAIS LA CHAPELLE","href":"./16/saint-aulais-la-chapelle.html","phone":"05 45 78 09 35","email":"mairie.saintaulais@wanadoo.fr","population":"240 habitants","website":"","townhallAdress":"Le Bourg - 16300 - SAINT-AULAIS-LA-CHAPELLE"},{"text":"SAINT AVIT","href":"./16/saint-avit.html","phone":"05 45 98 11 35","email":"stavit.mairie@wanadoo.fr","population":"180 habitants","website":"","townhallAdress":"Le Bourg - 16210 - SAINT-AVIT"},{"text":"SAINT BONNET","href":"./16/saint-bonnet.html","phone":"05 45 78 22 17","email":"mairie.saint-bonnet@wanadoo.fr","population":"392 habitants","website":"","townhallAdress":"Chez Davias - 16300 - SAINT-BONNET"},{"text":"SAINT BRICE","href":"./16/saint-brice.html","phone":"05 45 32 01 03","email":"mairie.saintbrice.16@wanadoo.fr","population":"1101 habitants","website":"","townhallAdress":"1 place de la Mairie - 16100 - SAINT-BRICE"},{"text":"SAINT CHRISTOPHE","href":"./16/saint-christophe.html","phone":"05 45 71 01 39","email":"mairie-stchristophe@wanadoo.fr","population":"331 habitants","website":"","townhallAdress":"Le Bourg - 16420 - SAINT-CHRISTOPHE"},{"text":"SAINT CIERS SUR BONNIEURE","href":"./16/saint-ciers-sur-bonnieure.html","phone":"05 45 22 23 98","email":"mairie-saint-ciers@wanadoo.fr","population":"293 habitants","website":"","townhallAdress":"Le Bourg - 16230 - SAINT-CIERS-SUR-BONNIEURE"},{"text":"SAINT CLAUD","href":"./16/saint-claud.html","phone":"05 45 71 36 30","email":"mairie.saint.claud@cegetel.net","population":"1110 habitants","website":"","townhallAdress":"Rue du Commandant Laplante - 16450 - SAINT-CLAUD"},{"text":"SAINT COUTANT","href":"./16/saint-coutant.html","phone":"05 45 30 06 08","email":"mairie-st.coutant@wanadoo.fr","population":"219 habitants","website":"","townhallAdress":"Le Bourg Neuf - 16350 - SAINT-COUTANT"},{"text":"SAINT CYBARDEAUX","href":"./16/saint-cybardeaux.html","phone":"05 45 21 75 08","email":"mairie.stcybardeaux@wanadoo.fr","population":"803 habitants","website":"","townhallAdress":"Le Bourg - 16170 - SAINT-CYBARDEAUX"},{"text":"SAINTE COLOMBE","href":"./16/sainte-colombe.html","phone":"05 45 39 22 64","email":"mairie.sainte-colombe@wanadoo.fr","population":"189 habitants","website":"","townhallAdress":"Le Bourg - 16230 - SAINTE-COLOMBE"},{"text":"SAINTE SEVERE","href":"./16/sainte-severe.html","phone":"05 45 80 86 06","email":"mairie-ste-severe@wanadoo.fr","population":"550 habitants","website":"","townhallAdress":"Le Bourg - 16200 - SAINTE-SEVERE"},{"text":"SAINTE SOULINE","href":"./16/sainte-souline.html","phone":"05 45 98 77 43","email":"commune.sainte-souline@wanadoo.fr","population":"127 habitants","website":"","townhallAdress":"Les Terres Pelées - 16480 - SAINTE-SOULINE"},{"text":"SAINT EUTROPE","href":"./16/saint-eutrope.html","phone":"05 45 60 35 58","email":"mairie.sainteutrope@wanadoo.fr","population":"161 habitants","website":"","townhallAdress":"Le Bourg - 16190 - SAINT-EUTROPE"},{"text":"SAINT FELIX","href":"./16/saint-felix.html","phone":"05 45 98 73 81","email":"st-felix.mairie@orange.fr","population":"119 habitants","website":"","townhallAdress":"Chez Launais - 16480 - SAINT-FELIX"},{"text":"SAINT FORT SUR LE NE","href":"./16/saint-fort-sur-le-ne.html","phone":"05 45 83 01 92","email":"mairie.st-fort@wanadoo.fr","population":"404 habitants","website":"","townhallAdress":"Le Bourg - 16130 - SAINT-FORT-SUR-LE-NE"},{"text":"SAINT FRAIGNE","href":"./16/saint-fraigne.html","phone":"05 45 21 37 67","email":"mairie-saint-fraigne@wanadoo.fr","population":"472 habitants","website":"","townhallAdress":"Mairie Le Bourg - 16140 - SAINT-FRAIGNE"},{"text":"SAINT FRONT","href":"./16/saint-front.html","phone":"05 45 39 23 58","email":"mairie.saintfront@wanadoo.fr","population":"334 habitants","website":"","townhallAdress":"Le Bourg - 16460 - SAINT-FRONT"},{"text":"SAINT GENIS D HIERSAC","href":"./16/saint-genis-d-hiersac.html","phone":"05 45 21 46 06","email":"mairie-stgenis-hiersac@wanadoo.fr","population":"863 habitants","website":"","townhallAdress":"Le Bourg - 16570 - SAINT-GENIS-D'HIERSAC"},{"text":"SAINT GEORGES","href":"./16/saint-georges.html","phone":"05 45 31 54 38","email":"communedestgeorges@wanadoo.fr","population":"57 habitants","website":"","townhallAdress":"Le Bourg - 16700 - SAINT-GEORGES"},{"text":"SAINT GERMAIN DE CONFOLENS","href":"./16/saint-germain-de-confolens.html","phone":"05 45 84 14 00","email":"","population":"100 habitants","website":"","townhallAdress":"Le Bourg - 16500 - SAINT-GERMAIN-DE-CONFOLENS"},{"text":"SAINT GERMAIN DE MONTBRON","href":"./16/saint-germain-de-montbron.html","phone":"05 45 70 22 03","email":"mairie.st-germain@wanadoo.fr","population":"475 habitants","website":"","townhallAdress":"Le Bourg - 16380 - SAINT-GERMAIN-DE-MONTBRON"},{"text":"SAINT GOURSON","href":"./16/saint-gourson.html","phone":"05 45 31 52 37","email":"mairie.stgourson@wanadoo.fr","population":"130 habitants","website":"","townhallAdress":"Le Bourg - 16700 - SAINT-GOURSON"},{"text":"SAINT GROUX","href":"./16/saint-groux.html","phone":"05 45 20 38 65","email":"mairie.saintgroux@wanadoo.fr","population":"134 habitants","website":"","townhallAdress":"Le Bourg - 16230 - SAINT-GROUX"},{"text":"SAINT LAURENT DE BELZAGOT","href":"./16/saint-laurent-de-belzagot.html","phone":"05 45 24 02 96","email":"mairiestlaurentdebelzagot@wanadoo.fr","population":"380 habitants","website":"","townhallAdress":"Le Bourg - 16190 - SAINT-LAURENT-DE-BELZAGOT"},{"text":"SAINT LAURENT DE CERIS","href":"./16/saint-laurent-de-ceris.html","phone":"05 45 85 90 99","email":"mairiestlaurentdeceris@wanadoo.fr","population":"783 habitants","website":"","townhallAdress":"Le Bourg - 16450 - SAINT-LAURENT-DE-CERIS"},{"text":"SAINT LAURENT DE COGNAC","href":"./16/saint-laurent-de-cognac.html","phone":"05 45 82 27 80","email":"mairie-saint-laurent-de-cognac@wanadoo.fr","population":"912 habitants","website":"","townhallAdress":"Place de la Liberté - 16100 - SAINT-LAURENT-DE-COGNAC"},{"text":"SAINT LAURENT DES COMBES","href":"./16/saint-laurent-des-combes.html","phone":"05 45 98 28 55","email":"mairie-de-st-laurent-des-combes@wanadoo.fr","population":"93 habitants","website":"","townhallAdress":"Le Bourg - 16480 - SAINT-LAURENT-DES-COMBES"},{"text":"SAINT LEGER","href":"./16/saint-leger.html","phone":"05 45 64 06 03","email":"mairie.saintleger16@wanadoo.fr","population":"125 habitants","website":"","townhallAdress":"Le Bourg - 16250 - SAINT-LEGER"},{"text":"SAINT MARTIAL","href":"./16/saint-martial.html","phone":"05 45 60 26 33","email":"mairie.saintmartial@wanadoo.fr","population":"154 habitants","website":"","townhallAdress":"Le Bourg - 16190 - SAINT-MARTIAL"},{"text":"SAINT MARTIN DU CLOCHER","href":"./16/saint-martin-du-clocher.html","phone":"05 45 31 32 67","email":"mairie.stmartinduclocher@orange.fr","population":"134 habitants","website":"","townhallAdress":"Le Bourg - 16700 - SAINT-MARTIN-DU-CLOCHER"},{"text":"SAINT MARY","href":"./16/saint-mary.html","phone":"05 45 39 53 49","email":"saint-mary@wanadoo.fr","population":"373 habitants","website":"","townhallAdress":"Le Bourg - 16260 - SAINT-MARY"},{"text":"SAINT MAURICE DES LIONS","href":"./16/saint-maurice-des-lions.html","phone":"05 45 85 55 99","email":"mairiestmaurice@wanadoo.fr","population":"979 habitants","website":"","townhallAdress":"Le Bourg - 16500 - SAINT-MAURICE-DES-LIONS"},{"text":"SAINT MEDARD DE BARBEZIEUX","href":"./16/saint-medard-de-barbezieux.html","phone":"05 45 78 24 70","email":"mairie-st-medard-de-bzx@wanadoo.fr","population":"271 habitants","website":"","townhallAdress":"Le Bourg - 16300 - SAINT-MEDARD-DE-BARBEZIEUX"},{"text":"SAINT MEME LES CARRIERES","href":"./16/saint-meme-les-carrieres.html","phone":"05 45 81 91 41","email":"mairie.st.meme.les.carrieres@wanadoo.fr","population":"1118 habitants","website":"","townhallAdress":"35 Route de Chateauneuf - 16720 - SAINT-MEME-LES-CARRIERES"},{"text":"SAINT MICHEL","href":"./16/saint-michel.html","phone":"05 45 91 43 28","email":"mairie.saint.michel@wanadoo.fr","population":"3189 habitants","website":"","townhallAdress":"23 rue Joseph Chaumette - 16470 - SAINT-MICHEL"},{"text":"SAINT PALAIS DU NE","href":"./16/saint-palais-du-ne.html","phone":"05 45 78 71 21","email":"mairie-saint-palais@wanadoo.fr","population":"283 habitants","website":"","townhallAdress":"Le Bourg - 16300 - SAINT-PALAIS-DU-NE"},{"text":"SAINT PREUIL","href":"./16/saint-preuil.html","phone":"05 45 83 41 49","email":"mairie.saint-preuil@wanadoo.fr","population":"310 habitants","website":"","townhallAdress":"Le Bourg - 16130 - SAINT-PREUIL"},{"text":"SAINT PROJET SAINT CONSTANT","href":"./16/saint-projet-saint-constant.html","phone":"05 45 62 02 51","email":"mairiest-projet-st-constant@wanadoo.fr","population":"1162 habitants","website":"","townhallAdress":"Place Gérard Vandeputte - 16110 - SAINT-PROJET-SAINT-CONSTANT"},{"text":"SAINT QUENTIN DE CHALAIS","href":"./16/saint-quentin-de-chalais.html","phone":"05 45 98 27 27","email":"commune.st-quentin-de-chalais@wanadoo.fr","population":"277 habitants","website":"","townhallAdress":"Le Bourg - 16210 - SAINT-QUENTIN-DE-CHALAIS"},{"text":"SAINT QUENTIN SUR CHARENTE","href":"./16/saint-quentin-sur-charente.html","phone":"05 45 89 20 79","email":"st-quentin-sur-charente.cne@wanadoo.fr","population":"231 habitants","website":"","townhallAdress":"Le Bourg - 16150 - SAINT-QUENTIN-SUR-CHARENTE"},{"text":"SAINT ROMAIN","href":"./16/saint-romain.html","phone":"05 45 98 51 25","email":"mairie.stromain@wanadoo.fr","population":"545 habitants","website":"","townhallAdress":"Le Bourg - 16210 - SAINT-ROMAIN"},{"text":"SAINT SATURNIN","href":"./16/saint-saturnin.html","phone":"05 45 96 92 66","email":"mairie.saint-saturnin@wanadoo.fr","population":"1345 habitants","website":"","townhallAdress":"1 rue de la Mairie - 16290 - SAINT-SATURNIN"},{"text":"SAINT SEVERIN","href":"./16/saint-severin.html","phone":"05 45 98 52 41","email":"mairie-st.severin@wanadoo.fr","population":"800 habitants","website":"","townhallAdress":"Rue Pavancelle - 16390 - SAINT-SEVERIN"},{"text":"SAINT SIMEUX","href":"./16/saint-simeux.html","phone":"05 45 62 56 05","email":"mairie.saint-simeux@wanadoo.fr","population":"523 habitants","website":"","townhallAdress":"Le Bourg - 16120 - SAINT-SIMEUX"},{"text":"SAINT SIMON","href":"./16/saint-simon.html","phone":"05 45 97 30 97","email":"mairiestsimon2@wanadoo.fr","population":"215 habitants","website":"","townhallAdress":"Le Bourg - 16120 - SAINT-SIMON"},{"text":"SAINT SORNIN","href":"./16/saint-sornin.html","phone":"05 45 23 12 42","email":"mairie.stsornin@wanadoo.fr","population":"830 habitants","website":"","townhallAdress":"Place de la Mairie - 16220 - SAINT-SORNIN"},{"text":"SAINT SULPICE DE COGNAC","href":"./16/saint-sulpice-de-cognac.html","phone":"05 45 83 84 01","email":"mairie.stsulpicedecognac@wanadoo.fr","population":"1269 habitants","website":"","townhallAdress":"Le Bourg - 16370 - SAINT-SULPICE-DE-COGNAC"},{"text":"SAINT SULPICE DE RUFFEC","href":"./16/saint-sulpice-de-ruffec.html","phone":"05 45 31 52 74","email":"stsulpicederuffec@wanadoo.fr","population":"37 habitants","website":"","townhallAdress":"Le Bourg - 16460 - SAINT-SULPICE-DE-RUFFEC"},{"text":"SAINT VALLIER","href":"./16/saint-vallier.html","phone":"05 45 98 74 60","email":"mairie-saint-vallier@wanadoo.fr","population":"153 habitants","website":"","townhallAdress":"Le Bourg - 16480 - SAINT-VALLIER"},{"text":"SAINT YRIEIX SUR CHARENTE","href":"./16/saint-yrieix-sur-charente.html","phone":"05 45 38 69 50","email":"contact@saintyrieix-16.fr","population":"7234 habitants","website":"","townhallAdress":"19 avenue de l'Union - 16710 - SAINT-YRIEIX-SUR-CHARENTE"},{"text":"SALLES D ANGLES","href":"./16/salles-d-angles.html","phone":"05 45 83 71 13","email":"mairie.sallesdangles@orange.fr","population":"1113 habitants","website":"","townhallAdress":"3 Place André Hitier - 16130 - SALLES-D'ANGLES"},{"text":"SALLES DE BARBEZIEUX","href":"./16/salles-de-barbezieux.html","phone":"05 45 78 36 93","email":"salles.de.barbezieux@wanadoo.fr","population":"492 habitants","website":"","townhallAdress":"Le Bourg - 16300 - SALLES-DE-BARBEZIEUX"},{"text":"SALLES DE VILLEFAGNAN","href":"./16/salles-de-villefagnan.html","phone":"05 45 31 42 33","email":"mairie.salles-de-villefagnan@wanadoo.fr","population":"341 habitants","website":"","townhallAdress":"Le Bourg - 16700 - SALLES-DE-VILLEFAGNAN"},{"text":"SALLES LAVALETTE","href":"./16/salles-lavalette.html","phone":"05 45 60 30 64","email":"mairie.salleslavalette@wanadoo.fr","population":"349 habitants","website":"","townhallAdress":"Le Bourg - 16190 - SALLES-LAVALETTE"},{"text":"SAULGOND","href":"./16/saulgond.html","phone":"05 45 85 52 90","email":"mairiesaulgond@wanadoo.fr","population":"512 habitants","website":"","townhallAdress":"Le Bourg - 16420 - SAULGOND"},{"text":"SAUVAGNAC","href":"./16/sauvagnac.html","phone":"05 45 65 30 39","email":"communedesauvagnac@orange.fr","population":"77 habitants","website":"","townhallAdress":"Le Bourg - 16310 - SAUVAGNAC"},{"text":"SAUVIGNAC","href":"./16/sauvignac.html","phone":"05 45 98 18 04","email":"mairie-sauvignac@nordnet.fr","population":"105 habitants","website":"","townhallAdress":"Le Bourg - 16480 - SAUVIGNAC"},{"text":"SEGONZAC","href":"./16/segonzac.html","phone":"05 45 83 40 41","email":"mairie.segonzac@wanadoo.fr","population":"2243 habitants","website":"","townhallAdress":"2 place Pierre Frapin - 16130 - SEGONZAC"},{"text":"SERS","href":"./16/sers.html","phone":"05 45 24 91 10","email":"mairie.sers16@wanadoo.fr","population":"750 habitants","website":"","townhallAdress":"Le Bourg - 16410 - SERS"},{"text":"SIGOGNE","href":"./16/sigogne.html","phone":"05 45 81 60 29","email":"mairie.sigogne@wanadoo.fr","population":"1041 habitants","website":"","townhallAdress":"3 Place de la Mairie - 16200 - SIGOGNE"},{"text":"SIREUIL","href":"./16/sireuil.html","phone":"05 45 90 55 40","email":"mairie.sireuil@wanadoo.fr","population":"1221 habitants","website":"","townhallAdress":"Le Bourg - 16440 - SIREUIL"},{"text":"SONNEVILLE","href":"./16/sonneville.html","phone":"05 45 21 78 89","email":"mairie.sonneville@wanadoo.fr","population":"216 habitants","website":"","townhallAdress":"Le Bourg - 16170 - SONNEVILLE"},{"text":"SOUFFRIGNAC","href":"./16/souffrignac.html","phone":"05 45 70 20 87","email":"souffrignac.mairie@orange.fr","population":"150 habitants","website":"","townhallAdress":"Le Bourg - 16380 - SOUFFRIGNAC"},{"text":"SOUVIGNE","href":"./16/souvigne.html","phone":"05 45 31 61 68","email":"commune.souvigne@wanadoo.fr","population":"246 habitants","website":"","townhallAdress":"L'Avenaud - 16240 - SOUVIGNE"},{"text":"SOYAUX","href":"./16/soyaux.html","phone":"05 45 97 83 50","email":"mairie@mairie-soyaux.fr","population":"10995 habitants","website":"","townhallAdress":"235 Avenue du Général de Gaulle - 16800 - SOYAUX"},{"text":"SUAUX","href":"./16/suaux.html","phone":"05 45 71 25 18","email":"mairie.suaux@wanadoo.fr","population":"373 habitants","website":"","townhallAdress":"Le Bourg - 16260 - SUAUX"},{"text":"SURIS","href":"./16/suris.html","phone":"05 45 89 21 30","email":"cne.suris@libertysurf.fr","population":"286 habitants","website":"","townhallAdress":"Le Bourg - 16270 - SURIS"},{"text":"TAIZE AIZIE","href":"./16/taize-aizie.html","phone":"05 45 31 09 15","email":"mairie-taize.aizie@wanadoo.fr","population":"584 habitants","website":"","townhallAdress":"Le Bourg - 16700 - TAIZE-AIZIE"},{"text":"TAPONNAT FLEURIGNAC","href":"./16/taponnat-fleurignac.html","phone":"05 45 62 04 91","email":"mairie.tpt@wanadoo.fr","population":"1465 habitants","website":"","townhallAdress":"Le Bourg - 16110 - TAPONNAT-FLEURIGNAC"},{"text":"THEIL RABIER","href":"./16/theil-rabier.html","phone":"05 45 31 72 47","email":"communeletheilrabier@wanadoo.fr","population":"163 habitants","website":"","townhallAdress":"Le Bourg - 16240 - THEIL-RABIER"},{"text":"TORSAC","href":"./16/torsac.html","phone":"05 45 24 54 20","email":"mairietorsac@wanadoo.fr","population":"780 habitants","website":"","townhallAdress":"Le Bourg - 16410 - TORSAC"},{"text":"TOURRIERS","href":"./16/tourriers.html","phone":"05 45 20 62 42","email":"mairie.tourriers@wanadoo.fr","population":"720 habitants","website":"","townhallAdress":"Route Bouffanais - 16560 - TOURRIERS"},{"text":"TOUVERAC","href":"./16/touverac.html","phone":"05 45 78 41 10","email":"mairie-touverac@wanadoo.fr","population":"738 habitants","website":"","townhallAdress":"Chez Brilhouet - 16360 - TOUVERAC"},{"text":"TOUVRE","href":"./16/touvre.html","phone":"05 45 65 50 46","email":"touvre@wanadoo.fr","population":"1123 habitants","website":"","townhallAdress":"1 Route des Sources - 16600 - TOUVRE"},{"text":"TOUZAC","href":"./16/touzac.html","phone":"05 45 97 50 00","email":"mairie-touzac16@orange.fr","population":"466 habitants","website":"","townhallAdress":"Le Bourg - 16120 - TOUZAC"},{"text":"TRIAC LAUTRAIT","href":"./16/triac-lautrait.html","phone":"05 45 81 05 41","email":"mairie.triaclautrait@wanadoo.fr","population":"514 habitants","website":"","townhallAdress":"Lautrait - 16200 - TRIAC-LAUTRAIT"},{"text":"TROIS PALIS","href":"./16/trois-palis.html","phone":"05 45 91 05 19","email":"mairie.troispalis@wanadoo.fr","population":"794 habitants","website":"","townhallAdress":"Route de Nersac - 16730 - TROIS-PALIS"},{"text":"TURGON","href":"./16/turgon.html","phone":"05 45 31 91 57","email":"mairie-turgon@wanadoo.fr","population":"94 habitants","website":"","townhallAdress":"Le Bourg - 16350 - TURGON"},{"text":"TUSSON","href":"./16/tusson.html","phone":"05 45 31 70 49","email":"mairie.tusson@wanadoo.fr","population":"314 habitants","website":"","townhallAdress":"Le Bourg - 16140 - TUSSON"},{"text":"TUZIE","href":"./16/tuzie.html","phone":"05 45 31 51 57","email":"mairie.tuzie@wanadoo.fr","population":"139 habitants","website":"","townhallAdress":"Le Bourg - 16700 - TUZIE"},{"text":"VALENCE","href":"./16/valence.html","phone":"05 45 39 24 21","email":"valence.mairie@wanadoo.fr","population":"245 habitants","website":"","townhallAdress":"Bel Air - 16460 - VALENCE"},{"text":"VARS","href":"./16/vars.html","phone":"05 45 39 73 04","email":"mairie.vars16@wanadoo.fr","population":"1932 habitants","website":"","townhallAdress":"33 rue Principale - 16330 - VARS"},{"text":"VAUX LAVALETTE","href":"./16/vaux-lavalette.html","phone":"05 45 91 25 52","email":"mairiedevauxlavalette@wanadoo.fr","population":"96 habitants","website":"","townhallAdress":"Le Bourg - 16320 - VAUX-LAVALETTE"},{"text":"VAUX ROUILLAC","href":"./16/vaux-rouillac.html","phone":"05 45 21 74 38","email":"mairie-vaux@wanadoo.fr","population":"306 habitants","website":"","townhallAdress":"Le Bourg - 16170 - VAUX-ROUILLAC"},{"text":"VENTOUSE","href":"./16/ventouse.html","phone":"05 45 39 24 98","email":"mairie.ventouse@wanadoo.fr","population":"124 habitants","website":"","townhallAdress":"Chez Magnot - 16460 - VENTOUSE"},{"text":"VERDILLE","href":"./16/verdille.html","phone":"05 45 21 00 94","email":"mairie.verdille@wanadoo.fr","population":"352 habitants","website":"","townhallAdress":"Le Bourg - 16140 - VERDILLE"},{"text":"VERNEUIL","href":"./16/verneuil.html","phone":"05 45 65 11 64","email":"mairieverneuil@orange.fr","population":"106 habitants","website":"","townhallAdress":"Le Bourg - 16310 - VERNEUIL"},{"text":"VERRIERES","href":"./16/verrieres.html","phone":"05 45 83 02 80","email":"mairie-verrieres-gc@wanadoo.fr","population":"392 habitants","website":"","townhallAdress":"La Courade - 16130 - VERRIERES"},{"text":"VERTEUIL SUR CHARENTE","href":"./16/verteuil-sur-charente.html","phone":"05 45 31 42 05","email":"mairie.verteuilsurcharente@wanadoo.fr","population":"742 habitants","website":"","townhallAdress":"1 Place de la Mairie - 16510 - VERTEUIL-SUR-CHARENTE"},{"text":"VERVANT","href":"./16/vervant.html","phone":"05 45 39 77 68","email":"mairie-vervant@wanadoo.fr","population":"135 habitants","website":"","townhallAdress":"2 impasse Renclos - 16330 - VERVANT"},{"text":"VIBRAC","href":"./16/vibrac.html","phone":"05 45 97 04 55","email":"vibrac.mairie@wanadoo.fr","population":"297 habitants","website":"","townhallAdress":"Le Bourg - 16120 - VIBRAC"},{"text":"VIEUX RUFFEC","href":"./16/vieux-ruffec.html","phone":"05 45 31 99 72","email":"mairie-vxruffec@wanadoo.fr","population":"102 habitants","website":"","townhallAdress":"Le Bourg - 16350 - VIEUX-RUFFEC"},{"text":"VIGNOLLES","href":"./16/vignolles.html","phone":"05 45 78 58 67","email":"mairie.vignolles@wanadoo.fr","population":"185 habitants","website":"","townhallAdress":"Le Bourg - 16300 - VIGNOLLES"},{"text":"VILHONNEUR","href":"./16/vilhonneur.html","phone":"05 45 23 11 68","email":"vilhonneurcitedelapierre@wanadoo.fr","population":"331 habitants","website":"","townhallAdress":"Le Bourg - 16220 - VILHONNEUR"},{"text":"VILLEBOIS LAVALETTE","href":"./16/villebois-lavalette.html","phone":"05 45 64 90 04","email":"contact@villebois-lavalette.com","population":"785 habitants","website":"","townhallAdress":"Rue Rampeaux Maurice Petiot - 16320 - VILLEBOIS-LAVALETTE"},{"text":"VILLEFAGNAN","href":"./16/villefagnan.html","phone":"05 45 31 60 57","email":"mairie-villefagnan@wanadoo.fr","population":"1073 habitants","website":"","townhallAdress":"14 rue du Docteur Feuillet - 16240 - VILLEFAGNAN"},{"text":"VILLEGATS","href":"./16/villegats.html","phone":"05 45 31 52 52","email":"mairie.villegats@wanadoo.fr","population":"262 habitants","website":"","townhallAdress":"Le Bourg - 16700 - VILLEGATS"},{"text":"VILLEJESUS","href":"./16/villejesus.html","phone":"05 45 21 10 21","email":"mairie.villejesus@wanadoo.fr","population":"567 habitants","website":"","townhallAdress":"Place de la Mairie - 16140 - VILLEJESUS"},{"text":"VILLEJOUBERT","href":"./16/villejoubert.html","phone":"05 45 21 10 21","email":"mairie.villejoubert@wanadoo.fr","population":"340 habitants","website":"","townhallAdress":"Le Bourg - 16560 - VILLEJOUBERT"},{"text":"VILLIERS LE ROUX","href":"./16/villiers-le-roux.html","phone":"05 45 31 60 44","email":"mairie.villiersleroux@wanadoo.fr","population":"128 habitants","website":"","townhallAdress":"Le Bourg - 16240 - VILLIERS-LE-ROUX"},{"text":"VILLOGNON","href":"./16/villognon.html","phone":"05 45 39 03 40","email":"mairie.villognon@wanadoo.fr","population":"396 habitants","website":"","townhallAdress":"Le Bourg - 16230 - VILLOGNON"},{"text":"VINDELLE","href":"./16/vindelle.html","phone":"05 45 21 42 82","email":"mairie@vindelle.fr","population":"978 habitants","website":"","townhallAdress":"Le Bourg - 16430 - VINDELLE"},{"text":"VITRAC SAINT VINCENT","href":"./16/vitrac-saint-vincent.html","phone":"05 45 39 51 82","email":"mairievitracstvincent@wanadoo.fr","population":"538 habitants","website":"","townhallAdress":"Le Bourg - 16310 - VITRAC-SAINT-VINCENT"},{"text":"VIVILLE","href":"./16/viville.html","phone":"05 45 78 58 33","email":"mairie.viville@wanadoo.fr","population":"136 habitants","website":"","townhallAdress":"Le Bourg - 16120 - VIVILLE"},{"text":"VOEUIL ET GIGET","href":"./16/voeuil-et-giget.html","phone":"05 45 67 95 18","email":"mairie.voeuil@wanadoo.fr","population":"1584 habitants","website":"","townhallAdress":"Rue de la Mairie - 16400 - VOEUIL-ET-GIGET"},{"text":"VOUHARTE","href":"./16/vouharte.html","phone":"05 45 39 75 18","email":"mairie-vouharte@orange.fr","population":"336 habitants","website":"","townhallAdress":"Rue Principale - 16330 - VOUHARTE"},{"text":"VOULGEZAC","href":"./16/voulgezac.html","phone":"05 45 24 80 53","email":"commune-de-voulgezac@wanadoo.fr","population":"280 habitants","website":"","townhallAdress":"Le Bourg - 16250 - VOULGEZAC"},{"text":"VOUTHON","href":"./16/vouthon.html","phone":"05 45 23 64 31","email":"mairiedevouthon@wanadoo.fr","population":"345 habitants","website":"","townhallAdress":"Le Bourg - 16220 - VOUTHON"},{"text":"VOUZAN","href":"./16/vouzan.html","phone":"05 45 24 90 78","email":"mairie.vouzan@wanadoo.fr","population":"659 habitants","website":"","townhallAdress":"Le Bourg - 16410 - VOUZAN"},{"text":"XAMBES","href":"./16/xambes.html","phone":"05 45 39 87 47","email":"mairie.xambes@wanadoo.fr","population":"313 habitants","website":"","townhallAdress":"Rue Principale - 16330 - XAMBES"},{"text":"YVIERS","href":"./16/yviers.html","phone":"05 45 98 19 74","email":"mairie-yviers@wanadoo.fr","population":"509 habitants","website":"","townhallAdress":"Le Bourg - 16210 - YVIERS"},{"text":"YVRAC ET MALLEYRAND","href":"./16/yvrac-et-malleyrand.html","phone":"05 45 62 00 55","email":"mairie.yvracetmalleyrand@wanadoo.fr","population":"532 habitants","website":"","townhallAdress":"Le Bourg - 16110 - YVRAC-ET-MALLEYRAND"}]}