{"text":"2A | Corse du Sud","href":"corse-du-sud.html","townships":[{"text":"AFA","href":"./2A/afa.html","phone":"04 95 10 90 00","email":"afa.mairie@wanadoo.fr","population":"2055 habitants","website":"","townhallAdress":"Village - 20167 - AFA"},{"text":"AJACCIO","href":"./2A/ajaccio.html","phone":"04 95 51 52 53","email":"mairie@ajaccio.fr","population":"52880 habitants","website":"","townhallAdress":"Place Foch - 20000 - AJACCIO"},{"text":"ALATA","href":"./2A/alata.html","phone":"04 95 25 33 76","email":"mairie-alata@wanadoo.fr","population":"2459 habitants","website":"","townhallAdress":"Village - 20167 - ALATA"},{"text":"ALBITRECCIA","href":"./2A/albitreccia.html","phone":"04 95 25 19 92","email":"mairie.albitreccia@wanadoo.fr","population":"1246 habitants","website":"","townhallAdress":"Périphérique - 20128 - ALBITRECCIA"},{"text":"ALTAGENE","href":"./2A/altagene.html","phone":"04 95 78 80 14","email":"mairie.altagene@wanadoo.fr","population":"41 habitants","website":"","townhallAdress":"Village - 20112 - ALTAGENE"},{"text":"AMBIEGNA","href":"./2A/ambiegna.html","phone":"04 95 52 29 50","email":"mairie.ambiegna@orange.fr","population":"43 habitants","website":"","townhallAdress":"Village - 20151 - AMBIEGNA"},{"text":"APPIETTO","href":"./2A/appietto.html","phone":"04 95 22 80 53","email":"mairie.appietto@wanadoo.fr","population":"1149 habitants","website":"","townhallAdress":"Marchesaccio - 20167 - APPIETTO"},{"text":"ARBELLARA","href":"./2A/arbellara.html","phone":"04 95 73 43 97","email":"mairie.darbellara@wanadoo.fr","population":"127 habitants","website":"","townhallAdress":"Village - 20110 - ARBELLARA"},{"text":"ARBORI","href":"./2A/arbori.html","phone":"04 95 26 63 50","email":"leca.jo@wanadoo.fr","population":"67 habitants","website":"","townhallAdress":"Vignarella - 20160 - ARBORI"},{"text":"ARGIUSTA MORICCIO","href":"./2A/argiusta-moriccio.html","phone":"04 95 24 32 36","email":"mairie.argiusta@orange.fr","population":"77 habitants","website":"","townhallAdress":"Argiusta - 20140 - ARGIUSTA-MORICCIO"},{"text":"ARRO","href":"./2A/arro.html","phone":"04 95 28 94 20","email":"mairie.arro@wanadoo.fr","population":"76 habitants","website":"","townhallAdress":"Village - 20151 - ARRO"},{"text":"AULLENE","href":"./2A/aullene.html","phone":"04 95 78 60 93","email":"mairie-aullene@wanadoo.fr","population":"183 habitants","website":"","townhallAdress":"Cardelli - 20116 - AULLENE"},{"text":"AZILONE AMPAZA","href":"./2A/azilone-ampaza.html","phone":"04 95 53 62 25","email":"mairie.azilone@wanadoo.fr","population":"93 habitants","website":"","townhallAdress":"U Paese - 20190 - AZILONE-AMPAZA"},{"text":"AZZANA","href":"./2A/azzana.html","phone":"04 95 28 91 42","email":"mairie.azzana@orange.fr","population":"56 habitants","website":"","townhallAdress":"Capanaccia - 20121 - AZZANA"},{"text":"BALOGNA","href":"./2A/balogna.html","phone":"04 95 26 68 27","email":"mairie.balogna@orange.fr","population":"170 habitants","website":"","townhallAdress":"Canale - 20160 - BALOGNA"},{"text":"BASTELICA","href":"./2A/bastelica.html","phone":"04 95 28 71 69","email":"mairie.de.bastelica@wanadoo.fr","population":"460 habitants","website":"","townhallAdress":"Corso Sampiero - 20119 - BASTELICA"},{"text":"BASTELICACCIA","href":"./2A/bastelicaccia.html","phone":"04 95 20 03 38","email":"mairie.bastelicaccia@wanadoo.fr","population":"3063 habitants","website":"","townhallAdress":"Pela Curacchia - 20129 - BASTELICACCIA"},{"text":"BELVEDERE CAMPOMORO","href":"./2A/belvedere-campomoro.html","phone":"04 95 74 20 27","email":"mairiebelvederecampomoro@wanadoo.fr","population":"135 habitants","website":"","townhallAdress":"Campomoro - 20110 - BELVEDERE-CAMPOMORO"},{"text":"BILIA","href":"./2A/bilia.html","phone":"04 95 73 49 56","email":"mairiebilia@wanadoo.fr","population":"40 habitants","website":"","townhallAdress":"Village - 20100 - BILIA"},{"text":"BOCOGNANO","href":"./2A/bocognano.html","phone":"04 95 27 40 23","email":"bocognano.mairie@wanadoo.fr","population":"343 habitants","website":"","townhallAdress":"Corsacci - 20136 - BOCOGNANO"},{"text":"BONIFACIO","href":"./2A/bonifacio.html","phone":"04 95 73 00 15","email":"Mairie.bonifacio@wanadoo.fr","population":"2658 habitants","website":"","townhallAdress":"12 Place de l'Europe - 20169 - BONIFACIO"},{"text":"CALCATOGGIO","href":"./2A/calcatoggio.html","phone":"04 95 52 27 56","email":"mairiedecalcatoggio@wanadoo.fr","population":"440 habitants","website":"","townhallAdress":"Corte - 20111 - CALCATOGGIO"},{"text":"CAMPO","href":"./2A/campo.html","phone":"04 95 25 71 17","email":"mairie.campo@wanadoo.fr","population":"77 habitants","website":"","townhallAdress":"Village - 20142 - CAMPO"},{"text":"CANNELLE","href":"./2A/cannelle.html","phone":"04 95 27 21 13","email":"mairiecannelle@orange.fr","population":"32 habitants","website":"","townhallAdress":"Village - 20151 - CANNELLE"},{"text":"CARBINI","href":"./2A/carbini.html","phone":"04 95 78 43 65","email":"mairie.carbini@orange.fr","population":"101 habitants","website":"","townhallAdress":"Village - 20170 - CARBINI"},{"text":"CARBUCCIA","href":"./2A/carbuccia.html","phone":"04 95 52 81 25","email":"mairiedecarbuccia@orange.fr","population":"254 habitants","website":"","townhallAdress":"Costa - 20133 - CARBUCCIA"},{"text":"CARDO TORGIA","href":"./2A/cardo-torgia.html","phone":"04 95 53 61 11","email":"cardo-torgia@orange.fr","population":"38 habitants","website":"","townhallAdress":"Cardo - 20190 - CARDO-TORGIA"},{"text":"CARGESE","href":"./2A/cargese.html","phone":"04 95 26 41 01","email":"mairie.cargese@wanadoo.fr","population":"982 habitants","website":"","townhallAdress":"Rue Marboeuf - 20130 - CARGESE"},{"text":"CARGIACA","href":"./2A/cargiaca.html","phone":"04 95 78 84 02","email":"mairie.cargiaca@orange.fr","population":"49 habitants","website":"","townhallAdress":"Casa Cummuna Village - 20164 - CARGIACA"},{"text":"CASAGLIONE","href":"./2A/casaglione.html","phone":"04 95 52 22 80","email":"casaglione@orange.fr","population":"292 habitants","website":"","townhallAdress":"Piazza Piticchi - 20111 - CASAGLIONE"},{"text":"CASALABRIVA","href":"./2A/casalabriva.html","phone":"04 95 74 60 41","email":"mlemaire@9business.fr","population":"181 habitants","website":"","townhallAdress":"Casalabriva Village - 20140 - CASALABRIVA"},{"text":"CAURO","href":"./2A/cauro.html","phone":"04 95 28 40 89","email":"mairie-cauro@wanadoo.fr","population":"1060 habitants","website":"","townhallAdress":"Teghia - 20117 - CAURO"},{"text":"CIAMANNACCE","href":"./2A/ciamannacce.html","phone":"04 95 24 51 12","email":"mairie-ciamannacce@wanadoo.fr","population":"132 habitants","website":"","townhallAdress":"Village - 20134 - CIAMANNACCE"},{"text":"COGGIA","href":"./2A/coggia.html","phone":"04 95 28 09 48","email":"mairiedecoggia@orange.fr","population":"701 habitants","website":"","townhallAdress":"Crucciate - 20160 - COGGIA"},{"text":"COGNOCOLI MONTICCHI","href":"./2A/cognocoli-monticchi.html","phone":"04 95 24 22 95","email":"mairie.cognocoli@wanadoo.fr","population":"166 habitants","website":"","townhallAdress":"Village - 20123 - COGNOCOLI-MONTICCHI"},{"text":"CONCA","href":"./2A/conca.html","phone":"04 95 71 41 68","email":"mairie.conca@wanadoo.fr","population":"770 habitants","website":"","townhallAdress":"Mairie de - 20135 - CONCA"},{"text":"CORRANO","href":"./2A/corrano.html","phone":"04 95 24 23 22","email":"mairie.corrano@wanadoo.fr","population":"71 habitants","website":"","townhallAdress":"Village - 20168 - CORRANO"},{"text":"COTI CHIAVARI","href":"./2A/coti-chiavari.html","phone":"04 95 27 10 80","email":"henriantonamairiecotichiavari@wanadoo.fr","population":"490 habitants","website":"","townhallAdress":"Village - 20138 - COTI-CHIAVARI"},{"text":"COZZANO","href":"./2A/cozzano.html","phone":"04 95 24 40 38","email":"cozzanomairie@orange.fr","population":"242 habitants","website":"","townhallAdress":"Parata - 20148 - COZZANO"},{"text":"CRISTINACCE","href":"./2A/cristinacce.html","phone":"04 95 26 20 42","email":"mairie.cristinacce@orange.fr","population":"52 habitants","website":"","townhallAdress":"Capo Soprano - 20126 - CRISTINACCE"},{"text":"CUTTOLI CORTICCHIATO","href":"./2A/cuttoli-corticchiato.html","phone":"04 95 25 87 42","email":"communecuttoli@wanadoo.fr","population":"1473 habitants","website":"","townhallAdress":"Ecole Casarimaccio - 20167 - CUTTOLI-CORTICCHIATO"},{"text":"ECCICA SUARELLA","href":"./2A/eccica-suarella.html","phone":"04 95 28 40 11","email":"mairie.eccicasuarella@wanadoo.fr","population":"684 habitants","website":"","townhallAdress":"Suarella - 20117 - ECCICA-SUARELLA"},{"text":"EVISA","href":"./2A/evisa.html","phone":"04 95 26 20 09","email":"mairie-evisa@orange.fr","population":"193 habitants","website":"","townhallAdress":"Capo Soprano - 20126 - EVISA"},{"text":"FIGARI","href":"./2A/figari.html","phone":"04 95 71 00 23","email":"mairie.figari@wanadoo.fr","population":"1005 habitants","website":"","townhallAdress":"Village - 20114 - FIGARI"},{"text":"FOCE","href":"./2A/foce.html","phone":"04 95 77 04 90","email":"communedefoce@orange.fr","population":"110 habitants","website":"","townhallAdress":"Bilzese - 20100 - FOCE"},{"text":"FORCIOLO","href":"./2A/forciolo.html","phone":"04 95 53 61 15","email":"","population":"69 habitants","website":"","townhallAdress":"Valdo - 20190 - FORCIOLO"},{"text":"FOZZANO","href":"./2A/fozzano.html","phone":"04 95 73 43 15","email":"mairie.de.fozzano@orange.fr","population":"195 habitants","website":"","townhallAdress":"Village - 20143 - FOZZANO"},{"text":"FRASSETO","href":"./2A/frasseto.html","phone":"04 95 53 61 83","email":"mairie-de-frasseto@wanadoo.fr","population":"117 habitants","website":"","townhallAdress":"Cudeta - 20157 - FRASSETO"},{"text":"GIUNCHETO","href":"./2A/giuncheto.html","phone":"04 95 73 45 88","email":"mairie.giuncheto@wanadoo.fr","population":"69 habitants","website":"","townhallAdress":"Village - 20100 - GIUNCHETO"},{"text":"GRANACE","href":"./2A/granace.html","phone":"04 95 77 12 11","email":"","population":"61 habitants","website":"","townhallAdress":"Village - 20100 - GRANACE"},{"text":"GROSSA","href":"./2A/grossa.html","phone":"04 95 73 48 96","email":"mairie.grossa@orange.fr","population":"38 habitants","website":"","townhallAdress":"Village - 20100 - GROSSA"},{"text":"GROSSETO PRUGNA","href":"./2A/grosseto-prugna.html","phone":"04 95 25 71 16","email":"mairie-de-porticcio@wanadoo.fr","population":"2543 habitants","website":"","townhallAdress":"Grosetto - 20128 - GROSSETO-PRUGNA"},{"text":"GUAGNO","href":"./2A/guagno.html","phone":"04 95 28 31 24","email":"mairie.guagno@wanadoo.fr","population":"139 habitants","website":"","townhallAdress":"Village - 20160 - GUAGNO"},{"text":"GUARGUALE","href":"./2A/guarguale.html","phone":"04 95 24 20 57","email":"","population":"109 habitants","website":"","townhallAdress":"Village - 20128 - GUARGUALE"},{"text":"GUITERA LES BAINS","href":"./2A/guitera-les-bains.html","phone":"04 95 24 45 21","email":"mairie-guitera@orange.fr","population":"109 habitants","website":"","townhallAdress":"Guitera - 20153 - GUITERA-LES-BAINS"},{"text":"LECCI","href":"./2A/lecci.html","phone":"04 95 71 50 54","email":"mairie.lecci@wanadoo.fr","population":"706 habitants","website":"","townhallAdress":"Foce di Tallono - 20137 - LECCI"},{"text":"LETIA","href":"./2A/letia.html","phone":"04 95 26 63 24","email":"commune-de-letia@wanadoo.fr","population":"96 habitants","website":"","townhallAdress":"Poggio a Botte - 20160 - LETIA"},{"text":"LEVIE","href":"./2A/levie.html","phone":"04 95 78 00 00","email":"mairie.de.levie@wanadoo.fr","population":"696 habitants","website":"","townhallAdress":"Rue Sorba - 20170 - LEVIE"},{"text":"LOPIGNA","href":"./2A/lopigna.html","phone":"04 95 28 94 33","email":"mairie.lopigna@orange.fr","population":"112 habitants","website":"","townhallAdress":"Village - 20139 - LOPIGNA"},{"text":"LORETO DI TALLANO","href":"./2A/loreto-di-tallano.html","phone":"04 95 78 84 09","email":"commune.loretoditallano@orange.fr","population":"35 habitants","website":"","townhallAdress":"Village - 20165 - LORETO-DI-TALLANO"},{"text":"MARIGNANA","href":"./2A/marignana.html","phone":"04 95 26 21 03","email":"mairie.marignana894@orange.fr","population":"101 habitants","website":"","townhallAdress":"Village - 20141 - MARIGNANA"},{"text":"MELA","href":"./2A/mela.html","phone":"04 95 78 80 28","email":"mairie.mela@wanadoo.fr","population":"40 habitants","website":"","townhallAdress":"Village - 20112 - MELA"},{"text":"MOCA CROCE","href":"./2A/moca-croce.html","phone":"04 95 24 38 73","email":"mairie-mocacroce@wanadoo.fr","population":"221 habitants","website":"","townhallAdress":"Pozzo - 20140 - MOCA-CROCE"},{"text":"MONACIA D AULLENE","href":"./2A/monacia-d-aullene.html","phone":"04 95 71 81 09","email":"mairie.monacia-aulene@wanadoo.fr","population":"396 habitants","website":"","townhallAdress":"Village - 20171 - MONACIA-D'AULLENE"},{"text":"MURZO","href":"./2A/murzo.html","phone":"04 95 26 68 60","email":"mairie.murzo@orange.fr","population":"77 habitants","website":"","townhallAdress":"Casa Chiesale - 20160 - MURZO"},{"text":"OCANA","href":"./2A/ocana.html","phone":"04 95 27 02 90","email":"ocana3@wanadoo.fr","population":"394 habitants","website":"","townhallAdress":"Village - 20117 - OCANA"},{"text":"OLIVESE","href":"./2A/olivese.html","phone":"04 95 27 90 42","email":"mairie-olivese@orange.fr","population":"282 habitants","website":"","townhallAdress":"Valdo Olivese - 20140 - OLIVESE"},{"text":"OLMETO","href":"./2A/olmeto.html","phone":"04 95 76 30 40","email":"commune.olmeto@gmail.com","population":"1115 habitants","website":"","townhallAdress":"Hôtel Baracci Barracci - 20113 - OLMETO"},{"text":"OLMICCIA","href":"./2A/olmiccia.html","phone":"04 95 78 83 26","email":"","population":"82 habitants","website":"","townhallAdress":"Fenaggio - 20112 - OLMICCIA"},{"text":"ORTO","href":"./2A/orto.html","phone":"04 95 28 32 86","email":"mairie.orto@orange.fr","population":"54 habitants","website":"","townhallAdress":"Village - 20125 - ORTO"},{"text":"OSANI","href":"./2A/osani.html","phone":"04 95 27 30 74","email":"mairie-osani@wanadoo.fr","population":"95 habitants","website":"","townhallAdress":"Village - 20147 - OSANI"},{"text":"OTA","href":"./2A/ota.html","phone":"04 95 26 16 27","email":"mairie.ota@wanadoo.fr","population":"452 habitants","website":"","townhallAdress":"Pietra Chiapata - 20150 - OTA"},{"text":"PALNECA","href":"./2A/palneca.html","phone":"04 95 24 51 21","email":"commune.palneca@orange.fr","population":"156 habitants","website":"","townhallAdress":"Village - 20134 - PALNECA"},{"text":"PARTINELLO","href":"./2A/partinello.html","phone":"04 95 27 30 23","email":"mairie.partinello@wanadoo.fr","population":"94 habitants","website":"","townhallAdress":"Village - 20147 - PARTINELLO"},{"text":"PASTRICCIOLA","href":"./2A/pastricciola.html","phone":"04 95 28 95 32","email":"pastricciola@free.fr","population":"81 habitants","website":"","townhallAdress":"Village - 20121 - PASTRICCIOLA"},{"text":"PERI","href":"./2A/peri.html","phone":"04 95 25 87 04","email":"mairie.peri@wanadoo.fr","population":"1140 habitants","website":"","townhallAdress":"Lot Salasca Chiosso Novo - 20167 - PERI"},{"text":"PETRETO BICCHISANO","href":"./2A/petreto-bicchisano.html","phone":"04 95 24 30 14","email":"pampetreto@wanadoo.fr","population":"559 habitants","website":"","townhallAdress":"Penta - 20140 - PETRETO-BICCHISANO"},{"text":"PIANA","href":"./2A/piana.html","phone":"04 95 27 80 28","email":"mairie.piana@wanadoo.fr","population":"428 habitants","website":"","townhallAdress":"Place de la Mairie - 20115 - PIANA"},{"text":"PIANOTOLLI CALDARELLO","href":"./2A/pianotolli-caldarello.html","phone":null,"email":null,"population":null,"website":null,"townhallAdress":null},{"text":"PIETROSELLA","href":"./2A/pietrosella.html","phone":"04 95 53 50 50","email":"mairie.pietrosella@wanadoo.fr","population":"1028 habitants","website":"","townhallAdress":"Lotissement Sampiero - 20166 - PIETROSELLA"},{"text":"PILA CANALE","href":"./2A/pila-canale.html","phone":"04 95 24 22 24","email":"marie.pilacanale@orange.fr","population":"278 habitants","website":"","townhallAdress":"Mairie Pila - 20123 - PILA-CANALE"},{"text":"POGGIOLO","href":"./2A/poggiolo.html","phone":"04 95 28 31 72","email":"","population":"96 habitants","website":"","townhallAdress":"Village - 20125 - POGGIOLO"},{"text":"PORTO VECCHIO","href":"./2A/porto-vecchio.html","phone":"04 95 70 95 30","email":"service.com@porto-vecchio.fr","population":"10326 habitants","website":"","townhallAdress":"Place de la Mairie - 20137 - PORTO-VECCHIO"},{"text":"PROPRIANO","href":"./2A/propriano.html","phone":"04 95 76 00 44","email":"mairie.propriano@wanadoo.fr","population":"3166 habitants","website":"","townhallAdress":"Avenue Napoléon - 20110 - PROPRIANO"},{"text":"QUASQUARA","href":"./2A/quasquara.html","phone":"04 95 25 73 43","email":"commune-de.quasquara@orange.fr","population":"51 habitants","website":"","townhallAdress":"Vazzina - 20142 - QUASQUARA"},{"text":"QUENZA","href":"./2A/quenza.html","phone":"04 95 78 61 23","email":"mairiedequenza@wanadoo.fr","population":"243 habitants","website":"","townhallAdress":"Torre - 20122 - QUENZA"},{"text":"RENNO","href":"./2A/renno.html","phone":"04 95 26 65 35","email":"mairiederenno2@wanadoo.fr","population":"77 habitants","website":"","townhallAdress":"Poggio - 20160 - RENNO"},{"text":"REZZA","href":"./2A/rezza.html","phone":"04 95 28 90 01","email":"","population":"73 habitants","website":"","townhallAdress":"Village - 20121 - REZZA"},{"text":"ROSAZIA","href":"./2A/rosazia.html","phone":"04 95 28 90 99","email":"commune.rosazia@orange.fr","population":"81 habitants","website":"","townhallAdress":"Querciu - 20121 - ROSAZIA"},{"text":"SAINTE LUCIE DE TALLANO","href":"./2A/sainte-lucie-de-tallano.html","phone":"04 95 78 80 13","email":"","population":"325 habitants","website":"","townhallAdress":"Village - 20112 - SAINTE-LUCIE-DE-TALLANO"},{"text":"SALICE","href":"./2A/salice.html","phone":"04 95 28 91 84","email":"","population":"105 habitants","website":"","townhallAdress":"Cadastella - 20121 - SALICE"},{"text":"SAMPOLO","href":"./2A/sampolo.html","phone":"04 95 24 51 55","email":"mairie-sampolo@orange.fr","population":"52 habitants","website":"","townhallAdress":"Ancienne mairie Village - 20134 - SAMPOLO"},{"text":"SAN GAVINO DI CARBINI","href":"./2A/san-gavino-di-carbini.html","phone":"04 95 78 43 28","email":"","population":"738 habitants","website":"","townhallAdress":"Campo Guardato - 20170 - SAN-GAVINO-DI-CARBINI"},{"text":"SANTA MARIA FIGANIELLA","href":"./2A/santa-maria-figaniella.html","phone":"04 95 73 43 23","email":"","population":"72 habitants","website":"","townhallAdress":"Figaniella - 20143 - SANTA-MARIA-FIGANIELLA"},{"text":"SANTA MARIA SICHE","href":"./2A/santa-maria-siche.html","phone":"04 95 25 70 48","email":"mairiesantamariasiche@wanadoo.fr","population":"357 habitants","website":"","townhallAdress":"Ceppo - 20190 - SANTA-MARIA-SICHE"},{"text":"SANT ANDREA D ORCINO","href":"./2A/sant-andrea-d-orcino.html","phone":"04 95 27 20 26","email":"","population":"71 habitants","website":"","townhallAdress":"Suprano - 20151 - SANT'ANDREA-D'ORCINO"},{"text":"SARI D ORCINO","href":"./2A/sari-d-orcino.html","phone":"04 95 27 20 02","email":"mairiesaridorcino@orange.fr","population":"259 habitants","website":"","townhallAdress":"Acquansu - 20151 - SARI-D'ORCINO"},{"text":"SARI SOLENZARA","href":"./2A/sari-solenzara.html","phone":"04 95 57 41 01","email":"solenzara@mairie-sari-solenzara.fr","population":"1102 habitants","website":"","townhallAdress":"Sari Village - 20145 - SARI-SOLENZARA"},{"text":"SARROLA CARCOPINO","href":"./2A/sarrola-carcopino.html","phone":"04 95 25 63 68","email":"sarrola.mairie@orange.fr","population":"1801 habitants","website":"","townhallAdress":"Carcopino - 20167 - SARROLA-CARCOPINO"},{"text":"SARTENE","href":"./2A/sartene.html","phone":"04 95 77 74 00","email":"mairie.sartene@wanadoo.fr","population":"3410 habitants","website":"","townhallAdress":"Place de la Libération - 20100 - SARTENE"},{"text":"SERRA DI FERRO","href":"./2A/serra-di-ferro.html","phone":"04 95 74 02 12","email":"mairie.de.serradiferro@wanadoo.fr","population":"352 habitants","website":"","townhallAdress":"Village - 20140 - SERRA-DI-FERRO"},{"text":"SERRA DI SCOPAMENE","href":"./2A/serra-di-scopamene.html","phone":"04 95 78 60 13","email":"mairieseradiscopamena@orange.fr","population":"120 habitants","website":"","townhallAdress":"Costa - 20127 - SERRA-DI-SCOPAMENE"},{"text":"SERRIERA","href":"./2A/serriera.html","phone":"04 95 26 14 44","email":"","population":"106 habitants","website":"","townhallAdress":"Pinito - 20147 - SERRIERA"},{"text":"SOCCIA","href":"./2A/soccia.html","phone":"04 95 28 30 08","email":"mairie.soccia@wanadoo.fr","population":"121 habitants","website":"","townhallAdress":"Umbriccia - 20125 - SOCCIA"},{"text":"SOLLACARO","href":"./2A/sollacaro.html","phone":"04 95 74 61 82","email":"mairie.sollacaro@wanadoo.fr","population":"326 habitants","website":"","townhallAdress":"Rue de l'Eglise - 20140 - SOLLACARO"},{"text":"SORBOLLANO","href":"./2A/sorbollano.html","phone":"04 95 78 60 30","email":"","population":"69 habitants","website":"","townhallAdress":"Chedi Agnulellu - 20152 - SORBOLLANO"},{"text":"SOTTA","href":"./2A/sotta.html","phone":"04 95 71 24 63","email":"mairie.sotta@wanadoo.fr","population":"808 habitants","website":"","townhallAdress":"Village - 20146 - SOTTA"},{"text":"TASSO","href":"./2A/tasso.html","phone":"04 95 24 52 20","email":"","population":"97 habitants","website":"","townhallAdress":"Village - 20134 - TASSO"},{"text":"TAVACO","href":"./2A/tavaco.html","phone":"04 95 52 84 88","email":"mairie.tavaco@wanadoo.fr","population":"245 habitants","website":"","townhallAdress":"Figarella - 20167 - TAVACO"},{"text":"TAVERA","href":"./2A/tavera.html","phone":"04 95 52 81 65","email":"mairiedetavera@wanadoo.fr","population":"336 habitants","website":"","townhallAdress":"Corso - 20163 - TAVERA"},{"text":"TOLLA","href":"./2A/tolla.html","phone":"04 95 27 00 71","email":"mairiedetolla@orange.fr","population":"98 habitants","website":"","townhallAdress":"Village - 20117 - TOLLA"},{"text":"UCCIANI","href":"./2A/ucciani.html","phone":"04 95 52 92 35","email":"mairie.ucciani@wanadoo.fr","population":"442 habitants","website":"","townhallAdress":"Canavajola - 20133 - UCCIANI"},{"text":"URBALACONE","href":"./2A/urbalacone.html","phone":"04 95 25 74 32","email":"mairie.urbalacone@nordnet.fr","population":"68 habitants","website":"","townhallAdress":"Village - 20128 - URBALACONE"},{"text":"VALLE DI MEZZANA","href":"./2A/valle-di-mezzana.html","phone":"04 95 25 84 64","email":"","population":"217 habitants","website":"","townhallAdress":"Martelage - 20167 - VALLE-DI-MEZZANA"},{"text":"VERO","href":"./2A/vero.html","phone":"04 95 52 81 22","email":"mairie.vero@wanadoo.fr","population":"351 habitants","website":"","townhallAdress":"Piazza Communa - 20172 - VERO"},{"text":"VICO","href":"./2A/vico.html","phone":"04 95 26 60 58","email":"mairie.de.vico.1@cegetel.net","population":"898 habitants","website":"","townhallAdress":"Cours Joseph Colonna - 20160 - VICO"},{"text":"VIGGIANELLO","href":"./2A/viggianello.html","phone":"04 95 76 05 41","email":"mairiedeviggianello@orange.fr","population":"417 habitants","website":"","townhallAdress":"Village - 20110 - VIGGIANELLO"},{"text":"VILLANOVA","href":"./2A/villanova.html","phone":"04 95 25 33 82","email":"villanova.mairie@wanadoo.fr","population":"307 habitants","website":"","townhallAdress":"Village - 20167 - VILLANOVA"},{"text":"ZERUBIA","href":"./2A/zerubia.html","phone":"04 95 78 60 65","email":"","population":"29 habitants","website":"","townhallAdress":"Village - 20116 - ZERUBIA"},{"text":"ZEVACO","href":"./2A/zevaco.html","phone":"04 95 24 43 76","email":"mairiezevaco@wanadoo.fr","population":"56 habitants","website":"","townhallAdress":"Fontana di Zevaco - 20173 - ZEVACO"},{"text":"ZICAVO","href":"./2A/zicavo.html","phone":"04 95 24 40 05","email":"mairiedezicavo@wanadoo.fr","population":"237 habitants","website":"","townhallAdress":"Quartier de l'Eglise - 20132 - ZICAVO"},{"text":"ZIGLIARA","href":"./2A/zigliara.html","phone":"04 95 25 46 08","email":"mairie-zigliara@wanadoo.fr","population":"125 habitants","website":"","townhallAdress":"Piazza d'Angeletto - 20190 - ZIGLIARA"},{"text":"ZONZA","href":"./2A/zonza.html","phone":"04 95 78 66 87","email":"mairiezonza@voila.fr","population":"1803 habitants","website":"","townhallAdress":"Bureau Village - 20124 - ZONZA"},{"text":"ZOZA","href":"./2A/zoza.html","phone":"04 95 78 80 04","email":"mairiezoza@orange.fr","population":"51 habitants","website":"","townhallAdress":"Village - 20112 - ZOZA"}]}