{"text":"22 | Côtes-d'Armor","href":"cotes-d-armor.html","townships":[{"text":"ALLINEUC","href":"./22/allineuc.html","phone":"02 96 28 82 11","email":"mairieallineuc@wanadoo.fr","population":"508 habitants","website":"","townhallAdress":"Le Bourg - 22460 - ALLINEUC"},{"text":"ANDEL","href":"./22/andel.html","phone":"02 96 31 10 04","email":"mairie.andel@wanadoo.fr","population":"1047 habitants","website":"","townhallAdress":"7 rue Abbé Hingant - 22400 - ANDEL"},{"text":"AUCALEUC","href":"./22/aucaleuc.html","phone":"02 96 39 40 68","email":"mairie.aucaleuc-22@wanadoo.fr","population":"893 habitants","website":"","townhallAdress":"Le Bourg - 22100 - AUCALEUC"},{"text":"BEGARD","href":"./22/begard.html","phone":"02 96 45 20 19","email":"mairie-begard@wanadoo.fr","population":"4686 habitants","website":"","townhallAdress":"8BIS rue de l'Hôtel de Ville - 22140 - BEGARD"},{"text":"BELLE ISLE EN TERRE","href":"./22/belle-isle-en-terre.html","phone":"02 96 43 30 38","email":"mairiedebellisle@wanadoo.fr","population":"1071 habitants","website":"","townhallAdress":"4 rue Crech Uguen - 22810 - BELLE-ISLE-EN-TERRE"},{"text":"BERHET","href":"./22/berhet.html","phone":"02 96 35 86 96","email":"mairie.berhet@wanadoo.fr","population":"217 habitants","website":"","townhallAdress":"Le Bourg - 22140 - BERHET"},{"text":"BINIC","href":"./22/binic.html","phone":"02 96 73 39 90","email":"ville.binic@wanadoo.fr","population":"3563 habitants","website":"","townhallAdress":"2 quai Courcy - 22520 - BINIC"},{"text":"BOBITAL","href":"./22/bobital.html","phone":"02 96 83 58 85","email":"mairiedebobital@wanadoo.fr","population":"1013 habitants","website":"","townhallAdress":"Le Bourg - 22100 - BOBITAL"},{"text":"BOQUEHO","href":"./22/boqueho.html","phone":"02 96 73 92 03","email":"mairie-de-boqueho@wanadoo.fr","population":"1014 habitants","website":"","townhallAdress":"Le Bourg - 22170 - BOQUEHO"},{"text":"BOURBRIAC","href":"./22/bourbriac.html","phone":"02 96 43 40 21","email":"mairie.bourbriac@wanadoo.fr","population":"2409 habitants","website":"","townhallAdress":"11, place du Centre - 22390 - BOURBRIAC"},{"text":"BOURSEUL","href":"./22/bourseul.html","phone":"02 96 83 02 17","email":"mairiebourseul@wanadoo.fr","population":"1041 habitants","website":"","townhallAdress":"Le Bourg - 22130 - BOURSEUL"},{"text":"BREHAND","href":"./22/brehand.html","phone":"02 96 42 78 16","email":"mairie.brehand@wanadoo.fr","population":"1433 habitants","website":"","townhallAdress":"Le Bourg - 22510 - BREHAND"},{"text":"BRELIDY","href":"./22/brelidy.html","phone":"02 96 95 62 04","email":"mairie.de.brelidy@orange.fr","population":"317 habitants","website":"","townhallAdress":"1 rue de la Mairie - 22140 - BRELIDY"},{"text":"BRINGOLO","href":"./22/bringolo.html","phone":"02 96 74 10 87","email":"communedebringolo@wanadoo.fr","population":"369 habitants","website":"","townhallAdress":"Le Bourg - 22170 - BRINGOLO"},{"text":"BROONS","href":"./22/broons.html","phone":"02 96 84 60 03","email":"mairiebroons22@wanadoo.fr","population":"2890 habitants","website":"","townhallAdress":"Place Duguesclin - 22250 - BROONS"},{"text":"BRUSVILY","href":"./22/brusvily.html","phone":"02 96 84 55 22","email":"mairie-brusvily@wanadoo.fr","population":"1004 habitants","website":"","townhallAdress":"3 Place de l'Eglise - 22100 - BRUSVILY"},{"text":"BULAT PESTIVIEN","href":"./22/bulat-pestivien.html","phone":"02 96 45 72 00","email":"mairie.bulatpestivien@wanadoo.fr","population":"493 habitants","website":"","townhallAdress":"3 Porz an Ti Ker - 22160 - BULAT-PESTIVIEN"},{"text":"CALANHEL","href":"./22/calanhel.html","phone":"02 96 45 01 84","email":"mairiedecalanhel@gmail.com","population":"262 habitants","website":"","townhallAdress":"Le Bourg - 22160 - CALANHEL"},{"text":"CALLAC DE BRETAGNE","href":"./22/callac-de-bretagne.html","phone":"02 96 45 50 19","email":"commune@mairie-callac.fr","population":"2413 habitants","website":"","townhallAdress":"Place de la Mairie - 22160 - CALLAC-DE-BRETAGNE"},{"text":"CALORGUEN","href":"./22/calorguen.html","phone":"02 96 83 58 03","email":"mairie.calorguen@wanadoo.fr","population":"656 habitants","website":"","townhallAdress":"Le Bourg - 22100 - CALORGUEN"},{"text":"CAMLEZ","href":"./22/camlez.html","phone":"02 96 92 75 41","email":"mairie.camlez@wanadoo.fr","population":"880 habitants","website":"","townhallAdress":"1 Place de la Mairie - 22450 - CAMLEZ"},{"text":"CANIHUEL","href":"./22/canihuel.html","phone":"02 96 29 52 07","email":"mairie.canihuel@wanadoo.fr","population":"389 habitants","website":"","townhallAdress":"7 rue de l'Etang, le Bourg - 22480 - CANIHUEL"},{"text":"CAOUENNEC LANVEZEAC","href":"./22/caouennec-lanvezeac.html","phone":"02 96 35 86 88","email":"mairie.caouennec-lanvezeac@wanadoo.fr","population":"828 habitants","website":"","townhallAdress":"Le Bourg Caouennec - 22300 - CAOUENNEC-LANVEZEAC"},{"text":"CARNOET","href":"./22/carnoet.html","phone":"02 96 21 52 24","email":"mairie.carnoet@wanadoo.fr","population":"760 habitants","website":"","townhallAdress":"7 Place de la Mairie - 22160 - CARNOET"},{"text":"CAULNES","href":"./22/caulnes.html","phone":"02 96 88 70 30","email":"mairie.caulnes@wanadoo.fr","population":"2402 habitants","website":"","townhallAdress":"Place de la Mairie - 22350 - CAULNES"},{"text":"CAUREL","href":"./22/caurel.html","phone":"02 96 28 52 21","email":"mairie-caurel@orange.fr","population":"391 habitants","website":"","townhallAdress":"25BIS rue Roc Hell - 22530 - CAUREL"},{"text":"CAVAN","href":"./22/cavan.html","phone":"02 96 35 86 09","email":"mairie.cavan@wanadoo.fr","population":"1425 habitants","website":"","townhallAdress":"10 rue General de Gaulle - 22140 - CAVAN"},{"text":"CHATELAUDREN","href":"./22/chatelaudren.html","phone":"02 96 74 10 38","email":"mairiechatelaudren@wanadoo.fr","population":"1026 habitants","website":"","townhallAdress":"6 rue de la Mairie - 22170 - CHATELAUDREN"},{"text":"COADOUT","href":"./22/coadout.html","phone":"02 96 43 83 07","email":"mairie.coadout@orange.fr","population":"518 habitants","website":"","townhallAdress":"4 Place de la Mairie - 22970 - COADOUT"},{"text":"COATASCORN","href":"./22/coatascorn.html","phone":"02 96 47 00 55","email":"mairie.coatascorn@wanadoo.fr","population":"256 habitants","website":"","townhallAdress":"Le Bourg - 22140 - COATASCORN"},{"text":"COATREVEN","href":"./22/coatreven.html","phone":"02 96 38 04 71","email":"mairie.coatreven@wanadoo.fr","population":"456 habitants","website":"","townhallAdress":"6 Rue de l'Eglise - 22450 - COATREVEN"},{"text":"COETLOGON","href":"./22/coetlogon.html","phone":"02 96 25 64 42","email":"mairie.coetlogon@orange.fr","population":"241 habitants","website":"","townhallAdress":"Le Bourg - 22210 - COETLOGON"},{"text":"COETMIEUX","href":"./22/coetmieux.html","phone":"02 96 34 62 20","email":"mairie.coetmieux@wanadoo.fr","population":"1541 habitants","website":"","townhallAdress":"3 rue de la Mairie - 22400 - COETMIEUX"},{"text":"COHINIAC","href":"./22/cohiniac.html","phone":"02 96 73 91 02","email":"mairie.cohiniac@wanadoo.fr","population":"354 habitants","website":"","townhallAdress":"Le Bourg - 22800 - COHINIAC"},{"text":"COLLINEE","href":"./22/collinee.html","phone":"02 96 31 40 02","email":"mairie.collinee@wanadoo.fr","population":"954 habitants","website":"","townhallAdress":"2 rue Simon d'Estiennes - 22330 - COLLINEE"},{"text":"CORLAY","href":"./22/corlay.html","phone":"02 96 29 40 41","email":"commune.corlay@wanadoo.fr","population":"1084 habitants","website":"","townhallAdress":"8 Place de l'Eglise - 22320 - CORLAY"},{"text":"CORSEUL","href":"./22/corseul.html","phone":"02 96 27 90 17","email":"mairie.corseul@wanadoo.fr","population":"2024 habitants","website":"","townhallAdress":"1 rue Temple de Mars - 22130 - CORSEUL"},{"text":"CREHEN","href":"./22/crehen.html","phone":"02 96 84 13 12","email":"mairie-de-crehen@wanadoo.fr","population":"1710 habitants","website":"","townhallAdress":"2 rue du Stade - 22130 - CREHEN"},{"text":"DINAN","href":"./22/dinan.html","phone":"02 96 39 22 43","email":"mairie@dinan.fr","population":"11605 habitants","website":"","townhallAdress":"21 Rue Marchix - 22100 - DINAN"},{"text":"DOLO","href":"./22/dolo.html","phone":"02 96 50 62 28","email":"commune.dolo@wanadoo.fr","population":"541 habitants","website":"","townhallAdress":"Le Bourg - 22270 - DOLO"},{"text":"DUAULT","href":"./22/duault.html","phone":"02 96 21 56 57","email":"mairie.duault@wanadoo.fr","population":"353 habitants","website":"","townhallAdress":"Le Bourg - 22160 - DUAULT"},{"text":"EREAC","href":"./22/ereac.html","phone":"02 96 86 63 55","email":"mairie.ereac@wanadoo.fr","population":"628 habitants","website":"","townhallAdress":"Le Bourg - 22250 - EREAC"},{"text":"ERQUY","href":"./22/erquy.html","phone":"02 96 63 64 64","email":"info@ville-erquy.com","population":"3853 habitants","website":"","townhallAdress":"11 Square de l'Hôtel de Ville. - 22430 - ERQUY"},{"text":"ETABLES SUR MER","href":"./22/etables-sur-mer.html","phone":"02 96 70 64 18","email":"mairie.etablesurmer@wanadoo.fr","population":"3164 habitants","website":"","townhallAdress":"1 Place Jean Heurtel - 22680 - ETABLES-SUR-MER"},{"text":"EVRAN","href":"./22/evran.html","phone":"02 96 27 40 33","email":"commune.evran@wanadoo.fr","population":"1683 habitants","website":"","townhallAdress":"12 rue de la Mairie - 22630 - EVRAN"},{"text":"FREHEL","href":"./22/frehel.html","phone":"02 96 41 40 12","email":"mairie.frehel@wanadoo.fr","population":"1650 habitants","website":"","townhallAdress":"Place Chambly - 22240 - FREHEL"},{"text":"GAUSSON","href":"./22/gausson.html","phone":"02 96 28 72 13","email":"mairie.gausson@orange.fr","population":"604 habitants","website":"","townhallAdress":"Le Bourg - 22150 - GAUSSON"},{"text":"GLOMEL","href":"./22/glomel.html","phone":"02 96 29 60 51","email":"communeglomel@wanadoo.fr","population":"1458 habitants","website":"","townhallAdress":"2 rue Rostrenen - 22110 - GLOMEL"},{"text":"GOMENE","href":"./22/gomene.html","phone":"02 96 28 42 09","email":"mairiegomene@orange.fr","population":"610 habitants","website":"","townhallAdress":"Le Bourg - 22230 - GOMENE"},{"text":"GOMMENEC H","href":"./22/gommenec-h.html","phone":"02 96 52 31 17","email":"mairie.gommenech@wanadoo.fr","population":"511 habitants","website":"","townhallAdress":"Le Bourg - 22290 - GOMMENEC'H"},{"text":"GOUAREC","href":"./22/gouarec.html","phone":"02 96 24 90 22","email":"mairie.gouarec@wanadoo.fr","population":"987 habitants","website":"","townhallAdress":"5 rue de l'Eglise - 22570 - GOUAREC"},{"text":"GOUDELIN","href":"./22/goudelin.html","phone":"02 96 70 01 95","email":"commune.goudelin@wanadoo.fr","population":"1621 habitants","website":"","townhallAdress":"15 rue de la Mairie - 22290 - GOUDELIN"},{"text":"GRACES","href":"./22/graces.html","phone":"02 96 40 21 21","email":"mairie.de.graces@wanadoo.fr","population":"2482 habitants","website":"","townhallAdress":"4 Place André Bardoux - 22200 - GRACES"},{"text":"GRACE UZEL","href":"./22/grace-uzel.html","phone":"02 96 28 81 78","email":"mairiedegrace-uzel@wanadoo.fr","population":"414 habitants","website":"","townhallAdress":"Le Bourg - 22460 - GRACE-UZEL"},{"text":"GUENROC","href":"./22/guenroc.html","phone":"02 96 83 47 55","email":"mairie.guenroc@wanadoo.fr","population":"195 habitants","website":"","townhallAdress":"4 rue du Puits - 22350 - GUENROC"},{"text":"GUINGAMP","href":"./22/guingamp.html","phone":"02 96 40 64 40","email":"mairie@ville-guingamp.com","population":"8359 habitants","website":"","townhallAdress":"1 place du Champ au Roy - 22200 - GUINGAMP"},{"text":"GUITTE","href":"./22/guitte.html","phone":"02 96 83 90 52","email":"mairie.guitte@wanadoo.fr","population":"629 habitants","website":"","townhallAdress":"Le Bourg - 22350 - GUITTE"},{"text":"GURUNHUEL","href":"./22/gurunhuel.html","phone":"02 96 21 81 15","email":"mairiegurunhuel@wanadoo.fr","population":"409 habitants","website":"","townhallAdress":"Le Bourg - 22390 - GURUNHUEL"},{"text":"HEMONSTOIR","href":"./22/hemonstoir.html","phone":"02 96 25 02 80","email":"mairie.hemonstoir@wanadoo.fr","population":"668 habitants","website":"","townhallAdress":"22 rue Général de Gaulle - 22600 - HEMONSTOIR"},{"text":"HENANBIHEN","href":"./22/henanbihen.html","phone":"02 96 31 52 49","email":"mairie.henanbihen@wanadoo.fr","population":"1347 habitants","website":"","townhallAdress":"Square Henri Avril - 22550 - HENANBIHEN"},{"text":"HENANSAL","href":"./22/henansal.html","phone":"02 96 31 50 02","email":"commune.henansal@wanadoo.fr","population":"1051 habitants","website":"","townhallAdress":"2 rue de l'Eglise - 22400 - HENANSAL"},{"text":"HENGOAT","href":"./22/hengoat.html","phone":"02 96 91 36 99","email":"mairie.hengoat@wanadoo.fr","population":"221 habitants","website":"","townhallAdress":"Le Bourg - 22450 - HENGOAT"},{"text":"HENON","href":"./22/henon.html","phone":"02 96 73 40 60","email":"mairie.henon@pays-moncontour.com","population":"2100 habitants","website":"","townhallAdress":"Rue Armel - 22150 - HENON"},{"text":"HILLION","href":"./22/hillion.html","phone":"02 96 32 21 04","email":"contact@mairie-hillion.fr","population":"4112 habitants","website":"","townhallAdress":"2 rue de la Tour du Fa - 22120 - HILLION"},{"text":"ILE DE BREHAT","href":"./22/ile-de-brehat.html","phone":"02 96 20 00 36","email":"mairie-ile.de.brehat@wanadoo.fr","population":"449 habitants","website":"","townhallAdress":"Le Bourg - 22870 - ILE-DE-BREHAT"},{"text":"ILLIFAUT","href":"./22/illifaut.html","phone":"02 96 56 62 22","email":"commune.illifaut@wanadoo.fr","population":"699 habitants","website":"","townhallAdress":"Le Bourg - 22230 - ILLIFAUT"},{"text":"JUGON LES LACS","href":"./22/jugon-les-lacs.html","phone":"02 96 31 61 62","email":"mairiedejugonleslacs@fr.oleane.com","population":"1641 habitants","website":"","townhallAdress":"2 Place du Martray - 22270 - JUGON-LES-LACS"},{"text":"KERBORS","href":"./22/kerbors.html","phone":"02 96 22 94 47","email":"mairie.kerbors@wanadoo.fr","population":"351 habitants","website":"","townhallAdress":"2 Place de la Mairie - 22610 - KERBORS"},{"text":"KERFOT","href":"./22/kerfot.html","phone":"02 96 20 87 01","email":"mairie.kerfot@wanadoo.fr","population":"610 habitants","website":"","townhallAdress":"1 place de la Mairie - 22500 - KERFOT"},{"text":"KERGRIST MOELOU","href":"./22/kergrist-moelou.html","phone":"02 96 36 50 11","email":"mairie-de-kergrist-moelou@wanadoo.fr","population":"681 habitants","website":"","townhallAdress":"Le Bourg - 22110 - KERGRIST-MOELOU"},{"text":"KERIEN","href":"./22/kerien.html","phone":"02 96 45 72 60","email":"mairie.kerien@wanadoo.fr","population":"278 habitants","website":"","townhallAdress":"Le Bourg - 22480 - KERIEN"},{"text":"KERMARIA SULARD","href":"./22/kermaria-sulard.html","phone":"02 96 38 03 81","email":"mairie.kermariasulard@wanadoo.fr","population":"964 habitants","website":"","townhallAdress":"14 rue de la Mairie - 22450 - KERMARIA-SULARD"},{"text":"KERMOROC H","href":"./22/kermoroc-h.html","phone":"02 96 43 23 22","email":"mairie.kermoroch@wanadoo.fr","population":"391 habitants","website":"","townhallAdress":"14 Place Eglise - 22140 - KERMOROC'H"},{"text":"KERPERT","href":"./22/kerpert.html","phone":"02 96 24 31 35","email":"mairie-kerpert@wanadoo.fr","population":"305 habitants","website":"","townhallAdress":"Le Bourg - 22480 - KERPERT"},{"text":"LA BOUILLIE","href":"./22/la-bouillie.html","phone":"02 96 31 51 68","email":"mairie.labouillie@wanadoo.fr","population":"819 habitants","website":"","townhallAdress":"Le Bourg - 22240 - LA-BOUILLIE"},{"text":"LA CHAPELLE BLANCHE","href":"./22/la-chapelle-blanche.html","phone":"02 96 83 93 28","email":"mairie-de-la-chapelle-blanche@wanadoo.fr","population":"216 habitants","website":"","townhallAdress":"Le Bourg - 22350 - LA-CHAPELLE-BLANCHE"},{"text":"LA CHAPELLE NEUVE","href":"./22/la-chapelle-neuve.html","phone":"02 96 21 63 66","email":"mairie.lachapelleneuve@wanadoo.fr","population":"434 habitants","website":"","townhallAdress":"1 Hent an Iliz - 22160 - LA-CHAPELLE-NEUVE"},{"text":"LA CHEZE","href":"./22/la-cheze.html","phone":"02 96 26 70 99","email":"contact@mairie-lacheze.fr","population":"637 habitants","website":"","townhallAdress":"17 rue Madeleine - 22210 - LA-CHEZE"},{"text":"LA FERRIERE","href":"./22/la-ferriere.html","phone":"02 96 26 75 59","email":"mairie.laferriere@wanadoo.fr","population":"477 habitants","website":"","townhallAdress":"1 Place de la Mairie - 22210 - LA-FERRIERE"},{"text":"LA HARMOYE","href":"./22/la-harmoye.html","phone":"02 96 32 41 79","email":"mairie.laharmoye@wanadoo.fr","population":"430 habitants","website":"","townhallAdress":"Le Bourg - 22320 - LA-HARMOYE"},{"text":"LA LANDEC","href":"./22/la-landec.html","phone":"02 96 27 64 16","email":"mairielalandec@orange.fr","population":"662 habitants","website":"","townhallAdress":"Le Bourg - 22980 - LA-LANDEC"},{"text":"LA MALHOURE","href":"./22/la-malhoure.html","phone":"02 96 30 05 41","email":"mairie.la.malhoure@wanadoo.fr","population":"458 habitants","website":"","townhallAdress":"Le Bourg - 22640 - LA-MALHOURE"},{"text":"LAMBALLE","href":"./22/lamballe.html","phone":"02 96 50 13 50","email":"contact@mairie-lamballe.fr","population":"12139 habitants","website":"","townhallAdress":"5 rue Gustave Téry - 22400 - LAMBALLE"},{"text":"LA MEAUGON","href":"./22/la-meaugon.html","phone":"02 96 94 83 98","email":"lameaugon@wanadoo.fr","population":"1316 habitants","website":"","townhallAdress":"Rue des Fontaines - 22440 - LA-MEAUGON"},{"text":"LA MOTTE","href":"./22/la-motte.html","phone":"02 96 25 40 03","email":"mairielamotte@wanadoo.fr","population":"2045 habitants","website":"","townhallAdress":"Place de la Mairie - 22600 - LA-MOTTE"},{"text":"LANCIEUX","href":"./22/lancieux.html","phone":"02 96 86 22 19","email":"mairie.lancieux@wanadoo.fr","population":"1400 habitants","website":"","townhallAdress":"1 rue de la Mairie - 22770 - LANCIEUX"},{"text":"LANDEBAERON","href":"./22/landebaeron.html","phone":"02 96 43 23 26","email":"mairie.landebaeron@wanadoo.fr","population":"216 habitants","website":"","townhallAdress":"1 Hent Skol - 22140 - LANDEBAERON"},{"text":"LANDEBIA","href":"./22/landebia.html","phone":"02 96 84 48 31","email":"mairie-landebia@wanadoo.fr","population":"456 habitants","website":"","townhallAdress":"Rue de la Poste - 22130 - LANDEBIA"},{"text":"LANDEHEN","href":"./22/landehen.html","phone":"02 96 30 03 21","email":"mairiedelandehen@wanadoo.fr","population":"1273 habitants","website":"","townhallAdress":"7 Place du Bourg - 22400 - LANDEHEN"},{"text":"LANFAINS","href":"./22/lanfains.html","phone":"02 96 32 43 68","email":"mairie.lanfains@wanadoo.fr","population":"1015 habitants","website":"","townhallAdress":"8 rue des Fontaines - 22800 - LANFAINS"},{"text":"LANGAST","href":"./22/langast.html","phone":"02 96 28 72 87","email":"mairie.langast@pays-moncontour.com","population":"657 habitants","website":"","townhallAdress":"Le Bourg, rue de la Mairie - 22150 - LANGAST"},{"text":"LANGOAT","href":"./22/langoat.html","phone":"02 96 91 35 95","email":"mairie.langoat@wanadoo.fr","population":"1181 habitants","website":"","townhallAdress":"Place de l'Eglise - 22450 - LANGOAT"},{"text":"LANGOURLA","href":"./22/langourla.html","phone":"02 96 30 42 19","email":"commune.langourla@wanadoo.fr","population":"607 habitants","website":"","townhallAdress":"Le Bourg - 22330 - LANGOURLA"},{"text":"LANGROLAY SUR RANCE","href":"./22/langrolay-sur-rance.html","phone":"02 96 86 92 53","email":"mairie.langrolay@wanadoo.fr","population":"867 habitants","website":"","townhallAdress":"Place François Barbu - 22490 - LANGROLAY-SUR-RANCE"},{"text":"LANGUEDIAS","href":"./22/languedias.html","phone":"02 96 27 02 77","email":"languedias@wanadoo.fr","population":"486 habitants","website":"","townhallAdress":"Le Bourg - 22980 - LANGUEDIAS"},{"text":"LANGUENAN","href":"./22/languenan.html","phone":"02 96 82 73 73","email":"mairielang@orange.fr","population":"1033 habitants","website":"","townhallAdress":"Le Bourg - 22130 - LANGUENAN"},{"text":"LANGUEUX","href":"./22/langueux.html","phone":"02 96 62 25 50","email":"info@mairie-langueux.fr","population":"7251 habitants","website":"","townhallAdress":"2 rue de Brest  - BP2 - 22360 - LANGUEUX"},{"text":"LANISCAT","href":"./22/laniscat.html","phone":"02 96 36 96 00","email":"mairiedelaniscat@wanadoo.fr","population":"848 habitants","website":"","townhallAdress":"1 Rue Roc'hiou - 22570 - LANISCAT"},{"text":"LANLEFF","href":"./22/lanleff.html","phone":"02 96 22 32 16","email":"mairie-lanleff@wanadoo.fr","population":"105 habitants","website":"","townhallAdress":"Le Bourg - 22290 - LANLEFF"},{"text":"LANLOUP","href":"./22/lanloup.html","phone":"02 96 22 33 45","email":"mairie.lanloup@orange.fr","population":"279 habitants","website":"","townhallAdress":"Le Bourg - 22580 - LANLOUP"},{"text":"LANMERIN","href":"./22/lanmerin.html","phone":"02 96 38 05 24","email":"lanmerin.mairie@wanadoo.fr","population":"504 habitants","website":"","townhallAdress":"2 route Langoat - 22300 - LANMERIN"},{"text":"LANMODEZ","href":"./22/lanmodez.html","phone":"02 96 22 92 77","email":"mairie-lanmodez@wanadoo.fr","population":"441 habitants","website":"","townhallAdress":"Le Bourg - 22610 - LANMODEZ"},{"text":"LANNEBERT","href":"./22/lannebert.html","phone":"02 96 70 04 26","email":"mairie.lannebert@wanadoo.fr","population":"408 habitants","website":"","townhallAdress":"Le Bourg - 22290 - LANNEBERT"},{"text":"LANNION","href":"./22/lannion.html","phone":"02 96 46 64 22","email":"contact.mairie@ville-lanion.fr","population":"20646 habitants","website":"","townhallAdress":"Place du Général Leclerc - 22300 - LANNION"},{"text":"LANRELAS","href":"./22/lanrelas.html","phone":"02 96 86 63 14","email":"mairie.lanrelas@wanadoo.fr","population":"872 habitants","website":"","townhallAdress":"Le Bourg - 22250 - LANRELAS"},{"text":"LANRIVAIN","href":"./22/lanrivain.html","phone":"02 96 36 53 92","email":"mairie.lanrivain@wanadoo.fr","population":"574 habitants","website":"","townhallAdress":"Le Bourg - 22480 - LANRIVAIN"},{"text":"LANRODEC","href":"./22/lanrodec.html","phone":"02 96 32 61 61","email":"commune-lanrodec@orange.fr","population":"1146 habitants","website":"","townhallAdress":"Le Bourg - 22170 - LANRODEC"},{"text":"LANTIC","href":"./22/lantic.html","phone":"02 96 71 95 67","email":"lantic22@wanadoo.fr","population":"1438 habitants","website":"","townhallAdress":"Notre Dame de la Cour - 22410 - LANTIC"},{"text":"LANVALLAY","href":"./22/lanvallay.html","phone":"02 96 39 15 06","email":"contact@mairie-lanvallay.com","population":"3536 habitants","website":"","townhallAdress":"13 rue de Rennes - 22100 - LANVALLAY"},{"text":"LANVELLEC","href":"./22/lanvellec.html","phone":"02 96 35 18 82","email":"mairie-lanvellec@wanadoo.fr","population":"555 habitants","website":"","townhallAdress":"3 rue du Château - 22420 - LANVELLEC"},{"text":"LANVOLLON","href":"./22/lanvollon.html","phone":"02 96 70 00 28","email":"commune.lanvollon@wanadoo.fr","population":"1721 habitants","website":"","townhallAdress":"14 Place Général de Gaulle - 22290 - LANVOLLON"},{"text":"LA PRENESSAYE","href":"./22/la-prenessaye.html","phone":"02 96 25 64 81","email":"mairie.laprenessaye@wanadoo.fr","population":"842 habitants","website":"","townhallAdress":"Le Bourg - 22210 - LA-PRENESSAYE"},{"text":"LA ROCHE DERRIEN","href":"./22/la-roche-derrien.html","phone":"02 96 91 36 31","email":"la.roche-derrien@wanadoo.fr","population":"1134 habitants","website":"","townhallAdress":"Place Pouliet - 22450 - LA-ROCHE-DERRIEN"},{"text":"LAURENAN","href":"./22/laurenan.html","phone":"02 96 25 67 00","email":"mairie.laurenan@wanadoo.fr","population":"736 habitants","website":"","townhallAdress":"Le Bourg - 22230 - LAURENAN"},{"text":"LA VICOMTE SUR RANCE","href":"./22/la-vicomte-sur-rance.html","phone":"02 96 83 21 41","email":"mairielavicomte@wanadoo.fr","population":"945 habitants","website":"","townhallAdress":"Le Bourg - 22690 - LA-VICOMTE-SUR-RANCE"},{"text":"LE BODEO","href":"./22/le-bodeo.html","phone":"02 96 32 42 71","email":"mairie.lebodeo@wanadoo.fr","population":"191 habitants","website":"","townhallAdress":"Le Bourg - 22320 - LE-BODEO"},{"text":"LE CAMBOUT","href":"./22/le-cambout.html","phone":"02 96 25 50 54","email":"mairie.lecambout@wanadoo.fr","population":"542 habitants","website":"","townhallAdress":"Place Jean Baptiste Brajeul - 22210 - LE-CAMBOUT"},{"text":"LE FAOUET","href":"./22/le-faouet.html","phone":"02 96 52 35 61","email":"mairie.lefaouet.22@wanadoo.fr","population":"291 habitants","website":"","townhallAdress":"Le Bourg - 22290 - LE-FAOUET"},{"text":"LE FOEIL","href":"./22/le-foeil.html","phone":"02 96 74 91 26","email":"mairie.lefoeil@wanadoo.fr","population":"1418 habitants","website":"","townhallAdress":"Le Bourg - 22800 - LE-FOEIL"},{"text":"LE GOURAY","href":"./22/le-gouray.html","phone":"02 96 30 21 61","email":"legouray@wanadoo.fr","population":"1122 habitants","website":"","townhallAdress":"Rue Penthièvre - 22330 - LE-GOURAY"},{"text":"LE HAUT CORLAY","href":"./22/le-haut-corlay.html","phone":"02 96 29 40 67","email":"lehautcorlay.mairie@wanadoo.fr","population":"735 habitants","website":"","townhallAdress":"20 Place Bourg - 22320 - LE-HAUT-CORLAY"},{"text":"LE HINGLE","href":"./22/le-hingle.html","phone":"02 96 83 58 55","email":"mairie.le-hingle@wanadoo.fr","population":"892 habitants","website":"","townhallAdress":"3 Voie Romaine - 22100 - LE-HINGLE"},{"text":"LEHON","href":"./22/lehon.html","phone":"02 96 87 40 40","email":"accueil@mairie-lehon.fr","population":"3035 habitants","website":"","townhallAdress":"Le Bourg - 22100 - LEHON"},{"text":"LE LESLAY","href":"./22/le-leslay.html","phone":"02 96 74 09 76","email":"mairie.leleslay@orange.fr","population":"126 habitants","website":"","townhallAdress":"Le Bourg - 22800 - LE-LESLAY"},{"text":"LE MERZER","href":"./22/le-merzer.html","phone":"02 96 44 90 43","email":"mairie.le-merzer@wanadoo.fr","population":"857 habitants","website":"","townhallAdress":"11 Place de l'Eglise - 22200 - LE-MERZER"},{"text":"LE MOUSTOIR","href":"./22/le-moustoir.html","phone":"02 98 93 08 47","email":"mairie-de-le-moustoir@wanadoo.fr","population":"648 habitants","website":"","townhallAdress":"Bourg - 22340 - LE-MOUSTOIR"},{"text":"LE QUILLIO","href":"./22/le-quillio.html","phone":"02 96 56 33 90","email":"mairielequillio@orange.fr","population":"554 habitants","website":"","townhallAdress":"Le Bourg - 22460 - LE-QUILLIO"},{"text":"LE QUIOU","href":"./22/le-quiou.html","phone":"02 96 83 46 16","email":"mairie.lequiou22@orange.fr","population":"330 habitants","website":"","townhallAdress":"Le Bourg - 22630 - LE-QUIOU"},{"text":"LES CHAMPS GERAUX","href":"./22/les-champs-geraux.html","phone":"02 96 27 41 01","email":"mairie.ch.geraux@wanadoo.fr","population":"1030 habitants","website":"","townhallAdress":"Le Bourg - 22630 - LES-CHAMPS-GERAUX"},{"text":"LESCOUET GOUAREC","href":"./22/lescouet-gouarec.html","phone":"02 96 24 21 85","email":"mairie.l.g@wanadoo.fr","population":"232 habitants","website":"","townhallAdress":"Le Bourg - 22570 - LESCOUET-GOUAREC"},{"text":"LE VIEUX BOURG","href":"./22/le-vieux-bourg.html","phone":"02 96 32 40 04","email":"mairie.vieuxbourg@wanadoo.fr","population":"731 habitants","website":"","townhallAdress":"14BIS rue du Menhir - 22800 - LE-VIEUX-BOURG"},{"text":"LE VIEUX MARCHE","href":"./22/le-vieux-marche.html","phone":"02 96 38 91 13","email":"mairie.vieuxmarche@wanadoo.fr","population":"1193 habitants","website":"","townhallAdress":"11 Place aux Chevaux - 22420 - LE-VIEUX-MARCHE"},{"text":"LEZARDRIEUX","href":"./22/lezardrieux.html","phone":"02 96 20 10 20","email":"mairie.lezardrieux@wanadoo.fr","population":"1647 habitants","website":"","townhallAdress":"23 Place du Centre - 22740 - LEZARDRIEUX"},{"text":"L HERMITAGE L ORGE","href":"./22/l-hermitage-l-orge.html","phone":"02 96 42 12 02","email":"mairie.lhermitage22@wanadoo.fr","population":"756 habitants","website":"","townhallAdress":"Le Paly - 22150 - L'HERMITAGE-L'ORGE"},{"text":"LOCARN","href":"./22/locarn.html","phone":"02 96 36 63 27","email":"mairie.locarn@wanadoo.fr","population":"538 habitants","website":"","townhallAdress":"8 place du Centre - 22340 - LOCARN"},{"text":"LOC ENVEL","href":"./22/loc-envel.html","phone":"02 96 43 35 64","email":"mairiedelocenvel@orange.fr","population":"84 habitants","website":"","townhallAdress":"3 rue de la Mairie - 22810 - LOC-ENVEL"},{"text":"LOGUIVY PLOUGRAS","href":"./22/loguivy-plougras.html","phone":"02 96 38 52 59","email":"mairieloguivyplougras@wanadoo.fr","population":"991 habitants","website":"","townhallAdress":"Place de la Mairie - 22780 - LOGUIVY-PLOUGRAS"},{"text":"LOHUEC","href":"./22/lohuec.html","phone":"02 96 45 00 24","email":"commune-lohuec@wanadoo.fr","population":"277 habitants","website":"","townhallAdress":"Le Bourg - 22160 - LOHUEC"},{"text":"LOSCOUET SUR MEU","href":"./22/loscouet-sur-meu.html","phone":"02 96 25 20 68","email":"mairieloscouetsurmeu@wanadoo.fr","population":"670 habitants","website":"","townhallAdress":"Le Bourg - 22230 - LOSCOUET-SUR-MEU"},{"text":"LOUANNEC","href":"./22/louannec.html","phone":"02 96 23 20 63","email":"mairie-louannec@wanadoo.fr","population":"2974 habitants","website":"","townhallAdress":"3 Route de Perros - 22700 - LOUANNEC"},{"text":"LOUARGAT","href":"./22/louargat.html","phone":"02 96 43 12 35","email":"mairie-de-louargat@wanadoo.fr","population":"2284 habitants","website":"","townhallAdress":"1 Place Roger Madigou - 22540 - LOUARGAT"},{"text":"LOUDEAC","href":"./22/loudeac.html","phone":"02 96 66 85 00","email":"i.jouy@ville-loudeac.fr","population":"10051 habitants","website":"","townhallAdress":"20 rue Notre Dame - 22600 - LOUDEAC"},{"text":"MAEL CARHAIX","href":"./22/mael-carhaix.html","phone":"02 96 24 73 00","email":"mairie.mael-carhaix@wanadoo.fr","population":"1572 habitants","website":"","townhallAdress":"5 Place du Centre - 22340 - MAEL-CARHAIX"},{"text":"MAEL PESTIVIEN","href":"./22/mael-pestivien.html","phone":"02 96 45 70 98","email":"mairiemaelpestivien@wanadoo.fr","population":"418 habitants","website":"","townhallAdress":"Le Bourg - 22160 - MAEL-PESTIVIEN"},{"text":"MAGOAR","href":"./22/magoar.html","phone":"02 96 45 73 73","email":"mairie.magoar@wanadoo.fr","population":"89 habitants","website":"","townhallAdress":"Le Bourg - 22480 - MAGOAR"},{"text":"MANTALLOT","href":"./22/mantallot.html","phone":"02 96 47 05 02","email":"mantallot.mairie@wanadoo.fr","population":"180 habitants","website":"","townhallAdress":"Le Bourg - 22450 - MANTALLOT"},{"text":"MATIGNON","href":"./22/matignon.html","phone":"02 96 41 24 40","email":"mairie.matignon@wanadoo.fr","population":"1606 habitants","website":"","townhallAdress":"7 rue Lédan - 22550 - MATIGNON"},{"text":"MEGRIT","href":"./22/megrit.html","phone":"02 96 84 83 10","email":"cybercommune.megrit@wanadoo.fr","population":"705 habitants","website":"","townhallAdress":"Le Bourg - 22270 - MEGRIT"},{"text":"MELLIONNEC","href":"./22/mellionnec.html","phone":"02 96 24 23 26","email":"mellionnec@wanadoo.fr","population":"425 habitants","website":"","townhallAdress":"Le Bourg - 22110 - MELLIONNEC"},{"text":"MERDRIGNAC","href":"./22/merdrignac.html","phone":"02 96 28 41 11","email":"mairie.merdrignac@wanadoo.fr","population":"3099 habitants","website":"","townhallAdress":"28 rue Philippe Lemercier - 22230 - MERDRIGNAC"},{"text":"MERILLAC","href":"./22/merillac.html","phone":"02 96 56 14 61","email":"mairie-de-merillac@wanadoo.fr","population":"239 habitants","website":"","townhallAdress":"Le Bourg - 22230 - MERILLAC"},{"text":"MERLEAC","href":"./22/merleac.html","phone":"02 96 28 82 75","email":"mairie.merleac@wanadoo.fr","population":"516 habitants","website":"","townhallAdress":"Le Bourg - 22460 - MERLEAC"},{"text":"MESLIN","href":"./22/meslin.html","phone":"02 96 30 03 07","email":"mairie.meslin@orange.fr","population":"910 habitants","website":"","townhallAdress":"3 Place Jumelage - 22400 - MESLIN"},{"text":"MINIHY TREGUIER","href":"./22/minihy-treguier.html","phone":"02 96 92 31 49","email":"commune-de-minihy@wanadoo.fr","population":"1150 habitants","website":"","townhallAdress":"15 rue du Bourg - 22220 - MINIHY-TREGUIER"},{"text":"MONCONTOUR","href":"./22/moncontour.html","phone":"02 96 73 41 05","email":"mairie.moncontour@pays-moncontour.com","population":"955 habitants","website":"","townhallAdress":"1 rue Bel Orient - 22510 - MONCONTOUR"},{"text":"MORIEUX","href":"./22/morieux.html","phone":"02 96 32 78 35","email":"mairie.morieux@wanadoo.fr","population":"876 habitants","website":"","townhallAdress":"2BIS rue Villes Neuves - 22400 - MORIEUX"},{"text":"MOUSTERU","href":"./22/mousteru.html","phone":"02 96 21 81 27","email":"mousteru@wanadoo.fr","population":"680 habitants","website":"","townhallAdress":"Le Bourg - 22200 - MOUSTERU"},{"text":"MUR DE BRETAGNE","href":"./22/mur-de-bretagne.html","phone":"02 96 28 51 32","email":"mairiemur-de-bretagne@wanadoo.fr","population":"2158 habitants","website":"","townhallAdress":"2 rue Sainte Suzanne - 22530 - MUR-DE-BRETAGNE"},{"text":"NOYAL","href":"./22/noyal.html","phone":"02 96 31 07 21","email":"noyal.mairie@wanadoo.fr","population":"824 habitants","website":"","townhallAdress":"Le Bourg - 22400 - NOYAL"},{"text":"PABU","href":"./22/pabu.html","phone":"02 96 40 68 90","email":"mairie-pabu@wanadoo.fr","population":"2923 habitants","website":"","townhallAdress":"Place du 19 Mars 1962 - 22200 - PABU"},{"text":"PAIMPOL","href":"./22/paimpol.html","phone":"02 96 55 31 70","email":"contact@ville-paimpol.fr","population":"8173 habitants","website":"","townhallAdress":"Rue Pierre Feutren - 22500 - PAIMPOL"},{"text":"PAULE","href":"./22/paule.html","phone":"02 96 29 64 09","email":"mairie.paule@wanadoo.fr","population":"754 habitants","website":"","townhallAdress":"1 place de l'Eglise - 22340 - PAULE"},{"text":"PEDERNEC","href":"./22/pedernec.html","phone":"02 96 45 22 26","email":"mairiepedernec@wanadoo.fr","population":"1884 habitants","website":"","townhallAdress":"Place de la Mairie - 22540 - PEDERNEC"},{"text":"PENGUILY","href":"./22/penguily.html","phone":"02 96 30 28 12","email":"mairie.penguily@wanadoo.fr","population":"577 habitants","website":"","townhallAdress":"3 rue de la Mairie - 22510 - PENGUILY"},{"text":"PENVENAN","href":"./22/penvenan.html","phone":"02 96 92 67 59","email":"mairie@ville-penvenan.fr","population":"2677 habitants","website":"","townhallAdress":"10 Place de l'Eglise - 22710 - PENVENAN"},{"text":"PERRET","href":"./22/perret.html","phone":"02 96 24 98 89","email":"mairie.perret@wanadoo.fr","population":"183 habitants","website":"","townhallAdress":"Le Bourg - 22570 - PERRET"},{"text":"PERROS GUIREC","href":"./22/perros-guirec.html","phone":"02 96 49 02 49","email":"mairie@perros-guirec.com","population":"7638 habitants","website":"","townhallAdress":"Place de l'Hotel de Ville - 22700 - PERROS-GUIREC"},{"text":"PEUMERIT QUINTIN","href":"./22/peumerit-quintin.html","phone":"02 96 36 55 12","email":"mairie.peumerit-quintin@orange.fr","population":"159 habitants","website":"","townhallAdress":"Le Bourg - 22480 - PEUMERIT-QUINTIN"},{"text":"PLAINE HAUTE","href":"./22/plaine-haute.html","phone":"02 96 42 90 55","email":"mairie.plaine-haute@wanadoo.fr","population":"1284 habitants","website":"","townhallAdress":"2 Place de la Mairie - 22800 - PLAINE-HAUTE"},{"text":"PLAINTEL","href":"./22/plaintel.html","phone":"02 96 32 52 52","email":"mairie@mairie-plaintel.fr","population":"3935 habitants","website":"","townhallAdress":"Place Charles de Gaulle - 22940 - PLAINTEL"},{"text":"PLANCOET","href":"./22/plancoet.html","phone":"02 96 84 39 70","email":"mairie-plancoet@wanadoo.fr","population":"3031 habitants","website":"","townhallAdress":"Place de la Mairie - 22130 - PLANCOET"},{"text":"PLANGUENOUAL","href":"./22/planguenoual.html","phone":"02 96 32 78 25","email":"mairie.planguenoual@wanadoo.fr","population":"1805 habitants","website":"","townhallAdress":"Place du 8 mai 1945 - 22400 - PLANGUENOUAL"},{"text":"PLEBOULLE","href":"./22/pleboulle.html","phone":"02 96 41 08 05","email":"mairie-de-pleboulle@wanadoo.fr","population":"744 habitants","website":"","townhallAdress":"8 rue du champ Saint-Paul - 22550 - PLÉBOULLE"},{"text":"PLEDELIAC","href":"./22/pledeliac.html","phone":"02 96 34 12 55","email":"mairie-pledeliac@wanadoo.fr","population":"1296 habitants","website":"","townhallAdress":"4 Rue d'Armor - 22270 - PLEDELIAC"},{"text":"PLEDRAN","href":"./22/pledran.html","phone":"02 96 64 34 20","email":"mairie@ville-pledran.fr","population":"5838 habitants","website":"","townhallAdress":"6 rue du Centre - 22960 - PLEDRAN"},{"text":"PLEGUIEN","href":"./22/pleguien.html","phone":"02 96 70 02 54","email":"mairie-pleguien@wanadoo.fr","population":"1124 habitants","website":"","townhallAdress":"Le Bourg - 22290 - PLEGUIEN"},{"text":"PLEHEDEL","href":"./22/plehedel.html","phone":"02 96 22 31 37","email":"mairie.plehedel@wanadoo.fr","population":"1301 habitants","website":"","townhallAdress":"Le Bourg - 22290 - PLEHEDEL"},{"text":"PLELAN LE PETIT","href":"./22/plelan-le-petit.html","phone":"02 96 27 60 38","email":"mairie.plelanlepetit@wanadoo.fr","population":"1726 habitants","website":"","townhallAdress":"4 rue Rouairies - 22980 - PLELAN-LE-PETIT"},{"text":"PLELAUFF","href":"./22/plelauff.html","phone":"02 96 24 93 87","email":"mairie.plelauff@wanadoo.fr","population":"722 habitants","website":"","townhallAdress":"23 Grande Rue - 22570 - PLELAUFF"},{"text":"PLELO","href":"./22/plelo.html","phone":"02 96 79 53 53","email":"mairie.plelo@wanadoo.fr","population":"3254 habitants","website":"","townhallAdress":"Rue Orme du Puits - 22170 - PLELO"},{"text":"PLEMET","href":"./22/plemet.html","phone":"02 96 25 61 10","email":"commune.plemet@wanadoo.fr","population":"3067 habitants","website":"","townhallAdress":"Rue de l'Etang - 22210 - PLEMET"},{"text":"PLEMY","href":"./22/plemy.html","phone":"02 96 60 20 20","email":"mairie.plemy@pays-moncontour.com","population":"1659 habitants","website":"","townhallAdress":"4 place de la Mairie - 22150 - PLEMY"},{"text":"PLENEE JUGON","href":"./22/plenee-jugon.html","phone":"02 96 31 80 13","email":"ville.plenee.jugon@wanadoo.fr","population":"2464 habitants","website":"","townhallAdress":"4 Place de l'Eglise - 22640 - PLENEE-JUGON"},{"text":"PLENEUF VAL ANDRE","href":"./22/pleneuf-val-andre.html","phone":"02 96 73 13 00","email":"ville.pva@pleneuf-val-andre.fr","population":"4067 habitants","website":"","townhallAdress":"31 rue Hôtel de Ville - 22370 - PLENEUF-VAL-ANDRE"},{"text":"PLERIN","href":"./22/plerin.html","phone":"02 96 79 82 00","email":"contact@ville-plerin.fr","population":"14077 habitants","website":"","townhallAdress":"Place de la République - 22190 - PLERIN"},{"text":"PLERNEUF","href":"./22/plerneuf.html","phone":"02 96 94 83 37","email":"mairie.plerneuf@wanadoo.fr","population":"1053 habitants","website":"","townhallAdress":"Place François Rivolet - 22170 - PLERNEUF"},{"text":"PLESIDY","href":"./22/plesidy.html","phone":"02 96 21 41 98","email":"mairie.plesidy@wanadoo.fr","population":"797 habitants","website":"","townhallAdress":"14 rue de la Mairie - 22720 - PLESIDY"},{"text":"PLESLIN TRIGAVOU","href":"./22/pleslin-trigavou.html","phone":"02 96 27 80 03","email":"mairie.pleslin.trigavou@wanadoo.fr","population":"3497 habitants","website":"","townhallAdress":"2 Place Guy Jourdan - 22490 - PLESLIN-TRIGAVOU"},{"text":"PLESSALA","href":"./22/plessala.html","phone":"02 96 26 11 08","email":"mairie.plessala@wanadoo.fr","population":"1891 habitants","website":"","townhallAdress":"2 rue de la Métairie - 22330 - PLESSALA"},{"text":"PLESSIX BALISSON","href":"./22/plessix-balisson.html","phone":"02 96 27 24 67","email":"mairie.plessix-balisson@wanadoo.fr","population":"92 habitants","website":"","townhallAdress":"Le Bourg - 22650 - PLESSIX-BALISSON"},{"text":"PLESTAN","href":"./22/plestan.html","phone":"02 96 34 10 11","email":"mairie.plestan@wanadoo.fr","population":"1563 habitants","website":"","townhallAdress":"3 Rue des Martyrs - 22640 - PLESTAN"},{"text":"PLESTIN LES GREVES","href":"./22/plestin-les-greves.html","phone":"02 96 35 62 29","email":"mairie-plestin@wanadoo.fr","population":"3813 habitants","website":"","townhallAdress":"Place de la Mairie - 22310 - PLESTIN-LES-GREVES"},{"text":"PLEUBIAN","href":"./22/pleubian.html","phone":"02 96 22 92 17","email":"mairie@mairie-pleubian.fr","population":"2571 habitants","website":"","townhallAdress":"2 rue Anciens Combattants - 22610 - PLEUBIAN"},{"text":"PLEUDANIEL","href":"./22/pleudaniel.html","phone":"02 96 22 19 60","email":"mri-pleudaniel@wanadoo.fr","population":"1026 habitants","website":"","townhallAdress":"1 Place de la Mairie - 22740 - PLEUDANIEL"},{"text":"PLEUDIHEN SUR RANCE","href":"./22/pleudihen-sur-rance.html","phone":"02 96 83 20 20","email":"mairie.pleudihen@wanadoo.fr","population":"2829 habitants","website":"","townhallAdress":"Rue de la Mairie - 22690 - PLEUDIHEN-SUR-RANCE"},{"text":"PLEUMEUR BODOU","href":"./22/pleumeur-bodou.html","phone":"02 96 23 91 17","email":"mairie@pleumeur-bodou.fr","population":"4176 habitants","website":"","townhallAdress":"3 Place du Bourg - 22560 - PLEUMEUR-BODOU"},{"text":"PLEUMEUR GAUTIER","href":"./22/pleumeur-gautier.html","phone":"02 96 20 13 24","email":"mairie.Pleumeur.Gautier@wanadoo.fr","population":"1160 habitants","website":"","townhallAdress":"1 rue Pleubian - 22740 - PLEUMEUR-GAUTIER"},{"text":"PLEVEN","href":"./22/pleven.html","phone":"02 96 84 46 71","email":"camping.pleven@wanadoo.fr","population":"649 habitants","website":"","townhallAdress":"Le Bourg - 22130 - PLEVEN"},{"text":"PLEVENON","href":"./22/plevenon.html","phone":"02 96 41 43 06","email":"mairie.plevenon.capfrehel@wanadoo.fr","population":"698 habitants","website":"","townhallAdress":"Rue du Cap - 22240 - PLEVENON"},{"text":"PLEVIN","href":"./22/plevin.html","phone":"02 96 29 65 24","email":"mairie.plevin@wanadoo.fr","population":"813 habitants","website":"","townhallAdress":"1 Place de la Mairie - 22340 - PLEVIN"},{"text":"PLOEUC SUR LIE","href":"./22/ploeuc-sur-lie.html","phone":"02 96 64 22 00","email":"mairieploeuc@wanadoo.fr","population":"3267 habitants","website":"","townhallAdress":"2 Place Louis Morel - 22150 - PLOEUC-SUR-LIE"},{"text":"PLOEZAL","href":"./22/ploezal.html","phone":"02 96 95 62 07","email":"mairie.ploezal@wanadoo.fr","population":"1237 habitants","website":"","townhallAdress":"3 rue de la Mairie - 22260 - PLOEZAL"},{"text":"PLOREC SUR ARGUENON","href":"./22/plorec-sur-arguenon.html","phone":"02 96 83 01 04","email":"mairieplorec@wanadoo.fr","population":"402 habitants","website":"","townhallAdress":"Le Bourg - 22130 - PLOREC-SUR-ARGUENON"},{"text":"PLOUAGAT","href":"./22/plouagat.html","phone":"02 96 74 10 84","email":"mairie.plouagat@wanadoo.fr","population":"2454 habitants","website":"","townhallAdress":"1 Place de la Mairie - 22170 - PLOUAGAT"},{"text":"PLOUARET","href":"./22/plouaret.html","phone":"02 96 46 62 02","email":"mairie.plouaret@wanadoo.fr","population":"2296 habitants","website":"","townhallAdress":"1 place de l'Eglise - 22420 - PLOUARET"},{"text":"PLOUASNE","href":"./22/plouasne.html","phone":"02 96 86 48 19","email":"mairie.plouasne@wanadoo.fr","population":"1513 habitants","website":"","townhallAdress":"Place de l'Eglise - 22830 - PLOUASNE"},{"text":"PLOUBALAY","href":"./22/ploubalay.html","phone":"02 96 82 60 60","email":"mairiedeploubalay@wanadoo.fr","population":"2611 habitants","website":"","townhallAdress":"Rue Ernest Rouxel - 22650 - PLOUBALAY"},{"text":"PLOUBAZLANEC","href":"./22/ploubazlanec.html","phone":"02 96 55 80 36","email":"mairie.ploubazlanec@wanadoo.fr","population":"3430 habitants","website":"","townhallAdress":"Rue F et I Joliot Curie - 22620 - PLOUBAZLANEC"},{"text":"PLOUBEZRE","href":"./22/ploubezre.html","phone":"02 96 47 15 51","email":"mairie-ploubezre@wanadoo.fr","population":"3057 habitants","website":"","townhallAdress":"Place Anciens Combattants - 22300 - PLOUBEZRE"},{"text":"PLOUEC DU TRIEUX","href":"./22/plouec-du-trieux.html","phone":"02 96 95 62 45","email":"mairie.de.plouec.du.trieux@wanadoo.fr","population":"1170 habitants","website":"","townhallAdress":"3 rue de la Mairie - 22260 - PLOUEC-DU-TRIEUX"},{"text":"PLOUER SUR RANCE","href":"./22/plouer-sur-rance.html","phone":"02 96 89 10 00","email":"mairie.plouer@wanadoo.fr","population":"3249 habitants","website":"","townhallAdress":"Le Bourg - 22490 - PLOUER-SUR-RANCE"},{"text":"PLOUEZEC","href":"./22/plouezec.html","phone":"02 96 20 64 90","email":"mairie.plouezec@wanadoo.fr","population":"3412 habitants","website":"","townhallAdress":"Place du Bourg - 22470 - PLOUEZEC"},{"text":"PLOUFRAGAN","href":"./22/ploufragan.html","phone":"02 96 78 89 00","email":"contact@ploufragan.fr","population":"11250 habitants","website":"","townhallAdress":"22 rue de la Mairie - 22440 - PLOUFRAGAN"},{"text":"PLOUGONVER","href":"./22/plougonver.html","phone":"02 96 21 61 64","email":"mairie.plougonver@wanadoo.fr","population":"724 habitants","website":"","townhallAdress":"8 rue des Ecoles - 22810 - PLOUGONVER"},{"text":"PLOUGRAS","href":"./22/plougras.html","phone":"02 96 38 50 04","email":"mairie.plougras@wanadoo.fr","population":"475 habitants","website":"","townhallAdress":"Place de la Mairie - 22780 - PLOUGRAS"},{"text":"PLOUGRESCANT","href":"./22/plougrescant.html","phone":"02 96 92 51 18","email":"mairie.plougrescant@wanadoo.fr","population":"1402 habitants","website":"","townhallAdress":"Place de la Mairie - 22820 - PLOUGRESCANT"},{"text":"PLOUGUENAST","href":"./22/plouguenast.html","phone":"02 96 28 70 28","email":"mairie.plouguenast@wanadoo.fr","population":"1859 habitants","website":"","townhallAdress":"33 rue Général de Gaulle - 22150 - PLOUGUENAST"},{"text":"PLOUGUERNEVEL","href":"./22/plouguernevel.html","phone":"02 96 36 09 05","email":"mairie.plouguernevel@wanadoo.fr","population":"1923 habitants","website":"","townhallAdress":"1 Route Kerny - 22110 - PLOUGUERNEVEL"},{"text":"PLOUGUIEL","href":"./22/plouguiel.html","phone":"02 96 92 30 37","email":"mairie-de-plouguiel@wanadoo.fr","population":"2015 habitants","website":"","townhallAdress":"Rue Tréguier - 22220 - PLOUGUIEL"},{"text":"PLOUHA","href":"./22/plouha.html","phone":"02 96 20 21 26","email":"accueil@mairiedeplouha.fr","population":"4636 habitants","website":"","townhallAdress":"24 Avenue Laennec - 22580 - PLOUHA"},{"text":"PLOUISY","href":"./22/plouisy.html","phone":"02 96 43 83 11","email":"mairie.plouisy@wanadoo.fr","population":"2123 habitants","website":"","townhallAdress":"4 rue de la Mairie - 22200 - PLOUISY"},{"text":"PLOULEC H","href":"./22/ploulec-h.html","phone":"02 96 46 10 00","email":"mairieploulech@wanadoo.fr","population":"1698 habitants","website":"","townhallAdress":"2 rue de la Mairie - 22300 - PLOULEC'H"},{"text":"PLOUMAGOAR","href":"./22/ploumagoar.html","phone":"02 96 11 10 10","email":"ploumagoar.st@wanadoo.fr","population":"4984 habitants","website":"","townhallAdress":"1 place du 8 Mai - 22970 - PLOUMAGOAR"},{"text":"PLOUMILLIAU","href":"./22/ploumilliau.html","phone":"02 96 35 45 09","email":"mairie-de-ploumilliau@wanadoo.fr","population":"2547 habitants","website":"","townhallAdress":"1 Place de l'Eglise - 22300 - PLOUMILLIAU"},{"text":"PLOUNERIN","href":"./22/plounerin.html","phone":"02 96 38 61 09","email":"mairiedeplounerin@wanadoo.fr","population":"751 habitants","website":"","townhallAdress":"36 rue Bon Voyage - 22780 - PLOUNERIN"},{"text":"PLOUNEVEZ MOEDEC","href":"./22/plounevez-moedec.html","phone":"02 96 38 62 01","email":"mairie.plounevezmoedec@wanadoo.fr","population":"1461 habitants","website":"","townhallAdress":"2 Rue Jean Moulin - 22810 - PLOUNEVEZ-MOEDEC"},{"text":"PLOUNEVEZ QUINTIN","href":"./22/plounevez-quintin.html","phone":"02 96 24 54 06","email":"mairie-de-plounevez-quintin@wanadoo.fr","population":"1167 habitants","website":"","townhallAdress":"15 Place de l'Eglise - 22110 - PLOUNEVEZ-QUINTIN"},{"text":"PLOURAC H","href":"./22/plourac-h.html","phone":"02 96 45 02 94","email":"mairiedeplourach@wanadoo.fr","population":"364 habitants","website":"","townhallAdress":"Le Bourg - 22160 - PLOURAC'H"},{"text":"PLOURHAN","href":"./22/plourhan.html","phone":"02 96 71 94 34","email":"mairie-plourhan@wanadoo.fr","population":"1958 habitants","website":"","townhallAdress":"1 rue Du Parc - 22410 - PLOURHAN"},{"text":"PLOURIVO","href":"./22/plourivo.html","phone":"02 96 55 90 20","email":"mairie.plourivo@wanadoo.fr","population":"2208 habitants","website":"","townhallAdress":"1 Place du Bourg - 22860 - PLOURIVO"},{"text":"PLOUVARA","href":"./22/plouvara.html","phone":"02 96 94 80 25","email":"mairie-de-plouvara@wanadoo.fr","population":"1102 habitants","website":"","townhallAdress":"1 Place de la Mairie - 22170 - PLOUVARA"},{"text":"PLOUZELAMBRE","href":"./22/plouzelambre.html","phone":"02 96 35 41 34","email":"mairie.plouzelambre@wanadoo.fr","population":"218 habitants","website":"","townhallAdress":"Le Bourg - 22420 - PLOUZELAMBRE"},{"text":"PLUDUAL","href":"./22/pludual.html","phone":"02 96 20 22 72","email":"mairie.pludual@orange.fr","population":"670 habitants","website":"","townhallAdress":"Le Bourg - 22290 - PLUDUAL"},{"text":"PLUDUNO","href":"./22/pluduno.html","phone":"02 96 84 13 79","email":"pluduno-mairie@wanadoo.fr","population":"1960 habitants","website":"","townhallAdress":"13 rue Chateaubriand - 22130 - PLUDUNO"},{"text":"PLUFUR","href":"./22/plufur.html","phone":"02 96 35 10 53","email":"mairie.plufur@wanadoo.fr","population":"566 habitants","website":"","townhallAdress":"26 rue Jules Ferry - 22310 - PLUFUR"},{"text":"PLUMAUDAN","href":"./22/plumaudan.html","phone":"02 96 86 00 64","email":"mairie.plumaudan@wanadoo.fr","population":"1029 habitants","website":"","townhallAdress":"Le Bourg - 22350 - PLUMAUDAN"},{"text":"PLUMAUGAT","href":"./22/plumaugat.html","phone":"02 96 83 12 31","email":"mairie-de-plumaugat@wanadoo.fr","population":"1125 habitants","website":"","townhallAdress":"1 Place de L'Eglise - 22250 - PLUMAUGAT"},{"text":"PLUMIEUX","href":"./22/plumieux.html","phone":"02 96 25 55 11","email":"mairie.plumieux@wanadoo.fr","population":"1120 habitants","website":"","townhallAdress":"9 rue Porhoët - 22210 - PLUMIEUX"},{"text":"PLURIEN","href":"./22/plurien.html","phone":"02 96 72 17 23","email":"ot-plurien@orange.fr","population":"1400 habitants","website":"","townhallAdress":"19 rue Fleurians - 22240 - PLURIEN"},{"text":"PLUSQUELLEC","href":"./22/plusquellec.html","phone":"02 96 21 51 37","email":"mairie.plusquellec@wanadoo.fr","population":"532 habitants","website":"","townhallAdress":"Le Bourg - 22160 - PLUSQUELLEC"},{"text":"PLUSSULIEN","href":"./22/plussulien.html","phone":"02 96 24 01 14","email":"mairie-de-plussulien@wanadoo.fr","population":"495 habitants","website":"","townhallAdress":"23 rue Centre - 22320 - PLUSSULIEN"},{"text":"PLUZUNET","href":"./22/pluzunet.html","phone":"02 96 47 82 41","email":"mairie.pluzunet@wanadoo.fr","population":"1047 habitants","website":"","townhallAdress":"2 rue Anatole Le Braz - 22140 - PLUZUNET"},{"text":"POMMERET","href":"./22/pommeret.html","phone":"02 96 34 33 54","email":"mpommeret@wanadoo.fr","population":"1894 habitants","website":"","townhallAdress":"1 rue de la Mairie - 22120 - POMMERET"},{"text":"POMMERIT JAUDY","href":"./22/pommerit-jaudy.html","phone":"02 96 91 35 66","email":"cyber.pommerit-jaudy@wanadoo.fr","population":"1646 habitants","website":"","townhallAdress":"1 rue de la Mairie - 22450 - POMMERIT-JAUDY"},{"text":"POMMERIT LE VICOMTE","href":"./22/pommerit-le-vicomte.html","phone":"02 96 21 74 39","email":"mairiepommeritlevicomte@wanadoo.fr","population":"1899 habitants","website":"","townhallAdress":"16 rue de la Mairie - 22200 - POMMERIT-LE-VICOMTE"},{"text":"PONT MELVEZ","href":"./22/pont-melvez.html","phone":"02 96 21 81 68","email":"pont.melvez@wanadoo.fr","population":"665 habitants","website":"","townhallAdress":"1 Place de la Mairie - 22390 - PONT-MELVEZ"},{"text":"PONTRIEUX","href":"./22/pontrieux.html","phone":"02 96 95 60 31","email":"ville-de-pontrieux@wanadoo.fr","population":"1147 habitants","website":"","townhallAdress":"Place de la Liberté - 22260 - PONTRIEUX"},{"text":"PORDIC","href":"./22/pordic.html","phone":"02 96 79 12 12","email":"mairie@pordic.fr","population":"5837 habitants","website":"","townhallAdress":"Rue Odio Baschamp - 22590 - PORDIC"},{"text":"POULDOURAN","href":"./22/pouldouran.html","phone":"02 96 91 36 97","email":"pouldouran.mairie@wanadoo.fr","population":"156 habitants","website":"","townhallAdress":"Le Bourg - 22450 - POULDOURAN"},{"text":"PRAT","href":"./22/prat.html","phone":"02 96 47 00 44","email":"mairie.prat@wanadoo.fr","population":"1154 habitants","website":"","townhallAdress":"Le Bourg - 22140 - PRAT"},{"text":"QUEMPER GUEZENNEC","href":"./22/quemper-guezennec.html","phone":"02 96 95 62 62","email":"mairie.quemper-guezennec@wanadoo.fr","population":"1084 habitants","website":"","townhallAdress":"17 Place de la Mairie - 22260 - QUEMPER-GUEZENNEC"},{"text":"QUEMPERVEN","href":"./22/quemperven.html","phone":"02 96 47 05 05","email":"mairie.quemperven@wanadoo.fr","population":"390 habitants","website":"","townhallAdress":"Le Bourg - 22450 - QUEMPERVEN"},{"text":"QUESSOY","href":"./22/quessoy.html","phone":"02 96 42 30 03","email":"mairie@quessoy.com","population":"3636 habitants","website":"","townhallAdress":"9 rue de la Mairie - 22120 - QUESSOY"},{"text":"QUEVERT","href":"./22/quevert.html","phone":"02 96 85 81 80","email":"mairie.quevert@ville-quevert.fr","population":"3590 habitants","website":"","townhallAdress":"1 rue du Val - 22100 - QUEVERT"},{"text":"QUINTENIC","href":"./22/quintenic.html","phone":"02 96 31 50 34","email":"mairie.quintenic@wanadoo.fr","population":"337 habitants","website":"","townhallAdress":"Le Bourg - 22400 - QUINTENIC"},{"text":"QUINTIN","href":"./22/quintin.html","phone":"02 96 74 84 01","email":"mairie.quintin@wanadoo.fr","population":"3046 habitants","website":"","townhallAdress":"Place de la Mairie - 22800 - QUINTIN"},{"text":"ROSPEZ","href":"./22/rospez.html","phone":"02 96 38 07 15","email":"mairie.rospez@wanadoo.fr","population":"1730 habitants","website":"","townhallAdress":"Place de la Mairie - 22300 - ROSPEZ"},{"text":"ROSTRENEN","href":"./22/rostrenen.html","phone":"02 96 57 42 00","email":"mairie@rostrenen.com","population":"3655 habitants","website":"","townhallAdress":"6 rue Joseph Pennec - 22110 - ROSTRENEN"},{"text":"ROUILLAC","href":"./22/rouillac.html","phone":"02 96 84 92 18","email":"communederouillac@wanadoo.fr","population":"359 habitants","website":"","townhallAdress":"Le Bourg - 22250 - ROUILLAC"},{"text":"RUCA","href":"./22/ruca.html","phone":"02 96 83 71 04","email":"mairie.ruca@wanadoo.fr","population":"510 habitants","website":"","townhallAdress":"Le Bourg - 22550 - RUCA"},{"text":"RUNAN","href":"./22/runan.html","phone":"02 96 95 62 87","email":"mairie.runan@wanadoo.fr","population":"256 habitants","website":"","townhallAdress":"5 rue Trégor - 22260 - RUNAN"},{"text":"SAINT ADRIEN","href":"./22/saint-adrien.html","phone":"02 96 43 42 81","email":"mairie.st.adrien@wanadoo.fr","population":"331 habitants","website":"","townhallAdress":"La Croix - 22390 - SAINT-ADRIEN"},{"text":"SAINT AGATHON","href":"./22/saint-agathon.html","phone":"02 96 44 95 91","email":"mairiesaintagathon@wanadoo.fr","population":"2068 habitants","website":"","townhallAdress":"3 Place du Bourg - 22200 - SAINT-AGATHON"},{"text":"SAINT ALBAN","href":"./22/saint-alban.html","phone":"02 96 32 98 98","email":"mairie-saint-alban@wanadoo.fr","population":"1861 habitants","website":"","townhallAdress":"19 rue de l'Eglise - 22400 - SAINT-ALBAN"},{"text":"SAINT ANDRE DES EAUX","href":"./22/saint-andre-des-eaux.html","phone":"02 96 27 40 14","email":"standredeseaux22@wanadoo.fr","population":"261 habitants","website":"","townhallAdress":"Le Bourg - 22630 - SAINT-ANDRE-DES-EAUX"},{"text":"SAINT BARNABE","href":"./22/saint-barnabe.html","phone":"02 96 26 74 66","email":"mairie.stbarnabe@wanadoo.fr","population":"1304 habitants","website":"","townhallAdress":"9 rue Centre - 22600 - SAINT-BARNABE"},{"text":"SAINT BIHY","href":"./22/saint-bihy.html","phone":"02 96 32 40 94","email":"mairie.stbihy@wanadoo.fr","population":"180 habitants","website":"","townhallAdress":"Le Bourg - 22800 - SAINT-BIHY"},{"text":"SAINT BRANDAN","href":"./22/saint-brandan.html","phone":"02 96 74 90 36","email":"commune.saint-brandan@wanadoo.fr","population":"2321 habitants","website":"","townhallAdress":"6 Place de l'Eglise - 22800 - SAINT-BRANDAN"},{"text":"SAINT BRIEUC","href":"./22/saint-brieuc.html","phone":"02 96 62 54 00","email":"contact@mairie-saint-brieuc.fr","population":"48178 habitants","website":"","townhallAdress":"66 Rue Notre Dame - 22000 - SAINT-BRIEUC"},{"text":"SAINT CARADEC","href":"./22/saint-caradec.html","phone":"02 96 25 00 49","email":"mairie.st-caradec@wanadoo.fr","population":"1229 habitants","website":"","townhallAdress":"1 place du Champ de Foire - 22600 - SAINT-CARADEC"},{"text":"SAINT CARNE","href":"./22/saint-carne.html","phone":"02 96 83 58 22","email":"mairie.stcarne@wanadoo.fr","population":"999 habitants","website":"","townhallAdress":"Le Bourg - 22100 - SAINT-CARNE"},{"text":"SAINT CARREUC","href":"./22/saint-carreuc.html","phone":"02 96 42 48 38","email":"mairie.st-carreuc@pays-moncontour.com","population":"1461 habitants","website":"","townhallAdress":"Rue du Gué - 22150 - SAINT-CARREUC"},{"text":"SAINT CAST LE GUILDO","href":"./22/saint-cast-le-guildo.html","phone":"02 96 41 80 18","email":"mairie@saintcastleguildo.fr","population":"3529 habitants","website":"","townhallAdress":"2BIS rue Colonne - 22380 - SAINT-CAST-LE-GUILDO"},{"text":"SAINT CLET","href":"./22/saint-clet.html","phone":"02 96 95 62 93","email":"mairie.saintclet@wanadoo.fr","population":"863 habitants","website":"","townhallAdress":"3 rue Argoat - 22260 - SAINT-CLET"},{"text":"SAINT CONNAN","href":"./22/saint-connan.html","phone":"02 96 21 43 57","email":"mairie-saint-connan@wanadoo.fr","population":"309 habitants","website":"","townhallAdress":"19 rue de la Mairie - 22480 - SAINT-CONNAN"},{"text":"SAINT CONNEC","href":"./22/saint-connec.html","phone":"02 96 28 52 74","email":"mairie.stconnec@wanadoo.fr","population":"310 habitants","website":"","townhallAdress":"Le Bourg - 22530 - SAINT-CONNEC"},{"text":"SAINT DENOUAL","href":"./22/saint-denoual.html","phone":"02 96 31 50 26","email":"mairie.stdenoual@wanadoo.fr","population":"405 habitants","website":"","townhallAdress":"Le Bourg - 22400 - SAINT-DENOUAL"},{"text":"SAINT DONAN","href":"./22/saint-donan.html","phone":"02 96 73 94 37","email":"saint.donan@wanadoo.fr","population":"1464 habitants","website":"","townhallAdress":"1 Place de la Mairie - 22800 - SAINT-DONAN"},{"text":"SAINT ETIENNE DU GUE DE L IS","href":"./22/saint-etienne-du-gue-de-l-is.html","phone":"02 96 26 71 22","email":"mairie-saint-etienne@wanadoo.fr","population":"378 habitants","website":"","townhallAdress":"9 impasse de la Mairie - 22210 - SAINT-ETIENNE-DU-GUE-DE-L'IS"},{"text":"SAINTE TREPHINE","href":"./22/sainte-trephine.html","phone":"02 96 29 57 33","email":"mairie.ste-trephine@orange.fr","population":"218 habitants","website":"","townhallAdress":"Le Bourg - 22480 - SAINTE-TREPHINE"},{"text":"SAINT FIACRE","href":"./22/saint-fiacre.html","phone":"02 96 21 45 92","email":"mairie.saint.fiacre@wanadoo.fr","population":"234 habitants","website":"","townhallAdress":"Le Bourg - 22720 - SAINT-FIACRE"},{"text":"SAINT GELVEN","href":"./22/saint-gelven.html","phone":"02 96 36 95 54","email":"mairie-st-gelven@wanadoo.fr","population":"318 habitants","website":"","townhallAdress":"Le Bourg - 22570 - SAINT-GELVEN"},{"text":"SAINT GILDAS","href":"./22/saint-gildas.html","phone":"02 96 74 90 63","email":"mairie.saintgildas@wanadoo.fr","population":"272 habitants","website":"","townhallAdress":"Le Bourg - 22800 - SAINT-GILDAS"},{"text":"SAINT GILLES DU MENE","href":"./22/saint-gilles-du-mene.html","phone":"02 96 34 42 74","email":"mairiestgilles@voila.fr","population":"490 habitants","website":"","townhallAdress":"Le Bourg - 22330 - SAINT-GILLES-DU-MENE"},{"text":"SAINT GILLES LES BOIS","href":"./22/saint-gilles-les-bois.html","phone":"02 96 21 76 08","email":"communegilles@orange.fr","population":"437 habitants","website":"","townhallAdress":"Le Bourg - 22290 - SAINT-GILLES-LES-BOIS"},{"text":"SAINT GILLES PLIGEAUX","href":"./22/saint-gilles-pligeaux.html","phone":"02 96 24 30 17","email":"mairie-st-gilles-pligeaux@wanadoo.fr","population":"300 habitants","website":"","townhallAdress":"14 rue des Ecoles - 22480 - SAINT-GILLES-PLIGEAUX"},{"text":"SAINT GILLES VIEUX MARCHE","href":"./22/saint-gilles-vieux-marche.html","phone":"02 96 28 53 39","email":"mairie-stgilles-vieux-marche@wanadoo.fr","population":"330 habitants","website":"","townhallAdress":"Le Bourg - 22530 - SAINT-GILLES-VIEUX-MARCHE"},{"text":"SAINT GLEN","href":"./22/saint-glen.html","phone":"02 96 42 77 17","email":"mairiedestglen@orange.fr","population":"580 habitants","website":"","townhallAdress":"Le Bourg - 22510 - SAINT-GLEN"},{"text":"SAINT GOUENO","href":"./22/saint-goueno.html","phone":"02 96 34 43 44","email":"mairie.st-goueno@wanadoo.fr","population":"673 habitants","website":"","townhallAdress":"Le Bourg - 22330 - SAINT-GOUENO"},{"text":"SAINT GUEN","href":"./22/saint-guen.html","phone":"02 96 28 54 03","email":"mairiestguen@wanadoo.fr","population":"482 habitants","website":"","townhallAdress":"5 rue Sénéchal - 22530 - SAINT-GUEN"},{"text":"SAINT HELEN","href":"./22/saint-helen.html","phone":"02 96 83 21 55","email":"mairie.st.helen@wanadoo.fr","population":"1234 habitants","website":"","townhallAdress":"7 rue des Ecoliers - 22100 - SAINT-HELEN"},{"text":"SAINT HERVE","href":"./22/saint-herve.html","phone":"02 96 28 80 59","email":"mairie-de-st-herve@wanadoo.fr","population":"396 habitants","website":"","townhallAdress":"Le Bourg - 22460 - SAINT-HERVE"},{"text":"SAINT JACUT DE LA MER","href":"./22/saint-jacut-de-la-mer.html","phone":"02 96 27 71 15","email":"mairie.stjacutdelamer@wanadoo.fr","population":"865 habitants","website":"","townhallAdress":"3 rue Châtelet - 22750 - SAINT-JACUT-DE-LA-MER"},{"text":"SAINT JACUT DU MENE","href":"./22/saint-jacut-du-mene.html","phone":"02 96 31 41 31","email":"mairie.stjacutdumene@wanadoo.fr","population":"741 habitants","website":"","townhallAdress":"La Chapelle - 22330 - SAINT-JACUT-DU-MENE"},{"text":"SAINT JEAN KERDANIEL","href":"./22/saint-jean-kerdaniel.html","phone":"02 96 74 12 26","email":"mairie.st-jean-kerdaniel@orange.fr","population":"554 habitants","website":"","townhallAdress":"Le Bourg - 22170 - SAINT-JEAN-KERDANIEL"},{"text":"SAINT JOUAN DE L ISLE","href":"./22/saint-jouan-de-l-isle.html","phone":"02 96 83 90 90","email":"mairie-de-st-jouan@wanadoo.fr","population":"435 habitants","website":"","townhallAdress":"Le Bourg - 22350 - SAINT-JOUAN-DE-L'ISLE"},{"text":"SAINT JUDOCE","href":"./22/saint-judoce.html","phone":"02 96 27 41 59","email":"mairiestjudoce@wanadoo.fr","population":"663 habitants","website":"","townhallAdress":"Le Bourg - 22630 - SAINT-JUDOCE"},{"text":"SAINT JULIEN","href":"./22/saint-julien.html","phone":"02 96 42 91 95","email":"mairie.st.julien@saint-julien.fr","population":"1964 habitants","website":"","townhallAdress":"Rue du Centre - 22940 - SAINT-JULIEN"},{"text":"SAINT JUVAT","href":"./22/saint-juvat.html","phone":"02 96 83 46 64","email":"commune.st.juvat@wanadoo.fr","population":"643 habitants","website":"","townhallAdress":"Le Bourg - 22630 - SAINT-JUVAT"},{"text":"SAINT LAUNEUC","href":"./22/saint-launeuc.html","phone":"02 96 56 14 21","email":"mairie.saint-launeuc@wanadoo.fr","population":"194 habitants","website":"","townhallAdress":"Le Bourg - 22230 - SAINT-LAUNEUC"},{"text":"SAINT LAURENT","href":"./22/saint-laurent.html","phone":"02 96 43 24 62","email":"mairiesaintlaurent@wanadoo.fr","population":"444 habitants","website":"","townhallAdress":"5 place du Bourg - 22140 - SAINT-LAURENT"},{"text":"SAINT LORMEL","href":"./22/saint-lormel.html","phone":"02 96 84 14 80","email":"mairie.st.lormel@wanadoo.fr","population":"916 habitants","website":"","townhallAdress":"1 rue Saint Pierre - 22130 - SAINT-LORMEL"},{"text":"SAINT MADEN","href":"./22/saint-maden.html","phone":"02 96 83 43 50","email":"mairiestmaden@wanadoo.fr","population":"210 habitants","website":"","townhallAdress":"Le Bourg - 22350 - SAINT-MADEN"},{"text":"SAINT MARTIN DES PRES","href":"./22/saint-martin-des-pres.html","phone":"02 96 32 42 75","email":"mairie.saintmartindespres@wanadoo.fr","population":"362 habitants","website":"","townhallAdress":"1 Place de l'Eglise - 22320 - SAINT-MARTIN-DES-PRES"},{"text":"SAINT MAUDAN","href":"./22/saint-maudan.html","phone":"02 96 28 07 02","email":"mairie.st.maudan@wanadoo.fr","population":"423 habitants","website":"","townhallAdress":"Rue Principale - 22600 - SAINT-MAUDAN"},{"text":"SAINT MAUDEZ","href":"./22/saint-maudez.html","phone":"02 96 27 05 88","email":"mairie.stmaudez@wanadoo.fr","population":"271 habitants","website":"","townhallAdress":"Le Bourg - 22980 - SAINT-MAUDEZ"},{"text":"SAINT MAYEUX","href":"./22/saint-mayeux.html","phone":"02 96 24 03 86","email":"stmayeux.mairie@wanadoo.fr","population":"538 habitants","website":"","townhallAdress":"Le Bourg - 22320 - SAINT-MAYEUX"},{"text":"SAINT MELOIR DES BOIS","href":"./22/saint-meloir-des-bois.html","phone":"02 96 27 06 14","email":"mairie.st-meloir-des-bois@wanadoo.fr","population":"268 habitants","website":"","townhallAdress":"Le Bourg - 22980 - SAINT-MELOIR-DES-BOIS"},{"text":"SAINT MICHEL DE PLELAN","href":"./22/saint-michel-de-plelan.html","phone":"02 96 27 04 06","email":"saint-michel.de.plelan@wanadoo.fr","population":"294 habitants","website":"","townhallAdress":"Le Bourg - 22980 - SAINT-MICHEL-DE-PLELAN"},{"text":"SAINT MICHEL EN GREVE","href":"./22/saint-michel-en-greve.html","phone":"02 96 35 74 41","email":"mairie.stmichelengreve@wanadoo.fr","population":"488 habitants","website":"","townhallAdress":"Rue Côte des Bruyères - 22300 - SAINT-MICHEL-EN-GREVE"},{"text":"SAINT NICODEME","href":"./22/saint-nicodeme.html","phone":"02 96 45 74 00","email":"","population":"158 habitants","website":"","townhallAdress":"Le Bourg - 22160 - SAINT-NICODEME"},{"text":"SAINT NICOLAS DU PELEM","href":"./22/saint-nicolas-du-pelem.html","phone":"02 96 29 51 27","email":"mairie.st.nicolas.pelem@wanadoo.fr","population":"1885 habitants","website":"","townhallAdress":"Avenue de la Mairie - 22480 - SAINT-NICOLAS-DU-PELEM"},{"text":"SAINT PEVER","href":"./22/saint-pever.html","phone":"02 96 21 42 48","email":"mairie.st.pever@wanadoo.fr","population":"359 habitants","website":"","townhallAdress":"1 Route Lanrodec - 22720 - SAINT-PEVER"},{"text":"SAINT POTAN","href":"./22/saint-potan.html","phone":"02 96 83 72 23","email":"mairie.st-potan@wanadoo.fr","population":"773 habitants","website":"","townhallAdress":"9 rue Berthelot - 22550 - SAINT-POTAN"},{"text":"SAINT QUAY PERROS","href":"./22/saint-quay-perros.html","phone":"02 96 49 80 40","email":"mairie.saintquayperros@wanadoo.fr","population":"1513 habitants","website":"","townhallAdress":"2 Avenue de la Mairie - 22700 - SAINT-QUAY-PERROS"},{"text":"SAINT QUAY PORTRIEUX","href":"./22/saint-quay-portrieux.html","phone":"02 96 70 80 80","email":"secretariat.maire@mairie-saintquayportrieux.fr","population":"3307 habitants","website":"","townhallAdress":"52 Boulevard Marechal Foch - 22410 - SAINT-QUAY-PORTRIEUX"},{"text":"SAINT RIEUL","href":"./22/saint-rieul.html","phone":"02 96 34 13 95","email":"mairie.strieul@wanadoo.fr","population":"416 habitants","website":"","townhallAdress":"Le Bourg - 22270 - SAINT-RIEUL"},{"text":"SAINT SAMSON SUR RANCE","href":"./22/saint-samson-sur-rance.html","phone":"02 96 39 16 05","email":"stsamson.mairie@wanadoo.fr","population":"1506 habitants","website":"","townhallAdress":"4 rue de la Mairie - 22100 - SAINT-SAMSON-SUR-RANCE"},{"text":"SAINT SERVAIS","href":"./22/saint-servais.html","phone":"02 96 45 53 98","email":"commune.saint-servais@wanadoo.fr","population":"413 habitants","website":"","townhallAdress":"10 place Anatole Le Braz - 22160 - SAINT-SERVAIS"},{"text":"SAINT THELO","href":"./22/saint-thelo.html","phone":"02 96 56 33 78","email":"mairie-de-st-thelo@wanadoo.fr","population":"446 habitants","website":"","townhallAdress":"Le Bourg - 22460 - SAINT-THELO"},{"text":"SAINT TRIMOEL","href":"./22/saint-trimoel.html","phone":"02 96 42 77 80","email":"mairie@saint-trimoel.com","population":"396 habitants","website":"","townhallAdress":"Le Bourg - 22510 - SAINT-TRIMOEL"},{"text":"SAINT VRAN","href":"./22/saint-vran.html","phone":"02 96 56 10 77","email":"saintvran@wanadoo.fr","population":"719 habitants","website":"","townhallAdress":"Le Bourg - 22230 - SAINT-VRAN"},{"text":"SAINT YGEAUX","href":"./22/saint-ygeaux.html","phone":"02 96 24 02 01","email":"mairie.st.ygeaux@wanadoo.fr","population":"151 habitants","website":"","townhallAdress":"Le Bourg - 22570 - SAINT-YGEAUX"},{"text":"SENVEN LEHART","href":"./22/senven-lehart.html","phone":"02 96 21 43 34","email":"commune.senvenlehart@orange.fr","population":"250 habitants","website":"","townhallAdress":"4 Grande Rue - 22720 - SENVEN-LEHART"},{"text":"SEVIGNAC","href":"./22/sevignac.html","phone":"02 96 84 92 01","email":"mairie.sevignac@wanadoo.fr","population":"1136 habitants","website":"","townhallAdress":"5 rue des Ecoliers - 22250 - SEVIGNAC"},{"text":"SQUIFFIEC","href":"./22/squiffiec.html","phone":"02 96 43 20 36","email":"mairie.squiffiec@wanadoo.fr","population":"742 habitants","website":"","townhallAdress":"8 rue Manoirs - 22200 - SQUIFFIEC"},{"text":"TADEN","href":"./22/taden.html","phone":"02 96 87 63 50","email":"taden.mairie@wanadoo.fr","population":"2072 habitants","website":"","townhallAdress":"7 rue du Manoir - 22100 - TADEN"},{"text":"TONQUEDEC","href":"./22/tonquedec.html","phone":"02 96 35 87 02","email":"mairie.tonquedec@wanadoo.fr","population":"1110 habitants","website":"","townhallAdress":"Le Bourg - 22140 - TONQUEDEC"},{"text":"TRAMAIN","href":"./22/tramain.html","phone":"02 96 31 82 24","email":"contact@arguenon-hunaudaye.fr","population":"653 habitants","website":"","townhallAdress":"Bourg - 22640 - TRAMAIN"},{"text":"TREBEDAN","href":"./22/trebedan.html","phone":"02 96 84 53 16","email":"mairie.trebedan@wanadoo.fr","population":"389 habitants","website":"","townhallAdress":"Le Bourg - 22980 - TREBEDAN"},{"text":"TREBEURDEN","href":"./22/trebeurden.html","phone":"02 96 15 44 00","email":"mairie-trebeurden@wanadoo.fr","population":"3864 habitants","website":"","townhallAdress":"7 rue Plages - 22560 - TREBEURDEN"},{"text":"TREBRIVAN","href":"./22/trebrivan.html","phone":"02 96 36 62 02","email":"mairie.trebrivan@wanadoo.fr","population":"706 habitants","website":"","townhallAdress":"1 Place de la Mairie - 22340 - TREBRIVAN"},{"text":"TREBRY","href":"./22/trebry.html","phone":"02 96 42 78 63","email":"mairiedetrebry@orange.fr","population":"742 habitants","website":"","townhallAdress":"Le Bourg - 22510 - TREBRY"},{"text":"TREDANIEL","href":"./22/tredaniel.html","phone":"02 96 73 41 32","email":"mairie.tredaniel@pays-moncontour.com","population":"977 habitants","website":"","townhallAdress":"2 rue des Tilleuls - 22510 - TREDANIEL"},{"text":"TREDARZEC","href":"./22/tredarzec.html","phone":"02 96 92 31 71","email":"accueil.commune-tredarzec@wanadoo.fr","population":"1129 habitants","website":"","townhallAdress":"Le Bourg - 22220 - TREDARZEC"},{"text":"TREDIAS","href":"./22/tredias.html","phone":"02 96 84 81 62","email":"mairie.tredias@wanadoo.fr","population":"473 habitants","website":"","townhallAdress":"Le Bourg - 22250 - TREDIAS"},{"text":"TREDREZ LOCQUEMEAU","href":"./22/tredrez-locquemeau.html","phone":"02 96 35 74 52","email":"mairie.tredrez-locquemeau@wanadoo.fr","population":"1442 habitants","website":"","townhallAdress":"Hent Sant Erwan - 22300 - TREDREZ-LOCQUEMEAU"},{"text":"TREDUDER","href":"./22/treduder.html","phone":"02 96 35 45 78","email":"treduder@wanadoo.fr","population":"201 habitants","website":"","townhallAdress":"4 rue de la Mairie - 22310 - TREDUDER"},{"text":"TREFFRIN","href":"./22/treffrin.html","phone":"02 98 93 12 36","email":"mairietreffrin@wanadoo.fr","population":"578 habitants","website":"","townhallAdress":"Bourg - 22340 - TREFFRIN"},{"text":"TREFUMEL","href":"./22/trefumel.html","phone":"02 96 83 46 22","email":"mairie.de.trefumel@wanadoo.fr","population":"268 habitants","website":"","townhallAdress":"Le Bourg - 22630 - TREFUMEL"},{"text":"TREGASTEL","href":"./22/tregastel.html","phone":"02 96 15 38 00","email":"tregastel.mairie@wanadoo.fr","population":"2469 habitants","website":"","townhallAdress":"Rue Poul Palud - 22730 - TREGASTEL"},{"text":"TREGLAMUS","href":"./22/treglamus.html","phone":"02 96 43 17 93","email":"mairietreglamus@wanadoo.fr","population":"993 habitants","website":"","townhallAdress":"18 rue de la Mairie - 22540 - TREGLAMUS"},{"text":"TREGOMEUR","href":"./22/tregomeur.html","phone":"02 96 79 01 13","email":"mairie.tregomeur@22.cernet.fr","population":"897 habitants","website":"","townhallAdress":"Le Bourg - 22590 - TREGOMEUR"},{"text":"TREGON","href":"./22/tregon.html","phone":"02 96 27 21 36","email":"mairie.tregon@wanadoo.fr","population":"237 habitants","website":"","townhallAdress":"Le Bourg - 22650 - TREGON"},{"text":"TREGONNEAU","href":"./22/tregonneau.html","phone":"02 96 43 25 18","email":"mairie.tregonneau@wanadoo.fr","population":"490 habitants","website":"","townhallAdress":"Place du Bourg - 22200 - TREGONNEAU"},{"text":"TREGROM","href":"./22/tregrom.html","phone":"02 96 47 92 55","email":"mairie.tregrom@wanadoo.fr","population":"396 habitants","website":"","townhallAdress":"Le Bourg - 22420 - TREGROM"},{"text":"TREGUEUX","href":"./22/tregueux.html","phone":"02 96 71 27 32","email":"mairie@ville-tregueux.fr","population":"7629 habitants","website":"","townhallAdress":"1 rue de la République - 22950 - TREGUEUX"},{"text":"TREGUIDEL","href":"./22/treguidel.html","phone":"02 96 70 02 98","email":"mairie-treguidel@wanadoo.fr","population":"658 habitants","website":"","townhallAdress":"Le Bourg - 22290 - TREGUIDEL"},{"text":"TREGUIER","href":"./22/treguier.html","phone":"02 96 92 30 19","email":"mairie@ville-treguier.fr","population":"2920 habitants","website":"","townhallAdress":"Place Général Leclerc - 22220 - TREGUIER"},{"text":"TRELEVERN","href":"./22/trelevern.html","phone":"02 96 23 71 91","email":"mairie.trelevern@wanadoo.fr","population":"1437 habitants","website":"","townhallAdress":"Place de la Mairie - 22660 - TRELEVERN"},{"text":"TRELIVAN","href":"./22/trelivan.html","phone":"02 96 39 16 31","email":"Mairie-Trelivan@wanadoo.fr","population":"2411 habitants","website":"","townhallAdress":"1 rue des Clairettes - 22100 - TRELIVAN"},{"text":"TREMARGAT","href":"./22/tremargat.html","phone":"02 96 36 55 07","email":"mairie.tremargat@wanadoo.fr","population":"178 habitants","website":"","townhallAdress":"Le Bourg - 22110 - TREMARGAT"},{"text":"TREMEL","href":"./22/tremel.html","phone":"02 96 35 17 19","email":"mairie.tremel@wanadoo.fr","population":"409 habitants","website":"","townhallAdress":"5 rue Argoat - 22310 - TREMEL"},{"text":"TREMELOIR","href":"./22/tremeloir.html","phone":"02 96 79 01 17","email":"mairie.tremeloir@wanadoo.fr","population":"680 habitants","website":"","townhallAdress":"4 rue Saint Fiacre - 22590 - TREMELOIR"},{"text":"TREMEREUC","href":"./22/tremereuc.html","phone":"02 96 27 83 17","email":"mairie.tremereuc@wanadoo.fr","population":"597 habitants","website":"","townhallAdress":"1, rue de la Ville Patouard - 22490 - TREMEREUC"},{"text":"TREMEUR","href":"./22/tremeur.html","phone":"02 96 84 80 98","email":"mairie.tremeur@wanadoo.fr","population":"702 habitants","website":"","townhallAdress":"Le Bourg - 22250 - TREMEUR"},{"text":"TREMEVEN","href":"./22/tremeven.html","phone":"02 96 70 02 75","email":"mairie.tremeven@wanadoo.fr","population":"337 habitants","website":"","townhallAdress":"Le Bourg - 22290 - TREMEVEN"},{"text":"TREMOREL","href":"./22/tremorel.html","phone":"02 96 25 21 88","email":"mairie-tremorel@wanadoo.fr","population":"1069 habitants","website":"","townhallAdress":"Place de la Mairie - 22230 - TREMOREL"},{"text":"TREMUSON","href":"./22/tremuson.html","phone":"02 96 94 84 54","email":"dg.mairie.tremuson@orange.fr","population":"1845 habitants","website":"","townhallAdress":"Place Pierre Michel - 22440 - TREMUSON"},{"text":"TREOGAN","href":"./22/treogan.html","phone":"02 96 29 65 91","email":"mairie.treogan@wanadoo.fr","population":"104 habitants","website":"","townhallAdress":"Le Bourg - 22340 - TREOGAN"},{"text":"TRESSIGNAUX","href":"./22/tressignaux.html","phone":"02 96 70 03 00","email":"mairie.tressignaux@wanadoo.fr","population":"578 habitants","website":"","townhallAdress":"Le Bourg - 22290 - TRESSIGNAUX"},{"text":"TREVE","href":"./22/treve.html","phone":"02 96 28 13 67","email":"mairiedetreve@wanadoo.fr","population":"1536 habitants","website":"","townhallAdress":"1 Place de la Mairie - 22600 - TREVE"},{"text":"TREVENEUC","href":"./22/treveneuc.html","phone":"02 96 70 84 84","email":"accueil.mairietreveneuc@megalis.org","population":"773 habitants","website":"","townhallAdress":"2 place du Bourg - 22410 - TREVENEUC"},{"text":"TREVEREC","href":"./22/treverec.html","phone":"02 96 52 35 55","email":"mairie.treverec@wanadoo.fr","population":"188 habitants","website":"","townhallAdress":"Le Bourg - 22290 - TREVEREC"},{"text":"TREVOU TREGUIGNEC","href":"./22/trevou-treguignec.html","phone":"02 96 23 71 92","email":"mairie-trevou@wanadoo.fr","population":"1455 habitants","website":"","townhallAdress":"5 rue des Ecoles - 22660 - TREVOU-TREGUIGNEC"},{"text":"TREVRON","href":"./22/trevron.html","phone":"02 96 83 58 14","email":"mairie-trevron@wanadoo.fr","population":"697 habitants","website":"","townhallAdress":"Le Bourg - 22100 - TREVRON"},{"text":"TREZENY","href":"./22/trezeny.html","phone":"02 96 38 04 26","email":"mairietrezeny@wanadoo.fr","population":"276 habitants","website":"","townhallAdress":"1 Place de l'Eglise - 22450 - TREZENY"},{"text":"TROGUERY","href":"./22/troguery.html","phone":"02 96 91 35 97","email":"mairie.troguery@wanadoo.fr","population":"282 habitants","website":"","townhallAdress":"Le Bourg - 22450 - TROGUERY"},{"text":"UZEL PRES L OUST","href":"./22/uzel-pres-l-oust.html","phone":"02 96 28 80 20","email":"mairie.uzel@orange.fr","population":"897 habitants","website":"","townhallAdress":"6 rue du Château - 22460 - UZEL-PRES-L'OUST"},{"text":"VILDE GUINGALAN","href":"./22/vilde-guingalan.html","phone":"02 96 27 61 57","email":"mairievilde.guingalan@wanadoo.fr","population":"1177 habitants","website":"","townhallAdress":"16 rue des Templiers - 22980 - VILDE-GUINGALAN"},{"text":"YFFINIAC","href":"./22/yffiniac.html","phone":"02 96 72 60 33","email":"mairie-yffiniac@wanadoo.fr","population":"4687 habitants","website":"","townhallAdress":"Place de la Mairie - 22120 - YFFINIAC"},{"text":"YVIAS","href":"./22/yvias.html","phone":"02 96 22 37 04","email":"mairie.yvias@wanadoo.fr","population":"726 habitants","website":"","townhallAdress":"3 place de la Mairie - 22930 - YVIAS"},{"text":"YVIGNAC LA TOUR","href":"./22/yvignac-la-tour.html","phone":"02 96 86 01 59","email":"mairie.yvignac@wanadoo.fr","population":"1164 habitants","website":"","townhallAdress":"4 rue Mathurin Monier - 22350 - YVIGNAC-LA-TOUR"}]}