{"text":"23 | Creuse","href":"creuse.html","townships":[{"text":"AHUN","href":"./23/ahun.html","phone":"05 55 62 40 24","email":"mairie.ahun@wanadoo.fr","population":"1818 habitants","website":"","townhallAdress":"1 place Albert Giraud - 23150 - AHUN"},{"text":"AJAIN","href":"./23/ajain.html","phone":"05 55 80 96 19","email":"mairie.ajain@wanadoo.fr","population":"1127 habitants","website":"","townhallAdress":"51 Route de Gueret - 23380 - AJAIN"},{"text":"ALLEYRAT","href":"./23/alleyrat.html","phone":"05 55 66 89 50","email":"mairie-alleyrat@wanadoo.fr","population":"160 habitants","website":"","townhallAdress":"La Ribiere - 23200 - ALLEYRAT"},{"text":"ANZEME","href":"./23/anzeme.html","phone":"05 55 52 20 08","email":"mairieanzeme@orange.fr","population":"568 habitants","website":"","townhallAdress":"4 place de la Mairie - 23000 - ANZEME"},{"text":"ARFEUILLE CHATAIN","href":"./23/arfeuille-chatain.html","phone":"05 55 83 11 37","email":"communearfeuille-chatain@orange.fr","population":"184 habitants","website":"","townhallAdress":"Le Bourg - 23700 - ARFEUILLE-CHATAIN"},{"text":"ARRENES","href":"./23/arrenes.html","phone":"05 55 62 60 73","email":"mairie.arrenes@wanadoo.fr","population":"230 habitants","website":"","townhallAdress":"Le Bourg - 23210 - ARRENES"},{"text":"ARS","href":"./23/ars.html","phone":"05 55 66 67 19","email":"mairie.ars@free.fr","population":"259 habitants","website":"","townhallAdress":"Le Bourg - 23480 - ARS"},{"text":"AUBUSSON","href":"./23/aubusson.html","phone":"05 55 83 08 00","email":"mairie.aubusson@wanadoo.fr","population":"4400 habitants","website":"","townhallAdress":"50 Grande Rue - 23200 - AUBUSSON"},{"text":"AUGE","href":"./23/auge.html","phone":"05 55 65 73 34","email":"communedauge@orange.fr","population":"108 habitants","website":"","townhallAdress":"Le Bourg - 23170 - AUGE"},{"text":"AUGERES","href":"./23/augeres.html","phone":"05 55 81 31 44","email":"mairie.augeres@wanadoo.fr","population":"140 habitants","website":"","townhallAdress":"Le Bourg - 23210 - AUGERES"},{"text":"AULON","href":"./23/aulon.html","phone":"05 55 62 01 34","email":"mairie.aulon@wanadoo.fr","population":"181 habitants","website":"","townhallAdress":"1 place Jean Caillaud - 23210 - AULON"},{"text":"AURIAT","href":"./23/auriat.html","phone":"05 55 54 94 10","email":"mairie.auriat@orange.fr","population":"123 habitants","website":"","townhallAdress":"Le Bourg - 23400 - AURIAT"},{"text":"AUZANCES","href":"./23/auzances.html","phone":"05 55 67 00 17","email":"secretariat-auzances@cc-auzances-bellegarde.fr","population":"1443 habitants","website":"","townhallAdress":"11 rue de la Mairie - 23700 - AUZANCES"},{"text":"AZAT CHATENET","href":"./23/azat-chatenet.html","phone":"05 55 81 33 51","email":"mairie.azat-chatenet@wanadoo.fr","population":"134 habitants","website":"","townhallAdress":"Le Bourg - 23210 - AZAT-CHATENET"},{"text":"AZERABLES","href":"./23/azerables.html","phone":"05 55 63 51 50","email":"mairie.azerables@wanadoo.fr","population":"880 habitants","website":"","townhallAdress":"3 Place des Erables - 23160 - AZERABLES"},{"text":"BANIZE","href":"./23/banize.html","phone":"05 55 66 02 07","email":"banize@free.fr","population":"158 habitants","website":"","townhallAdress":"Le Bourg - 23120 - BANIZE"},{"text":"BASVILLE","href":"./23/basville.html","phone":"05 55 67 43 06","email":"mairie.basville@orange.fr","population":"186 habitants","website":"","townhallAdress":"Le Bourg - 23260 - BASVILLE"},{"text":"BAZELAT","href":"./23/bazelat.html","phone":"05 55 63 53 68","email":"mairie-bazelat@wanadoo.fr","population":"287 habitants","website":"","townhallAdress":"Le Bourg - 23160 - BAZELAT"},{"text":"BEISSAT","href":"./23/beissat.html","phone":"05 55 67 86 33","email":"mairiedebeissat@orange.fr","population":"35 habitants","website":"","townhallAdress":"Le Bourg - 23260 - BEISSAT"},{"text":"BELLEGARDE EN MARCHE","href":"./23/bellegarde-en-marche.html","phone":"05 55 67 65 27","email":"secretariat-bellegarde@cc-auzances-bellegarde.fr","population":"442 habitants","website":"","townhallAdress":"15 Grand rue - 23190 - BELLEGARDE-EN-MARCHE"},{"text":"BENEVENT L ABBAYE","href":"./23/benevent-l-abbaye.html","phone":"05 55 62 61 43","email":"mairie.benevent-l-abbaye@wanadoo.fr","population":"871 habitants","website":"","townhallAdress":"1 rue Sarrazine - 23210 - BENEVENT-L'ABBAYE"},{"text":"BETETE","href":"./23/betete.html","phone":"05 55 80 72 68","email":"mairie.betete@wanadoo.fr","population":"376 habitants","website":"","townhallAdress":"1 Place du 18 Juin 1940 - 23270 - BETETE"},{"text":"BLAUDEIX","href":"./23/blaudeix.html","phone":"05 55 80 86 28","email":"secretaire-blaudeix@cc-quatreprovinces.fr","population":"113 habitants","website":"","townhallAdress":"Le Bourg - 23140 - BLAUDEIX"},{"text":"BLESSAC","href":"./23/blessac.html","phone":"05 55 66 17 40","email":"mairie.blessac@wanadoo.fr","population":"540 habitants","website":"","townhallAdress":"4 rue du Château - 23200 - BLESSAC"},{"text":"BONNAT","href":"./23/bonnat.html","phone":"05 55 62 10 38","email":"mairie-de-bonnat@wanadoo.fr","population":"1342 habitants","website":"","townhallAdress":"Place de la Fontaine - 23220 - BONNAT"},{"text":"BORD SAINT GEORGES","href":"./23/bord-saint-georges.html","phone":"05 55 65 71 98","email":"mairiebordsaintgeorges@orange.fr","population":"385 habitants","website":"","townhallAdress":"5 Place de la Mairie - 23230 - BORD-SAINT-GEORGES"},{"text":"BOSMOREAU LES MINES","href":"./23/bosmoreau-les-mines.html","phone":"0555640816","email":"","population":"250 habitants","website":"","townhallAdress":"28 rue de la Mairie - 23400 - BOSMOREAU-LES-MINES"},{"text":"BOSROGER","href":"./23/bosroger.html","phone":"05 55 83 31 97","email":"mairie.bosroger@wanadoo.fr","population":"96 habitants","website":"","townhallAdress":"Bosroger - 23200 - BOSROGER"},{"text":"BOURGANEUF","href":"./23/bourganeuf.html","phone":"05 55 64 07 61","email":"m.nicon@bourganeuf.fr","population":"3184 habitants","website":"","townhallAdress":"Place de l'Hôtel de Ville - 23400 - BOURGANEUF"},{"text":"BOUSSAC","href":"./23/boussac.html","phone":"05 55 65 01 09","email":"mairieboussac23@wanadoo.fr","population":"1463 habitants","website":"","townhallAdress":"Place de l'Hôtel de Ville - 23600 - BOUSSAC"},{"text":"BOUSSAC BOURG","href":"./23/boussac-bourg.html","phone":"05 55 65 03 93","email":"communeboussacbourg@wanadoo.fr","population":"813 habitants","website":"","townhallAdress":"14 rue Grande - 23600 - BOUSSAC-BOURG"},{"text":"BROUSSE","href":"./23/brousse.html","phone":"05 55 67 09 25","email":"mairie.brousse@wanadoo.fr","population":"28 habitants","website":"","townhallAdress":"Brousse - 23700 - BROUSSE"},{"text":"BUDELIERE","href":"./23/budeliere.html","phone":"05 55 82 81 98","email":"mairie-budeliere@wanadoo.fr","population":"801 habitants","website":"","townhallAdress":"Rue Laulade - 23170 - BUDELIERE"},{"text":"BUSSIERE DUNOISE","href":"./23/bussiere-dunoise.html","phone":"05 55 81 62 16","email":"bussieredunoise@wanadoo.fr","population":"1130 habitants","website":"","townhallAdress":"Place de l'Eglise - 23320 - BUSSIERE-DUNOISE"},{"text":"BUSSIERE NOUVELLE","href":"./23/bussiere-nouvelle.html","phone":"05 55 67 15 49","email":"bussiere-nouvelle@wanadoo.fr","population":"114 habitants","website":"","townhallAdress":"Le Bourg - 23700 - BUSSIERE-NOUVELLE"},{"text":"BUSSIERE SAINT GEORGES","href":"./23/bussiere-saint-georges.html","phone":"05 55 82 00 78","email":"","population":"216 habitants","website":"","townhallAdress":"Mairie - 23600 - BUSSIERE-SAINT-GEORGES"},{"text":"CEYROUX","href":"./23/ceyroux.html","phone":"05 55 62 02 05","email":"mairie.ceyroux@wanadoo.fr","population":"123 habitants","website":"","townhallAdress":"Le Bourg - 23210 - CEYROUX"},{"text":"CHAMBERAUD","href":"./23/chamberaud.html","phone":"05 55 62 54 42","email":"maire.chamberaud@laposte.net","population":"116 habitants","website":"","townhallAdress":"Le Bourg - 23480 - CHAMBERAUD"},{"text":"CHAMBONCHARD","href":"./23/chambonchard.html","phone":"05 55 65 54 14","email":"mairie.chambonchard@orange.fr","population":"81 habitants","website":"","townhallAdress":"Le Bourg - 23110 - CHAMBONCHARD"},{"text":"CHAMBON SAINTE CROIX","href":"./23/chambon-sainte-croix.html","phone":"05 55 89 84 84","email":"mairchb.stx@wanadoo.fr","population":"96 habitants","website":"","townhallAdress":"13 rue de la Mairie - 23220 - CHAMBON-SAINTE-CROIX"},{"text":"CHAMBON SUR VOUEIZE","href":"./23/chambon-sur-voueize.html","phone":"05 55 82 11 36","email":"mairie.chambonsurvoueize@wanadoo.fr","population":"1028 habitants","website":"","townhallAdress":"7 Place Delamare - 23170 - CHAMBON-SUR-VOUEIZE"},{"text":"CHAMBORAND","href":"./23/chamborand.html","phone":"05 55 80 44 67","email":"commune.de.chamborand@wanadoo.fr","population":"245 habitants","website":"","townhallAdress":"6 rue de la Tour - 23240 - CHAMBORAND"},{"text":"CHAMPAGNAT","href":"./23/champagnat.html","phone":"05 55 67 66 34","email":"mairie-champagnat@wanadoo.fr","population":"427 habitants","website":"","townhallAdress":"6 rue La Marche - 23190 - CHAMPAGNAT"},{"text":"CHAMPSANGLARD","href":"./23/champsanglard.html","phone":"05 55 51 21 94","email":"mairie.champsanglard@orange.fr","population":"232 habitants","website":"","townhallAdress":"Le Bourg - 23220 - CHAMPSANGLARD"},{"text":"CHARD","href":"./23/chard.html","phone":"05 55 67 24 84","email":"secretariat-chard@cc-auzances-bellegarde.fr","population":"199 habitants","website":"","townhallAdress":"Le Bourg - 23700 - CHARD"},{"text":"CHARRON","href":"./23/charron.html","phone":"05 55 67 04 59","email":"mairiecharron@wanadoo.fr","population":"247 habitants","website":"","townhallAdress":"Le Bourg - 23700 - CHARRON"},{"text":"CHATELARD","href":"./23/chatelard.html","phone":"05 55 67 27 04","email":"robert.raillard@wanadoo.fr","population":"35 habitants","website":"","townhallAdress":"Le Bourg - 23700 - CHATELARD"},{"text":"CHATELUS LE MARCHEIX","href":"./23/chatelus-le-marcheix.html","phone":"05 55 64 30 09","email":"mairie.chatelus.lemeix@wanadoo.fr","population":"371 habitants","website":"","townhallAdress":"1 rue des Ecoliers - 23430 - CHATELUS-LE-MARCHEIX"},{"text":"CHATELUS MALVALEIX","href":"./23/chatelus-malvaleix.html","phone":"05 55 80 70 31","email":"mairie-chatelusmalvaleix@wanadoo.fr","population":"584 habitants","website":"","townhallAdress":"10 Place La Fontaine - 23270 - CHATELUS-MALVALEIX"},{"text":"CHAVANAT","href":"./23/chavanat.html","phone":"05 55 66 67 49","email":"mairie.chavanat@orange.fr","population":"134 habitants","website":"","townhallAdress":"Le Bourg - 23250 - CHAVANAT"},{"text":"CHENERAILLES","href":"./23/chenerailles.html","phone":"05 55 62 37 22","email":"mairie.chenerailles@wanadoo.fr","population":"764 habitants","website":"","townhallAdress":"10 rue de l'Eglise - 23130 - CHENERAILLES"},{"text":"CHENIERS","href":"./23/cheniers.html","phone":"05 55 62 13 08","email":"mairie.cheniers@orange.fr","population":"586 habitants","website":"","townhallAdress":"13 rue de la Liberté - 23220 - CHENIERS"},{"text":"CLAIRAVAUX","href":"./23/clairavaux.html","phone":"05 55 66 91 13","email":"mairie-clairavaux23@orange.fr","population":"156 habitants","website":"","townhallAdress":"Le Bourg - 23500 - CLAIRAVAUX"},{"text":"CLUGNAT","href":"./23/clugnat.html","phone":"05 55 65 00 56","email":"mairie.clugnat@orange.fr","population":"692 habitants","website":"","townhallAdress":"16 rue Jules Ferry - 23270 - CLUGNAT"},{"text":"COLONDANNES","href":"./23/colondannes.html","phone":"05 55 89 00 36","email":"mairie.colondannes@wanadoo.fr","population":"317 habitants","website":"","townhallAdress":"Le Bourg - 23800 - COLONDANNES"},{"text":"CRESSAT","href":"./23/cressat.html","phone":"05 55 62 30 89","email":"mairie.cressat@orange.fr","population":"571 habitants","website":"","townhallAdress":"Rue Capitaine Moure - 23140 - CRESSAT"},{"text":"CROCQ","href":"./23/crocq.html","phone":"05 55 67 40 32","email":"mairiedecrocq@orange.fr","population":"518 habitants","website":"","townhallAdress":"2 Place de la Mairie - 23260 - CROCQ"},{"text":"CROZANT","href":"./23/crozant.html","phone":"05 55 89 80 12","email":"mairie-crozant@wanadoo.fr","population":"539 habitants","website":"","townhallAdress":"Le Bourg - 23160 - CROZANT"},{"text":"CROZE","href":"./23/croze.html","phone":"05 55 66 93 52","email":"mairie-croze23@orange.fr","population":"192 habitants","website":"","townhallAdress":"Le Bourg - 23500 - CROZE"},{"text":"DOMEYROT","href":"./23/domeyrot.html","phone":"05 55 62 24 33","email":"secretaire-domeyrot@cc-quatreprovinces.fr","population":"231 habitants","website":"","townhallAdress":"Rue de la Mairie - 23140 - DOMEYROT"},{"text":"DONTREIX","href":"./23/dontreix.html","phone":"05 55 67 04 19","email":"mairie.dontreix@wanadoo.fr","population":"425 habitants","website":"","townhallAdress":"Le Bourg - 23700 - DONTREIX"},{"text":"DUN LE PALESTEL","href":"./23/dun-le-palestel.html","phone":"05 55 89 01 30","email":"mairie.de.dun.le.palestel@wanadoo.fr","population":"1171 habitants","website":"","townhallAdress":"Place La Mairie - 23800 - DUN-LE-PALESTEL"},{"text":"EVAUX LES BAINS","href":"./23/evaux-les-bains.html","phone":"05 55 65 50 20","email":"mairie23evauxlesbains@wanadoo.fr","population":"1621 habitants","website":"","townhallAdress":"Rue de l'Hôtel de Ville - 23110 - EVAUX-LES-BAINS"},{"text":"FAUX LA MONTAGNE","href":"./23/faux-la-montagne.html","phone":"05 55 67 92 15","email":"mairie.faux-la-montagne@wanadoo.fr","population":"376 habitants","website":"","townhallAdress":"Le Bourg - 23340 - FAUX-LA-MONTAGNE"},{"text":"FAUX MAZURAS","href":"./23/faux-mazuras.html","phone":"05 55 64 06 98","email":"mairie-felletin@wanadoo.fr","population":"174 habitants","website":"","townhallAdress":"Mourne - 23400 - FAUX-MAZURAS"},{"text":"FELLETIN","href":"./23/felletin.html","phone":"05 55 66 51 11","email":"contact@felletin.fr","population":"2181 habitants","website":"","townhallAdress":"9 rue des Ecoles - 23500 - FELLETIN"},{"text":"FENIERS","href":"./23/feniers.html","phone":"05 55 66 91 51","email":"mairie-feniers@numeo.fr","population":"86 habitants","website":"","townhallAdress":"Le Bourg - 23100 - FENIERS"},{"text":"FLAYAT","href":"./23/flayat.html","phone":"05 55 67 81 04","email":"mairie.flayat@orange.fr","population":"359 habitants","website":"","townhallAdress":"Le Bourg - 23260 - FLAYAT"},{"text":"FLEURAT","href":"./23/fleurat.html","phone":"05 55 51 00 28","email":"fleurat.mairie@wanadoo.fr","population":"274 habitants","website":"","townhallAdress":"8 rue Jules Marouzeau - 23320 - FLEURAT"},{"text":"FONTANIERES","href":"./23/fontanieres.html","phone":"05 55 82 34 28","email":"mairiedefontanieres@wanadoo.fr","population":"262 habitants","website":"","townhallAdress":"Le Bourg - 23110 - FONTANIERES"},{"text":"FRANSECHES","href":"./23/franseches.html","phone":"05 55 66 67 04","email":"mairie.franseches@orange.fr","population":"255 habitants","website":"","townhallAdress":"Le Bourg - 23480 - FRANSECHES"},{"text":"FRESSELINES","href":"./23/fresselines.html","phone":"05 55 89 70 46","email":"mairie-fresselines@wanadoo.fr","population":"640 habitants","website":"","townhallAdress":"6 rue Maurice Rollinat - 23450 - FRESSELINES"},{"text":"GARTEMPE","href":"./23/gartempe.html","phone":"05 55 81 38 82","email":"mairie-gartempe@orange.fr","population":"141 habitants","website":"","townhallAdress":"Le Bourg - 23320 - GARTEMPE"},{"text":"GENOUILLAC","href":"./23/genouillac.html","phone":"05 55 80 74 25","email":"mairie-genouillac@wanadoo.fr","population":"813 habitants","website":"","townhallAdress":"2 place Ecole Agriculture - 23350 - GENOUILLAC"},{"text":"GENTIOUX PIGEROLLES","href":"./23/gentioux-pigerolles.html","phone":"05 55 67 90 14","email":"mairie.gentioux@wanadoo.fr","population":"390 habitants","website":"","townhallAdress":"Le Bourg - 23340 - GENTIOUX-PIGEROLLES"},{"text":"GIOUX","href":"./23/gioux.html","phone":"05 55 66 91 71","email":"mairie-de-gioux@wanadoo.fr","population":"179 habitants","website":"","townhallAdress":"Le Bourg - 23500 - GIOUX"},{"text":"GLENIC","href":"./23/glenic.html","phone":"05 55 52 22 09","email":"mairie.glenic@wanadoo.fr","population":"620 habitants","website":"","townhallAdress":"7 rue de l'Eglise - 23380 - GLENIC"},{"text":"GOUZON","href":"./23/gouzon.html","phone":"05 55 62 20 39","email":"mairie-de-gouzon@wanadoo.fr","population":"1508 habitants","website":"","townhallAdress":"4 Avenue Général De Gaulle - 23230 - GOUZON"},{"text":"GUERET","href":"./23/gueret.html","phone":"05 55 51 47 00","email":"mairie@ville-gueret.fr","population":"15089 habitants","website":"","townhallAdress":"Place Bonnyaud - 23000 - GUERET"},{"text":"ISSOUDUN LETRIEIX","href":"./23/issoudun-letrieix.html","phone":"05 55 62 30 68","email":"mairie.issoudun.letrieix@wanadoo.fr","population":"303 habitants","website":"","townhallAdress":"Le Bourg - 23130 - ISSOUDUN-LETRIEIX"},{"text":"JALESCHES","href":"./23/jalesches.html","phone":"05 55 65 11 89","email":"communedejalesches@orange.fr","population":"82 habitants","website":"","townhallAdress":"Le Bourg - 23270 - JALESCHES"},{"text":"JANAILLAT","href":"./23/janaillat.html","phone":"05 55 64 40 99","email":"mairiejanaillat@wanadoo.fr","population":"362 habitants","website":"","townhallAdress":"Le Bourg - 23250 - JANAILLAT"},{"text":"JARNAGES","href":"./23/jarnages.html","phone":"05 55 80 90 46","email":"commune-de-jarnages@orange.fr","population":"515 habitants","website":"","townhallAdress":"42 Grande Rue - 23140 - JARNAGES"},{"text":"JOUILLAT","href":"./23/jouillat.html","phone":"05 55 51 20 54","email":"mairie.jouillat@orange.fr","population":"473 habitants","website":"","townhallAdress":"7 rue de la Mairie - 23220 - JOUILLAT"},{"text":"LA BRIONNE","href":"./23/la-brionne.html","phone":"05 55 80 25 15","email":"mairie.labrionne@wanadoo.fr","population":"385 habitants","website":"","townhallAdress":"Le Bourg - 23000 - LA-BRIONNE"},{"text":"LA CELLE DUNOISE","href":"./23/la-celle-dunoise.html","phone":"05 55 89 10 77","email":"mairie@lacelledunoise.fr","population":"634 habitants","website":"","townhallAdress":"1 Route des Peintres - 23800 - LA-CELLE-DUNOISE"},{"text":"LA CELLE SOUS GOUZON","href":"./23/la-celle-sous-gouzon.html","phone":"05 55 62 27 19","email":"secretaire-la-celle@cc-quatreprovinces.fr","population":"141 habitants","website":"","townhallAdress":"Le Bourg - 23230 - LA-CELLE-SOUS-GOUZON"},{"text":"LA CELLETTE","href":"./23/la-cellette.html","phone":"05 55 80 62 97","email":"mairielacellette@orange.fr","population":"274 habitants","website":"","townhallAdress":"Le Bourg - 23350 - LA-CELLETTE"},{"text":"LA CHAPELLE BALOUE","href":"./23/la-chapelle-baloue.html","phone":"05 55 63 53 85","email":"communelachapellebaloue@wanadoo.fr","population":"137 habitants","website":"","townhallAdress":"Le Bourg - 23160 - LA-CHAPELLE-BALOUE"},{"text":"LA CHAPELLE SAINT MARTIAL","href":"./23/la-chapelle-saint-martial.html","phone":"05 55 64 56 19","email":"mairie.lachapellesaintmartial@orange.fr","population":"94 habitants","website":"","townhallAdress":"Le Bourg - 23250 - LA-CHAPELLE-SAINT-MARTIAL"},{"text":"LA CHAPELLE TAILLEFERT","href":"./23/la-chapelle-taillefert.html","phone":"05 55 52 36 17","email":"mairie.chapelle-taillefert@wanadoo.fr","population":"369 habitants","website":"","townhallAdress":"6 rue Pont Perdrix - 23000 - LA-CHAPELLE-TAILLEFERT"},{"text":"LA CHAUSSADE","href":"./23/la-chaussade.html","phone":"05 55 83 81 57","email":"mairiedelachaussade@wanadoo.fr","population":"116 habitants","website":"","townhallAdress":"Le Bourg - 23200 - LA-CHAUSSADE"},{"text":"LA COURTINE","href":"./23/la-courtine.html","phone":"05 55 66 76 58","email":"mairiedelacourtine@wanadoo.fr","population":"913 habitants","website":"","townhallAdress":"Place de la Mairie - 23100 - LA-COURTINE"},{"text":"LADAPEYRE","href":"./23/ladapeyre.html","phone":"05 55 65 41 02","email":"mairiedeladapeyre@laposte.net","population":"359 habitants","website":"","townhallAdress":"16 Route de Boussac - 23270 - LADAPEYRE"},{"text":"LAFAT","href":"./23/lafat.html","phone":"05 55 89 06 71","email":"communedelafat@orange.fr","population":"386 habitants","website":"","townhallAdress":"Mairie - 23800 - LAFAT"},{"text":"LA FORET DU TEMPLE","href":"./23/la-foret-du-temple.html","phone":"05 55 80 51 44","email":"mairie.laforetdutemple@wanadoo.fr","population":"156 habitants","website":"","townhallAdress":"1 Place Pilori - 23360 - LA-FORET-DU-TEMPLE"},{"text":"LA MAZIERE AUX BONSHOMMES","href":"./23/la-maziere-aux-bonshommes.html","phone":"05 55 67 44 90","email":"mairie.lamaziereauxbonshommes@wanadoo.fr","population":"63 habitants","website":"","townhallAdress":"Le Bourg - 23260 - LA-MAZIERE-AUX-BONSHOMMES"},{"text":"LA NOUAILLE","href":"./23/la-nouaille.html","phone":"05 55 66 01 09","email":"mairie.nouaille@wanadoo.fr","population":"250 habitants","website":"","townhallAdress":"Le Bourg - 23500 - LA-NOUAILLE"},{"text":"LA POUGE","href":"./23/la-pouge.html","phone":"05 55 66 66 81","email":"mairie.lapouge@orange.fr","population":"75 habitants","website":"","townhallAdress":"Mairie - 23250 - LA-POUGE"},{"text":"LA SAUNIERE","href":"./23/la-sauniere.html","phone":"05 55 80 01 66","email":"mairie.sauniere@orange.fr","population":"652 habitants","website":"","townhallAdress":"1 Place de la Mairie - 23000 - LA-SAUNIERE"},{"text":"LA SERRE BUSSIERE VIEILLE","href":"./23/la-serre-bussiere-vieille.html","phone":"05 55 83 13 09","email":"mairie.laserrebussierevieille@wanadoo.fr","population":"127 habitants","website":"","townhallAdress":"Le Bourg - 23190 - LA-SERRE-BUSSIERE-VIEILLE"},{"text":"LA SOUTERRAINE","href":"./23/la-souterraine.html","phone":"05 55 63 98 30","email":"secretariat@mairie-la-souterraine.fr","population":"5611 habitants","website":"","townhallAdress":"Rue Bessereix - 23300 - LA-SOUTERRAINE"},{"text":"LAVAUFRANCHE","href":"./23/lavaufranche.html","phone":"05 55 65 41 02","email":"mairielavaufranche@orange.fr","population":"243 habitants","website":"","townhallAdress":"Mairie - 23600 - LAVAUFRANCHE"},{"text":"LAVAVEIX LES MINES","href":"./23/lavaveix-les-mines.html","phone":"05 55 62 42 15","email":"lavaveix-les-mines@wanadoo.fr","population":"871 habitants","website":"","townhallAdress":"35 rue du Centre - 23150 - LAVAVEIX-LES-MINES"},{"text":"LA VILLEDIEU","href":"./23/la-villedieu.html","phone":"05 55 67 91 88","email":"mairielavilledieu@orange.fr","population":"51 habitants","website":"","townhallAdress":"Le Bourg - 23340 - LA-VILLEDIEU"},{"text":"LA VILLENEUVE","href":"./23/la-villeneuve.html","phone":"05 55 67 24 09","email":"mairie-la-villeneuve@orange.fr","population":"73 habitants","website":"","townhallAdress":"Le Bourg - 23260 - LA-VILLENEUVE"},{"text":"LA VILLETELLE","href":"./23/la-villetelle.html","phone":"05 55 67 33 70","email":"mairie.lavilletelle@wanadoo.fr","population":"169 habitants","website":"","townhallAdress":"Le Bourg - 23260 - LA-VILLETELLE"},{"text":"LE BOURG D HEM","href":"./23/le-bourg-d-hem.html","phone":"05 55 62 16 57","email":"mairie.le-bourg-dhem@wanadoo.fr","population":"218 habitants","website":"","townhallAdress":"Le Bourg - 23220 - LE-BOURG-D'HEM"},{"text":"LE CHAUCHET","href":"./23/le-chauchet.html","phone":"05 55 82 34 62","email":"","population":"106 habitants","website":"","townhallAdress":"Le Bourg - 23130 - LE-CHAUCHET"},{"text":"LE COMPAS","href":"./23/le-compas.html","phone":"05 55 83 91 21","email":"secretariat-compas@cc-auzances-bellegarde.fr","population":"227 habitants","website":"","townhallAdress":"Le Bourg - 23700 - LE-COMPAS"},{"text":"LE DONZEIL","href":"./23/le-donzeil.html","phone":"05 55 66 60 61","email":"commune.donzeil@orange.fr","population":"164 habitants","website":"","townhallAdress":"Mairie - 23480 - LE-DONZEIL"},{"text":"LE GRAND BOURG","href":"./23/le-grand-bourg.html","phone":"05 55 80 40 21","email":"mairie.legrandbourg@wanadoo.fr","population":"1260 habitants","website":"","townhallAdress":"2 Place des Tilleuls - 23240 - LE-GRAND-BOURG"},{"text":"LE MAS D ARTIGES","href":"./23/le-mas-d-artiges.html","phone":null,"email":null,"population":null,"website":null,"townhallAdress":null},{"text":"LE MONTEIL AU VICOMTE","href":"./23/le-monteil-au-vicomte.html","phone":"05 55 64 95 11","email":"mairiemonteilauvicomte@orange.fr","population":"274 habitants","website":"","townhallAdress":"5 rue des Ecoles - 23460 - LE-MONTEIL-AU-VICOMTE"},{"text":"LEPAUD","href":"./23/lepaud.html","phone":"05 55 65 71 97","email":"mairie.lepaud@wanadoo.fr","population":"371 habitants","website":"","townhallAdress":"5 Place de la Mairie - 23170 - LEPAUD"},{"text":"LEPINAS","href":"./23/lepinas.html","phone":"05 55 80 01 49","email":"mairie.lepinas@wanadoo.fr","population":"180 habitants","website":"","townhallAdress":"Le Bourg - 23150 - LEPINAS"},{"text":"LES MARS","href":"./23/les-mars.html","phone":"05 55 67 11 08","email":"secretariat-lesmars@cc-auzances-bellegarde.fr","population":"218 habitants","website":"","townhallAdress":"Le Bourg - 23700 - LES-MARS"},{"text":"LEYRAT","href":"./23/leyrat.html","phone":"05 55 65 07 30","email":"mairie.leyrat@idyle-telecom.com","population":"165 habitants","website":"","townhallAdress":"Le Bourg - 23600 - LEYRAT"},{"text":"LINARD","href":"./23/linard.html","phone":"05 55 62 82 05","email":"mairie.linard@wanadoo.fr","population":"169 habitants","website":"","townhallAdress":"7 rue de l'Abbé Guy - 23220 - LINARD"},{"text":"LIOUX LES MONGES","href":"./23/lioux-les-monges.html","phone":"05 55 67 64 60","email":"mairie.lioux-lesmonges@wanadoo.fr","population":"49 habitants","website":"","townhallAdress":"Le Bourg - 23700 - LIOUX-LES-MONGES"},{"text":"LIZIERES","href":"./23/lizieres.html","phone":"05 55 63 00 80","email":"mairie-lizieres@wanadoo.fr","population":"284 habitants","website":"","townhallAdress":"Le Bourg - 23240 - LIZIERES"},{"text":"LOURDOUEIX SAINT PIERRE","href":"./23/lourdoueix-saint-pierre.html","phone":"05 55 81 00 03","email":"mairie.lsp@wanadoo.fr","population":"880 habitants","website":"","townhallAdress":"Place de l'Eglise - 23360 - LOURDOUEIX-SAINT-PIERRE"},{"text":"LUPERSAT","href":"./23/lupersat.html","phone":"05 55 67 67 51","email":"mairielupersat@wanadoo.fr","population":"343 habitants","website":"","townhallAdress":"3 Place de la République - 23190 - LUPERSAT"},{"text":"LUSSAT","href":"./23/lussat.html","phone":"05 55 82 12 20","email":"mairie-lussat@wanadoo.fr","population":"459 habitants","website":"","townhallAdress":"5 rue de la Mairie - 23170 - LUSSAT"},{"text":"MAGNAT L ETRANGE","href":"./23/magnat-l-etrange.html","phone":"05 55 67 82 07","email":"mairie-magnat-letrange@wanadoo.fr","population":"239 habitants","website":"","townhallAdress":"Le Bourg - 23260 - MAGNAT-L'ETRANGE"},{"text":"MAINSAT","href":"./23/mainsat.html","phone":"05 55 67 07 21","email":"mairie.mainsat@wanadoo.fr","population":"659 habitants","website":"","townhallAdress":"1 Place de la Liberté - 23700 - MAINSAT"},{"text":"MAISON FEYNE","href":"./23/maison-feyne.html","phone":"05 55 89 01 98","email":"mairie.maison-feyne@wanadoo.fr","population":"298 habitants","website":"","townhallAdress":"Le Bourg - 23800 - MAISON-FEYNE"},{"text":"MAISONNISSES","href":"./23/maisonnisses.html","phone":"05 55 80 07 04","email":"mairie-maisonnisses@wanadoo.fr","population":"214 habitants","website":"","townhallAdress":"12 rue des Ecoliers - 23150 - MAISONNISSES"},{"text":"MALLERET","href":"./23/malleret.html","phone":"05 55 67 86 91","email":"mairiedemalleret@orange.fr","population":"42 habitants","website":"","townhallAdress":"Le Bourg - 23260 - MALLERET"},{"text":"MALLERET BOUSSAC","href":"./23/malleret-boussac.html","phone":"05 55 65 06 22","email":"mairie.malleret-boussac@wanadoo.fr","population":"240 habitants","website":"","townhallAdress":"Le Bourg - 23600 - MALLERET-BOUSSAC"},{"text":"MALVAL","href":"./23/malval.html","phone":"05 55 62 80 38","email":"mairie.malval@wanadoo.fr","population":"47 habitants","website":"","townhallAdress":"Le Bourg - 23220 - MALVAL"},{"text":"MANSAT LA COURRIERE","href":"./23/mansat-la-courriere.html","phone":"05 55 64 03 18","email":"mairiemansatlacourriere@wanadoo.fr","population":"91 habitants","website":"","townhallAdress":"Le Bourg - 23400 - MANSAT-LA-COURRIERE"},{"text":"MARSAC","href":"./23/marsac.html","phone":"05 55 62 61 32","email":"marsac.mairie2@wanadoo.fr","population":"735 habitants","website":"","townhallAdress":"6 rue de la Mairie - 23210 - MARSAC"},{"text":"MASBARAUD MERIGNAT","href":"./23/masbaraud-merignat.html","phone":"05 55 64 09 01","email":"mairie.masbaraud@wanadoo.fr","population":"375 habitants","website":"","townhallAdress":"3 Route de Montalescot - 23400 - MASBARAUD-MERIGNAT"},{"text":"MAUTES","href":"./23/mautes.html","phone":"05 55 67 30 48","email":"mairiedemautes@orange.fr","population":"215 habitants","website":"","townhallAdress":"Le Bourg - 23190 - MAUTES"},{"text":"MAZEIRAT","href":"./23/mazeirat.html","phone":"05 55 81 15 90","email":"mairie.mazeirat@wanadoo.fr","population":"144 habitants","website":"","townhallAdress":"Le Bourg - 23150 - MAZEIRAT"},{"text":"MEASNES","href":"./23/measnes.html","phone":"05 55 81 00 33","email":"mairiedemeasnes@wanadoo.fr","population":"604 habitants","website":"","townhallAdress":"1 Place de la Mairie - 23360 - MEASNES"},{"text":"MERINCHAL","href":"./23/merinchal.html","phone":"05 55 67 20 19","email":"mairie-de-merinchal@wanadoo.fr","population":"779 habitants","website":"","townhallAdress":"6 rue Château de La Mothe - 23420 - MERINCHAL"},{"text":"MONTAIGUT LE BLANC","href":"./23/montaigut-le-blanc.html","phone":"05 55 81 30 98","email":"mairie.montaigut.leblanc@orange.fr","population":"392 habitants","website":"","townhallAdress":"Le Bourg - 23320 - MONTAIGUT-LE-BLANC"},{"text":"MONTBOUCHER","href":"./23/montboucher.html","phone":"05 55 64 12 87","email":"montboucher@orange.fr","population":"398 habitants","website":"","townhallAdress":"Le Bourg - 23400 - MONTBOUCHER"},{"text":"MORTROUX","href":"./23/mortroux.html","phone":"05 55 80 62 14","email":"mairie.mortroux@wanadoo.fr","population":"316 habitants","website":"","townhallAdress":"58 Grand Rue - 23220 - MORTROUX"},{"text":"MOURIOUX VIEILLEVILLE","href":"./23/mourioux-vieilleville.html","phone":"05 55 62 00 34","email":"mairie.mouriouxvieilleville@wanadoo.fr","population":"595 habitants","website":"","townhallAdress":"Le Bourg - 23210 - MOURIOUX-VIEILLEVILLE"},{"text":"MOUTIER D AHUN","href":"./23/moutier-d-ahun.html","phone":"05 55 62 45 63","email":"mairie@moutier-d-ahun.fr","population":"175 habitants","website":"","townhallAdress":"Place de la Mairie - 23150 - MOUTIER-D'AHUN"},{"text":"MOUTIER MALCARD","href":"./23/moutier-malcard.html","phone":"05 55 80 60 44","email":"mairie-moutier-malcard@wanadoo.fr","population":"545 habitants","website":"","townhallAdress":"Le Bourg - 23220 - MOUTIER-MALCARD"},{"text":"MOUTIER ROZEILLE","href":"./23/moutier-rozeille.html","phone":"05 55 66 13 16","email":"mairie.moutierrozeille@orange.fr","population":"458 habitants","website":"","townhallAdress":"1 Place de la Mairie - 23200 - MOUTIER-ROZEILLE"},{"text":"NAILLAT","href":"./23/naillat.html","phone":"05 55 89 07 27","email":"mairie-naillat@orange.fr","population":"667 habitants","website":"","townhallAdress":"Le Bourg - 23800 - NAILLAT"},{"text":"NEOUX","href":"./23/neoux.html","phone":"05 55 66 24 59","email":"mairie.neoux@free.fr","population":"312 habitants","website":"","townhallAdress":"Le Bourg - 23200 - NEOUX"},{"text":"NOTH","href":"./23/noth.html","phone":"05 55 63 13 12","email":"mairiedenoth@wanadoo.fr","population":"524 habitants","website":"","townhallAdress":"Le Bourg - 23300 - NOTH"},{"text":"NOUHANT","href":"./23/nouhant.html","phone":"05 55 65 70 11","email":"mairienouhant@wanadoo.fr","population":"319 habitants","website":"","townhallAdress":"Mairie - 23170 - NOUHANT"},{"text":"NOUZERINES","href":"./23/nouzerines.html","phone":"05 55 82 01 82","email":"mairie-nouzerines@wanadoo.fr","population":"261 habitants","website":"","townhallAdress":"Le Bourg - 23600 - NOUZERINES"},{"text":"NOUZEROLLES","href":"./23/nouzerolles.html","phone":"05 55 89 74 66","email":"mairie.nouzerolles@orange.fr","population":"103 habitants","website":"","townhallAdress":"Le Bourg - 23360 - NOUZEROLLES"},{"text":"NOUZIERS","href":"./23/nouziers.html","phone":"05 55 80 63 65","email":"mairie.nouziers@wanadoo.fr","population":"249 habitants","website":"","townhallAdress":"Le Bourg - 23350 - NOUZIERS"},{"text":"PARSAC","href":"./23/parsac.html","phone":"05 55 62 23 10","email":"mairie.parsac@orange.fr","population":"602 habitants","website":"","townhallAdress":"1 Place de la Mairie - 23140 - PARSAC"},{"text":"PEYRABOUT","href":"./23/peyrabout.html","phone":"05 55 81 10 60","email":"mairie.peyrabout@wanadoo.fr","population":"143 habitants","website":"","townhallAdress":"5 rue Sabots - 23000 - PEYRABOUT"},{"text":"PEYRAT LA NONIERE","href":"./23/peyrat-la-noniere.html","phone":"05 55 62 38 45","email":"mairie.peyrat@free.fr","population":"470 habitants","website":"","townhallAdress":"8 Route Saint Marc - 23130 - PEYRAT-LA-NONIERE"},{"text":"PIERREFITTE","href":"./23/pierrefitte.html","phone":"05 55 81 75 88","email":"maire-pierrefitte@cc-quatreprovinces.fr","population":"86 habitants","website":"","townhallAdress":"Le Bourg - 23130 - PIERREFITTE"},{"text":"PIONNAT","href":"./23/pionnat.html","phone":"05 55 80 91 01","email":"secretaire-pionnat@cc-quatreprovinces.fr","population":"768 habitants","website":"","townhallAdress":"1 Place de la Mairie - 23140 - PIONNAT"},{"text":"PONTARION","href":"./23/pontarion.html","phone":"05 55 64 51 41","email":"communepontarion@wanadoo.fr","population":"373 habitants","website":"","townhallAdress":"6 Route Guéret - 23250 - PONTARION"},{"text":"PONTCHARRAUD","href":"./23/pontcharraud.html","phone":"05 55 66 56 66","email":"mairie-pontcharraud@orange.fr","population":"79 habitants","website":"","townhallAdress":"Le Bourg - 23260 - PONTCHARRAUD"},{"text":"POUSSANGES","href":"./23/poussanges.html","phone":"05 55 66 49 44","email":"mairie-poussanges23@orange.fr","population":"147 habitants","website":"","townhallAdress":"Le Bourg - 23500 - POUSSANGES"},{"text":"PUY MALSIGNAT","href":"./23/puy-malsignat.html","phone":"05 55 83 30 95","email":"mairie.puy-malsignat@wanadoo.fr","population":"170 habitants","website":"","townhallAdress":"Le Bourg - 23130 - PUY-MALSIGNAT"},{"text":"RETERRE","href":"./23/reterre.html","phone":"05 55 82 31 34","email":"mairiereterre@wanadoo.fr","population":"316 habitants","website":"","townhallAdress":"Le Bourg - 23110 - RETERRE"},{"text":"RIMONDEIX","href":"./23/rimondeix.html","phone":"05 55 80 85 77","email":"secretaire-rimondeix@cc-quatreprovinces.fr","population":"101 habitants","website":"","townhallAdress":"Le Bourg - 23140 - RIMONDEIX"},{"text":"ROCHES","href":"./23/roches.html","phone":"05 55 80 73 69","email":"mairiederoches.23@wanadoo.fr","population":"413 habitants","website":"","townhallAdress":"11 rue Marbre - 23270 - ROCHES"},{"text":"ROUGNAT","href":"./23/rougnat.html","phone":"05 55 67 06 05","email":"mairie.rougnat@wanadoo.fr","population":"589 habitants","website":"","townhallAdress":"Le Bourg - 23700 - ROUGNAT"},{"text":"ROYERE DE VASSIVIERE","href":"./23/royere-de-vassiviere.html","phone":"05 55 64 71 06","email":"mairie.royere.vassiviere@wanadoo.fr","population":"575 habitants","website":"","townhallAdress":"Rue Camille Benassy - 23460 - ROYERE-DE-VASSIVIERE"},{"text":"SAGNAT","href":"./23/sagnat.html","phone":"05 55 89 14 97","email":"mairiedesagnat@neuf.fr","population":"208 habitants","website":"","townhallAdress":"Le Bourg - 23800 - SAGNAT"},{"text":"SAINT AGNANT DE VERSILLAT","href":"./23/saint-agnant-de-versillat.html","phone":"05 55 63 07 68","email":"","population":"1165 habitants","website":"","townhallAdress":"13 Route La Souterraine - 23300 - SAINT-AGNANT-DE-VERSILLAT"},{"text":"SAINT AGNANT PRES CROCQ","href":"./23/saint-agnant-pres-crocq.html","phone":"05 55 67 80 11","email":"lamairiedesaintagnant@orange.fr","population":"206 habitants","website":"","townhallAdress":"Mairie - 23260 - SAINT-AGNANT-PRES-CROCQ"},{"text":"SAINT ALPINIEN","href":"./23/saint-alpinien.html","phone":"05 55 66 22 02","email":"saint-alpinien@orange.fr","population":"300 habitants","website":"","townhallAdress":"Le Bourg - 23200 - SAINT-ALPINIEN"},{"text":"SAINT AMAND","href":"./23/saint-amand.html","phone":"05 55 66 12 51","email":"mairie.saint.amand@orange.fr","population":"540 habitants","website":"","townhallAdress":"Le Bourg - 23200 - SAINT-AMAND"},{"text":"SAINT AMAND JARTOUDEIX","href":"./23/saint-amand-jartoudeix.html","phone":"05 55 64 62 88","email":"st.amandjartoudeix@orange.fr","population":"178 habitants","website":"","townhallAdress":"Le Bourg - 23400 - SAINT-AMAND-JARTOUDEIX"},{"text":"SAINT AVIT DE TARDES","href":"./23/saint-avit-de-tardes.html","phone":"05 55 67 34 22","email":"mairie.stavitdetardes@gmail.com","population":"194 habitants","website":"","townhallAdress":"Le Bourg - 23200 - SAINT-AVIT-DE-TARDES"},{"text":"SAINT AVIT LE PAUVRE","href":"./23/saint-avit-le-pauvre.html","phone":"05 55 66 68 20","email":"mairie.saintavitlepauvre@wanadoo.fr","population":"78 habitants","website":"","townhallAdress":"2 rue Principale - 23480 - SAINT-AVIT-LE-PAUVRE"},{"text":"SAINT BARD","href":"./23/saint-bard.html","phone":"05 55 67 23 56","email":"saint-bard.mairie@wanadoo.fr","population":"106 habitants","website":"","townhallAdress":"Le Bourg - 23260 - SAINT-BARD"},{"text":"SAINT CHABRAIS","href":"./23/saint-chabrais.html","phone":"05 55 62 30 56","email":"secretaire-saintchabrais@cc-chenerailles.fr","population":"353 habitants","website":"","townhallAdress":"Le Bourg - 23130 - SAINT-CHABRAIS"},{"text":"SAINT CHRISTOPHE","href":"./23/saint-christophe.html","phone":"05 55 52 74 03","email":"mairie.saint.christophe@wanadoo.fr","population":"135 habitants","website":"","townhallAdress":"Le Bourg - 23000 - SAINT-CHRISTOPHE"},{"text":"SAINT DIZIER LA TOUR","href":"./23/saint-dizier-la-tour.html","phone":"05 55 62 31 86","email":"mairiestdizierlatour@wanadoo.fr","population":"233 habitants","website":"","townhallAdress":"Mairie - 23130 - SAINT-DIZIER-LA-TOUR"},{"text":"SAINT DIZIER LES DOMAINES","href":"./23/saint-dizier-les-domaines.html","phone":"05 55 80 72 03","email":"mairie-stdizierlesdomaines@wanadoo.fr","population":"202 habitants","website":"","townhallAdress":"Le Bourg - 23270 - SAINT-DIZIER-LES-DOMAINES"},{"text":"SAINT DIZIER LEYRENNE","href":"./23/saint-dizier-leyrenne.html","phone":"05 55 64 40 30","email":"mairiesdl@wanadoo.fr","population":"901 habitants","website":"","townhallAdress":"1 rue Colombier - 23400 - SAINT-DIZIER-LEYRENNE"},{"text":"SAINT DOMET","href":"./23/saint-domet.html","phone":"05 55 67 67 81","email":"saintdomet@orange.fr","population":"181 habitants","website":"","townhallAdress":"Le Bourg - 23190 - SAINT-DOMET"},{"text":"SAINTE FEYRE","href":"./23/sainte-feyre.html","phone":"05 55 80 00 17","email":"sainte-feyre@wanadoo.fr","population":"2318 habitants","website":"","townhallAdress":"Place de la Mairie - 23000 - SAINTE-FEYRE"},{"text":"SAINTE FEYRE LA MONTAGNE","href":"./23/sainte-feyre-la-montagne.html","phone":"05 55 66 34 80","email":"communestefeyrelamontagne@orange.fr","population":"114 habitants","website":"","townhallAdress":"Le Bourg - 23500 - SAINTE-FEYRE-LA-MONTAGNE"},{"text":"SAINT ELOI","href":"./23/saint-eloi.html","phone":"05 55 52 20 30","email":"","population":"205 habitants","website":"","townhallAdress":"Le Bourg - 23000 - SAINT-ELOI"},{"text":"SAINT ETIENNE DE FURSAC","href":"./23/saint-etienne-de-fursac.html","phone":"05 55 63 61 28","email":"saintetienne.fursac@wanadoo.fr","population":"857 habitants","website":"","townhallAdress":"2 Place de la Mairie - 23290 - SAINT-ETIENNE-DE-FURSAC"},{"text":"SAINT FIEL","href":"./23/saint-fiel.html","phone":"05 55 52 26 35","email":"mairie.saintfiel@wanadoo.fr","population":"953 habitants","website":"","townhallAdress":"2 Route Grand Moulin - 23000 - SAINT-FIEL"},{"text":"SAINT FRION","href":"./23/saint-frion.html","phone":"05 55 66 42 74","email":"mairie-st-frion@orange.fr","population":"194 habitants","website":"","townhallAdress":"Le Bourg - 23500 - SAINT-FRION"},{"text":"SAINT GEORGES LA POUGE","href":"./23/saint-georges-la-pouge.html","phone":"05 55 66 62 24","email":"commune.saintgeorgeslapouge@wanadoo.fr","population":"339 habitants","website":"","townhallAdress":"Le Bourg - 23250 - SAINT-GEORGES-LA-POUGE"},{"text":"SAINT GEORGES NIGREMONT","href":"./23/saint-georges-nigremont.html","phone":"05 55 66 43 40","email":"st-georges.mairie@orange.fr","population":"164 habitants","website":"","townhallAdress":"Le Bourg - 23500 - SAINT-GEORGES-NIGREMONT"},{"text":"SAINT GERMAIN BEAUPRE","href":"./23/saint-germain-beaupre.html","phone":"05 55 63 51 88","email":"mairie.stgermainbeaupre@orange.fr","population":"400 habitants","website":"","townhallAdress":"28 Grande Rue - 23160 - SAINT-GERMAIN-BEAUPRE"},{"text":"SAINT GOUSSAUD","href":"./23/saint-goussaud.html","phone":"05 55 80 01 09","email":"mairie.saintgoussaud@wanadoo.fr","population":"210 habitants","website":"","townhallAdress":"Le Bourg - 23430 - SAINT-GOUSSAUD"},{"text":"SAINT HILAIRE LA PLAINE","href":"./23/saint-hilaire-la-plaine.html","phone":"05 55 80 01 09","email":"mairiesthilairelaplaine@orange.fr","population":"236 habitants","website":"","townhallAdress":"Mairie - 23150 - SAINT-HILAIRE-LA-PLAINE"},{"text":"SAINT HILAIRE LE CHATEAU","href":"./23/saint-hilaire-le-chateau.html","phone":"05 55 64 56 05","email":"","population":"278 habitants","website":"","townhallAdress":"24 Grande Rue - 23250 - SAINT-HILAIRE-LE-CHATEAU"},{"text":"SAINT JULIEN LA GENETE","href":"./23/saint-julien-la-genete.html","phone":"05 55 65 54 09","email":"mairie.st-julien-la-genete@orange.fr","population":"243 habitants","website":"","townhallAdress":"Le Bourg - 23110 - SAINT-JULIEN-LA-GENETE"},{"text":"SAINT JULIEN LE CHATEL","href":"./23/saint-julien-le-chatel.html","phone":"05 55 81 77 63","email":"mairie.stjulienlechatel@orange.fr","population":"169 habitants","website":"","townhallAdress":"Le Bourg - 23130 - SAINT-JULIEN-LE-CHATEL"},{"text":"SAINT JUNIEN LA BREGERE","href":"./23/saint-junien-la-bregere.html","phone":"05 55 54 90 52","email":"mairiest.junien@wanadoo.fr","population":"159 habitants","website":"","townhallAdress":"1 rue des Ecoles - 23400 - SAINT-JUNIEN-LA-BREGERE"},{"text":"SAINT LAURENT","href":"./23/saint-laurent.html","phone":"05 55 52 26 19","email":"mairie-stlaurent@wanadoo.fr","population":"641 habitants","website":"","townhallAdress":"Rue des Ecoles - 23000 - SAINT-LAURENT"},{"text":"SAINT LEGER BRIDEREIX","href":"./23/saint-leger-bridereix.html","phone":"05 55 89 93 21","email":"mairie-st-legerb@orange.fr","population":"195 habitants","website":"","townhallAdress":"Le Bourg - 23300 - SAINT-LEGER-BRIDEREIX"},{"text":"SAINT LEGER LE GUERETOIS","href":"./23/saint-leger-le-gueretois.html","phone":"05 55 52 32 96","email":"saintleger.mairie@gmail.com","population":"417 habitants","website":"","townhallAdress":"1 rues des Ecoles - 23000 - SAINT-LEGER-LE-GUERETOIS"},{"text":"SAINT LOUP","href":"./23/saint-loup.html","phone":"05 55 62 22 17","email":"secretaire-saint-loup@cc-quatreprovinces.fr","population":"179 habitants","website":"","townhallAdress":"Le Bourg - 23130 - SAINT-LOUP"},{"text":"SAINT MAIXANT","href":"./23/saint-maixant.html","phone":"05 55 66 12 56","email":"m-saint-maixant@wanadoo.fr","population":"234 habitants","website":"","townhallAdress":"Le Bourg - 23200 - SAINT-MAIXANT"},{"text":"SAINT MARC A FRONGIER","href":"./23/saint-marc-a-frongier.html","phone":"05 55 66 18 87","email":"mairie.st.marc.a.frongier@orange.fr","population":"369 habitants","website":"","townhallAdress":"Le Bourg - 23200 - SAINT-MARC-A-FRONGIER"},{"text":"SAINT MARC A LOUBAUD","href":"./23/saint-marc-a-loubaud.html","phone":"05 55 66 07 27","email":"mairiestmarc@wanadoo.fr","population":"139 habitants","website":"","townhallAdress":"Le Bourg - 23460 - SAINT-MARC-A-LOUBAUD"},{"text":"SAINT MARIEN","href":"./23/saint-marien.html","phone":"05 55 82 00 87","email":"commune.stmarien@orange.fr","population":"181 habitants","website":"","townhallAdress":"3 Place de la Mairie - 23600 - SAINT-MARIEN"},{"text":"SAINT MARTIAL LE MONT","href":"./23/saint-martial-le-mont.html","phone":"05 55 81 40 16","email":"mairie.saintmartiallemont@wanadoo.fr","population":"273 habitants","website":"","townhallAdress":"18 rue de la Mairie - 23150 - SAINT-MARTIAL-LE-MONT"},{"text":"SAINT MARTIAL LE VIEUX","href":"./23/saint-martial-le-vieux.html","phone":"05 55 66 72 56","email":"saintmartiallevieux@orange.fr","population":"124 habitants","website":"","townhallAdress":"Le Bourg - 23100 - SAINT-MARTIAL-LE-VIEUX"},{"text":"SAINT MARTIN CHATEAU","href":"./23/saint-martin-chateau.html","phone":"05 55 64 71 27","email":"stmartinchateau-mairie@wanadoo.fr","population":"148 habitants","website":"","townhallAdress":"Le Bourg - 23460 - SAINT-MARTIN-CHATEAU"},{"text":"SAINT MARTIN SAINTE CATHERINE","href":"./23/saint-martin-sainte-catherine.html","phone":"05 55 64 80 20","email":"mairiedutheil@wanadoo.fr","population":"361 habitants","website":"","townhallAdress":"Le Bourg - 23430 - SAINT-MARTIN-SAINTE-CATHERINE"},{"text":"SAINT MAURICE LA SOUTERRAINE","href":"./23/saint-maurice-la-souterraine.html","phone":"05 55 63 05 47","email":"communestmaurice@orange.fr","population":"1212 habitants","website":"","townhallAdress":"1 Place de la Mairie - 23300 - SAINT-MAURICE-LA-SOUTERRAINE"},{"text":"SAINT MAURICE PRES CROCQ","href":"./23/saint-maurice-pres-crocq.html","phone":"05 55 67 48 85","email":"mairie.stmauriceprescrocq@orange.fr","population":"118 habitants","website":"","townhallAdress":"Le Bourg - 23260 - SAINT-MAURICE-PRES-CROCQ"},{"text":"SAINT MEDARD LA ROCHETTE","href":"./23/saint-medard-la-rochette.html","phone":"05 55 66 19 15","email":"mairiesaintmedard@wanadoo.fr","population":"593 habitants","website":"","townhallAdress":"Le Bourg - 23200 - SAINT-MEDARD-LA-ROCHETTE"},{"text":"SAINT MERD LA BREUILLE","href":"./23/saint-merd-la-breuille.html","phone":"05 55 67 80 67","email":"stmerdlabreuille@orange.fr","population":"217 habitants","website":"","townhallAdress":"Le Bourg - 23100 - SAINT-MERD-LA-BREUILLE"},{"text":"SAINT MICHEL DE VEISSE","href":"./23/saint-michel-de-veisse.html","phone":"05 55 83 01 38","email":"mairie.stmicheldeveisse@wanadoo.fr","population":"173 habitants","website":"","townhallAdress":"Mairie - 23480 - SAINT-MICHEL-DE-VEISSE"},{"text":"SAINT MOREIL","href":"./23/saint-moreil.html","phone":"05 55 54 90 70","email":"mairiestmoreil@orange.fr","population":"268 habitants","website":"","townhallAdress":"2 route Ecoles - 23400 - SAINT-MOREIL"},{"text":"SAINT ORADOUX DE CHIROUZE","href":"./23/saint-oradoux-de-chirouze.html","phone":"05 55 66 72 41","email":"mairie.saint-oradoux-de-chirouze@wanadoo.fr","population":"85 habitants","website":"","townhallAdress":"Le Bourg - 23100 - SAINT-ORADOUX-DE-CHIROUZE"},{"text":"SAINT ORADOUX PRES CROCQ","href":"./23/saint-oradoux-pres-crocq.html","phone":"05 55 67 43 67","email":"mairie.st.oradoux.pres.crocq@orange.fr","population":"124 habitants","website":"","townhallAdress":"Le Bourg - 23260 - SAINT-ORADOUX-PRES-CROCQ"},{"text":"SAINT PARDOUX D ARNET","href":"./23/saint-pardoux-d-arnet.html","phone":"05 55 67 43 44","email":"mairie.st-pardoux@wanadoo.fr","population":"164 habitants","website":"","townhallAdress":"Le Bourg - 23260 - SAINT-PARDOUX-D'ARNET"},{"text":"SAINT PARDOUX LE NEUF","href":"./23/saint-pardoux-le-neuf.html","phone":"05 55 66 39 85","email":"mairie.stpardouxleneuf@orange.fr","population":"182 habitants","website":"","townhallAdress":"Le Bourg - 23200 - SAINT-PARDOUX-LE-NEUF"},{"text":"SAINT PARDOUX LES CARDS","href":"./23/saint-pardoux-les-cards.html","phone":"05 55 62 43 78","email":"st.pardoux-les-cards@wanadoo.fr","population":"304 habitants","website":"","townhallAdress":"Le Bourg - 23150 - SAINT-PARDOUX-LES-CARDS"},{"text":"SAINT PARDOUX MORTEROLLES","href":"./23/saint-pardoux-morterolles.html","phone":"05 55 64 91 54","email":"communestpardouxmorterolles@orange.fr","population":"225 habitants","website":"","townhallAdress":"Le Bourg - 23400 - SAINT-PARDOUX-MORTEROLLES"},{"text":"SAINT PIERRE BELLEVUE","href":"./23/saint-pierre-bellevue.html","phone":"05 55 64 95 31","email":"mairie.saintpierrebellevue@wanadoo.fr","population":"242 habitants","website":"","townhallAdress":"Le Bourg - 23460 - SAINT-PIERRE-BELLEVUE"},{"text":"SAINT PIERRE CHERIGNAT","href":"./23/saint-pierre-cherignat.html","phone":"05 55 64 31 83","email":"mairiestpierrecherignat@orange.fr","population":"172 habitants","website":"","townhallAdress":"Village - 23430 - SAINT-PIERRE-CHERIGNAT"},{"text":"SAINT PIERRE DE FURSAC","href":"./23/saint-pierre-de-fursac.html","phone":"05 55 63 60 87","email":"st-pierre-fursac@wanadoo.fr","population":"837 habitants","website":"","townhallAdress":"2 Grande Rue - 23290 - SAINT-PIERRE-DE-FURSAC"},{"text":"SAINT PIERRE LE BOST","href":"./23/saint-pierre-le-bost.html","phone":"05 55 65 07 67","email":"mairie.stpierrelebost@idyle-telecom.com","population":"159 habitants","website":"","townhallAdress":"Le Bourg - 23600 - SAINT-PIERRE-LE-BOST"},{"text":"SAINT PRIEST","href":"./23/saint-priest.html","phone":"05 55 82 33 36","email":"mairiestpriest@orange.fr","population":"182 habitants","website":"","townhallAdress":"Le Bourg - 23110 - SAINT-PRIEST"},{"text":"SAINT PRIEST LA FEUILLE","href":"./23/saint-priest-la-feuille.html","phone":"05 55 63 14 25","email":"stpriest.lafeuille@laposte.net","population":"685 habitants","website":"","townhallAdress":"3 rue Auguste Coulon - 23300 - SAINT-PRIEST-LA-FEUILLE"},{"text":"SAINT PRIEST LA PLAINE","href":"./23/saint-priest-la-plaine.html","phone":"05 55 80 44 30","email":"mairie.st-priest-la-plaine@wanadoo.fr","population":"283 habitants","website":"","townhallAdress":"Le Bourg - 23240 - SAINT-PRIEST-LA-PLAINE"},{"text":"SAINT PRIEST PALUS","href":"./23/saint-priest-palus.html","phone":"05 55 64 61 66","email":"mairie.stpriestpalus@orange.fr","population":"46 habitants","website":"","townhallAdress":"Le Bourg - 23400 - SAINT-PRIEST-PALUS"},{"text":"SAINT QUENTIN LA CHABANNE","href":"./23/saint-quentin-la-chabanne.html","phone":"05 55 66 50 63","email":"mairie.st-quentin@wanadoo.fr","population":"370 habitants","website":"","townhallAdress":"Mairie - 23500 - SAINT-QUENTIN-LA-CHABANNE"},{"text":"SAINT SEBASTIEN","href":"./23/saint-sebastien.html","phone":"05 55 63 50 39","email":"communestsebastien@wanadoo.fr","population":"712 habitants","website":"","townhallAdress":"1 avenue de La Gare - 23160 - SAINT-SEBASTIEN"},{"text":"SAINT SILVAIN BAS LE ROC","href":"./23/saint-silvain-bas-le-roc.html","phone":"05 55 65 06 02","email":"commune.stsilvain@orange.fr","population":"497 habitants","website":"","townhallAdress":"Le Bourg - 23600 - SAINT-SILVAIN-BAS-LE-ROC"},{"text":"SAINT SILVAIN BELLEGARDE","href":"./23/saint-silvain-bellegarde.html","phone":"05 55 67 62 47","email":"mairie.saint-silvain-bel@wanadoo.fr","population":"223 habitants","website":"","townhallAdress":"Le Bourg - 23190 - SAINT-SILVAIN-BELLEGARDE"},{"text":"SAINT SILVAIN MONTAIGUT","href":"./23/saint-silvain-montaigut.html","phone":"05 55 81 36 57","email":"mairie.stsilvainmontaigut@orange.fr","population":"190 habitants","website":"","townhallAdress":"4 Place de l'Eglise - 23320 - SAINT-SILVAIN-MONTAIGUT"},{"text":"SAINT SILVAIN SOUS TOULX","href":"./23/saint-silvain-sous-toulx.html","phone":"05 55 62 24 11","email":"maire-saint-silvain@cc-quatreprovinces.fr","population":"145 habitants","website":"","townhallAdress":"Le Bourg - 23140 - SAINT-SILVAIN-SOUS-TOULX"},{"text":"SAINT SULPICE LE DUNOIS","href":"./23/saint-sulpice-le-dunois.html","phone":"05 55 89 08 17","email":"mairie.st.sulpice.le.dunois@wanadoo.fr","population":"644 habitants","website":"","townhallAdress":"Le Bourg - 23800 - SAINT-SULPICE-LE-DUNOIS"},{"text":"SAINT SULPICE LE GUERETOIS","href":"./23/saint-sulpice-le-gueretois.html","phone":"05 55 52 34 05","email":"mairie.stsulpicelegueretois@wanadoo.fr","population":"2057 habitants","website":"","townhallAdress":"1 rue de la Liberté - 23000 - SAINT-SULPICE-LE-GUERETOIS"},{"text":"SAINT SULPICE LES CHAMPS","href":"./23/saint-sulpice-les-champs.html","phone":"05 55 66 60 34","email":"stsulpiceleschamps@wanadoo.fr","population":"405 habitants","website":"","townhallAdress":"Le Bourg - 23480 - SAINT-SULPICE-LES-CHAMPS"},{"text":"SAINT VAURY","href":"./23/saint-vaury.html","phone":"05 55 80 20 17","email":"secretariat.mairie@saint-vaury.fr","population":"1969 habitants","website":"","townhallAdress":"1 Place de l'Eglise - 23320 - SAINT-VAURY"},{"text":"SAINT VICTOR EN MARCHE","href":"./23/saint-victor-en-marche.html","phone":"05 55 52 29 18","email":"mairie.stvictor@wanadoo.fr","population":"372 habitants","website":"","townhallAdress":"Le Bourg - 23000 - SAINT-VICTOR-EN-MARCHE"},{"text":"SAINT YRIEIX LA MONTAGNE","href":"./23/saint-yrieix-la-montagne.html","phone":"05 55 66 02 71","email":"mairie.styriexmgne@wanadoo.fr","population":"238 habitants","website":"","townhallAdress":"Le Bourg - 23460 - SAINT-YRIEIX-LA-MONTAGNE"},{"text":"SAINT YRIEIX LES BOIS","href":"./23/saint-yrieix-les-bois.html","phone":"05 55 80 03 09","email":"","population":"342 habitants","website":"","townhallAdress":"Le Bourg - 23150 - SAINT-YRIEIX-LES-BOIS"},{"text":"SANNAT","href":"./23/sannat.html","phone":"05 55 82 30 57","email":"mairie.sannat@wanadoo.fr","population":"397 habitants","website":"","townhallAdress":"4 rue des Ecoles - 23110 - SANNAT"},{"text":"SARDENT","href":"./23/sardent.html","phone":"05 55 64 52 30","email":"mairiedesardent@voila.fr","population":"860 habitants","website":"","townhallAdress":"28 rue Docteur Jamot - 23250 - SARDENT"},{"text":"SAVENNES","href":"./23/savennes.html","phone":"05 55 81 10 93","email":"mairie.savennes@wanadoo.fr","population":"229 habitants","website":"","townhallAdress":"14 rue des Ecoles - 23000 - SAVENNES"},{"text":"SERMUR","href":"./23/sermur.html","phone":"05 55 67 08 01","email":"communedesermur@orange.fr","population":"97 habitants","website":"","townhallAdress":"Le Bourg - 23700 - SERMUR"},{"text":"SOUBREBOST","href":"./23/soubrebost.html","phone":"05 55 64 51 76","email":"mairie.soubrebost@orange.fr","population":"153 habitants","website":"","townhallAdress":"Le Bourg - 23250 - SOUBREBOST"},{"text":"SOUMANS","href":"./23/soumans.html","phone":"05 55 65 40 90","email":"mairiedesoumans@orange.fr","population":"593 habitants","website":"","townhallAdress":"Place de la Mairie - 23600 - SOUMANS"},{"text":"SOUS PARSAT","href":"./23/sous-parsat.html","phone":"05 55 66 62 87","email":"mairie.sousparsat@orange.fr","population":"151 habitants","website":"","townhallAdress":"Mairie - 23150 - SOUS-PARSAT"},{"text":"TARDES","href":"./23/tardes.html","phone":"05 55 82 34 00","email":"","population":"140 habitants","website":"","townhallAdress":"Le Bourg - 23170 - TARDES"},{"text":"TERCILLAT","href":"./23/tercillat.html","phone":"05 55 80 62 54","email":"mairie.tercillat@wanadoo.fr","population":"183 habitants","website":"","townhallAdress":"Mairie - 23350 - TERCILLAT"},{"text":"THAURON","href":"./23/thauron.html","phone":"05 55 64 59 08","email":"mairie.thauron@orange.fr","population":"196 habitants","website":"","townhallAdress":"Thauron - 23250 - THAURON"},{"text":"TOULX SAINTE CROIX","href":"./23/toulx-sainte-croix.html","phone":"05 55 65 15 48","email":"mairie.toulx-ste-croix@wanadoo.fr","population":"306 habitants","website":"","townhallAdress":"Le Bourg - 23600 - TOULX-SAINTE-CROIX"},{"text":"TROIS FONDS","href":"./23/trois-fonds.html","phone":"05 55 81 78 52","email":"maire-trois-fonds@cc-quatreprovinces.fr","population":"113 habitants","website":"","townhallAdress":"Ventenat - 23230 - TROIS-FONDS"},{"text":"VALLIERE","href":"./23/valliere.html","phone":"05 55 66 00 33","email":"mairie-valliere@wanadoo.fr","population":"782 habitants","website":"","townhallAdress":"Place de l'Eglise - 23120 - VALLIERE"},{"text":"VAREILLES","href":"./23/vareilles.html","phone":"05 55 63 01 89","email":"mairie.vareilles@wanadoo.fr","population":"296 habitants","website":"","townhallAdress":"Le Bourg - 23300 - VAREILLES"},{"text":"VERNEIGES","href":"./23/verneiges.html","phone":"05 55 65 76 52","email":"secretaire-verneiges@cc-evaux-chambon.fr","population":"93 habitants","website":"","townhallAdress":"Mairie - 23170 - VERNEIGES"},{"text":"VIDAILLAT","href":"./23/vidaillat.html","phone":"05 55 64 96 05","email":"mairie-vidaillat@wanadoo.fr","population":"177 habitants","website":"","townhallAdress":"Le Bourg - 23250 - VIDAILLAT"},{"text":"VIERSAT","href":"./23/viersat.html","phone":"05 55 65 72 12","email":"mairie.viersat@orange.fr","population":"354 habitants","website":"","townhallAdress":"1 rue Chatel - Guyon - 23170 - VIERSAT"},{"text":"VIGEVILLE","href":"./23/vigeville.html","phone":"05 55 80 99 75","email":"secretaire-vigeville@cc-quatreprovinces.fr","population":"141 habitants","website":"","townhallAdress":"Le Bourg - 23140 - VIGEVILLE"},{"text":"VILLARD","href":"./23/villard.html","phone":"05 55 89 01 23","email":"mairie.villard@orange.fr","population":"331 habitants","website":"","townhallAdress":"Mairie - 23800 - VILLARD"}]}