{"text":"79 | Deux-Sèvres","href":"deux-sevres.html","townships":[{"text":"ADILLY","href":"./79/adilly.html","phone":"05 49 70 07 45","email":"mairie-adilly@cc-parthenay.fr","population":"326 habitants","website":"","townhallAdress":"4 rue des Violettes - 79200 - ADILLY"},{"text":"AIFFRES","href":"./79/aiffres.html","phone":"05 49 32 02 47","email":"mairie@ville-aiffres.fr","population":"5418 habitants","website":"","townhallAdress":"41 rue de la Mairie - 79230 - AIFFRES"},{"text":"AIGONNAY","href":"./79/aigonnay.html","phone":"05 49 05 91 42","email":"mairie-aigonnay@paysmellois.org","population":"622 habitants","website":"","townhallAdress":"Le Bourg - 79370 - AIGONNAY"},{"text":"AIRVAULT","href":"./79/airvault.html","phone":"05 49 64 70 13","email":"mairie-airvault@cc-airvaudais.fr","population":"3198 habitants","website":"","townhallAdress":"1 rue Constant Balquet - 79600 - AIRVAULT"},{"text":"ALLONNE","href":"./79/allonne.html","phone":"05 49 63 72 23","email":"mairie-allonne@orange.fr","population":"649 habitants","website":"","townhallAdress":"4, rue Prieuré - 79130 - ALLONNE"},{"text":"AMAILLOUX","href":"./79/amailloux.html","phone":"05 49 95 58 24","email":"mairie-amailloux@cc-parthenay.fr","population":"831 habitants","website":"","townhallAdress":"8 Place de la Mairie - 79350 - AMAILLOUX"},{"text":"AMURE","href":"./79/amure.html","phone":"05 49 35 04 95","email":"mairie.amure@orange.fr","population":"442 habitants","website":"","townhallAdress":"Le Bourg - 79210 - AMURE"},{"text":"ARCAIS","href":"./79/arcais.html","phone":"05 49 35 37 12","email":"mairie.arcais@orange.fr","population":"630 habitants","website":"","townhallAdress":"Rue de la Mairie - 79210 - ARCAIS"},{"text":"ARDILLEUX","href":"./79/ardilleux.html","phone":"05 49 29 83 42","email":"mairie-ardilleux@paysmellois.org","population":"154 habitants","website":"","townhallAdress":"Rue de la Mairie - 79110 - ARDILLEUX"},{"text":"ARDIN","href":"./79/ardin.html","phone":"05 49 04 30 09","email":"communedardin@wanadoo.fr","population":"1231 habitants","website":"","townhallAdress":"9 rue Jean de Saint Goard - 79160 - ARDIN"},{"text":"ARGENTON L EGLISE","href":"./79/argenton-l-eglise.html","phone":"05 49 67 02 14","email":"mairie-argenton-eglise@cyberscope.fr","population":"1632 habitants","website":"","townhallAdress":"57 Place Charles de Gaulle - 79290 - ARGENTON-L'EGLISE"},{"text":"ARGENTON LES VALLEES","href":"./79/argenton-les-vallees.html","phone":"05 49 65 70 22","email":"mairie-argenton-chateau@cegetel.net","population":"1642 habitants","website":"","townhallAdress":"4 Place Léopold Bergeon - 79150 - ARGENTON-LES-VALLEES"},{"text":"ASNIERES EN POITOU","href":"./79/asnieres-en-poitou.html","phone":"05 49 07 52 84","email":"mairie-asnieresenpoitou@paysmellois.org","population":"208 habitants","website":"","townhallAdress":"Le Bourg - 79170 - ASNIERES-EN-POITOU"},{"text":"ASSAIS LES JUMEAUX","href":"./79/assais-les-jumeaux.html","phone":"05 49 64 63 46","email":"mairie-assaislesjx@cc-parthenay.fr","population":"773 habitants","website":"","townhallAdress":"5 Place des Tilleuls - 79600 - ASSAIS-LES-JUMEAUX"},{"text":"AUBIGNE","href":"./79/aubigne.html","phone":"05 49 07 41 52","email":"mairie-aubigne@paysmellois.org","population":"217 habitants","website":"","townhallAdress":"Le Bourg - 79110 - AUBIGNE"},{"text":"AUBIGNY","href":"./79/aubigny.html","phone":"05 49 69 81 13","email":"mairie-aubigny@cc-parthenay.fr","population":"182 habitants","website":"","townhallAdress":"Le Bourg - 79390 - AUBIGNY"},{"text":"AUGE","href":"./79/auge.html","phone":"05 49 05 22 87","email":"mairie-dauge@wanadoo.fr","population":"913 habitants","website":"","townhallAdress":"3 place de la Mairie - 79400 - AUGE"},{"text":"AVAILLES THOUARSAIS","href":"./79/availles-thouarsais.html","phone":"05 49 64 77 08","email":"mairie-availles@cc-airvaudais.fr","population":"218 habitants","website":"","townhallAdress":"Route de Deffend - 79600 - AVAILLES-THOUARSAIS"},{"text":"AVON","href":"./79/avon.html","phone":"05 49 76 35 38","email":"mairie.avon@perso.altitudetelecom.fr","population":"85 habitants","website":"","townhallAdress":"Thorigné - 79800 - AVON"},{"text":"AZAY LE BRULE","href":"./79/azay-le-brule.html","phone":"05 49 06 58 75","email":"azaylebrule.mairie@wanadoo.fr","population":"1839 habitants","website":"","townhallAdress":"8 Route de Quaireux Cerzeau - 79400 - AZAY-LE-BRULE"},{"text":"AZAY SUR THOUET","href":"./79/azay-sur-thouet.html","phone":"05 49 95 37 13","email":"mairie-azaysurthouet@cc-parthenay.fr","population":"1072 habitants","website":"","townhallAdress":"2 rue de la Filature - 79130 - AZAY-SUR-THOUET"},{"text":"BEAULIEU SOUS PARTHENAY","href":"./79/beaulieu-sous-parthenay.html","phone":"05 49 70 64 12","email":"mairie-beaulieu@cc-pays-sud-gatine.fr","population":"660 habitants","website":"","townhallAdress":"Rue Meilleraye - 79420 - BEAULIEU-SOUS-PARTHENAY"},{"text":"BEAUSSAIS","href":"./79/beaussais.html","phone":"05 49 32 80 91","email":"beaussais@wanadoo.fr","population":"409 habitants","website":"","townhallAdress":"Le Bourg - 79370 - BEAUSSAIS"},{"text":"BEAUVOIR SUR NIORT","href":"./79/beauvoir-sur-niort.html","phone":"05 49 09 70 78","email":"mairie-beauvoir@wanadoo.fr","population":"1686 habitants","website":"","townhallAdress":"29 Place de l'Hôtel de Ville - 79360 - BEAUVOIR-SUR-NIORT"},{"text":"BECELEUF","href":"./79/beceleuf.html","phone":"05 49 04 31 13","email":"mairiebeceleuf@orange.fr","population":"681 habitants","website":"","townhallAdress":"Rue Barre - 79160 - BECELEUF"},{"text":"BELLEVILLE","href":"./79/belleville.html","phone":"05 49 09 70 65","email":"mairiebellevillede@wanadoo.fr","population":"110 habitants","website":"","townhallAdress":"Le Bourg - 79360 - BELLEVILLE"},{"text":"BESSINES","href":"./79/bessines.html","phone":"05 49 09 10 64","email":"mairie@mairie-bessines.fr","population":"1633 habitants","website":"","townhallAdress":"Rue de l'Eglise - 79000 - BESSINES"},{"text":"BOISME","href":"./79/boisme.html","phone":"05 49 72 01 61","email":"mairie.boisme@wanadoo.fr","population":"1189 habitants","website":"","townhallAdress":"9 rue du Parc - 79300 - BOISME"},{"text":"BOISSEROLLES","href":"./79/boisserolles.html","phone":"05 49 09 64 33","email":"mairie.boisserolles@wanadoo.fr","population":"48 habitants","website":"","townhallAdress":"Le Bourg - 79360 - BOISSEROLLES"},{"text":"BOUGON","href":"./79/bougon.html","phone":"05 49 05 00 17","email":"Mairie.BOUGON@wanadoo.fr","population":"205 habitants","website":"","townhallAdress":"La Roche - 79800 - BOUGON"},{"text":"BOUILLE LORETZ","href":"./79/bouille-loretz.html","phone":"05 49 67 04 57","email":"mairie.bouille-loretz@orange.fr","population":"1070 habitants","website":"","townhallAdress":"100 rue Rabelais - 79290 - BOUILLE-LORETZ"},{"text":"BOUILLE SAINT PAUL","href":"./79/bouille-saint-paul.html","phone":"05 49 96 83 20","email":"mairie.bouillesp@wanadoo.fr","population":"478 habitants","website":"","townhallAdress":"Le Bourg - 79290 - BOUILLE-SAINT-PAUL"},{"text":"BOUIN","href":"./79/bouin.html","phone":"05 49 29 85 12","email":"mairie-bouin@paysmellois.org","population":"152 habitants","website":"","townhallAdress":"Le Bourg - 79110 - BOUIN"},{"text":"BOUSSAIS","href":"./79/boussais.html","phone":"05 49 69 70 77","email":"mairie-boussais@cc-airvaudais.fr","population":"404 habitants","website":"","townhallAdress":"9 Place de l'Eglise - 79600 - BOUSSAIS"},{"text":"BRESSUIRE","href":"./79/bressuire.html","phone":"05 49 80 49 80","email":"mairie@ville-bressuire.fr","population":"19506 habitants","website":"","townhallAdress":"4 Place de l'Hôtel de Ville - 79300 - BRESSUIRE"},{"text":"BRETIGNOLLES","href":"./79/bretignolles.html","phone":"05 49 81 02 31","email":"mairie-bretignolles@wanadoo.fr","population":"638 habitants","website":"","townhallAdress":"21 rue Saint Pierre - 79140 - BRETIGNOLLES"},{"text":"BRIE","href":"./79/brie.html","phone":"05 49 67 45 58","email":"mairiedebrie@wanadoo.fr","population":"188 habitants","website":"","townhallAdress":"2 rue Drouyneau de Brie - 79100 - BRIE"},{"text":"BRIEUIL SUR CHIZE","href":"./79/brieuil-sur-chize.html","phone":"05 49 76 74 29","email":"mairie-brieuilsurchize@paysmellois.org","population":"124 habitants","website":"","townhallAdress":"Petit Genouille - 79170 - BRIEUIL-SUR-CHIZE"},{"text":"BRION PRES THOUET","href":"./79/brion-pres-thouet.html","phone":"05 49 67 70 00","email":"mairie-de-brion@wanadoo.fr","population":"790 habitants","website":"","townhallAdress":"4 Place de la Mairie - 79290 - BRION-PRES-THOUET"},{"text":"BRIOUX SUR BOUTONNE","href":"./79/brioux-sur-boutonne.html","phone":"05 49 07 50 46","email":"mairie-briouxsurboutonne@paysmellois.org","population":"1537 habitants","website":"","townhallAdress":"Place du Champ de Foire - 79170 - BRIOUX-SUR-BOUTONNE"},{"text":"BRULAIN","href":"./79/brulain.html","phone":"05 49 26 48 04","email":"mairie.brulain@libertysurf.fr","population":"652 habitants","website":"","townhallAdress":"Le Bourg - 79230 - BRULAIN"},{"text":"CAUNAY","href":"./79/caunay.html","phone":"05 49 29 99 32","email":"mairie.caunay@free.fr","population":"164 habitants","website":"","townhallAdress":"Le Bourg - 79190 - CAUNAY"},{"text":"CELLES SUR BELLE","href":"./79/celles-sur-belle.html","phone":"05 49 79 80 17","email":"mairie-cellessurbelle@wanadoo.fr","population":"3692 habitants","website":"","townhallAdress":"1 avenue de Limoges - 79370 - CELLES-SUR-BELLE"},{"text":"CERIZAY","href":"./79/cerizay.html","phone":"05 49 80 57 11","email":"ville@cerizay.fr","population":"4670 habitants","website":"","townhallAdress":"Place Jean Monnet - 79140 - CERIZAY"},{"text":"CERSAY","href":"./79/cersay.html","phone":"05 49 96 80 10","email":"mairie.cersay@wanadoo.fr","population":"1008 habitants","website":"","townhallAdress":"10 rue du Moulin - 79290 - CERSAY"},{"text":"CHAIL","href":"./79/chail.html","phone":"05 49 29 35 11","email":"mairie-chail@paysmellois.org","population":"493 habitants","website":"","townhallAdress":"Pommeroux - 79500 - CHAIL"},{"text":"CHAMPDENIERS SAINT DENIS","href":"./79/champdeniers-saint-denis.html","phone":"05 49 25 80 47","email":"mairie.champdeniers@wanadoo.fr","population":"1631 habitants","website":"","townhallAdress":"30 Grande Rue - 79220 - CHAMPDENIERS-SAINT-DENIS"},{"text":"CHANTECORPS","href":"./79/chantecorps.html","phone":"05 49 69 02 59","email":"mairie-chantecorps@cc-parthenay.fr","population":"336 habitants","website":"","townhallAdress":"Le Bourg - 79340 - CHANTECORPS"},{"text":"CHANTELOUP","href":"./79/chanteloup.html","phone":"05 49 72 20 65","email":"mairie.chanteloup@orange.fr","population":"993 habitants","website":"","townhallAdress":"1 rue de la Mairie - 79320 - CHANTELOUP"},{"text":"CHATILLON SUR THOUET","href":"./79/chatillon-sur-thouet.html","phone":"05 49 95 07 84","email":"mairie_chatillon@cc-parthenay.fr","population":"2906 habitants","website":"","townhallAdress":"1 Boulevard Thouet - 79200 - CHATILLON-SUR-THOUET"},{"text":"CHAURAY","href":"./79/chauray.html","phone":"05 49 08 02 93","email":"contacts@chauray.fr","population":"5265 habitants","website":"","townhallAdress":"89 rue Guillées - 79180 - CHAURAY"},{"text":"CHEF BOUTONNE","href":"./79/chef-boutonne.html","phone":"05 49 29 80 04","email":"mairie-chefboutonne@paysmellois.org","population":"2243 habitants","website":"","townhallAdress":"7 rue de l'Hotel de Ville et Ecoles - 79110 - CHEF-BOUTONNE"},{"text":"CHENAY","href":"./79/chenay.html","phone":"05 49 07 38 53","email":"mairiechenay@wanadoo.fr","population":"502 habitants","website":"","townhallAdress":"Le Bourg - 79120 - CHENAY"},{"text":"CHERIGNE","href":"./79/cherigne.html","phone":"05 49 07 54 37","email":"mairie-cherigne@wanadoo.fr","population":"141 habitants","website":"","townhallAdress":"Le Bourg - 79170 - CHERIGNE"},{"text":"CHERVEUX","href":"./79/cherveux.html","phone":"05 49 75 01 77","email":"mairie.cherveux@wanadoo.fr","population":"1558 habitants","website":"","townhallAdress":"1 rue Belle Etoile - 79410 - CHERVEUX"},{"text":"CHEY","href":"./79/chey.html","phone":"05 49 07 38 18","email":"commune-de-chey@wanadoo.fr","population":"637 habitants","website":"","townhallAdress":"Le Bourg - 79120 - CHEY"},{"text":"CHICHE","href":"./79/chiche.html","phone":"05 49 72 40 35","email":"MAIRIE-DE-CHICHE@wanadoo.fr","population":"1552 habitants","website":"","townhallAdress":"Place Saint Martin - 79350 - CHICHE"},{"text":"CHIZE","href":"./79/chize.html","phone":"05 49 04 63 30","email":"mairie.chize@wanadoo.fr","population":"968 habitants","website":"","townhallAdress":"28 rue de l'Hôtel de Ville - 79170 - CHIZE"},{"text":"CIRIERES","href":"./79/cirieres.html","phone":"05 49 80 58 24","email":"mairie.cirieres@wanadoo.fr","population":"995 habitants","website":"","townhallAdress":"11 rue Sainte Radégonde - 79140 - CIRIERES"},{"text":"CLAVE","href":"./79/clave.html","phone":"05 49 95 49 73","email":"mairie-clave@cc-pays-sud-gatine.fr","population":"327 habitants","website":"","townhallAdress":"Le Bourg - 79420 - CLAVE"},{"text":"CLESSE","href":"./79/clesse.html","phone":"05 49 72 01 02","email":"communeclesse@wanadoo.fr","population":"935 habitants","website":"","townhallAdress":"15 rue de la Mairie - 79350 - CLESSE"},{"text":"CLUSSAIS LA POMMERAIE","href":"./79/clussais-la-pommeraie.html","phone":"05 49 07 61 71","email":"mairie-clussaislapommeraie@paysmellois.org","population":"628 habitants","website":"","townhallAdress":"Le Bourg - 79190 - CLUSSAIS-LA-POMMERAIE"},{"text":"COMBRAND","href":"./79/combrand.html","phone":"05 49 81 04 00","email":"mairie.combrand@wanadoo.fr","population":"1169 habitants","website":"","townhallAdress":"2 rue Calvaire - 79140 - COMBRAND"},{"text":"COULON","href":"./79/coulon.html","phone":"05 49 35 90 26","email":"maire@ville-coulon.fr","population":"2334 habitants","website":"","townhallAdress":"14 Place de l'Eglise - 79510 - COULON"},{"text":"COULONGES SUR L AUTIZE","href":"./79/coulonges-sur-l-autize.html","phone":"05 49 06 10 72","email":"mairie-coulonges-sur-lautize@wanadoo.fr","population":"2404 habitants","website":"","townhallAdress":"4 place du Château - 79160 - COULONGES-SUR-L'AUTIZE"},{"text":"COULONGES THOUARSAIS","href":"./79/coulonges-thouarsais.html","phone":"05 49 96 49 04","email":"Mairie.coulongesthouarsais@wanadoo.fr","population":"419 habitants","website":"","townhallAdress":"23 rue Principale - 79330 - COULONGES-THOUARSAIS"},{"text":"COURLAY","href":"./79/courlay.html","phone":"05 49 72 20 42","email":"MAIRIE.de.COURLAY@wanadoo.fr","population":"2415 habitants","website":"","townhallAdress":"42 rue Salliard du Rivault - 79440 - COURLAY"},{"text":"COURS","href":"./79/cours.html","phone":"05 49 25 82 70","email":"mairiedecours79@wanadoo.fr","population":"529 habitants","website":"","townhallAdress":"Rue des Fontaines - 79220 - COURS"},{"text":"COUTIERES","href":"./79/coutieres.html","phone":"05 49 69 13 69","email":"mairie.coutieres@wanadoo.fr","population":"150 habitants","website":"","townhallAdress":"Le Bourg - 79340 - COUTIERES"},{"text":"COUTURE D ARGENSON","href":"./79/couture-d-argenson.html","phone":"05 49 07 87 22","email":"mairie-couture-argenson@paysmellois.org","population":"413 habitants","website":"","townhallAdress":"Le Bourg - 79110 - COUTURE-D'ARGENSON"},{"text":"CREZIERES","href":"./79/crezieres.html","phone":"05 49 29 61 88","email":"mairie-crezieres@paysmellois.org","population":"60 habitants","website":"","townhallAdress":"Ouismes - 79110 - CREZIERES"},{"text":"DOUX","href":"./79/doux.html","phone":"05 49 63 00 83","email":"mairie.doux@wanadoo.fr","population":"247 habitants","website":"","townhallAdress":"Rue de la Mairie - 79390 - DOUX"},{"text":"ECHIRE","href":"./79/echire.html","phone":"05 49 25 70 08","email":"mairie.echire@wanadoo.fr","population":"3311 habitants","website":"","townhallAdress":"1 Place de l'Eglise - 79410 - ECHIRE"},{"text":"ENSIGNE","href":"./79/ensigne.html","phone":"05 49 07 12 39","email":"","population":"278 habitants","website":"","townhallAdress":"1 rue Parquet - 79170 - ENSIGNE"},{"text":"EPANNES","href":"./79/epannes.html","phone":"05 49 04 80 27","email":"epannes@wanadoo.fr","population":"797 habitants","website":"","townhallAdress":"410 rue des Ecoles - 79270 - EPANNES"},{"text":"ETUSSON","href":"./79/etusson.html","phone":"05 49 65 71 69","email":"mairie-etusson@wanadoo.fr","population":"301 habitants","website":"","townhallAdress":"6 rue de la Mairie - 79150 - ETUSSON"},{"text":"EXIREUIL","href":"./79/exireuil.html","phone":"05 49 76 16 03","email":"exireuilmairie@wanadoo.fr","population":"1518 habitants","website":"","townhallAdress":"9 place de la Mairie - 79400 - EXIREUIL"},{"text":"EXOUDUN","href":"./79/exoudun.html","phone":"05 49 05 01 85","email":"mairie.exoudun@wanadoo.fr","population":"596 habitants","website":"","townhallAdress":"1 place de la Mairie - 79800 - EXOUDUN"},{"text":"FAYE L ABBESSE","href":"./79/faye-l-abbesse.html","phone":"05 49 72 42 01","email":"MAIRIE-DE-FAYE-LABBESSE@WANADOO.FR","population":"1063 habitants","website":"","townhallAdress":"17 avenue Jules Trinchot - 79350 - FAYE-L'ABBESSE"},{"text":"FAYE SUR ARDIN","href":"./79/faye-sur-ardin.html","phone":"05 49 04 39 08","email":"mairie.fayesurardin@wanadoo.fr","population":"563 habitants","website":"","townhallAdress":"12 Route de Niort - 79160 - FAYE-SUR-ARDIN"},{"text":"FENERY","href":"./79/fenery.html","phone":"05 49 70 00 44","email":"commune.fenery@wanadoo.fr","population":"321 habitants","website":"","townhallAdress":"1 rue de la Poste - 79450 - FENERY"},{"text":"FENIOUX","href":"./79/fenioux.html","phone":"05 49 75 21 72","email":"mairie-fenioux@wanadoo.fr","population":"737 habitants","website":"","townhallAdress":"17 rue Parthenay - 79160 - FENIOUX"},{"text":"FOMPERRON","href":"./79/fomperron.html","phone":"05 49 69 02 14","email":"mairie.fomperron@wanadoo.fr","population":"382 habitants","website":"","townhallAdress":"6 rue de l'An 2000 - 79340 - FOMPERRON"},{"text":"FONTENILLE SAINT MARTIN D ENTRAIGUES","href":"./79/fontenille-saint-martin-d-entraigues.html","phone":"05 49 29 75 85","email":"mairie-stmartinentraigues@wanadoo.fr","population":"588 habitants","website":"","townhallAdress":"Route de Niort - 79110 - FONTENILLE-SAINT-MARTIN-D'ENTRAIGUES"},{"text":"FORS","href":"./79/fors.html","phone":"05 49 32 65 20","email":"mairie.de.fors@wanadoo.fr","population":"1642 habitants","website":"","townhallAdress":"17 rue de la Mairie - 79230 - FORS"},{"text":"FRANCOIS","href":"./79/francois.html","phone":"05 49 08 05 17","email":"mairie.francois@wanadoo.fr","population":"866 habitants","website":"","townhallAdress":"10 rue des Ecoles - 79260 - FRANCOIS"},{"text":"FRESSINES","href":"./79/fressines.html","phone":"05 49 73 98 73","email":"mairie-fressines@wanadoo.fr","population":"1287 habitants","website":"","townhallAdress":"23 Route de la Crèche - 79370 - FRESSINES"},{"text":"FRONTENAY ROHAN ROHAN","href":"./79/frontenay-rohan-rohan.html","phone":"05 49 04 50 25","email":"services.mairie@frontenay-rohan-rohan.com","population":"3027 habitants","website":"","townhallAdress":"Place René Cassin - 79270 - FRONTENAY-ROHAN-ROHAN"},{"text":"GEAY","href":"./79/geay.html","phone":"05 49 67 47 60","email":"mairie-de-geay@wanadoo.fr","population":"348 habitants","website":"","townhallAdress":"1 place de la Mairie - 79330 - GEAY"},{"text":"GENNETON","href":"./79/genneton.html","phone":"05 49 96 81 47","email":"mairiede-genneton@wanadoo.fr","population":"352 habitants","website":"","townhallAdress":"3 rue des Lilas - 79150 - GENNETON"},{"text":"GERMOND ROUVRE","href":"./79/germond-rouvre.html","phone":"05 49 04 03 63","email":"mairie@germond-rouvre.fr","population":"1099 habitants","website":"","townhallAdress":"Route de Egray Germond - 79220 - GERMOND-ROUVRE"},{"text":"GLENAY","href":"./79/glenay.html","phone":"05 49 67 51 73","email":"mairie.de.glenay@wanadoo.fr","population":"551 habitants","website":"","townhallAdress":"2 rue du Moulin - 79330 - GLENAY"},{"text":"GOURGE","href":"./79/gourge.html","phone":"05 49 69 81 54","email":"mairie.gourge79@orange.fr","population":"922 habitants","website":"","townhallAdress":"Grand Rue - 79200 - GOURGE"},{"text":"GOURNAY LOIZE","href":"./79/gournay-loize.html","phone":"05 49 29 31 04","email":"mairie-gournay@paysmellois.org","population":"638 habitants","website":"","townhallAdress":"Rue du Centre - 79110 - GOURNAY-LOIZE"},{"text":"GRANZAY GRIPT","href":"./79/granzay-gript.html","phone":"05 49 09 70 60","email":"COMMUNE-DE-GRANZAY-GRIPT@wanadoo.fr","population":"859 habitants","website":"","townhallAdress":"8 rue Fougeraye - 79360 - GRANZAY-GRIPT"},{"text":"HANC","href":"./79/hanc.html","phone":"05 49 29 83 63","email":"mairie-hanc@paysmellois.org","population":"254 habitants","website":"","townhallAdress":"Le Bourg - 79110 - HANC"},{"text":"IRAIS","href":"./79/irais.html","phone":"05 49 67 46 11","email":"mairie-irais@cc-airvaudais.fr","population":"220 habitants","website":"","townhallAdress":"Rue de la Mairie - 79600 - IRAIS"},{"text":"JUILLE","href":"./79/juille.html","phone":"05 49 07 25 20","email":"mairie-juille@paysmellois.org","population":"99 habitants","website":"","townhallAdress":"Le Bourg - 79170 - JUILLE"},{"text":"JUSCORPS","href":"./79/juscorps.html","phone":"05 49 32 66 44","email":"juscorps.79.mairie@wanadoo.fr","population":"343 habitants","website":"","townhallAdress":"Le Soucheau - 79230 - JUSCORPS"},{"text":"LA BATAILLE","href":"./79/la-bataille.html","phone":"05 49 29 62 27","email":"mairie-labataille@paysmellois.org","population":"88 habitants","website":"","townhallAdress":"Rue Arbalète - 79110 - LA-BATAILLE"},{"text":"LA BOISSIERE EN GATINE","href":"./79/la-boissiere-en-gatine.html","phone":"05 49 63 22 88","email":"mairie-boissiere@cc-pays-sud-gatine.fr","population":"254 habitants","website":"","townhallAdress":"Le Bourg - 79310 - LA-BOISSIERE-EN-GATINE"},{"text":"L ABSIE","href":"./79/l-absie.html","phone":"05 49 95 80 50","email":"absie@terre-de-sevre.org","population":"1046 habitants","website":"","townhallAdress":"11 rue Raymond Migaud - 79240 - L'ABSIE"},{"text":"LA CHAPELLE BATON","href":"./79/la-chapelle-baton.html","phone":"05 49 05 28 67","email":"mairie.79chapbat@orange.fr","population":"350 habitants","website":"","townhallAdress":"Le Bourg - 79220 - LA-CHAPELLE-BATON"},{"text":"LA CHAPELLE BERTRAND","href":"./79/la-chapelle-bertrand.html","phone":"05 49 64 16 91","email":"mairie-chap-ber@cc-parthenay.fr","population":"496 habitants","website":"","townhallAdress":"Place de la Mairie - 79200 - LA-CHAPELLE-BERTRAND"},{"text":"LA CHAPELLE GAUDIN","href":"./79/la-chapelle-gaudin.html","phone":"05 49 96 49 48","email":"mairie-de-la-chapelle.gaudin@wanadoo.fr","population":"231 habitants","website":"","townhallAdress":"3 rue Bois Robin - 79300 - LA-CHAPELLE-GAUDIN"},{"text":"LA CHAPELLE POUILLOUX","href":"./79/la-chapelle-pouilloux.html","phone":"05 49 07 76 51","email":"mairie-lachapellepouilloux@paysmellois.org","population":"209 habitants","website":"","townhallAdress":"Pouilloux - 79190 - LA-CHAPELLE-POUILLOUX"},{"text":"LA CHAPELLE SAINT ETIENNE","href":"./79/la-chapelle-saint-etienne.html","phone":"05 49 72 62 46","email":"chapellestet@terre-de-sevre.org","population":"340 habitants","website":"","townhallAdress":"4 rue de la Mairie - 79240 - LA-CHAPELLE-SAINT-ETIENNE"},{"text":"LA CHAPELLE SAINT LAURENT","href":"./79/la-chapelle-saint-laurent.html","phone":"05 49 72 00 28","email":"mairie.chapellestlaurent@wanadoo.fr","population":"1920 habitants","website":"","townhallAdress":"1 place de l'Eglise - 79430 - LA-CHAPELLE-SAINT-LAURENT"},{"text":"LA CHAPELLE THIREUIL","href":"./79/la-chapelle-thireuil.html","phone":"05 49 04 21 27","email":"chapellethireuil@wanadoo.fr","population":"438 habitants","website":"","townhallAdress":"Le Bourg - 79160 - LA-CHAPELLE-THIREUIL"},{"text":"LA COUARDE","href":"./79/la-couarde.html","phone":"05 49 32 85 25","email":"","population":"272 habitants","website":"","townhallAdress":"Le Bourg - 79800 - LA-COUARDE"},{"text":"LA COUDRE","href":"./79/la-coudre.html","phone":"05 49 80 25 24","email":"mairie.la.coudre@wanadoo.fr","population":"228 habitants","website":"","townhallAdress":"1 rue de la Fontaine - 79150 - LA-COUDRE"},{"text":"LA CRECHE","href":"./79/la-creche.html","phone":"05 49 25 50 54","email":"la.creche@wanadoo.fr","population":"5514 habitants","website":"","townhallAdress":"99 avenue de Paris - 79260 - LA-CRECHE"},{"text":"LA FERRIERE EN PARTHENAY","href":"./79/la-ferriere-en-parthenay.html","phone":"05 49 63 05 09","email":"mairie-la-ferriere@wanadoo.fr","population":"805 habitants","website":"","townhallAdress":"22 rue de la Mairie - 79390 - LA-FERRIERE-EN-PARTHENAY"},{"text":"LA FORET SUR SEVRE","href":"./79/la-foret-sur-sevre.html","phone":"05 49 80 86 42","email":"mairie.la.foret@wanadoo.fr","population":"2396 habitants","website":"","townhallAdress":"Place de la Mairie - 79380 - LA-FORET-SUR-SEVRE"},{"text":"LA FOYE MONJAULT","href":"./79/la-foye-monjault.html","phone":"05 49 04 93 30","email":"mairie.foye.monjault@wanadoo.fr","population":"758 habitants","website":"","townhallAdress":"23 rue de la Mairie - 79360 - LA-FOYE-MONJAULT"},{"text":"LAGEON","href":"./79/lageon.html","phone":"05 49 69 83 45","email":"communelageon@wanadoo.fr","population":"371 habitants","website":"","townhallAdress":"27 Route de la Liberté - 79200 - LAGEON"},{"text":"LA MOTHE SAINT HERAY","href":"./79/la-mothe-saint-heray.html","phone":"05 49 05 01 41","email":"lamothe.mairie@wanadoo.fr","population":"1856 habitants","website":"","townhallAdress":"2 place Clémenceau - 79800 - LA-MOTHE-SAINT-HERAY"},{"text":"LA PETITE BOISSIERE","href":"./79/la-petite-boissiere.html","phone":"05 49 81 42 76","email":"mairie-de-la-petite-boissiere@wanadoo.fr","population":"641 habitants","website":"","townhallAdress":"1 place de l'Eglise - 79700 - LA-PETITE-BOISSIERE"},{"text":"LA PEYRATTE","href":"./79/la-peyratte.html","phone":"05 49 64 16 10","email":"mairie@lapeyratte.net","population":"1249 habitants","website":"","townhallAdress":"12 place des Marronniers - 79200 - LA-PEYRATTE"},{"text":"LARGEASSE","href":"./79/largeasse.html","phone":"05 49 72 02 10","email":"largeasse@terre-de-sevre.org","population":"748 habitants","website":"","townhallAdress":"1 rue de la République - 79240 - LARGEASSE"},{"text":"LA ROCHENARD","href":"./79/la-rochenard.html","phone":"05 49 04 80 63","email":"mairie.la.rochenard@wanadoo.fr","population":"451 habitants","website":"","townhallAdress":"14 rue Grande Rue - 79270 - LA-ROCHENARD"},{"text":"LE BEUGNON","href":"./79/le-beugnon.html","phone":"05 49 63 74 31","email":"mairie-le-beugnon@cc-parthenay.fr","population":"341 habitants","website":"","townhallAdress":"1 place de la Mairie - 79130 - LE-BEUGNON"},{"text":"LE BOURDET","href":"./79/le-bourdet.html","phone":"05 49 04 80 43","email":"communedubourdet@orange.fr","population":"522 habitants","website":"","townhallAdress":"2 rue Courance - 79210 - LE-BOURDET"},{"text":"LE BREUIL BERNARD","href":"./79/le-breuil-bernard.html","phone":"05 49 72 74 32","email":"mairie.breuil-bernard@orange.fr","population":"468 habitants","website":"","townhallAdress":"Le Bourg - 79320 - LE-BREUIL-BERNARD"},{"text":"LE BREUIL SOUS ARGENTON","href":"./79/le-breuil-sous-argenton.html","phone":"05 49 65 73 24","email":"mairie-du-breuil@wanadoo.fr","population":"420 habitants","website":"","townhallAdress":"Place de la  Mairie - 79150 - LE-BREUIL-SOUS-ARGENTON"},{"text":"LE BUSSEAU","href":"./79/le-busseau.html","phone":"05 49 04 20 68","email":"communebusseau@wanadoo.fr","population":"698 habitants","website":"","townhallAdress":"6 rue de la Mairie - 79240 - LE-BUSSEAU"},{"text":"LE CHILLOU","href":"./79/le-chillou.html","phone":"05 49 64 61 57","email":"mairie.lechillou@wanadoo.fr","population":"187 habitants","website":"","townhallAdress":"26 rue Traversière - 79600 - LE-CHILLOU"},{"text":"LE PIN","href":"./79/le-pin.html","phone":"05 49 81 10 20","email":"commune.le.pin.79@wanadoo.fr","population":"1069 habitants","website":"","townhallAdress":"1 place Jeanne d'Arc - 79140 - LE-PIN"},{"text":"LE RETAIL","href":"./79/le-retail.html","phone":"05 49 63 72 62","email":"mairieleretail@wanadoo.fr","population":"273 habitants","website":"","townhallAdress":"Le Bourg - 79130 - LE-RETAIL"},{"text":"LES ALLEUDS","href":"./79/les-alleuds.html","phone":"05 49 29 34 62","email":"mairie-lesalleuds@paysmellois.org","population":"297 habitants","website":"","townhallAdress":"Les Alleuds - 79190 - LES-ALLEUDS"},{"text":"LES FORGES","href":"./79/les-forges.html","phone":"05 49 69 91 82","email":"mairie-lesforges@orange.fr","population":"129 habitants","website":"","townhallAdress":"Le Bourg - 79340 - LES-FORGES"},{"text":"LES FOSSES","href":"./79/les-fosses.html","phone":"05 49 07 13 00","email":"mairie-lesfosses@paysmellois.org","population":"420 habitants","website":"","townhallAdress":"Vauballier - 79360 - LES-FOSSES"},{"text":"LES GROSEILLERS","href":"./79/les-groseillers.html","phone":"05 49 25 65 57","email":"mairie-groseillers@cc-pays-sud-gatine.fr","population":"73 habitants","website":"","townhallAdress":"Le Bourg - 79220 - LES-GROSEILLERS"},{"text":"LE TALLUD","href":"./79/le-tallud.html","phone":"05 49 64 17 01","email":"MAIRIE_LE_TALLUD@cc-parthenay.fr","population":"1982 habitants","website":"","townhallAdress":"43 rue Atlantique - 79200 - LE-TALLUD"},{"text":"LE VANNEAU IRLEAU","href":"./79/le-vanneau-irleau.html","phone":"05 49 35 00 13","email":"mairie.vanneau-irleau@orange.fr","population":"947 habitants","website":"","townhallAdress":"6 Grande Rue - 79270 - LE-VANNEAU-IRLEAU"},{"text":"LE VERT","href":"./79/le-vert.html","phone":"05 49 76 74 45","email":"mairie-levert@paysmellois.org","population":"133 habitants","website":"","townhallAdress":"1 rue de la Mairie - 79170 - LE-VERT"},{"text":"LEZAY","href":"./79/lezay.html","phone":"05 49 27 80 00","email":"secretariat@mairie-lezay.fr","population":"2090 habitants","website":"","townhallAdress":"5 rue du Parc - 79120 - LEZAY"},{"text":"LHOUMOIS","href":"./79/lhoumois.html","phone":"05 49 63 10 00","email":"","population":"143 habitants","website":"","townhallAdress":"Le Bourg - 79390 - LHOUMOIS"},{"text":"LIMALONGES","href":"./79/limalonges.html","phone":"05 49 07 63 20","email":"mairie.limalonges@wanadoo.fr","population":"888 habitants","website":"","townhallAdress":"Place de l'Eglise - 79190 - LIMALONGES"},{"text":"LORIGNE","href":"./79/lorigne.html","phone":"05 49 07 62 13","email":"mairie-lorigne@paysmellois.org","population":"307 habitants","website":"","townhallAdress":"Le Bourg - 79190 - LORIGNE"},{"text":"LOUBIGNE","href":"./79/loubigne.html","phone":"05 49 29 81 67","email":"mairie-loubigne@paysmellois.org","population":"173 habitants","website":"","townhallAdress":"10 Grande Rue - 79110 - LOUBIGNE"},{"text":"LOUBILLE","href":"./79/loubille.html","phone":"05 49 07 80 15","email":"mairie-loubille@paysmellois.org","population":"371 habitants","website":"","townhallAdress":"Grande Rue - 79110 - LOUBILLE"},{"text":"LOUIN","href":"./79/louin.html","phone":"05 49 64 61 04","email":"mairie-79-louin@wanadoo.fr","population":"756 habitants","website":"","townhallAdress":"3 rue André Boutin - 79600 - LOUIN"},{"text":"LOUZY","href":"./79/louzy.html","phone":"05 49 66 20 16","email":"mairie.louzy@cc-thouarsais.fr","population":"1229 habitants","website":"","townhallAdress":"6 rue de la Mairie - 79100 - LOUZY"},{"text":"LUCHE SUR BRIOUX","href":"./79/luche-sur-brioux.html","phone":"05 49 07 53 22","email":"mairie.luche.brioux@wanadoo.fr","population":"138 habitants","website":"","townhallAdress":"Le Bourg - 79170 - LUCHE-SUR-BRIOUX"},{"text":"LUCHE THOUARSAIS","href":"./79/luche-thouarsais.html","phone":"05 49 96 49 92","email":"mairie.luchethouarsais@wanadoo.fr","population":"383 habitants","website":"","townhallAdress":"La Bourrelière - 79330 - LUCHE-THOUARSAIS"},{"text":"LUSSERAY","href":"./79/lusseray.html","phone":"05 49 07 58 07","email":"mairie-lusseray@wanadoo.fr","population":"177 habitants","website":"","townhallAdress":"3 rue de la Mairie - 79170 - LUSSERAY"},{"text":"LUZAY","href":"./79/luzay.html","phone":"05 49 66 18 17","email":"mairieluzay@wanadoo.fr","population":"565 habitants","website":"","townhallAdress":"2 Place de la Mairie - 79100 - LUZAY"},{"text":"MAGNE","href":"./79/magne.html","phone":"05 49 35 71 80","email":"mairie@ville-magne.fr","population":"2971 habitants","website":"","townhallAdress":"Rue de l'Eglise - 79460 - MAGNE"},{"text":"MAIRE LEVESCAULT","href":"./79/maire-levescault.html","phone":"05 49 07 62 68","email":"mairie-mairelevescault@paysmellois.org","population":"556 habitants","website":"","townhallAdress":"Le Bourg - 79190 - MAIRE-LEVESCAULT"},{"text":"MAISONNAIS","href":"./79/maisonnais.html","phone":"05 49 29 30 30","email":"mairie-maisonnais@paysmellois.org","population":"286 habitants","website":"","townhallAdress":"Le Bourg - 79500 - MAISONNAIS"},{"text":"MAISONTIERS","href":"./79/maisontiers.html","phone":"05 49 95 52 92","email":"mairiedemaisontiers@orange.fr","population":"182 habitants","website":"","townhallAdress":"Le Bourg - 79600 - MAISONTIERS"},{"text":"MARIGNY","href":"./79/marigny.html","phone":"05 49 09 75 12","email":"marignymairie@wanadoo.fr","population":"911 habitants","website":"","townhallAdress":"8 place du Centre - 79360 - MARIGNY"},{"text":"MARNES","href":"./79/marnes.html","phone":"05 49 67 41 05","email":"mairie-marnes@cc-airvaudais.fr","population":"236 habitants","website":"","townhallAdress":"13 rue Grand'Rue - 79600 - MARNES"},{"text":"MASSAIS","href":"./79/massais.html","phone":"05 49 96 82 38","email":"mairie.massais@pays-thouarsais.com","population":"629 habitants","website":"","townhallAdress":"2 Place Saint Hilaire - 79150 - MASSAIS"},{"text":"MAULEON","href":"./79/mauleon.html","phone":"05 49 81 17 00","email":"mairie@mauleon.fr","population":"8165 habitants","website":"","townhallAdress":"Place de l'Hotel de Ville - 79700 - MAULEON"},{"text":"MAUZE SUR LE MIGNON","href":"./79/mauze-sur-le-mignon.html","phone":"05 49 26 30 35","email":"mairie@ville-mauze-mignon.fr","population":"2734 habitants","website":"","townhallAdress":"2 Place de la Mairie - 79210 - MAUZE-SUR-LE-MIGNON"},{"text":"MAUZE THOUARSAIS","href":"./79/mauze-thouarsais.html","phone":"05 49 96 64 13","email":"mauze-thouarsais @cc-thouarsais.fr","population":"2092 habitants","website":"","townhallAdress":"3 Place de la Mairie - 79100 - MAUZE-THOUARSAIS"},{"text":"MAZIERES EN GATINE","href":"./79/mazieres-en-gatine.html","phone":"05 49 63 20 20","email":"mairie-mazieres@cc-pays-sud-gatine.fr","population":"995 habitants","website":"","townhallAdress":"Place des Marronniers - 79310 - MAZIERES-EN-GATINE"},{"text":"MAZIERES SUR BERONNE","href":"./79/mazieres-sur-beronne.html","phone":"05 49 27 07 56","email":"mairie-mazieressurberonne@paysmellois.org","population":"382 habitants","website":"","townhallAdress":"Charzay - 79500 - MAZIERES-SUR-BERONNE"},{"text":"MELLE","href":"./79/melle.html","phone":"05 49 27 00 23","email":"contact@ville-melle.fr","population":"3904 habitants","website":"","townhallAdress":"Quartier de la Mairie - 79500 - MELLE"},{"text":"MELLERAN","href":"./79/melleran.html","phone":"05 49 29 83 07","email":"mairie-melleran@paysmellois.org","population":"522 habitants","website":"","townhallAdress":"Route Chef Boutonne - 79190 - MELLERAN"},{"text":"MENIGOUTE","href":"./79/menigoute.html","phone":"05 49 69 00 17","email":"communedemenigoute@wanadoo.fr","population":"893 habitants","website":"","townhallAdress":"Place de la Mairie - 79340 - MENIGOUTE"},{"text":"MESSE","href":"./79/messe.html","phone":"05 49 27 50 68","email":"","population":"186 habitants","website":"","townhallAdress":"Le Bourg - 79120 - MESSE"},{"text":"MISSE","href":"./79/misse.html","phone":"05 49 66 62 97","email":"mairie.de.misse@wanadoo.fr","population":"888 habitants","website":"","townhallAdress":"14 rue de l'Abbaye - 79100 - MISSE"},{"text":"MONCOUTANT","href":"./79/moncoutant.html","phone":"05 49 72 60 44","email":"moncoutant@terre-de-sevre.org","population":"3154 habitants","website":"","townhallAdress":"18 Avenue Maréchal Juin - 79320 - MONCOUTANT"},{"text":"MONTALEMBERT","href":"./79/montalembert.html","phone":"05 49 07 70 43","email":"commune-montalembert@wanadoo.fr","population":"275 habitants","website":"","townhallAdress":"Le Bourg - 79190 - MONTALEMBERT"},{"text":"MONTRAVERS","href":"./79/montravers.html","phone":"05 49 80 17 35","email":"mairie.montravers@wanadoo.fr","population":"382 habitants","website":"","townhallAdress":"4 rue du Stade - 79140 - MONTRAVERS"},{"text":"MOUGON","href":"./79/mougon.html","phone":null,"email":null,"population":null,"website":null,"townhallAdress":null},{"text":"MOUTIERS SOUS ARGENTON","href":"./79/moutiers-sous-argenton.html","phone":"05 49 65 77 80","email":"moutiers.mairie@wanadoo.fr","population":"569 habitants","website":"","townhallAdress":"10 Place de la Mairie - 79150 - MOUTIERS-SOUS-ARGENTON"},{"text":"MOUTIERS SOUS CHANTEMERLE","href":"./79/moutiers-sous-chantemerle.html","phone":"05 49 72 62 66","email":"mairie.moutierssouschantemerle@orange.fr","population":"635 habitants","website":"","townhallAdress":"13 rue Mairie - 79320 - MOUTIERS-SOUS-CHANTEMERLE"},{"text":"NANTEUIL","href":"./79/nanteuil.html","phone":"05 49 76 13 11","email":"mairie.nanteuil.79@cegetel.net","population":"1661 habitants","website":"","townhallAdress":"8 Place de la Mairie - 79400 - NANTEUIL"},{"text":"NEUVY BOUIN","href":"./79/neuvy-bouin.html","phone":"05 49 63 73 04","email":"mairie-neuvy-bouin@cc-parthenay.fr","population":"496 habitants","website":"","townhallAdress":"4 rue du Commerce - 79130 - NEUVY-BOUIN"},{"text":"NIORT","href":"./79/niort.html","phone":"05 49 78 79 80","email":"mairie@mairie-niort.fr","population":"60856 habitants","website":"","townhallAdress":"PLACE MARTIN BASTARD - 79000 - NIORT"},{"text":"NUEIL LES AUBIERS","href":"./79/nueil-les-aubiers.html","phone":"05 49 80 65 65","email":"","population":"5462 habitants","website":"","townhallAdress":"1 place Jeanne d'Arc - 79250 - NUEIL-LES-AUBIERS"},{"text":"OIRON","href":"./79/oiron.html","phone":"05 49 96 51 26","email":"mairie.oiron@wanadoo.fr","population":"966 habitants","website":"","townhallAdress":"3 place René Cassin - 79100 - OIRON"},{"text":"OROUX","href":"./79/oroux.html","phone":"05 49 63 08 34","email":"mairie-oroux@cc-parthenay.fr","population":"101 habitants","website":"","townhallAdress":"8 Route de Ferrière - 79390 - OROUX"},{"text":"PAIZAY LE CHAPT","href":"./79/paizay-le-chapt.html","phone":"05 49 07 13 50","email":"mairie-paizaylechapt@paysmellois.org","population":"266 habitants","website":"","townhallAdress":"18 rue de la Mairie - 79170 - PAIZAY-LE-CHAPT"},{"text":"PAIZAY LE TORT","href":"./79/paizay-le-tort.html","phone":"05 49 27 04 85","email":"mairie-paizayletort@paysmellois.org","population":"471 habitants","website":"","townhallAdress":"Château Gaillard - 79500 - PAIZAY-LE-TORT"},{"text":"PAMPLIE","href":"./79/pamplie.html","phone":"05 49 25 81 86","email":"mairie-de-pamplie@wanadoo.fr","population":"268 habitants","website":"","townhallAdress":"66 Le Haut du Bourg - 79220 - PAMPLIE"},{"text":"PAMPROUX","href":"./79/pamproux.html","phone":"05 49 76 30 04","email":"mairie.pamproux@wanadoo.fr","population":"1705 habitants","website":"","townhallAdress":"1 Place Mendès France - 79800 - PAMPROUX"},{"text":"PARTHENAY","href":"./79/parthenay.html","phone":"05 49 94 03 77","email":"mairie-parthenay@cc-parthenay.fr","population":"11016 habitants","website":"","townhallAdress":"2 rue de la Citadelle - 79200 - PARTHENAY"},{"text":"PAS DE JEU","href":"./79/pas-de-jeu.html","phone":"05 49 96 71 69","email":"mairie.pasdejeu@wibox.fr","population":"391 habitants","website":"","townhallAdress":"49 rue du 8 Mai - 79100 - PAS-DE-JEU"},{"text":"PERIGNE","href":"./79/perigne.html","phone":"05 49 07 10 14","email":"mairie-perigne@paysmellois.org","population":"1034 habitants","website":"","townhallAdress":"Le Bourg - 79170 - PERIGNE"},{"text":"PERS","href":"./79/pers.html","phone":"05 49 29 40 83","email":"","population":"72 habitants","website":"","townhallAdress":"Le Bourg - 79190 - PERS"},{"text":"PIERREFITTE","href":"./79/pierrefitte.html","phone":"05 49 67 52 03","email":"pierrefitte@wanadoo.fr","population":"332 habitants","website":"","townhallAdress":"1 rue de l'Eglise - 79330 - PIERREFITTE"},{"text":"PIOUSSAY","href":"./79/pioussay.html","phone":"05 49 29 71 42","email":"mairie-pioussay@paysmellois.org","population":"319 habitants","website":"","townhallAdress":"Le Bourg - 79110 - PIOUSSAY"},{"text":"PLIBOU","href":"./79/plibou.html","phone":"05 49 07 90 93","email":"mairie-plibou@paysmellois.org","population":"185 habitants","website":"","townhallAdress":"Le Bourg - 79190 - PLIBOU"},{"text":"POMPAIRE","href":"./79/pompaire.html","phone":"05 49 71 21 71","email":"Mairie_pompaire@cc-parthenay.fr","population":"2001 habitants","website":"","townhallAdress":"Rue Bachardière - 79200 - POMPAIRE"},{"text":"POUFFONDS","href":"./79/pouffonds.html","phone":"05 49 29 30 16","email":"mairie.pouffonds@wanadoo.fr","population":"355 habitants","website":"","townhallAdress":"Le Bourg - 79500 - POUFFONDS"},{"text":"POUGNE HERISSON","href":"./79/pougne-herisson.html","phone":"05 49 63 73 55","email":"mairie-pougneherisson@wanadoo.fr","population":"363 habitants","website":"","townhallAdress":"Pougne - 79130 - POUGNE-HERISSON"},{"text":"PRAHECQ","href":"./79/prahecq.html","phone":"05 49 26 05 25","email":"mairie.prahecq@wanadoo.fr","population":"2051 habitants","website":"","townhallAdress":"Place de l'Eglise - 79230 - PRAHECQ"},{"text":"PRAILLES","href":"./79/prailles.html","phone":"05 49 32 81 13","email":"mairie-prailles@paysmellois.org","population":"708 habitants","website":"","townhallAdress":"8 rue des Ecoles - 79370 - PRAILLES"},{"text":"PRESSIGNY","href":"./79/pressigny.html","phone":"05 49 69 81 46","email":"pressigny.mairie@orange.fr","population":"189 habitants","website":"","townhallAdress":"Le Bourg - 79390 - PRESSIGNY"},{"text":"PRIAIRES","href":"./79/priaires.html","phone":"05 49 04 90 73","email":"communedepriaires@orange.fr","population":"118 habitants","website":"","townhallAdress":"Mayenne - 79210 - PRIAIRES"},{"text":"PRIN DEYRANCON","href":"./79/prin-deyrancon.html","phone":"05 49 26 31 65","email":"Prindey-mairie@wanadoo.fr","population":"572 habitants","website":"","townhallAdress":"Rue de la Mairie - 79210 - PRIN-DEYRANCON"},{"text":"PRISSE LA CHARRIERE","href":"./79/prisse-la-charriere.html","phone":"05 49 09 72 37","email":"mairie-prisse-la-charriere@wanadoo.fr","population":"614 habitants","website":"","townhallAdress":"Place de la Mairie - 79360 - PRISSE-LA-CHARRIERE"},{"text":"PUGNY","href":"./79/pugny.html","phone":"05 49 72 72 35","email":"mairiepugny@wanadoo.fr","population":"247 habitants","website":"","townhallAdress":"Le Bourg - 79320 - PUGNY"},{"text":"PUY HARDY","href":"./79/puy-hardy.html","phone":null,"email":null,"population":null,"website":null,"townhallAdress":null},{"text":"REFFANNES","href":"./79/reffannes.html","phone":"05 49 70 20 85","email":"mairie-reffannes@cc-parthenay.fr","population":"376 habitants","website":"","townhallAdress":"Rue de la Grande Auberge - 79420 - REFFANNES"},{"text":"ROM","href":"./79/rom.html","phone":"05 49 27 52 13","email":"mairie-rom@paysmellois.org","population":"804 habitants","website":"","townhallAdress":"7 Grand'Rue - 79120 - ROM"},{"text":"ROMANS","href":"./79/romans.html","phone":"05 49 25 57 67","email":"mairie.romans884@orange.fr","population":"708 habitants","website":"","townhallAdress":"Le Bourg - 79260 - ROMANS"},{"text":"SAINT AMAND SUR SEVRE","href":"./79/saint-amand-sur-sevre.html","phone":"05 49 81 67 09","email":"mairie.saint.amand.sur.sevre@wanadoo.fr","population":"1309 habitants","website":"","townhallAdress":"2 Place de la Mairie - 79700 - SAINT-AMAND-SUR-SEVRE"},{"text":"SAINT ANDRE SUR SEVRE","href":"./79/saint-andre-sur-sevre.html","phone":"05 49 80 87 68","email":"mairie-saint-andre-sur-sevre@wanadoo.fr","population":"675 habitants","website":"","townhallAdress":"4 rue Marie Millasseau - 79380 - SAINT-ANDRE-SUR-SEVRE"},{"text":"SAINT AUBIN DU PLAIN","href":"./79/saint-aubin-du-plain.html","phone":"05 49 80 20 40","email":"mairie-st-aubin@wanadoo.fr","population":"539 habitants","website":"","townhallAdress":"Rue de la Croix Bernier - 79300 - SAINT-AUBIN-DU-PLAIN"},{"text":"SAINT AUBIN LE CLOUD","href":"./79/saint-aubin-le-cloud.html","phone":"05 49 95 35 08","email":"mairie.staubinlecld@wanadoo.fr","population":"1920 habitants","website":"","townhallAdress":"34 rue Hôtel de Ville - 79450 - SAINT-AUBIN-LE-CLOUD"},{"text":"SAINT CHRISTOPHE SUR ROC","href":"./79/saint-christophe-sur-roc.html","phone":"05 49 05 21 19","email":"mairiestchristophesurroc@orange.fr","population":"561 habitants","website":"","townhallAdress":"Le Bourg - 79220 - SAINT-CHRISTOPHE-SUR-ROC"},{"text":"SAINT CLEMENTIN","href":"./79/saint-clementin.html","phone":"05 49 80 22 28","email":"mairie-st-clementin@orange.fr","population":"572 habitants","website":"","townhallAdress":"Place de la Mairie - 79150 - SAINT-CLEMENTIN"},{"text":"SAINT COUTANT","href":"./79/saint-coutant.html","phone":"05 49 29 32 88","email":"mairie-stcoutant@paysmellois.org","population":"265 habitants","website":"","townhallAdress":"Huric - 79120 - SAINT-COUTANT"},{"text":"SAINT CYR LA LANDE","href":"./79/saint-cyr-la-lande.html","phone":"05 49 67 71 62","email":"mairie-de-st-cyr-la-lande@wanadoo.fr","population":"345 habitants","website":"","townhallAdress":"1 rue de la Mairie - 79100 - SAINT-CYR-LA-LANDE"},{"text":"SAINTE BLANDINE","href":"./79/sainte-blandine.html","phone":"05 49 79 70 36","email":"mairie-steblandine@paysmellois.org","population":"634 habitants","website":"","townhallAdress":"24 rue Jacques Bujault Tauché - 79370 - SAINTE-BLANDINE"},{"text":"SAINTE EANNE","href":"./79/sainte-eanne.html","phone":"05 49 05 01 95","email":"mairiesainteeanne@wanadoo.fr","population":"666 habitants","website":"","townhallAdress":"Le Breuil - 79800 - SAINTE-EANNE"},{"text":"SAINTE GEMME","href":"./79/sainte-gemme.html","phone":"05 49 96 43 51","email":"mairie.sainte.gemme@orange.fr","population":"372 habitants","website":"","townhallAdress":"Le Bourg - 79330 - SAINTE-GEMME"},{"text":"SAINTE NEOMAYE","href":"./79/sainte-neomaye.html","phone":"05 49 25 57 13","email":"mairie.sainte-neomaye@wanadoo.fr","population":"1245 habitants","website":"","townhallAdress":"Rue de la Mairie - 79260 - SAINTE-NEOMAYE"},{"text":"SAINTE OUENNE","href":"./79/sainte-ouenne.html","phone":"05 49 04 03 75","email":"ste-ouenne.mairie@wanadoo.fr","population":"716 habitants","website":"","townhallAdress":"4 rue de la Poste - 79220 - SAINTE-OUENNE"},{"text":"SAINTE RADEGONDE DES POMMIERS","href":"./79/sainte-radegonde-des-pommiers.html","phone":"05 49 66 08 59","email":"mairie.ste-radegonde@wanadoo.fr","population":"1978 habitants","website":"","townhallAdress":"Rue de la Mairie - 79100 - SAINTE-RADEGONDE-DES-POMMIERS"},{"text":"SAINTE SOLINE","href":"./79/sainte-soline.html","phone":"05 49 29 46 46","email":"mairie.saintesoline@wanadoo.fr","population":"418 habitants","website":"","townhallAdress":"Place de la Mairie - 79120 - SAINTE-SOLINE"},{"text":"SAINT ETIENNE LA CIGOGNE","href":"./79/saint-etienne-la-cigogne.html","phone":"05 49 09 70 69","email":"saintetiennelacigogne@orange.fr","population":"123 habitants","website":"","townhallAdress":"La Cigogne - 79360 - SAINT-ETIENNE-LA-CIGOGNE"},{"text":"SAINTE VERGE","href":"./79/sainte-verge.html","phone":"05 49 66 05 17","email":"mairie-sainte-verge@wanadoo.fr","population":"1490 habitants","website":"","townhallAdress":"2 rue de la Mairie - 79100 - SAINTE-VERGE"},{"text":"SAINT GELAIS","href":"./79/saint-gelais.html","phone":"05 49 75 00 78","email":"mairie-st-gelais@wanadoo.fr","population":"1702 habitants","website":"","townhallAdress":"320 rue Herpens - 79410 - SAINT-GELAIS"},{"text":"SAINT GENARD","href":"./79/saint-genard.html","phone":"05 49 27 05 50","email":"mairie.st-genard@wanadoo.fr","population":"339 habitants","website":"","townhallAdress":"Le Bourg - 79500 - SAINT-GENARD"},{"text":"SAINT GENEROUX","href":"./79/saint-generoux.html","phone":"05 49 67 64 86","email":"Mairie-St-Generoux@cc-airvaudais.fr","population":"331 habitants","website":"","townhallAdress":"2 rue de Thiors - 79600 - SAINT-GENEROUX"},{"text":"SAINT GEORGES DE NOISNE","href":"./79/saint-georges-de-noisne.html","phone":"05 49 95 42 19","email":"mairie-stgeorges@cc-pays-sud-gatine.fr","population":"701 habitants","website":"","townhallAdress":"7 Route Taillées - 79400 - SAINT-GEORGES-DE-NOISNE"},{"text":"SAINT GEORGES DE REX","href":"./79/saint-georges-de-rex.html","phone":"05 49 35 04 00","email":"saint-georges-de-rex@agglo-niort.fr","population":"403 habitants","website":"","townhallAdress":"Rue Croix Picot - 79210 - SAINT-GEORGES-DE-REX"},{"text":"SAINT GERMAIN DE LONGUE CHAUME","href":"./79/saint-germain-de-longue-chaume.html","phone":"05 49 70 00 34","email":"mairie-stgermain2@wanadoo.fr","population":"381 habitants","website":"","townhallAdress":"1 rue Moncoutant - 79200 - SAINT-GERMAIN-DE-LONGUE-CHAUME"},{"text":"SAINT GERMIER","href":"./79/saint-germier.html","phone":"05 49 69 01 82","email":"saintgermier.mairie@orange.fr","population":"187 habitants","website":"","townhallAdress":"Le Bourg - 79340 - SAINT-GERMIER"},{"text":"SAINT HILAIRE LA PALUD","href":"./79/saint-hilaire-la-palud.html","phone":"05 49 35 32 15","email":"mairie-sthilaire-la-palud@wanadoo.fr","population":"1589 habitants","website":"","townhallAdress":"Place de la Mairie - 79210 - SAINT-HILAIRE-LA-PALUD"},{"text":"SAINT JACQUES DE THOUARS","href":"./79/saint-jacques-de-thouars.html","phone":"05 49 66 31 87","email":"communestjacquesthouars79@orange.fr","population":"467 habitants","website":"","townhallAdress":"18 rue Baillergeau - 79100 - SAINT-JACQUES-DE-THOUARS"},{"text":"SAINT JEAN DE THOUARS","href":"./79/saint-jean-de-thouars.html","phone":"05 49 66 04 26","email":"mairie.st-jean@thouars-communaute.fr","population":"1406 habitants","website":"","townhallAdress":"Rue Charles Ragot - 79100 - SAINT-JEAN-DE-THOUARS"},{"text":"SAINT JOUIN DE MARNES","href":"./79/saint-jouin-de-marnes.html","phone":"05 49 67 40 12","email":"mairie-stjouin@cc-airvaudais.fr","population":"621 habitants","website":"","townhallAdress":"Route d'Airvault - 79600 - SAINT-JOUIN-DE-MARNES"},{"text":"SAINT JOUIN DE MILLY","href":"./79/saint-jouin-de-milly.html","phone":"09 63 03 06 63","email":"mairie-stjouindemilly@wanadoo.fr","population":"216 habitants","website":"","townhallAdress":"6 rue du Château - 79380 - SAINT-JOUIN-DE-MILLY"},{"text":"SAINT LAURS","href":"./79/saint-laurs.html","phone":"05 49 75 20 10","email":"mairiestlaurs@wanadoo.fr","population":"489 habitants","website":"","townhallAdress":"Le Pont - 79160 - SAINT-LAURS"},{"text":"SAINT LEGER DE LA MARTINIERE","href":"./79/saint-leger-de-la-martiniere.html","phone":"05 49 27 01 53","email":"mairiestlegerlamartiniere@wanadoo.fr","population":"1049 habitants","website":"","townhallAdress":"2 rue de la Mairie - 79500 - SAINT-LEGER-DE-LA-MARTINIERE"},{"text":"SAINT LEGER DE MONTBRUN","href":"./79/saint-leger-de-montbrun.html","phone":"05 49 96 70 01","email":"mairie.st-leger@cc-thouarsais.fr","population":"1209 habitants","website":"","townhallAdress":"32 rue Mairie Vrères - 79100 - SAINT-LEGER-DE-MONTBRUN"},{"text":"SAINT LIN","href":"./79/saint-lin.html","phone":"05 49 70 63 64","email":"mairie-stlin@cc-parthenay.fr","population":"381 habitants","website":"","townhallAdress":"1 rue de la Mairie - 79420 - SAINT-LIN"},{"text":"SAINT LOUP LAMAIRE","href":"./79/saint-loup-lamaire.html","phone":"05 49 64 60 21","email":"mairie-st-loup-lamaire@wanadoo.fr","population":"1005 habitants","website":"","townhallAdress":"1 Place Docteur Bouchet - 79600 - SAINT-LOUP-LAMAIRE"},{"text":"SAINT MAIXENT DE BEUGNE","href":"./79/saint-maixent-de-beugne.html","phone":"05 49 06 12 15","email":"st-maixent-beugne@wanadoo.fr","population":"336 habitants","website":"","townhallAdress":"Le Bourg - 79160 - SAINT-MAIXENT-DE-BEUGNE"},{"text":"SAINT MAIXENT L ECOLE","href":"./79/saint-maixent-l-ecole.html","phone":"05 49 76 13 77","email":"contact@saint-maixent-lecole.fr","population":"7780 habitants","website":"","townhallAdress":"32 rue Palais - 79400 - SAINT-MAIXENT-L'ECOLE"},{"text":"SAINT MARC LA LANDE","href":"./79/saint-marc-la-lande.html","phone":"05 49 63 26 12","email":"mairie-stmarc@cc-pays-sud-gatine.fr","population":"364 habitants","website":"","townhallAdress":"Le Bourg - 79310 - SAINT-MARC-LA-LANDE"},{"text":"SAINT MARTIN DE BERNEGOUE","href":"./79/saint-martin-de-bernegoue.html","phone":"05 49 26 48 60","email":"mairie.st.martin.de.bernegoue@wanadoo.fr","population":"765 habitants","website":"","townhallAdress":"450 Route de Brûlain - 79230 - SAINT-MARTIN-DE-BERNEGOUE"},{"text":"SAINT MARTIN DE MACON","href":"./79/saint-martin-de-macon.html","phone":"05 49 96 70 34","email":"mairie.stmartindemacon@wanadoo.fr","population":"327 habitants","website":"","townhallAdress":"20 rue Charles Léopold Aubert - 79100 - SAINT-MARTIN-DE-MACON"},{"text":"SAINT MARTIN DE SAINT MAIXENT","href":"./79/saint-martin-de-saint-maixent.html","phone":"05 49 05 52 52","email":"mairiestmartindestmaixent@wanadoo.fr","population":"1050 habitants","website":"","townhallAdress":"Rue des Ecoles - 79400 - SAINT-MARTIN-DE-SAINT-MAIXENT"},{"text":"SAINT MARTIN DE SANZAY","href":"./79/saint-martin-de-sanzay.html","phone":"05 49 67 72 92","email":"mairie.saintmartindesanzay@wanadoo.fr","population":"938 habitants","website":"","townhallAdress":"24 Place de l'Eglise - 79290 - SAINT-MARTIN-DE-SANZAY"},{"text":"SAINT MARTIN DU FOUILLOUX","href":"./79/saint-martin-du-fouilloux.html","phone":"05 49 70 25 53","email":"stmartindufouilloux.mairie@wanadoo.fr","population":"219 habitants","website":"","townhallAdress":"Le Bourg - 79420 - SAINT-MARTIN-DU-FOUILLOUX"},{"text":"SAINT MARTIN LES MELLE","href":"./79/saint-martin-les-melle.html","phone":"05 49 27 01 06","email":"mairie-stmartinlesmelle@paysmellois.org","population":"867 habitants","website":"","townhallAdress":"37 rue de la Mairie - 79500 - SAINT-MARTIN-LES-MELLE"},{"text":"SAINT MAURICE LA FOUGEREUSE","href":"./79/saint-maurice-la-fougereuse.html","phone":"05 49 65 71 47","email":"mairie-st-maurice-79@wanadoo.fr","population":"559 habitants","website":"","townhallAdress":"1 rue Rivière Juliot - 79150 - SAINT-MAURICE-LA-FOUGEREUSE"},{"text":"SAINT MAXIRE","href":"./79/saint-maxire.html","phone":"05 49 35 50 29","email":"mairie-saint-maxire@orange.fr","population":"1176 habitants","website":"","townhallAdress":"5 rue de Niort - 79410 - SAINT-MAXIRE"},{"text":"SAINT MEDARD","href":"./79/saint-medard.html","phone":"05 49 07 10 55","email":"mairie-stmedard@paysmellois.org","population":"101 habitants","website":"","townhallAdress":"Saint Rue - 79370 - SAINT-MEDARD"},{"text":"SAINT PARDOUX","href":"./79/saint-pardoux.html","phone":"05 49 63 40 03","email":"mairie-stpardoux@cc-pays-sud-gatine.fr","population":"1515 habitants","website":"","townhallAdress":"2 impasse des Ecoliers - 79310 - SAINT-PARDOUX"},{"text":"SAINT PAUL EN GATINE","href":"./79/saint-paul-en-gatine.html","phone":"05 49 95 82 28","email":"stpaulgatine@orange.fr","population":"449 habitants","website":"","townhallAdress":"Rue du Bourg - 79240 - SAINT-PAUL-EN-GATINE"},{"text":"SAINT PIERRE DES ECHAUBROGNES","href":"./79/saint-pierre-des-echaubrognes.html","phone":"05 49 81 58 58","email":"mairie.echaubrognes@wanadoo.fr","population":"1409 habitants","website":"","townhallAdress":"Place de la Mairie - 79700 - SAINT-PIERRE-DES-ECHAUBROGNES"},{"text":"SAINT POMPAIN","href":"./79/saint-pompain.html","phone":"05 49 06 01 73","email":"mairie-st-pompain@wanadoo.fr","population":"903 habitants","website":"","townhallAdress":"1 Rue Croix Guérin - 79160 - SAINT-POMPAIN"},{"text":"SAINT REMY","href":"./79/saint-remy.html","phone":"05 49 35 66 78","email":"saint-remy@agglo-niort.fr","population":"1058 habitants","website":"","townhallAdress":"4 rue de l'Eglise - 79410 - SAINT-REMY"},{"text":"SAINT ROMANS DES CHAMPS","href":"./79/saint-romans-des-champs.html","phone":"05 49 26 48 09","email":"mairie.stromansdeschamps@wanadoo.fr","population":"181 habitants","website":"","townhallAdress":"15 Grand'rue - 79230 - SAINT-ROMANS-DES-CHAMPS"},{"text":"SAINT ROMANS LES MELLE","href":"./79/saint-romans-les-melle.html","phone":"05 49 27 04 14","email":"mairie-st-romans@mellecom.fr","population":"686 habitants","website":"","townhallAdress":"4 Place du Temple - 79500 - SAINT-ROMANS-LES-MELLE"},{"text":"SAINT SYMPHORIEN","href":"./79/saint-symphorien.html","phone":"05 49 09 53 53","email":"stsymphorien.mairie@wanadoo.fr","population":"1795 habitants","website":"","townhallAdress":"5 place René Cassin - 79270 - SAINT-SYMPHORIEN"},{"text":"SAINT VARENT","href":"./79/saint-varent.html","phone":"05 49 67 62 11","email":"villesaintvarent@wanadoo.fr","population":"2522 habitants","website":"","townhallAdress":"3 Place de l'Hôtel de Ville - 79330 - SAINT-VARENT"},{"text":"SAINT VINCENT LA CHATRE","href":"./79/saint-vincent-la-chatre.html","phone":"05 49 29 32 13","email":"mairie-stvincent@paysmellois.org","population":"569 habitants","website":"","townhallAdress":"Le Bourg - 79500 - SAINT-VINCENT-LA-CHATRE"},{"text":"SAIVRES","href":"./79/saivres.html","phone":"05 49 76 07 48","email":"mairie-de-saivres@wanadoo.fr","population":"1334 habitants","website":"","townhallAdress":"Place du  Bicentenaire - 79400 - SAIVRES"},{"text":"SALLES","href":"./79/salles.html","phone":"05 49 05 04 46","email":"mairie.salles057@orange.fr","population":"353 habitants","website":"","townhallAdress":"15 rue Montausier - 79800 - SALLES"},{"text":"SANSAIS","href":"./79/sansais.html","phone":"05 49 04 51 73","email":"mairie-sansais@orange.fr","population":"722 habitants","website":"","townhallAdress":"Grand'Rue - 79270 - SANSAIS"},{"text":"SAURAIS","href":"./79/saurais.html","phone":"05 49 64 16 83","email":"commune.de.saurais@cegetel.net","population":"187 habitants","website":"","townhallAdress":"3Bis rue des Marronniers - 79200 - SAURAIS"},{"text":"SAUZE VAUSSAIS","href":"./79/sauze-vaussais.html","phone":"05 49 07 60 53","email":"mairie.sauzevaussais@cegetel.net","population":"1677 habitants","website":"","townhallAdress":"3 Place de la Mairie - 79190 - SAUZE-VAUSSAIS"},{"text":"SCIECQ","href":"./79/sciecq.html","phone":"05 49 35 68 37","email":"mairie-de-sciecq@orange.fr","population":"549 habitants","website":"","townhallAdress":"11 Route de Salboeuf - 79000 - SCIECQ"},{"text":"SCILLE","href":"./79/scille.html","phone":"05 49 95 82 41","email":"communedescille@wanadoo.fr","population":"390 habitants","website":"","townhallAdress":"5 rue de la Mairie - 79240 - SCILLE"},{"text":"SECONDIGNE SUR BELLE","href":"./79/secondigne-sur-belle.html","phone":"05 49 07 11 25","email":"mairie-secondignesurbelle@paysmellois.org","population":"534 habitants","website":"","townhallAdress":"Le Bourg - 79170 - SECONDIGNE-SUR-BELLE"},{"text":"SECONDIGNY","href":"./79/secondigny.html","phone":"05 49 63 70 15","email":"secondigny@mairie-secondigny.fr","population":"1771 habitants","website":"","townhallAdress":"1 Place de l'Hôtel de Ville - 79130 - SECONDIGNY"},{"text":"SELIGNE","href":"./79/seligne.html","phone":"05 49 07 51 53","email":"mairie-seligne@paysmellois.org","population":"126 habitants","website":"","townhallAdress":"Le Bourg - 79170 - SELIGNE"},{"text":"SEPVRET","href":"./79/sepvret.html","phone":"05 49 07 30 12","email":"mairie-sepvret@paysmellois.org","population":"538 habitants","website":"","townhallAdress":"Le Bourg - 79120 - SEPVRET"},{"text":"SOMPT","href":"./79/sompt.html","phone":"05 49 29 34 03","email":"sompt.mairie@wanadoo.fr","population":"292 habitants","website":"","townhallAdress":"Le Bourg - 79110 - SOMPT"},{"text":"SOUDAN","href":"./79/soudan.html","phone":"05 49 06 55 38","email":"SOUDAN2@wanadoo.fr","population":"428 habitants","website":"","townhallAdress":"12 route de l'Atlantique - 79800 - SOUDAN"},{"text":"SOUTIERS","href":"./79/soutiers.html","phone":"05 49 63 42 88","email":"mairie-soutiers@cc-pays-sud-gatine.fr","population":"243 habitants","website":"","townhallAdress":"Le Bourg - 79310 - SOUTIERS"},{"text":"SOUVIGNE","href":"./79/souvigne.html","phone":"05 49 05 54 32","email":"commune-souvigne@wanadoo.fr","population":"886 habitants","website":"","townhallAdress":"Place de la Mairie - 79800 - SOUVIGNE"},{"text":"SURIN","href":"./79/surin.html","phone":"05 49 04 03 87","email":"surin.mairie@wanadoo.fr","population":"599 habitants","website":"","townhallAdress":"Le Bourg - 79220 - SURIN"},{"text":"TAIZE","href":"./79/taize.html","phone":"05 49 96 56 02","email":"mairie.taize@cc-thouarsais.fr","population":"778 habitants","website":"","townhallAdress":"6 rue de la Mairie - 79100 - TAIZE"},{"text":"TESSONNIERE","href":"./79/tessonniere.html","phone":"05 49 69 76 06","email":"mairie.tessonniere@wanadoo.fr","population":"297 habitants","website":"","townhallAdress":"Le Bourg - 79600 - TESSONNIERE"},{"text":"THENEZAY","href":"./79/thenezay.html","phone":"05 49 63 00 20","email":"mairie-thenezay@cc-parthenay.fr","population":"1488 habitants","website":"","townhallAdress":"28 Place de l'Hôtel de Ville - 79390 - THENEZAY"},{"text":"THORIGNE","href":"./79/thorigne.html","phone":null,"email":null,"population":null,"website":null,"townhallAdress":null},{"text":"THORIGNY SUR LE MIGNON","href":"./79/thorigny-sur-le-mignon.html","phone":"05 49 04 91 77","email":"mairie.thorigny-mignon@orange.fr","population":"80 habitants","website":"","townhallAdress":"Le Bourg - 79360 - THORIGNY-SUR-LE-MIGNON"},{"text":"THOUARS","href":"./79/thouars.html","phone":"05 49 68 11 11","email":"info@ville-thouars.fr","population":"10230 habitants","website":"","townhallAdress":"14 place Saint Laon - 79100 - THOUARS"},{"text":"TILLOU","href":"./79/tillou.html","phone":"05 49 29 33 23","email":"mairie-tillou@paysmellois.org","population":"308 habitants","website":"","townhallAdress":"1 Place de l'Eglise - 79110 - TILLOU"},{"text":"TOURTENAY","href":"./79/tourtenay.html","phone":"05 49 67 72 21","email":"mairie-tourtenay@wanadoo.fr","population":"141 habitants","website":"","townhallAdress":"1 rue Judrie - 79100 - TOURTENAY"},{"text":"TRAYES","href":"./79/trayes.html","phone":"05 49 72 02 10","email":"trayes@terre-de-sevre.org","population":"136 habitants","website":"","townhallAdress":"Mairie - 79240 - TRAYES"},{"text":"ULCOT","href":"./79/ulcot.html","phone":"05 49 96 63 39","email":"ulcot@wanadoo.fr","population":"62 habitants","website":"","townhallAdress":"Le Bourg - 79150 - ULCOT"},{"text":"USSEAU","href":"./79/usseau.html","phone":"05 49 04 85 16","email":"mairie.usseau@wanadoo.fr","population":"863 habitants","website":"","townhallAdress":"20 place Pierre Rousseau - 79210 - USSEAU"},{"text":"VALLANS","href":"./79/vallans.html","phone":"05 49 04 80 84","email":"commune.vallans@orange.fr","population":"743 habitants","website":"","townhallAdress":"89 rue Saint Louis - 79270 - VALLANS"},{"text":"VANCAIS","href":"./79/vancais.html","phone":"05 49 29 43 73","email":"mairie-vancais@paysmellois.org","population":"268 habitants","website":"","townhallAdress":"24 rue Saulniers - 79120 - VANCAIS"},{"text":"VANZAY","href":"./79/vanzay.html","phone":"05 49 29 40 32","email":"","population":"206 habitants","website":"","townhallAdress":"Le Bourg - 79120 - VANZAY"},{"text":"VASLES","href":"./79/vasles.html","phone":"05 49 69 91 34","email":"mairie-vasles@cc-parthenay.fr","population":"1701 habitants","website":"","townhallAdress":"1 Place du 25 Août - 79340 - VASLES"},{"text":"VAUSSEROUX","href":"./79/vausseroux.html","phone":"05 49 70 21 19","email":"mairie-vausseroux@wanadoo.fr","population":"346 habitants","website":"","townhallAdress":"Le Bourg - 79420 - VAUSSEROUX"},{"text":"VAUTEBIS","href":"./79/vautebis.html","phone":"05 49 70 20 81","email":"mairie-vautebis@cc-parthenay.fr","population":"118 habitants","website":"","townhallAdress":"Le Bourg - 79420 - VAUTEBIS"},{"text":"VERNOUX EN GATINE","href":"./79/vernoux-en-gatine.html","phone":"05 49 95 83 03","email":"communevernoux@orange.fr","population":"630 habitants","website":"","townhallAdress":"1 rue de l'Océan - 79240 - VERNOUX-EN-GATINE"},{"text":"VERNOUX SUR BOUTONNE","href":"./79/vernoux-sur-boutonne.html","phone":"05 49 07 55 21","email":"mairie-vernouxsurboutonne@paysmellois.org","population":"157 habitants","website":"","townhallAdress":"Le Bourg - 79170 - VERNOUX-SUR-BOUTONNE"},{"text":"VERRUYES","href":"./79/verruyes.html","phone":"05 49 63 21 22","email":"mairie-verruyes@cc-pays-sud-gatine.fr","population":"925 habitants","website":"","townhallAdress":"6 rue Château Gaillard - 79310 - VERRUYES"},{"text":"VIENNAY","href":"./79/viennay.html","phone":"05 49 95 02 62","email":"mairie.viennay@wanadoo.fr","population":"1145 habitants","website":"","townhallAdress":"Rue du Bourg - 79200 - VIENNAY"},{"text":"VILLEFOLLET","href":"./79/villefollet.html","phone":"05 49 07 58 65","email":"mairie-villefollet@paysmellois.org","population":"191 habitants","website":"","townhallAdress":"Le Bourg - 79170 - VILLEFOLLET"},{"text":"VILLEMAIN","href":"./79/villemain.html","phone":"05 49 07 88 01","email":"mairie-villemain@paysmellois.org","population":"183 habitants","website":"","townhallAdress":"18 rue de la Mairie - 79110 - VILLEMAIN"},{"text":"VILLIERS EN BOIS","href":"./79/villiers-en-bois.html","phone":"05 49 76 79 85","email":"mairie.villiersenbois@wanadoo.fr","population":"162 habitants","website":"","townhallAdress":"Le Bourg - 79360 - VILLIERS-EN-BOIS"},{"text":"VILLIERS EN PLAINE","href":"./79/villiers-en-plaine.html","phone":"05 49 35 60 51","email":"communevilliersenplaine@orange.fr","population":"1608 habitants","website":"","townhallAdress":"Le Château, rue de l'Eglise - 79160 - VILLIERS-EN-PLAINE"},{"text":"VILLIERS SUR CHIZE","href":"./79/villiers-sur-chize.html","phone":"05 49 76 74 39","email":"mairie-villierssurchize@paysmellois.org","population":"163 habitants","website":"","townhallAdress":"Place Jean de la Fontaine - 79170 - VILLIERS-SUR-CHIZE"},{"text":"VITRE","href":"./79/vitre.html","phone":"05 49 79 83 83","email":"mairie-vitre@paysmellois.org","population":"569 habitants","website":"","townhallAdress":"Le Bourg - 79370 - VITRE"},{"text":"VOUHE","href":"./79/vouhe.html","phone":"05 49 70 61 33","email":"mairie-vouhe@cc-pays-sud-gatine.fr","population":"369 habitants","website":"","townhallAdress":"Le Grand Chevreau - 79310 - VOUHE"},{"text":"VOUILLE","href":"./79/vouille.html","phone":"05 49 75 60 08","email":"mairie-vouille79@wanadoo.fr","population":"3151 habitants","website":"","townhallAdress":"19 rue Boussantin - 79230 - VOUILLE"},{"text":"VOULTEGON","href":"./79/voultegon.html","phone":"05 49 80 21 73","email":"mairie.voultegon@wanadoo.fr","population":"542 habitants","website":"","townhallAdress":"Place de la Mairie - 79150 - VOULTEGON"},{"text":"XAINTRAY","href":"./79/xaintray.html","phone":"05 49 25 68 83","email":"mairie.xaintray@wibox.fr","population":"233 habitants","website":"","townhallAdress":"Le Bourg - 79220 - XAINTRAY"}]}