{"text":"26 | Drôme","href":"drome.html","townships":[{"text":"AIX EN DIOIS","href":"./26/aix-en-diois.html","phone":"04 75 21 81 03","email":"mairie-aix-en-diois@wanadoo.fr","population":"349 habitants","website":"","townhallAdress":"Pont Quartier - 26150 - AIX-EN-DIOIS"},{"text":"ALBON","href":"./26/albon.html","phone":"04 75 03 12 71","email":"mairie-dalbon@wanadoo.fr","population":"1733 habitants","website":"","townhallAdress":"Place Mairie - 26140 - ALBON"},{"text":"ALEYRAC","href":"./26/aleyrac.html","phone":"04 75 46 25 10","email":"mairie@aleyrac.fr","population":"46 habitants","website":"","townhallAdress":"La Grange Neuve - 26770 - ALEYRAC"},{"text":"ALIXAN","href":"./26/alixan.html","phone":"04 75 47 02 62","email":"accueil@mairie-alixan.fr","population":"2327 habitants","website":"","townhallAdress":"Place de l'Esplanade - 26300 - ALIXAN"},{"text":"ALLAN","href":"./26/allan.html","phone":"04 75 46 60 62","email":"mairie-allan@wanadoo.fr","population":"1652 habitants","website":"","townhallAdress":"Le Village - 26780 - ALLAN"},{"text":"ALLEX","href":"./26/allex.html","phone":"04 75 62 62 48","email":"mairie.allex@wanadoo.fr","population":"2482 habitants","website":"","townhallAdress":"Avenue Henri Seguin - 26400 - ALLEX"},{"text":"AMBONIL","href":"./26/ambonil.html","phone":"04 75 84 42 56","email":"mairie.ambonil@wanadoo.fr","population":"124 habitants","website":"","townhallAdress":"Le Village - 26800 - AMBONIL"},{"text":"ANCONE","href":"./26/ancone.html","phone":"04 75 92 59 90","email":"mairie.ancone@wanadoo.fr","population":"1055 habitants","website":"","townhallAdress":"40 Grande Rue - 26200 - ANCONE"},{"text":"ANDANCETTE","href":"./26/andancette.html","phone":"04 75 03 10 27","email":"mairie-andancette@wanadoo.fr","population":"1268 habitants","website":"","townhallAdress":"17 rue Mairie - 26140 - ANDANCETTE"},{"text":"ANNEYRON","href":"./26/anneyron.html","phone":"04 75 31 51 11","email":"mairie-anneyron@wanadoo.fr","population":"3846 habitants","website":"","townhallAdress":"Place Camille Gervais - 26140 - ANNEYRON"},{"text":"AOUSTE SUR SYE","href":"./26/aouste-sur-sye.html","phone":"04 75 25 04 20","email":"mairie@mairie-aouste-sur-sye.fr","population":"2289 habitants","website":"","townhallAdress":"Avenue Amédée Terrail - 26400 - AOUSTE-SUR-SYE"},{"text":"ARNAYON","href":"./26/arnayon.html","phone":"04 75 27 25 60","email":"mairie-anneyron@wanadoo.fr","population":"33 habitants","website":"","townhallAdress":"Hôtel de Ville Berlière - 26470 - ARNAYON"},{"text":"ARPAVON","href":"./26/arpavon.html","phone":"04 75 27 31 03","email":"mairiearpavon@wanadoo.fr","population":"73 habitants","website":"","townhallAdress":"Le Village - 26110 - ARPAVON"},{"text":"ARTHEMONAY","href":"./26/arthemonay.html","phone":"04 75 45 62 48","email":"mairie-darthemonay@orange.fr","population":"522 habitants","website":"","townhallAdress":"Le Village - 26260 - ARTHEMONAY"},{"text":"AUBENASSON","href":"./26/aubenasson.html","phone":"04 75 21 55 07","email":"","population":"65 habitants","website":"","townhallAdress":"Le Village - 26340 - AUBENASSON"},{"text":"AUBRES","href":"./26/aubres.html","phone":"04 75 26 40 47","email":"mairie.aubres@wanadoo.fr","population":"435 habitants","website":"","townhallAdress":"Le Village - 26110 - AUBRES"},{"text":"AUCELON","href":"./26/aucelon.html","phone":"04 75 21 73 11","email":"gerard-boulade@wanadoo.fr","population":"29 habitants","website":"","townhallAdress":"Le Village - 26340 - AUCELON"},{"text":"AULAN","href":"./26/aulan.html","phone":"04 75 28 54 27","email":"mairiedaulan@orange.fr","population":"4 habitants","website":"","townhallAdress":"Mairie - 26570 - AULAN"},{"text":"AUREL","href":"./26/aurel.html","phone":"04 75 21 73 84","email":"mairie.aurel26@orange.fr","population":"226 habitants","website":"","townhallAdress":"Le Village - 26340 - AUREL"},{"text":"AUTICHAMP","href":"./26/autichamp.html","phone":"04 75 25 35 56","email":"mairie.autichamp@wanadoo.fr","population":"146 habitants","website":"","townhallAdress":"Le Village - 26400 - AUTICHAMP"},{"text":"BALLONS","href":"./26/ballons.html","phone":"04 75 28 43 05","email":"mairieballons@orange.fr","population":"90 habitants","website":"","townhallAdress":"Le Village - 26560 - BALLONS"},{"text":"BARBIERES","href":"./26/barbieres.html","phone":"04 75 47 41 58","email":"barbieres.mairie@wanadoo.fr","population":"733 habitants","website":"","townhallAdress":"Le Village - 26300 - BARBIERES"},{"text":"BARCELONNE","href":"./26/barcelonne.html","phone":"04 75 59 23 32","email":"mairie.barcelonne@wanadoo.fr","population":"373 habitants","website":"","townhallAdress":"Le Village - 26120 - BARCELONNE"},{"text":"BARNAVE","href":"./26/barnave.html","phone":"04 75 21 83 20","email":"mairie-barnave@wanadoo.fr","population":"166 habitants","website":"","townhallAdress":"Le Village - 26310 - BARNAVE"},{"text":"BARRET DE LIOURE","href":"./26/barret-de-lioure.html","phone":"04 75 28 80 04","email":"mairiebarretdelioure@orange.fr","population":"77 habitants","website":"","townhallAdress":"Le Village - 26570 - BARRET-DE-LIOURE"},{"text":"BARSAC","href":"./26/barsac.html","phone":"04 75 21 71 58","email":"mairie.barsac@wanadoo.fr","population":"169 habitants","website":"","townhallAdress":"Le Village - 26150 - BARSAC"},{"text":"BATHERNAY","href":"./26/bathernay.html","phone":"04 75 45 64 14","email":"mairie-de-bathernay@orange.fr","population":"240 habitants","website":"","townhallAdress":"Le Village - 26260 - BATHERNAY"},{"text":"BEAUFORT SUR GERVANNE","href":"./26/beaufort-sur-gervanne.html","phone":"04 75 76 44 41","email":"beaufort.gervanne@wanadoo.fr","population":"390 habitants","website":"","townhallAdress":"Rue Plan de Baix - 26400 - BEAUFORT-SUR-GERVANNE"},{"text":"BEAUMONT EN DIOIS","href":"./26/beaumont-en-diois.html","phone":"04 75 21 38 05","email":"mairiebeaumontdiois@orange.fr","population":"80 habitants","website":"","townhallAdress":"Le Village - 26310 - BEAUMONT-EN-DIOIS"},{"text":"BEAUMONT LES VALENCE","href":"./26/beaumont-les-valence.html","phone":"04 75 59 54 55","email":"contact@beaumontlesvalence.fr","population":"3899 habitants","website":"","townhallAdress":"1 Route Valence - 26760 - BEAUMONT-LES-VALENCE"},{"text":"BEAUMONT MONTEUX","href":"./26/beaumont-monteux.html","phone":"04 75 84 62 11","email":"beaumont-monteux@orange.fr","population":"1041 habitants","website":"","townhallAdress":"Le Village - 26600 - BEAUMONT-MONTEUX"},{"text":"BEAUREGARD BARET","href":"./26/beauregard-baret.html","phone":"04 75 48 80 88","email":"mairie.beauregard.baret@wanadoo.fr","population":"766 habitants","website":"","townhallAdress":"Meymans - 26300 - BEAUREGARD-BARET"},{"text":"BEAURIERES","href":"./26/beaurieres.html","phone":"04 75 21 44 40","email":"mairie.beaurieres@wanadoo.fr","population":"88 habitants","website":"","townhallAdress":"Le Village - 26310 - BEAURIERES"},{"text":"BEAUSEMBLANT","href":"./26/beausemblant.html","phone":"04 75 03 13 64","email":"mairie.beausemblant@wanadoo.fr","population":"1297 habitants","website":"","townhallAdress":"Le Village - 26240 - BEAUSEMBLANT"},{"text":"BEAUVALLON","href":"./26/beauvallon.html","phone":"04 75 57 03 26","email":"beauvallon.mairie@wanadoo.fr","population":"1663 habitants","website":"","townhallAdress":"Le Village - 26800 - BEAUVALLON"},{"text":"BEAUVOISIN","href":"./26/beauvoisin.html","phone":"04 75 28 02 71","email":"mairiebeauvoisin@gmail.com","population":"161 habitants","website":"","townhallAdress":"Les Granges - 26170 - BEAUVOISIN"},{"text":"BELLECOMBE TARENDOL","href":"./26/bellecombe-tarendol.html","phone":"04 75 27 30 50","email":"mairie.bellecombe-tarendol@wanadoo.fr","population":"95 habitants","website":"","townhallAdress":"Le Village - 26110 - BELLECOMBE-TARENDOL"},{"text":"BELLEGARDE EN DIOIS","href":"./26/bellegarde-en-diois.html","phone":"04 75 21 40 43","email":"","population":"78 habitants","website":"","townhallAdress":"Village - 26470 - BELLEGARDE-EN-DIOIS"},{"text":"BENIVAY OLLON","href":"./26/benivay-ollon.html","phone":"04 75 28 13 06","email":"mairiebenivay@numeo.fr","population":"65 habitants","website":"","townhallAdress":"Sous Ville - 26170 - BENIVAY-OLLON"},{"text":"BESAYES","href":"./26/besayes.html","phone":"04 75 47 42 75","email":"mairie.besayes@wanadoo.fr","population":"1027 habitants","website":"","townhallAdress":"Le Village - 26300 - BESAYES"},{"text":"BESIGNAN","href":"./26/besignan.html","phone":"04 75 27 31 69","email":"","population":"67 habitants","website":"","townhallAdress":"Le Village - 26110 - BESIGNAN"},{"text":"BEZAUDUN SUR BINE","href":"./26/bezaudun-sur-bine.html","phone":"04 75 53 34 10","email":"mairiebezaudun@orange.fr","population":"84 habitants","website":"","townhallAdress":"Quartier Guillons - 26460 - BEZAUDUN-SUR-BINE"},{"text":"BONLIEU SUR ROUBION","href":"./26/bonlieu-sur-roubion.html","phone":"04 75 53 92 08","email":"bonlieu.mairie@numeo.fr","population":"387 habitants","website":"","townhallAdress":"Le Village - 26160 - BONLIEU-SUR-ROUBION"},{"text":"BOUCHET","href":"./26/bouchet.html","phone":"04 75 04 80 11","email":"mairie-bouchet@wanadoo.fr","population":"1033 habitants","website":"","townhallAdress":"Le Village - 26790 - BOUCHET"},{"text":"BOULC","href":"./26/boulc.html","phone":"04 75 21 15 69","email":"mairie.boulc@wanadoo.fr","population":"119 habitants","website":"","townhallAdress":"Le Village - 26410 - BOULC"},{"text":"BOURDEAUX","href":"./26/bourdeaux.html","phone":"04 75 53 32 04","email":"mairiebourdeaux@wanadoo.fr","population":"626 habitants","website":"","townhallAdress":"Place de la Chevalerie - 26460 - BOURDEAUX"},{"text":"BOURG DE PEAGE","href":"./26/bourg-de-peage.html","phone":"04 75 72 74 00","email":"contact@bourgdepeage.com","population":"10283 habitants","website":"","townhallAdress":"Rue du Docteur Eynard - 26300 - BOURG-DE-PEAGE"},{"text":"BOURG LES VALENCE","href":"./26/bourg-les-valence.html","phone":"04 75 79 45 45","email":"accueil.mairie@bourg-les-valence.fr","population":"18935 habitants","website":"","townhallAdress":"Espace F Mitterrand 12 r Emile Vidal - 26500 - BOURG-LES-VALENCE"},{"text":"BOUVANTE","href":"./26/bouvante.html","phone":"04 75 48 57 85","email":"mairiecommunedebouvante@neuf.fr","population":"247 habitants","website":"","townhallAdress":"Bouvante le Bas - 26190 - BOUVANTE"},{"text":"BOUVIERES","href":"./26/bouvieres.html","phone":"04 75 53 30 04","email":"mairiede.bouvieres@wanadoo.fr","population":"160 habitants","website":"","townhallAdress":"Le Village - 26460 - BOUVIERES"},{"text":"BREN","href":"./26/bren.html","phone":"04 75 45 10 69","email":"mairiedebren@wanadoo.fr","population":"543 habitants","website":"","townhallAdress":"Le Village - 26260 - BREN"},{"text":"BRETTE","href":"./26/brette.html","phone":"04 75 27 26 01","email":"","population":"31 habitants","website":"","townhallAdress":"Le Monestier - 26340 - BRETTE"},{"text":"BUIS LES BARONNIES","href":"./26/buis-les-baronnies.html","phone":"04 75 28 07 34","email":"jmairie@wanadoo.fr","population":"2358 habitants","website":"","townhallAdress":"1 Boulevard Aristide Briand - 26170 - BUIS-LES-BARONNIES"},{"text":"CHABEUIL","href":"./26/chabeuil.html","phone":"04 75 59 01 70","email":"mairie-chabeuil@wanadoo.fr","population":"6639 habitants","website":"","townhallAdress":"1 place Génissieu - 26120 - CHABEUIL"},{"text":"CHABRILLAN","href":"./26/chabrillan.html","phone":"04 75 62 60 13","email":"mairie-chabrillan@ladrome.fr","population":"674 habitants","website":"","townhallAdress":"Le Village - 26400 - CHABRILLAN"},{"text":"CHALANCON","href":"./26/chalancon.html","phone":"04 75 58 17 12","email":"mairie.chalancon984@orange.fr","population":"62 habitants","website":"","townhallAdress":"Le Village - 26470 - CHALANCON"},{"text":"CHAMALOC","href":"./26/chamaloc.html","phone":"04 75 22 22 85","email":"mairie.chamaloc@wanadoo.fr","population":"120 habitants","website":"","townhallAdress":"Le Village - 26150 - CHAMALOC"},{"text":"CHAMARET","href":"./26/chamaret.html","phone":"04 75 46 50 82","email":"mairie.chamaret@wanadoo.fr","population":"554 habitants","website":"","townhallAdress":"Route Grignan - 26230 - CHAMARET"},{"text":"CHANOS CURSON","href":"./26/chanos-curson.html","phone":"04 75 07 33 07","email":"chanoscurson@wanadoo.fr","population":"1097 habitants","website":"","townhallAdress":"Village Chanos - 26600 - CHANOS-CURSON"},{"text":"CHANTEMERLE LES BLES","href":"./26/chantemerle-les-bles.html","phone":"04 75 07 47 53","email":"mairie.chantemerle.les.bles@wanadoo.fr","population":"1103 habitants","website":"","townhallAdress":"Le Village - 26600 - CHANTEMERLE-LES-BLES"},{"text":"CHANTEMERLE LES GRIGNAN","href":"./26/chantemerle-les-grignan.html","phone":"04 75 98 50 49","email":"chantemerle.grignan@wanadoo.fr","population":"228 habitants","website":"","townhallAdress":"Village - 26230 - CHANTEMERLE-LES-GRIGNAN"},{"text":"CHARENS","href":"./26/charens.html","phone":"04 75 21 41 56","email":"mairie-charens@orange.fr","population":"22 habitants","website":"","townhallAdress":"Le Village - 26310 - CHARENS"},{"text":"CHARMES SUR L HERBASSE","href":"./26/charmes-sur-l-herbasse.html","phone":"04 75 45 64 51","email":"mairie.de.charmes@orange.fr","population":"889 habitants","website":"","townhallAdress":"Le Village - 26260 - CHARMES-SUR-L'HERBASSE"},{"text":"CHAROLS","href":"./26/charols.html","phone":"04 75 90 15 77","email":"mairie.charols@wanadoo.fr","population":"737 habitants","website":"","townhallAdress":"Le Village - 26450 - CHAROLS"},{"text":"CHARPEY","href":"./26/charpey.html","phone":"04 75 59 80 55","email":"mairie-de-charpey@wanadoo.fr","population":"1213 habitants","website":"","townhallAdress":"Le Village - 26300 - CHARPEY"},{"text":"CHASTEL ARNAUD","href":"./26/chastel-arnaud.html","phone":"04 75 21 51 13","email":"helene.saillans@yahoo.fr","population":"50 habitants","website":"","townhallAdress":"Rif des Fauries - 26340 - CHASTEL-ARNAUD"},{"text":"CHATEAUDOUBLE","href":"./26/chateaudouble.html","phone":"04 75 59 81 09","email":"mairie.chateaudouble@wanadoo.fr","population":"555 habitants","website":"","townhallAdress":"Place de la Fontaine - 26120 - CHATEAUDOUBLE"},{"text":"CHATEAUNEUF DE BORDETTE","href":"./26/chateauneuf-de-bordette.html","phone":"04 75 27 73 71","email":"","population":"113 habitants","website":"","townhallAdress":"Les Gleizes - 26110 - CHATEAUNEUF-DE-BORDETTE"},{"text":"CHATEAUNEUF DE GALAURE","href":"./26/chateauneuf-de-galaure.html","phone":"04 75 68 62 20","email":"chateauneuf.mairie@wanadoo.fr","population":"1993 habitants","website":"","townhallAdress":"7 place de la Mairie - 26330 - CHATEAUNEUF-DE-GALAURE"},{"text":"CHATEAUNEUF DU RHONE","href":"./26/chateauneuf-du-rhone.html","phone":"04 75 90 69 40","email":"chateauneufdurhone@wanadoo.fr","population":"2295 habitants","website":"","townhallAdress":"Place Grangette - 26780 - CHATEAUNEUF-DU-RHONE"},{"text":"CHATEAUNEUF SUR ISERE","href":"./26/chateauneuf-sur-isere.html","phone":"04 75 71 83 88","email":"secretariat@mairie-chateauneuf-sur-isere.fr","population":"3739 habitants","website":"","townhallAdress":"Rue Port - 26300 - CHATEAUNEUF-SUR-ISERE"},{"text":"CHATILLON EN DIOIS","href":"./26/chatillon-en-diois.html","phone":"04 75 21 14 44","email":"mairie.chatillonendiois@wanadoo.fr","population":"589 habitants","website":"","townhallAdress":"Le Village - 26410 - CHATILLON-EN-DIOIS"},{"text":"CHATILLON SAINT JEAN","href":"./26/chatillon-saint-jean.html","phone":"04 75 45 31 15","email":"chatillon.st.jean@cc-pays-romans.fr","population":"1215 habitants","website":"","townhallAdress":"Rue Octaveon - 26750 - CHATILLON-SAINT-JEAN"},{"text":"CHATUZANGE LE GOUBET","href":"./26/chatuzange-le-goubet.html","phone":"04 75 47 25 15","email":"mairiedechatuzange@wanadoo.fr","population":"4665 habitants","website":"","townhallAdress":"29 rue Monts du Matin - 26300 - CHATUZANGE-LE-GOUBET"},{"text":"CHAUDEBONNE","href":"./26/chaudebonne.html","phone":"04 75 27 72 11","email":"","population":"64 habitants","website":"","townhallAdress":"Le Village - 26110 - CHAUDEBONNE"},{"text":"CHAUVAC LAUX MONTAUX","href":"./26/chauvac-laux-montaux.html","phone":"04 75 27 81 73","email":"mairie.chauvac@wanadoo.fr","population":"47 habitants","website":"","townhallAdress":"Le Village - 26510 - CHAUVAC-LAUX-MONTAUX"},{"text":"CHAVANNES","href":"./26/chavannes.html","phone":"04 75 45 17 12","email":"mairie.chavannes@wanadoo.fr","population":"456 habitants","website":"","townhallAdress":"Le Village - 26260 - CHAVANNES"},{"text":"CLANSAYES","href":"./26/clansayes.html","phone":"04 75 04 70 68","email":"mairie@clansayes.fr","population":"547 habitants","website":"","townhallAdress":"Le Village - 26130 - CLANSAYES"},{"text":"CLAVEYSON","href":"./26/claveyson.html","phone":"04 75 68 42 91","email":"mairie.claveyson@wanadoo.fr","population":"857 habitants","website":"","townhallAdress":"Le Village - 26240 - CLAVEYSON"},{"text":"CLEON D ANDRAN","href":"./26/cleon-d-andran.html","phone":"04 75 90 12 73","email":"mairie.cleon.andran@wanadoo.fr","population":"893 habitants","website":"","townhallAdress":"Le Village - 26450 - CLEON-D'ANDRAN"},{"text":"CLERIEUX","href":"./26/clerieux.html","phone":"04 75 71 54 56","email":"clerieux@cc-pays-romans.fr","population":"2053 habitants","website":"","townhallAdress":"Place Mairie - 26260 - CLERIEUX"},{"text":"CLIOUSCLAT","href":"./26/cliousclat.html","phone":"04 75 63 02 06","email":"mairie-cliousclat@wanadoo.fr","population":"645 habitants","website":"","townhallAdress":"Le Village - 26270 - CLIOUSCLAT"},{"text":"COBONNE","href":"./26/cobonne.html","phone":"04 75 25 24 77","email":"mairiecobonne@wanadoo.fr","population":"173 habitants","website":"","townhallAdress":"Le Village - 26400 - COBONNE"},{"text":"COLONZELLE","href":"./26/colonzelle.html","phone":"04 75 46 50 32","email":"mairie@colonzelle.com","population":"503 habitants","website":"","townhallAdress":"2 rue de la Mairie - 26230 - COLONZELLE"},{"text":"COMBOVIN","href":"./26/combovin.html","phone":"04 75 59 82 71","email":"mairie.combovin@wanadoo.fr","population":"416 habitants","website":"","townhallAdress":"Le Village - 26120 - COMBOVIN"},{"text":"COMPS","href":"./26/comps.html","phone":"04 75 46 32 89","email":"comps.mairie@orange.fr","population":"164 habitants","website":"","townhallAdress":"Quartier Château et Vinous - 26220 - COMPS"},{"text":"CONDILLAC","href":"./26/condillac.html","phone":"04 75 90 07 00","email":"mairie.condillac@orange.fr","population":"162 habitants","website":"","townhallAdress":"Le Village - 26740 - CONDILLAC"},{"text":"CONDORCET","href":"./26/condorcet.html","phone":"04 75 27 73 54","email":"mairie.condorcet@wanadoo.fr","population":"475 habitants","website":"","townhallAdress":"Le Village - 26110 - CONDORCET"},{"text":"CORNILLAC","href":"./26/cornillac.html","phone":"04 75 27 85 67","email":"mairiecornillac@numeo.fr","population":"88 habitants","website":"","townhallAdress":"Le Village - 26510 - CORNILLAC"},{"text":"CORNILLON SUR L OULE","href":"./26/cornillon-sur-l-oule.html","phone":"04 75 27 24 19","email":"mairie.cornillon@orange.fr","population":"71 habitants","website":"","townhallAdress":"Le Village - 26510 - CORNILLON-SUR-L'OULE"},{"text":"CREPOL","href":"./26/crepol.html","phone":"04 75 45 62 93","email":"crepol@cc-pays-romans.fr","population":"480 habitants","website":"","townhallAdress":"Le Village - 26350 - CREPOL"},{"text":"CREST","href":"./26/crest.html","phone":"04 75 76 61 10","email":"admin@mairie-crest.fr","population":"8099 habitants","website":"","townhallAdress":"18 rue République - 26400 - CREST"},{"text":"CROZES HERMITAGE","href":"./26/crozes-hermitage.html","phone":"04 75 08 17 59","email":"mairie.crozes@wanadoo.fr","population":"533 habitants","website":"","townhallAdress":"Le Village - 26600 - CROZES-HERMITAGE"},{"text":"CRUPIES","href":"./26/crupies.html","phone":"04 75 53 36 65","email":"mairie.crupies@orange.fr","population":"95 habitants","website":"","townhallAdress":"Le Village - 26460 - CRUPIES"},{"text":"CURNIER","href":"./26/curnier.html","phone":"04 75 27 42 22","email":"mairie.de.curnier@orange.fr","population":"223 habitants","website":"","townhallAdress":"Le Village - 26110 - CURNIER"},{"text":"DIE","href":"./26/die.html","phone":"04 75 21 08 77","email":"administration@mairie-die.fr","population":"4628 habitants","website":"","townhallAdress":"Rue Félix Germain - 26150 - DIE"},{"text":"DIEULEFIT","href":"./26/dieulefit.html","phone":"04 75 46 96 80","email":"etat-civil@mairie-dieulefit.fr","population":"3315 habitants","website":"","townhallAdress":"Rue Justin Jouve - 26220 - DIEULEFIT"},{"text":"DIVAJEU","href":"./26/divajeu.html","phone":"04 75 25 12 44","email":"mairie.divajeu@wanadoo.fr","population":"627 habitants","website":"","townhallAdress":"Lambres - 26400 - DIVAJEU"},{"text":"DONZERE","href":"./26/donzere.html","phone":"04 75 49 70 30","email":"secretariat.elus@donzere.net","population":"5050 habitants","website":"","townhallAdress":"1 Grande Rue - 26290 - DONZERE"},{"text":"ECHEVIS","href":"./26/echevis.html","phone":"04 75 48 69 02","email":"mairie.echevis@wanadoo.fr","population":"61 habitants","website":"","townhallAdress":"Le Village - 26190 - ECHEVIS"},{"text":"EPINOUZE","href":"./26/epinouze.html","phone":"04 75 31 70 75","email":"mairie.epinouze@orange.fr","population":"1307 habitants","website":"","townhallAdress":"Village Neuf - 26210 - EPINOUZE"},{"text":"EROME","href":"./26/erome.html","phone":"04 75 03 30 50","email":"mairie.erome@laposte.net","population":"791 habitants","website":"","townhallAdress":"Place de la Mairie - 26600 - EROME"},{"text":"ESPELUCHE","href":"./26/espeluche.html","phone":"04 75 46 60 36","email":"mairie@espeluche.fr","population":"1085 habitants","website":"","townhallAdress":"Quartier Guillaumière - 26780 - ESPELUCHE"},{"text":"ESPENEL","href":"./26/espenel.html","phone":"04 75 21 73 24","email":"mairie.espenel252@wanadoo.fr","population":"125 habitants","website":"","townhallAdress":"Le Village - 26340 - ESPENEL"},{"text":"ESTABLET","href":"./26/establet.html","phone":"04 75 27 51 70","email":"mairie.establet@cg23.fr","population":"29 habitants","website":"","townhallAdress":"Le Village - 26470 - ESTABLET"},{"text":"ETOILE SUR RHONE","href":"./26/etoile-sur-rhone.html","phone":"04 75 60 69 50","email":"communication@mairie-etoilesurrhone.fr","population":"4846 habitants","website":"","townhallAdress":"45 Grande Rue - 26800 - ETOILE-SUR-RHONE"},{"text":"EURRE","href":"./26/eurre.html","phone":"04 75 25 07 53","email":"mairie.eurre@wanadoo.fr","population":"1123 habitants","website":"","townhallAdress":"Le Village - 26400 - EURRE"},{"text":"EYGALAYES","href":"./26/eygalayes.html","phone":"04 75 28 41 03","email":"mairie-eygalayes@orange.fr","population":"73 habitants","website":"","townhallAdress":"Le Village - 26560 - EYGALAYES"},{"text":"EYGALIERS","href":"./26/eygaliers.html","phone":"04 75 28 15 40","email":"mairie.eygaliers@orange.fr","population":"139 habitants","website":"","townhallAdress":"Le Village - 26170 - EYGALIERS"},{"text":"EYGLUY ESCOULIN","href":"./26/eygluy-escoulin.html","phone":"04 75 76 44 06","email":"mairie.eygluy@orange.fr","population":"70 habitants","website":"","townhallAdress":"Eygluy - 26400 - EYGLUY-ESCOULIN"},{"text":"EYMEUX","href":"./26/eymeux.html","phone":"04 75 48 82 33","email":"mairie.eymeux@wanadoo.fr","population":"899 habitants","website":"","townhallAdress":"Le Village - 26730 - EYMEUX"},{"text":"EYROLES","href":"./26/eyroles.html","phone":"04 75 27 75 82","email":"mairie.eyroles@aliceadsl.fr","population":"22 habitants","website":"","townhallAdress":"Le Village - 26110 - EYROLES"},{"text":"EYZAHUT","href":"./26/eyzahut.html","phone":"04 75 90 16 35","email":"Mairie.eyzahut@orange.fr","population":"130 habitants","website":"","townhallAdress":"Le Village - 26160 - EYZAHUT"},{"text":"FAY LE CLOS","href":"./26/fay-le-clos.html","phone":"04 75 68 45 71","email":"fayleclos.commune@orange.fr","population":"163 habitants","website":"","townhallAdress":"Le Village - 26240 - FAY-LE-CLOS"},{"text":"FELINES SUR RIMANDOULE","href":"./26/felines-sur-rimandoule.html","phone":"04 75 90 47 31","email":"mairie.felines.r@wanadoo.fr","population":"67 habitants","website":"","townhallAdress":"Village - 26160 - FELINES-SUR-RIMANDOULE"},{"text":"FERRASSIERES","href":"./26/ferrassieres.html","phone":"04 75 28 80 82","email":"mairie.ferrassieres@orange.fr","population":"118 habitants","website":"","townhallAdress":"Le Village - 26570 - FERRASSIERES"},{"text":"FRANCILLON SUR ROUBION","href":"./26/francillon-sur-roubion.html","phone":"04 75 76 02 75","email":"mairie.francillon26@wanadoo.fr","population":"182 habitants","website":"","townhallAdress":"Le Village - 26400 - FRANCILLON-SUR-ROUBION"},{"text":"GENISSIEUX","href":"./26/genissieux.html","phone":"04 75 02 60 99","email":"mairie.genissieux@orange.fr","population":"2107 habitants","website":"","townhallAdress":"Rue Simon Chopin - 26750 - GENISSIEUX"},{"text":"GERVANS","href":"./26/gervans.html","phone":"04 75 03 30 69","email":"gervans@free.fr","population":"536 habitants","website":"","townhallAdress":"Place Mairie - 26600 - GERVANS"},{"text":"GEYSSANS","href":"./26/geyssans.html","phone":"04 75 02 97 44","email":"geyssans@cc-pays-romans.fr","population":"587 habitants","website":"","townhallAdress":"Le Village - 26750 - GEYSSANS"},{"text":"GIGORS ET LOZERON","href":"./26/gigors-et-lozeron.html","phone":"04 75 76 41 39","email":"gigorsetlozeron@wanadoo.fr","population":"174 habitants","website":"","townhallAdress":"Le Village - 26400 - GIGORS-ET-LOZERON"},{"text":"GLANDAGE","href":"./26/glandage.html","phone":"09 60 54 48 02","email":"mairieglandage@orange.fr","population":"100 habitants","website":"","townhallAdress":"Le Village - 26410 - GLANDAGE"},{"text":"GRANE","href":"./26/grane.html","phone":"04 75 62 61 21","email":"Mairie.Grane@vallee-drome.com","population":"1771 habitants","website":"","townhallAdress":"Le Village - 26400 - GRANE"},{"text":"GRANGES LES BEAUMONT","href":"./26/granges-les-beaumont.html","phone":"04 75 71 50 27","email":"granges.les.beaumont@cc-pays-romans.fr","population":"976 habitants","website":"","townhallAdress":"Le Village - 26600 - GRANGES-LES-BEAUMONT"},{"text":"GRIGNAN","href":"./26/grignan.html","phone":"04 75 46 50 06","email":"accueil.mairie@ville-grignan.fr","population":"1539 habitants","website":"","townhallAdress":"Place Sévigné - 26230 - GRIGNAN"},{"text":"GUMIANE","href":"./26/gumiane.html","phone":"04 75 27 26 59","email":"","population":"28 habitants","website":"","townhallAdress":"Le Village - 26470 - GUMIANE"},{"text":"HAUTERIVES","href":"./26/hauterives.html","phone":"04 75 68 83 10","email":"contact@mairie-hauterives.fr","population":"1732 habitants","website":"","townhallAdress":"Le Village - 26390 - HAUTERIVES"},{"text":"HOSTUN","href":"./26/hostun.html","phone":"04 75 48 80 33","email":"mairie-hostun@wanadoo.fr","population":"942 habitants","website":"","townhallAdress":"Avenue Marronniers - 26730 - HOSTUN"},{"text":"IZON LA BRUISSE","href":"./26/izon-la-bruisse.html","phone":"04 75 28 43 50","email":"mairie-izon@cg26.fr","population":"12 habitants","website":"","townhallAdress":"Le Village - 26560 - IZON-LA-BRUISSE"},{"text":"JAILLANS","href":"./26/jaillans.html","phone":"04 75 48 83 99","email":"mairie.jaillans@wanadoo.fr","population":"771 habitants","website":"","townhallAdress":"Le Village - 26300 - JAILLANS"},{"text":"JONCHERES","href":"./26/joncheres.html","phone":"04 75 21 42 21","email":"mairie.miscon@wanadoo.fr","population":"38 habitants","website":"","townhallAdress":"Le Village - 26310 - JONCHERES"},{"text":"LA BATIE DES FONDS","href":"./26/la-batie-des-fonds.html","phone":"04 75 21 84 79","email":"fngondouin@orange.fr","population":"8 habitants","website":"","townhallAdress":"Mairie - 26310 - LA-BATIE-DES-FONDS"},{"text":"LA BATIE ROLLAND","href":"./26/la-batie-rolland.html","phone":"04 75 53 80 44","email":"mairie.lbr@wanadoo.fr","population":"940 habitants","website":"","townhallAdress":"Le Village - 26160 - LA-BATIE-ROLLAND"},{"text":"LA BAUME CORNILLANE","href":"./26/la-baume-cornillane.html","phone":"04 75 60 33 45","email":"mairie.labaumecornillane@wanadoo.fr","population":"456 habitants","website":"","townhallAdress":"Le Village - 26120 - LA-BAUME-CORNILLANE"},{"text":"LA BAUME DE TRANSIT","href":"./26/la-baume-de-transit.html","phone":"04 75 98 10 31","email":"mairie.baume.transit@wanadoo.fr","population":"857 habitants","website":"","townhallAdress":"Le Village - 26790 - LA-BAUME-DE-TRANSIT"},{"text":"LA BAUME D HOSTUN","href":"./26/la-baume-d-hostun.html","phone":"04 75 48 42 41","email":"mairie.la.baume.dhostun@wanadoo.fr","population":"477 habitants","website":"","townhallAdress":"Le Village - 26730 - LA-BAUME-D'HOSTUN"},{"text":"LA BEGUDE DE MAZENC","href":"./26/la-begude-de-mazenc.html","phone":"04 75 46 21 22","email":"mairie.la.begude.de.mazenc@wanadoo.fr","population":"1472 habitants","website":"","townhallAdress":"Rue Pierre Curie - 26160 - LA-BEGUDE-DE-MAZENC"},{"text":"LABOREL","href":"./26/laborel.html","phone":"04 92 66 22 73","email":"hvlaborel@numeo.fr","population":"100 habitants","website":"","townhallAdress":"Le Village - 26560 - LABOREL"},{"text":"LA CHAPELLE EN VERCORS","href":"./26/la-chapelle-en-vercors.html","phone":"04 75 48 20 12","email":"mairie.lachapelleenvercors@wanadoo.fr","population":"798 habitants","website":"","townhallAdress":"Place de l'Hôtel de Ville - 26420 - LA-CHAPELLE-EN-VERCORS"},{"text":"LA CHARCE","href":"./26/la-charce.html","phone":"04 75 27 23 44","email":"mairie.lacharce@wanadoo.fr","population":"43 habitants","website":"","townhallAdress":"Le Village - 26470 - LA-CHARCE"},{"text":"LACHAU","href":"./26/lachau.html","phone":"04 75 28 41 48","email":"mairielachau26@wanadoo.fr","population":"208 habitants","website":"","townhallAdress":"Le Village - 26560 - LACHAU"},{"text":"LA CHAUDIERE","href":"./26/la-chaudiere.html","phone":"04 75 21 56 11","email":"helene.faillans@yahoo.fr","population":"22 habitants","website":"","townhallAdress":"Mairie - 26340 - LA-CHAUDIERE"},{"text":"LA COUCOURDE","href":"./26/la-coucourde.html","phone":"04 75 90 23 24","email":"contact@lacoucourde-mairie.com","population":"929 habitants","website":"","townhallAdress":"Rue Royale - 26740 - LA-COUCOURDE"},{"text":"LA GARDE ADHEMAR","href":"./26/la-garde-adhemar.html","phone":"04 75 04 41 09","email":"mairie.gardeadhemar@wanadoo.fr","population":"1185 habitants","website":"","townhallAdress":"Rue Principale - 26700 - LA-GARDE-ADHEMAR"},{"text":"LA LAUPIE","href":"./26/la-laupie.html","phone":"04 75 91 80 20","email":"mairie.la-laupie@wanadoo.fr","population":"676 habitants","website":"","townhallAdress":"Le Village - 26740 - LA-LAUPIE"},{"text":"LA MOTTE CHALANCON","href":"./26/la-motte-chalancon.html","phone":"04 75 27 20 41","email":"mairie@lamottechalancon.com","population":"469 habitants","website":"","townhallAdress":"Le Village - 26470 - LA-MOTTE-CHALANCON"},{"text":"LA MOTTE DE GALAURE","href":"./26/la-motte-de-galaure.html","phone":"04 75 68 40 27","email":"mairie.la.motte@wanadoo.fr","population":"694 habitants","website":"","townhallAdress":"Le Village - 26240 - LA-MOTTE-DE-GALAURE"},{"text":"LA MOTTE FANJAS","href":"./26/la-motte-fanjas.html","phone":"04 75 48 42 92","email":"mairie.la-motte-fanjas@wanadoo.fr","population":"175 habitants","website":"","townhallAdress":"Le Village - 26190 - LA-MOTTE-FANJAS"},{"text":"LA PENNE SUR L OUVEZE","href":"./26/la-penne-sur-l-ouveze.html","phone":"04 75 28 74 80","email":"lapennesurlouveze.mairie@orange.fr","population":"105 habitants","website":"","townhallAdress":"La Plaine - 26170 - LA-PENNE-SUR-L'OUVEZE"},{"text":"LAPEYROUSE MORNAY","href":"./26/lapeyrouse-mornay.html","phone":"04 75 31 90 90","email":"mairie.lapeyrouse@wanadoo.fr","population":"1069 habitants","website":"","townhallAdress":"Le Village - 26210 - LAPEYROUSE-MORNAY"},{"text":"LA REPARA AURIPLES","href":"./26/la-repara-auriples.html","phone":"04 75 25 10 71","email":"mairie.la.repara-auriples@wanadoo.fr","population":"228 habitants","website":"","townhallAdress":"Hameau Le Péage - 26400 - LA-REPARA-AURIPLES"},{"text":"LARNAGE","href":"./26/larnage.html","phone":"04 75 08 04 23","email":"contact@larnagemairie.com","population":"1009 habitants","website":"","townhallAdress":"Le Village - 26600 - LARNAGE"},{"text":"LA ROCHE DE GLUN","href":"./26/la-roche-de-glun.html","phone":"04 75 84 60 52","email":"mairie.rdg@wanadoo.fr","population":"3204 habitants","website":"","townhallAdress":"Place de  la Mairie - 26600 - LA-ROCHE-DE-GLUN"},{"text":"LA ROCHE SUR GRANE","href":"./26/la-roche-sur-grane.html","phone":"04 75 62 73 34","email":"mairie.de.la.roche.sur.grane@wanadoo.fr","population":"158 habitants","website":"","townhallAdress":"Le Village - 26400 - LA-ROCHE-SUR-GRANE"},{"text":"LA ROCHE SUR LE BUIS","href":"./26/la-roche-sur-le-buis.html","phone":"04 75 28 12 91","email":"mairie.larochesurlebuis@wanadoo.fr","population":"333 habitants","website":"","townhallAdress":"Le Village - 26170 - LA-ROCHE-SUR-LE-BUIS"},{"text":"LA ROCHETTE DU BUIS","href":"./26/la-rochette-du-buis.html","phone":"04 75 28 64 28","email":"mairie-rochette@wanadoo.fr","population":"71 habitants","website":"","townhallAdress":"Le Village - 26170 - LA-ROCHETTE-DU-BUIS"},{"text":"LA TOUCHE","href":"./26/la-touche.html","phone":"04 75 53 90 10","email":"mairie.la.touche@wanadoo.fr","population":"202 habitants","website":"","townhallAdress":"Le Village - 26160 - LA-TOUCHE"},{"text":"LAUX MONTAUX","href":"./26/laux-montaux.html","phone":"","email":"mairie.chauvac@wanadoo.fr","population":"8 habitants","website":"","townhallAdress":"Mairie - 26510 - LAUX-MONTAUX"},{"text":"LAVAL D AIX","href":"./26/laval-d-aix.html","phone":"04 75 21 83 23","email":"mairie.laval-daix@wanadoo.fr","population":"115 habitants","website":"","townhallAdress":"Le Village - 26150 - LAVAL-D'AIX"},{"text":"LAVEYRON","href":"./26/laveyron.html","phone":"04 75 23 02 69","email":"commune-de-laveyron@wanadoo.fr","population":"934 habitants","website":"","townhallAdress":"Domaine Ronceraie - 26240 - LAVEYRON"},{"text":"LE CHAFFAL","href":"./26/le-chaffal.html","phone":"04 75 44 77 22","email":"mairielechaffal@wanadoo.fr","population":"54 habitants","website":"","townhallAdress":"La Vacherie - 26190 - LE-CHAFFAL"},{"text":"LE CHALON","href":"./26/le-chalon.html","phone":"04 75 45 73 25","email":"le.chalon@cc-pays-romans.fr","population":"177 habitants","website":"","townhallAdress":"Le Village - 26350 - LE-CHALON"},{"text":"LE GRAND SERRE","href":"./26/le-grand-serre.html","phone":"04 75 68 83 71","email":"commune-du-grand-serre@orange.fr","population":"817 habitants","website":"","townhallAdress":"Le Bourg - 26530 - LE-GRAND-SERRE"},{"text":"LEMPS","href":"./26/lemps.html","phone":"04 75 27 85 01","email":"","population":"42 habitants","website":"","townhallAdress":"Le Village - 26510 - LEMPS"},{"text":"LENS LESTANG","href":"./26/lens-lestang.html","phone":"04 75 31 91 29","email":"lens-lestang@voila.fr","population":"805 habitants","website":"","townhallAdress":"Le Village - 26210 - LENS-LESTANG"},{"text":"LEONCEL","href":"./26/leoncel.html","phone":"04 75 41 04 68","email":"mairie.leoncel@wanadoo.fr","population":"48 habitants","website":"","townhallAdress":"Le Village - 26190 - LEONCEL"},{"text":"LE PEGUE","href":"./26/le-pegue.html","phone":"04 75 53 53 02","email":"mairie-le-pegue@wanadoo.fr","population":"390 habitants","website":"","townhallAdress":"Le Village - 26770 - LE-PEGUE"},{"text":"LE POET CELARD","href":"./26/le-poet-celard.html","phone":"04 75 53 37 47","email":"mairielepoetcelard@wanadoo.fr","population":"148 habitants","website":"","townhallAdress":"Le Village - 26460 - LE-POET-CELARD"},{"text":"LE POET EN PERCIP","href":"./26/le-poet-en-percip.html","phone":"04 75 28 01 00","email":"","population":"19 habitants","website":"","townhallAdress":"Le Village - 26170 - LE-POET-EN-PERCIP"},{"text":"LE POET LAVAL","href":"./26/le-poet-laval.html","phone":"04 75 46 44 12","email":"mairie.poet.laval@wanadoo.fr","population":"946 habitants","website":"","townhallAdress":"Le Village - 26160 - LE-POET-LAVAL"},{"text":"LE POET SIGILLAT","href":"./26/le-poet-sigillat.html","phone":"04 75 27 33 40","email":"mairie.dupoetsigillat@orange.fr","population":"114 habitants","website":"","townhallAdress":"Le Village - 26110 - LE-POET-SIGILLAT"},{"text":"LESCHES EN DIOIS","href":"./26/lesches-en-diois.html","phone":"04 75 21 41 86","email":"mairie.lesches-diois@orange.fr","population":"54 habitants","website":"","townhallAdress":"Le Village - 26310 - LESCHES-EN-DIOIS"},{"text":"LES GRANGES GONTARDES","href":"./26/les-granges-gontardes.html","phone":"04 75 98 50 80","email":"mairielesgrangesgontardes@wanadoo.fr","population":"589 habitants","website":"","townhallAdress":"Hôtel de Ville - 26290 - LES-GRANGES-GONTARDES"},{"text":"LES PILLES","href":"./26/les-pilles.html","phone":"04 75 27 71 80","email":"mairie.lespilles@orange.fr","population":"257 habitants","website":"","townhallAdress":"Le Village - 26110 - LES-PILLES"},{"text":"LES PRES","href":"./26/les-pres.html","phone":"04 75 21 48 50","email":"mairie.les.pres@orange.fr","population":"24 habitants","website":"","townhallAdress":"Le Village - 26310 - LES-PRES"},{"text":"LES TONILS","href":"./26/les-tonils.html","phone":"04 75 53 33 02","email":"lestonils@wanadoo.fr","population":"18 habitants","website":"","townhallAdress":"Le Village - 26460 - LES-TONILS"},{"text":"LES TOURRETTES","href":"./26/les-tourrettes.html","phone":"04 75 90 06 27","email":"mairie.les.tourrettes@orange.fr","population":"950 habitants","website":"","townhallAdress":"Place de la  Mairie - 26740 - LES-TOURRETTES"},{"text":"LIVRON SUR DROME","href":"./26/livron-sur-drome.html","phone":"04 75 61 74 66","email":"cabinet@mairie-livron.fr","population":"9160 habitants","website":"","townhallAdress":"90 Avenue Joseph Combier - 26250 - LIVRON-SUR-DROME"},{"text":"LORIOL SUR DROME","href":"./26/loriol-sur-drome.html","phone":"04 75 61 63 76","email":"mairie.loriol@wanadoo.fr","population":"5828 habitants","website":"","townhallAdress":"Grande Rue - 26270 - LORIOL-SUR-DROME"},{"text":"LUC EN DIOIS","href":"./26/luc-en-diois.html","phone":"04 75 21 31 01","email":"mairie.luc@wanadoo.fr","population":"538 habitants","website":"","townhallAdress":"Le Village - 26310 - LUC-EN-DIOIS"},{"text":"LUS LA CROIX HAUTE","href":"./26/lus-la-croix-haute.html","phone":"04 92 58 50 39","email":"mairie.luslacroixhaute@orange.fr","population":"494 habitants","website":"","townhallAdress":"Le Village - 26620 - LUS-LA-CROIX-HAUTE"},{"text":"MALATAVERNE","href":"./26/malataverne.html","phone":"04 75 90 69 00","email":"mairie.malataverne@wanadoo.fr","population":"1680 habitants","website":"","townhallAdress":"Le Village - 26780 - MALATAVERNE"},{"text":"MALISSARD","href":"./26/malissard.html","phone":"04 75 85 22 00","email":"contact.mairie@mairie-de-malissard.fr","population":"3272 habitants","website":"","townhallAdress":"6 rue Eglise - 26120 - MALISSARD"},{"text":"MANAS","href":"./26/manas.html","phone":"04 75 90 15 31","email":"mairiemanas@orange.fr","population":"175 habitants","website":"","townhallAdress":"Le Village - 26160 - MANAS"},{"text":"MANTHES","href":"./26/manthes.html","phone":"04 75 31 92 40","email":"mairiemanthes@wanadoo.fr","population":"638 habitants","website":"","townhallAdress":"Le Village - 26210 - MANTHES"},{"text":"MARCHES","href":"./26/marches.html","phone":"04 75 47 43 24","email":"mairiedemarches@wanadoo.fr","population":"732 habitants","website":"","townhallAdress":"Avenue Vercors - 26300 - MARCHES"},{"text":"MARGES","href":"./26/marges.html","phone":"04 75 45 60 63","email":"mairie.marges@wanadoo.fr","population":"867 habitants","website":"","townhallAdress":"Le Village - 26260 - MARGES"},{"text":"MARIGNAC EN DIOIS","href":"./26/marignac-en-diois.html","phone":"04 75 22 10 49","email":"marignac-mairie@orange.fr","population":"165 habitants","website":"","townhallAdress":"Le Village - 26150 - MARIGNAC-EN-DIOIS"},{"text":"MARSANNE","href":"./26/marsanne.html","phone":"04 75 90 32 79","email":"mairiedemarsanne@wanadoo.fr","population":"1267 habitants","website":"","townhallAdress":"Le Village - 26740 - MARSANNE"},{"text":"MARSAZ","href":"./26/marsaz.html","phone":"04 75 45 56 34","email":"mairiemarsaz@wanadoo.fr","population":"639 habitants","website":"","townhallAdress":"Le Village - 26260 - MARSAZ"},{"text":"MENGLON","href":"./26/menglon.html","phone":"04 75 21 15 70","email":"mairiedemenglon@wanadoo.fr","population":"406 habitants","website":"","townhallAdress":"Le Village - 26410 - MENGLON"},{"text":"MERCUROL","href":"./26/mercurol.html","phone":"04 75 07 40 05","email":"commune-de-mercurol@wanadoo.fr","population":"2127 habitants","website":"","townhallAdress":"Le Village - 26600 - MERCUROL"},{"text":"MERINDOL LES OLIVIERS","href":"./26/merindol-les-oliviers.html","phone":"04 75 28 73 91","email":"merindollesoliviers@numeo.fr","population":"197 habitants","website":"","townhallAdress":"Place Verdun - 26170 - MERINDOL-LES-OLIVIERS"},{"text":"MEVOUILLON","href":"./26/mevouillon.html","phone":"04 75 28 50 92","email":"mairie-mevouillon@numeo.fr","population":"216 habitants","website":"","townhallAdress":"Gresse - 26560 - MEVOUILLON"},{"text":"MIRABEL AUX BARONNIES","href":"./26/mirabel-aux-baronnies.html","phone":"04 75 27 15 09","email":"mairie.mirabel@wanadoo.fr","population":"1556 habitants","website":"","townhallAdress":"Rue Commune - 26110 - MIRABEL-AUX-BARONNIES"},{"text":"MIRABEL ET BLACONS","href":"./26/mirabel-et-blacons.html","phone":"04 75 40 00 66","email":"cnemirabeletblacons@wanadoo.fr","population":"925 habitants","website":"","townhallAdress":"Le Village - 26400 - MIRABEL-ET-BLACONS"},{"text":"MIRIBEL","href":"./26/miribel.html","phone":"04 75 71 71 16","email":"miribel@cc-pays-romans.fr","population":"250 habitants","website":"","townhallAdress":"Le Village - 26350 - MIRIBEL"},{"text":"MIRMANDE","href":"./26/mirmande.html","phone":"04 75 63 03 90","email":"","population":"525 habitants","website":"","townhallAdress":"Le Village - 26270 - MIRMANDE"},{"text":"MISCON","href":"./26/miscon.html","phone":"","email":"mairie.miscon@wanadoo.fr","population":"52 habitants","website":"","townhallAdress":"Le Village - 26310 - MISCON"},{"text":"MOLIERES GLANDAZ","href":"./26/molieres-glandaz.html","phone":"04 75 21 84 88","email":"mairie.molieresglandaz@wanadoo.fr","population":"120 habitants","website":"","townhallAdress":"Bas du Village - 26150 - MOLIERES-GLANDAZ"},{"text":"MOLLANS SUR OUVEZE","href":"./26/mollans-sur-ouveze.html","phone":"04 75 28 70 15","email":"mairiemollan@wanadoo.fr","population":"1012 habitants","website":"","townhallAdress":"Le Village - 26170 - MOLLANS-SUR-OUVEZE"},{"text":"MONTAUBAN SUR L OUVEZE","href":"./26/montauban-sur-l-ouveze.html","phone":"04 75 28 61 34","email":"comontaub@numeo.fr","population":"130 habitants","website":"","townhallAdress":"Ville Vieille - 26170 - MONTAUBAN-SUR-L'OUVEZE"},{"text":"MONTAULIEU","href":"./26/montaulieu.html","phone":"04 75 27 41 67","email":"montaulieu.mairie@numeo.fr","population":"79 habitants","website":"","townhallAdress":"Le Village - 26110 - MONTAULIEU"},{"text":"MONTBOUCHER SUR JABRON","href":"./26/montboucher-sur-jabron.html","phone":"04 75 46 08 14","email":"mairie.montboucher@orange.fr","population":"2120 habitants","website":"","townhallAdress":"12, Rue Fortuné Jacquier - 26740 - MONTBOUCHER-SUR-JABRON"},{"text":"MONTBRISON","href":"./26/montbrison.html","phone":"04 75 53 57 10","email":"mairie@ville-montbrison.fr","population":"312 habitants","website":"","townhallAdress":"Le Village - 26770 - MONTBRISON"},{"text":"MONTBRUN LES BAINS","href":"./26/montbrun-les-bains.html","phone":"04 75 28 80 42","email":"mairie.montbrunlesbains@nordnet.fr","population":"458 habitants","website":"","townhallAdress":"Le Village - 26570 - MONTBRUN-LES-BAINS"},{"text":"MONTCHENU","href":"./26/montchenu.html","phone":"04 75 45 63 59","email":"mairie-montchenu@orange.fr","population":"567 habitants","website":"","townhallAdress":"Le Village - 26350 - MONTCHENU"},{"text":"MONTCLAR SUR GERVANNE","href":"./26/montclar-sur-gervanne.html","phone":"04 75 76 42 27","email":"mairie.montclar.gervanne@wanadoo.fr","population":"189 habitants","website":"","townhallAdress":"Le Village - 26400 - MONTCLAR-SUR-GERVANNE"},{"text":"MONTELEGER","href":"./26/monteleger.html","phone":"04 75 59 50 18","email":"mairie.monteleger@wanadoo.fr","population":"2007 habitants","website":"","townhallAdress":"4 cours des Platanes - 26760 - MONTELEGER"},{"text":"MONTELIER","href":"./26/montelier.html","phone":"04 75 59 93 93","email":"mairie-montelier@wanadoo.fr","population":"3445 habitants","website":"","townhallAdress":"10 Avenue Vercors - 26120 - MONTELIER"},{"text":"MONTELIMAR","href":"./26/montelimar.html","phone":"04 75 00 25 00","email":"cellule.cabinet@mairie-montelimar.fr","population":"35988 habitants","website":"","townhallAdress":"Place Emile Loubet - 26200 - MONTELIMAR"},{"text":"MONTFERRAND LA FARE","href":"./26/montferrand-la-fare.html","phone":"04 75 27 81 16","email":"mairie.montferrand@wanadoo.fr","population":"53 habitants","website":"","townhallAdress":"Le Verger - 26510 - MONTFERRAND-LA-FARE"},{"text":"MONTFROC","href":"./26/montfroc.html","phone":"04 92 62 03 95","email":"mairiemontfroc@orange.fr","population":"83 habitants","website":"","townhallAdress":"Le Village - 26560 - MONTFROC"},{"text":"MONTGUERS","href":"./26/montguers.html","phone":"04 75 28 61 05","email":"montguers@wanadoo.fr","population":"58 habitants","website":"","townhallAdress":"Montguers Haut - 26170 - MONTGUERS"},{"text":"MONTJOUX","href":"./26/montjoux.html","phone":"04 75 46 44 15","email":"mairie.mairie-de-montjoux@orange.fr","population":"317 habitants","website":"","townhallAdress":"Hameau Paillette - 26220 - MONTJOUX"},{"text":"MONTJOYER","href":"./26/montjoyer.html","phone":"04 75 98 53 24","email":"mairie.montjoyer@wanadoo.fr","population":"286 habitants","website":"","townhallAdress":"Le Village - 26230 - MONTJOYER"},{"text":"MONTLAUR EN DIOIS","href":"./26/montlaur-en-diois.html","phone":"04 75 21 35 62","email":"mairiemontlaur@wanadoo.fr","population":"152 habitants","website":"","townhallAdress":"Village - 26310 - MONTLAUR-EN-DIOIS"},{"text":"MONTMAUR EN DIOIS","href":"./26/montmaur-en-diois.html","phone":"04 75 21 80 20","email":"montmaur-en-diois.mairie@orange.fr","population":"85 habitants","website":"","townhallAdress":"Hameau Nals - 26150 - MONTMAUR-EN-DIOIS"},{"text":"MONTMEYRAN","href":"./26/montmeyran.html","phone":"04 75 59 30 26","email":"mairie-montmeyran@wanadoo.fr","population":"2854 habitants","website":"","townhallAdress":"6 Place Mairie - 26120 - MONTMEYRAN"},{"text":"MONTMIRAL","href":"./26/montmiral.html","phone":"04 75 02 72 17","email":"montmiral@cc-pays-romans.fr","population":"632 habitants","website":"","townhallAdress":"Le Village - 26750 - MONTMIRAL"},{"text":"MONTOISON","href":"./26/montoison.html","phone":"04 75 84 41 67","email":"mairie.montoison@wanadoo.fr","population":"1739 habitants","website":"","townhallAdress":"Le Village - 26800 - MONTOISON"},{"text":"MONTREAL LES SOURCES","href":"./26/montreal-les-sources.html","phone":"04 75 27 43 28","email":"mairiedemontreal@wanadoo.fr","population":"29 habitants","website":"","townhallAdress":"Le Village - 26510 - MONTREAL-LES-SOURCES"},{"text":"MONTRIGAUD","href":"./26/montrigaud.html","phone":"04 75 71 71 20","email":"montrigaud@cc-pays-romans.fr","population":"505 habitants","website":"","townhallAdress":"Le Village - 26350 - MONTRIGAUD"},{"text":"MONTSEGUR SUR LAUZON","href":"./26/montsegur-sur-lauzon.html","phone":"04 75 98 10 73","email":"mairie-montsegur.sur.lauzon@wanadoo.fr","population":"1183 habitants","website":"","townhallAdress":"Le Village - 26130 - MONTSEGUR-SUR-LAUZON"},{"text":"MONTVENDRE","href":"./26/montvendre.html","phone":"04 75 59 06 13","email":"mairie.montvendre@wanadoo.fr","population":"1032 habitants","website":"","townhallAdress":"Le Village - 26120 - MONTVENDRE"},{"text":"MORAS EN VALLOIRE","href":"./26/moras-en-valloire.html","phone":"04 75 31 94 71","email":"mairie.moras@wanadoo.fr","population":"626 habitants","website":"","townhallAdress":"Le Village - 26210 - MORAS-EN-VALLOIRE"},{"text":"MORNANS","href":"./26/mornans.html","phone":"04 75 53 30 56","email":"mairie.mornans@wanadoo.fr","population":"70 habitants","website":"","townhallAdress":"Le Village - 26460 - MORNANS"},{"text":"MOURS SAINT EUSEBE","href":"./26/mours-saint-eusebe.html","phone":"04 75 02 17 73","email":"mours.st.eusebe@cc-pays-romans.fr","population":"2514 habitants","website":"","townhallAdress":"Place de la Mairie - 26540 - MOURS-SAINT-EUSEBE"},{"text":"MUREILS","href":"./26/mureils.html","phone":"04 75 68 40 93","email":"mairie.mureils@laposte.net","population":"350 habitants","website":"","townhallAdress":"Village - 26240 - MUREILS"},{"text":"NYONS","href":"./26/nyons.html","phone":"04 75 26 50 00","email":"mairiedenyons@nyons.com","population":"7355 habitants","website":"","townhallAdress":"Place Joseph Buffaven - 26110 - NYONS"},{"text":"OMBLEZE","href":"./26/ombleze.html","phone":"04 75 76 45 26","email":"mairie-ombleze@wanadoo.fr","population":"73 habitants","website":"","townhallAdress":"Le Village - 26400 - OMBLEZE"},{"text":"ORCINAS","href":"./26/orcinas.html","phone":"04 75 46 83 21","email":"mairie-orcinas@orange.fr","population":"28 habitants","website":"","townhallAdress":"Quartier de la  Tour - 26220 - ORCINAS"},{"text":"ORIOL EN ROYANS","href":"./26/oriol-en-royans.html","phone":"04 75 48 64 97","email":"commune.oriol-en-roya@akeonet.com","population":"521 habitants","website":"","townhallAdress":"Le Village - 26190 - ORIOL-EN-ROYANS"},{"text":"OURCHES","href":"./26/ourches.html","phone":"04 75 60 30 06","email":"mairie.ourches@wanadoo.fr","population":"210 habitants","website":"","townhallAdress":"Le Village - 26120 - OURCHES"},{"text":"PARNANS","href":"./26/parnans.html","phone":"04 75 45 31 77","email":"parnans@cc-pays-romans.fr","population":"632 habitants","website":"","townhallAdress":"Le Village - 26750 - PARNANS"},{"text":"PELONNE","href":"./26/pelonne.html","phone":"04 75 27 84 60","email":"","population":"19 habitants","website":"","townhallAdress":"Le Village - 26510 - PELONNE"},{"text":"PENNES LE SEC","href":"./26/pennes-le-sec.html","phone":"04 75 21 72 90","email":"penneslesecmairie@wanadoo.fr","population":"19 habitants","website":"","townhallAdress":"Pennes - 26340 - PENNES-LE-SEC"},{"text":"PEYRINS","href":"./26/peyrins.html","phone":"04 75 02 74 11","email":"peyrins@cc-pays-romans.fr","population":"2551 habitants","website":"","townhallAdress":"Le Village - 26380 - PEYRINS"},{"text":"PEYRUS","href":"./26/peyrus.html","phone":"04 75 59 81 82","email":"mairie.peyrus@wanadoo.fr","population":"617 habitants","website":"","townhallAdress":"Le Village - 26120 - PEYRUS"},{"text":"PIEGON","href":"./26/piegon.html","phone":"04 75 27 14 70","email":"mairie.piegon@wanadoo.fr","population":"250 habitants","website":"","townhallAdress":"Le Village - 26110 - PIEGON"},{"text":"PIEGROS LA CLASTRE","href":"./26/piegros-la-clastre.html","phone":"04 75 40 01 04","email":"mairie.piegroslaclastre@wanadoo.fr","population":"887 habitants","website":"","townhallAdress":"Place de la Fontaine - 26400 - PIEGROS-LA-CLASTRE"},{"text":"PIERRELATTE","href":"./26/pierrelatte.html","phone":"04 75 96 97 00","email":"mairie@ville-pierrelatte.fr","population":"12961 habitants","website":"","townhallAdress":"Avenue Jean Perrin - 26700 - PIERRELATTE"},{"text":"PIERRELONGUE","href":"./26/pierrelongue.html","phone":"04 75 28 74 96","email":"mairie.pierrelongue@wanadoo.fr","population":"177 habitants","website":"","townhallAdress":"Le Village - 26170 - PIERRELONGUE"},{"text":"PLAISIANS","href":"./26/plaisians.html","phone":"04 75 28 06 01","email":"mairie-plaisians@numeo.fr","population":"195 habitants","website":"","townhallAdress":"Le Village - 26170 - PLAISIANS"},{"text":"PLAN DE BAIX","href":"./26/plan-de-baix.html","phone":"04 75 76 42 31","email":"","population":"144 habitants","website":"","townhallAdress":"Le Village - 26400 - PLAN-DE-BAIX"},{"text":"POMMEROL","href":"./26/pommerol.html","phone":"04 75 05 05 43","email":"","population":"19 habitants","website":"","townhallAdress":"Mairie - 26470 - POMMEROL"},{"text":"PONET ET SAINT AUBAN","href":"./26/ponet-et-saint-auban.html","phone":"04 75 22 26 06","email":"Mairie.PONET.AUBAN@wanadoo.fr","population":"126 habitants","website":"","townhallAdress":"Le Village - 26150 - PONET-ET-SAINT-AUBAN"},{"text":"PONSAS","href":"./26/ponsas.html","phone":"04 75 23 00 39","email":"","population":"450 habitants","website":"","townhallAdress":"Le Village - 26240 - PONSAS"},{"text":"PONTAIX","href":"./26/pontaix.html","phone":"04 75 21 23 37","email":"mairie.pontaix@wanadoo.fr","population":"171 habitants","website":"","townhallAdress":"Le Village - 26150 - PONTAIX"},{"text":"PONT DE BARRET","href":"./26/pont-de-barret.html","phone":"04 75 90 12 38","email":"commune.pontdebarret@wanadoo.fr","population":"563 habitants","website":"","townhallAdress":"Le Village - 26160 - PONT-DE-BARRET"},{"text":"PONT DE L ISERE","href":"./26/pont-de-l-isere.html","phone":"04 75 84 60 13","email":"mairie-de-pont-de-lisere@wanadoo.fr","population":"2664 habitants","website":"","townhallAdress":"Place de la Mairie - 26600 - PONT-DE-L'ISERE"},{"text":"PORTES EN VALDAINE","href":"./26/portes-en-valdaine.html","phone":"04 75 46 22 94","email":"MAIRIE.DE.PORTES.EN.VALDAINE@wanadoo.fr","population":"403 habitants","website":"","townhallAdress":"Le Village - 26160 - PORTES-EN-VALDAINE"},{"text":"PORTES LES VALENCE","href":"./26/portes-les-valence.html","phone":"04 75 57 95 00","email":"mbayoud@ville-portes-les-valence.fr","population":"9455 habitants","website":"","townhallAdress":"Place de la République - 26800 - PORTES-LES-VALENCE"},{"text":"POYOLS","href":"./26/poyols.html","phone":"04 75 21 36 15","email":"poyols@wanadoo.fr","population":"78 habitants","website":"","townhallAdress":"Le Village - 26310 - POYOLS"},{"text":"PRADELLE","href":"./26/pradelle.html","phone":"04 75 21 77 17","email":"","population":"20 habitants","website":"","townhallAdress":"Le Village - 26340 - PRADELLE"},{"text":"PROPIAC","href":"./26/propiac.html","phone":"04 75 28 10 43","email":"mairie.propiac@wanadoo.fr","population":"108 habitants","website":"","townhallAdress":"Le Village - 26170 - PROPIAC"},{"text":"PUYGIRON","href":"./26/puygiron.html","phone":"04 75 53 84 97","email":"mairie-puygiron@wanadoo.fr","population":"426 habitants","website":"","townhallAdress":"Place - 26160 - PUYGIRON"},{"text":"PUY SAINT MARTIN","href":"./26/puy-saint-martin.html","phone":"04 75 90 16 70","email":"mairie.puy.st.martin@wanadoo.fr","population":"856 habitants","website":"","townhallAdress":"Le Village - 26450 - PUY-SAINT-MARTIN"},{"text":"RATIERES","href":"./26/ratieres.html","phone":"04 75 68 63 13","email":"mairiederatieres@wanadoo.fr","population":"283 habitants","website":"","townhallAdress":"Le Village - 26330 - RATIERES"},{"text":"REAUVILLE","href":"./26/reauville.html","phone":"04 75 98 51 16","email":"mairie.reauville@wanadoo.fr","population":"380 habitants","website":"","townhallAdress":"Le Village - 26230 - REAUVILLE"},{"text":"RECOUBEAU JANSAC","href":"./26/recoubeau-jansac.html","phone":"04 75 21 35 97","email":"recoubeaujansac@free.fr","population":"236 habitants","website":"","townhallAdress":"Le Village - 26310 - RECOUBEAU-JANSAC"},{"text":"REILHANETTE","href":"./26/reilhanette.html","phone":"04 75 28 82 05","email":"mairiereilhanette@nordnet.fr","population":"154 habitants","website":"","townhallAdress":"Le Village - 26570 - REILHANETTE"},{"text":"REMUZAT","href":"./26/remuzat.html","phone":"04 75 27 85 78","email":"mairie.remuzat@libertysurf.fr","population":"321 habitants","website":"","townhallAdress":"Le Village - 26510 - REMUZAT"},{"text":"RIMON ET SAVEL","href":"./26/rimon-et-savel.html","phone":"04 75 21 73 47","email":"communedevercheny@wanadoo.fr","population":"32 habitants","website":"","townhallAdress":"Mairie - 26340 - RIMON-ET-SAVEL"},{"text":"RIOMS","href":"./26/rioms.html","phone":"04 75 28 60 42","email":"mairie.rioms@orange.fr","population":"24 habitants","website":"","townhallAdress":"Fontenouille - 26170 - RIOMS"},{"text":"ROCHEBAUDIN","href":"./26/rochebaudin.html","phone":"04 75 90 16 58","email":"mairie.rochebaudin@wanadoo.fr","population":"127 habitants","website":"","townhallAdress":"Le Village - 26160 - ROCHEBAUDIN"},{"text":"ROCHEBRUNE","href":"./26/rochebrune.html","phone":"09.62.04.77.20","email":"mairie-rochebrune@orange.fr","population":"46 habitants","website":"","townhallAdress":"Le Village - 26110 - ROCHEBRUNE"},{"text":"ROCHECHINARD","href":"./26/rochechinard.html","phone":"04 75 48 65 87","email":"mairie.rochechinard@wanadoo.fr","population":"115 habitants","website":"","townhallAdress":"Le Village - 26190 - ROCHECHINARD"},{"text":"ROCHEFORT EN VALDAINE","href":"./26/rochefort-en-valdaine.html","phone":"04 75 53 83 12","email":"mairie-rochefort2@wanadoo.fr","population":"362 habitants","website":"","townhallAdress":"Le Village - 26160 - ROCHEFORT-EN-VALDAINE"},{"text":"ROCHEFORT SAMSON","href":"./26/rochefort-samson.html","phone":"04 75 47 41 48","email":"rochefort-samson.mairie@wanadoo.fr","population":"952 habitants","website":"","townhallAdress":"Le Village - 26300 - ROCHEFORT-SAMSON"},{"text":"ROCHEFOURCHAT","href":"./26/rochefourchat.html","phone":"04 75 22 12 88","email":"","population":"1 habitants","website":"","townhallAdress":"Mairie - 26340 - ROCHEFOURCHAT"},{"text":"ROCHEGUDE","href":"./26/rochegude.html","phone":"04 75 04 81 12","email":"mairie@rochegude.fr","population":"1460 habitants","website":"","townhallAdress":"Le Village - 26790 - ROCHEGUDE"},{"text":"ROCHE SAINT SECRET BECONNE","href":"./26/roche-saint-secret-beconne.html","phone":"04 75 53 50 84","email":"mairie.rochestsecret@orange.fr","population":"372 habitants","website":"","townhallAdress":"Le Village - 26770 - ROCHE-SAINT-SECRET-BECONNE"},{"text":"ROMANS SUR ISERE","href":"./26/romans-sur-isere.html","phone":"04 75 05 51 51","email":"com@ville-romans26.fr","population":"33967 habitants","website":"","townhallAdress":"Place Jules Nadi - 26100 - ROMANS-SUR-ISERE"},{"text":"ROMEYER","href":"./26/romeyer.html","phone":"04 75 22 22 58","email":"mairie.romeyer@orange.fr","population":"217 habitants","website":"","townhallAdress":"Le Village - 26150 - ROMEYER"},{"text":"ROTTIER","href":"./26/rottier.html","phone":"04 75 27 25 41","email":"mairie.rottier@wanadoo.fr","population":"30 habitants","website":"","townhallAdress":"Le Moulin - 26470 - ROTTIER"},{"text":"ROUSSAS","href":"./26/roussas.html","phone":"04 75 98 54 24","email":"mairie.roussas@wanadoo.fr","population":"351 habitants","website":"","townhallAdress":"Le Village - 26230 - ROUSSAS"},{"text":"ROUSSET LES VIGNES","href":"./26/rousset-les-vignes.html","phone":"04 75 27 94 99","email":"mairie.roussetlesvignes@wanadoo.fr","population":"307 habitants","website":"","townhallAdress":"Le Village - 26770 - ROUSSET-LES-VIGNES"},{"text":"ROUSSIEUX","href":"./26/roussieux.html","phone":"04 75 27 82 88","email":"mairie.roussieux@gmail.com","population":"25 habitants","website":"","townhallAdress":"La Ville - 26510 - ROUSSIEUX"},{"text":"ROYNAC","href":"./26/roynac.html","phone":"04 75 90 47 75","email":"mairie.roynac@orange.fr","population":"429 habitants","website":"","townhallAdress":"Le Village - 26450 - ROYNAC"},{"text":"SAHUNE","href":"./26/sahune.html","phone":"04 75 27 40 40","email":"mairie.sahune@wanadoo.fr","population":"310 habitants","website":"","townhallAdress":"Le Village - 26510 - SAHUNE"},{"text":"SAILLANS","href":"./26/saillans.html","phone":"04 75 21 51 52","email":"mairie-saillans@wanadoo.fr","population":"1023 habitants","website":"","townhallAdress":"Place Maurice Faure - 26340 - SAILLANS"},{"text":"SAINT AGNAN EN VERCORS","href":"./26/saint-agnan-en-vercors.html","phone":"04 75 48 20 67","email":"mairie.saint.agnan.vercors@wanadoo.fr","population":"402 habitants","website":"","townhallAdress":"Le Village - 26420 - SAINT-AGNAN-EN-VERCORS"},{"text":"SAINT ANDEOL","href":"./26/saint-andeol.html","phone":"04 75 21 23 18","email":"mairie.standeol26@orange.fr","population":"54 habitants","website":"","townhallAdress":"Saint Etienne - 26150 - SAINT-ANDEOL"},{"text":"SAINT AUBAN SUR L OUVEZE","href":"./26/saint-auban-sur-l-ouveze.html","phone":"04 75 28 60 19","email":"mairie.saint-auban@orange.fr","population":"206 habitants","website":"","townhallAdress":"Le Village - 26170 - SAINT-AUBAN-SUR-L'OUVEZE"},{"text":"SAINT AVIT","href":"./26/saint-avit.html","phone":"04 75 68 63 31","email":"mairie.stavit@wanadoo.fr","population":"315 habitants","website":"","townhallAdress":"Le Village - 26330 - SAINT-AVIT"},{"text":"SAINT BARDOUX","href":"./26/saint-bardoux.html","phone":"04 75 71 57 98","email":"st.bardoux@cc-pays-romans.fr","population":"633 habitants","website":"","townhallAdress":"Le Village - 26260 - SAINT-BARDOUX"},{"text":"SAINT BARTHELEMY DE VALS","href":"./26/saint-barthelemy-de-vals.html","phone":"04 75 03 22 19","email":"ma-stbar@inforoutes-ardeche.fr","population":"1828 habitants","website":"","townhallAdress":"Le Village - 26240 - SAINT-BARTHELEMY-DE-VALS"},{"text":"SAINT BENOIT EN DIOIS","href":"./26/saint-benoit-en-diois.html","phone":"0475215113","email":"","population":"43 habitants","website":"","townhallAdress":"Le Village - 26340 - SAINT-BENOIT-EN-DIOIS"},{"text":"SAINT BONNET DE VALCLERIEUX","href":"./26/saint-bonnet-de-valclerieux.html","phone":"04 75 71 70 18","email":"mairie@stbonnet.fr","population":"213 habitants","website":"","townhallAdress":"Le Village - 26350 - SAINT-BONNET-DE-VALCLERIEUX"},{"text":"SAINT CHRISTOPHE ET LE LARIS","href":"./26/saint-christophe-et-le-laris.html","phone":"04 75 45 61 88","email":"mairie-stchristophe-laris@orange.fr","population":"401 habitants","website":"","townhallAdress":"Le Village - 26350 - SAINT-CHRISTOPHE-ET-LE-LARIS"},{"text":"SAINT DIZIER EN DIOIS","href":"./26/saint-dizier-en-diois.html","phone":"04 75 21 47 88","email":"mairie.saint-dizier-en-diois@wanadoo.fr","population":"37 habitants","website":"","townhallAdress":"Le Village - 26310 - SAINT-DIZIER-EN-DIOIS"},{"text":"SAINT DONAT SUR L HERBASSE","href":"./26/saint-donat-sur-l-herbasse.html","phone":"04 75 45 10 32","email":"usagers@ville-st-donat.fr","population":"3566 habitants","website":"","townhallAdress":"11 rue Pasteur - 26260 - SAINT-DONAT-SUR-L'HERBASSE"},{"text":"SAINTE CROIX","href":"./26/sainte-croix.html","phone":"04 75 21 22 46","email":"mairiedesaintecroix@orange.fr","population":"94 habitants","website":"","townhallAdress":"Le Village - 26150 - SAINTE-CROIX"},{"text":"SAINTE EULALIE EN ROYANS","href":"./26/sainte-eulalie-en-royans.html","phone":"04 75 48 68 87","email":"commune-ste-eulalie-en-royans@orange.fr","population":"518 habitants","website":"","townhallAdress":"Le Village - 26190 - SAINTE-EULALIE-EN-ROYANS"},{"text":"SAINTE EUPHEMIE SUR OUVEZE","href":"./26/sainte-euphemie-sur-ouveze.html","phone":"04 75 28 60 26","email":"mairie-ste-euphemie@numeo.fr","population":"102 habitants","website":"","townhallAdress":"Le Village - 26170 - SAINTE-EUPHEMIE-SUR-OUVEZE"},{"text":"SAINTE JALLE","href":"./26/sainte-jalle.html","phone":"04 75 27 32 78","email":"mairie@sainte-jalle.fr","population":"282 habitants","website":"","townhallAdress":"Le Village - 26110 - SAINTE-JALLE"},{"text":"SAINT FERREOL TRENTE PAS","href":"./26/saint-ferreol-trente-pas.html","phone":"04 75 27 72 52","email":"mairiesaintfe@orange.fr","population":"240 habitants","website":"","townhallAdress":"Le Village - 26110 - SAINT-FERREOL-TRENTE-PAS"},{"text":"SAINT GERVAIS SUR ROUBION","href":"./26/saint-gervais-sur-roubion.html","phone":"04 75 53 82 22","email":"contact@mairiedesaintgervaissurroubion.fr","population":"784 habitants","website":"","townhallAdress":"3, Rue des Terrasses - 26160 - SAINT-GERVAIS-SUR-ROUBION"},{"text":"SAINT JEAN EN ROYANS","href":"./26/saint-jean-en-royans.html","phone":"04 75 47 75 99","email":"mairie.stjeanroyans@wanadoo.fr","population":"3101 habitants","website":"","townhallAdress":"Place Hôtel de Ville - 26190 - SAINT-JEAN-EN-ROYANS"},{"text":"SAINT JULIEN EN QUINT","href":"./26/saint-julien-en-quint.html","phone":"04 75 45 52 23","email":"mairie.saint.julien@wanadoo.fr","population":"132 habitants","website":"","townhallAdress":"Le Village - 26150 - SAINT-JULIEN-EN-QUINT"},{"text":"SAINT JULIEN EN VERCORS","href":"./26/saint-julien-en-vercors.html","phone":"04 75 45 52 23","email":"mairie.stjulienenvercors@wanadoo.fr","population":"228 habitants","website":"","townhallAdress":"Le Village - 26420 - SAINT-JULIEN-EN-VERCORS"},{"text":"SAINT LAURENT D ONAY","href":"./26/saint-laurent-d-onay.html","phone":"04 75 71 72 18","email":"st.laurent.onay@cc-pays-romans.fr","population":"132 habitants","website":"","townhallAdress":"Le Village - 26350 - SAINT-LAURENT-D'ONAY"},{"text":"SAINT LAURENT EN ROYANS","href":"./26/saint-laurent-en-royans.html","phone":"04 75 48 65 06","email":"mairie-stlaurentenroyans@wanadoo.fr","population":"1394 habitants","website":"","townhallAdress":"Place de la Mairie - 26190 - SAINT-LAURENT-EN-ROYANS"},{"text":"SAINT MARCEL LES SAUZET","href":"./26/saint-marcel-les-sauzet.html","phone":"04 75 46 70 24","email":"mairie-stmarcel-sauzet@orange.fr","population":"1177 habitants","website":"","townhallAdress":"Le Village - 26740 - SAINT-MARCEL-LES-SAUZET"},{"text":"SAINT MARCEL LES VALENCE","href":"./26/saint-marcel-les-valence.html","phone":"04 75 58 70 03","email":"mairiesmlv@wanadoo.fr","population":"4880 habitants","website":"","townhallAdress":"Place Mairie - 26320 - SAINT-MARCEL-LES-VALENCE"},{"text":"SAINT MARTIN D AOUT","href":"./26/saint-martin-d-aout.html","phone":"04 75 68 63 93","email":"mairie.stmartin-daout@orange.fr","population":"380 habitants","website":"","townhallAdress":"Rue des Peupliers - 26330 - SAINT-MARTIN-D'AOUT"},{"text":"SAINT MARTIN EN VERCORS","href":"./26/saint-martin-en-vercors.html","phone":"04 75 45 51 68","email":"mairie-saint-martin@wanadoo.fr","population":"408 habitants","website":"","townhallAdress":"Place du Tilleul - 26420 - SAINT-MARTIN-EN-VERCORS"},{"text":"SAINT MARTIN LE COLONEL","href":"./26/saint-martin-le-colonel.html","phone":"04 75 47 53 81","email":"saint-martin-le-colonel@orange.fr","population":"191 habitants","website":"","townhallAdress":"Le Village - 26190 - SAINT-MARTIN-LE-COLONEL"},{"text":"SAINT MAURICE SUR EYGUES","href":"./26/saint-maurice-sur-eygues.html","phone":"04 75 27 60 61","email":"mairie.stmaurice.eygues@wanadoo.fr","population":"641 habitants","website":"","townhallAdress":"Place Mairie - 26110 - SAINT-MAURICE-SUR-EYGUES"},{"text":"SAINT MAY","href":"./26/saint-may.html","phone":"04 75 27 86 17","email":"mairie.saintmay@libertysurf.fr","population":"50 habitants","website":"","townhallAdress":"Le Village - 26510 - SAINT-MAY"},{"text":"SAINT MICHEL SUR SAVASSE","href":"./26/saint-michel-sur-savasse.html","phone":"04 75 02 63 48","email":"st.michel.sur.savasse@cc-pays-romans.fr","population":"512 habitants","website":"","townhallAdress":"Le Village - 26750 - SAINT-MICHEL-SUR-SAVASSE"},{"text":"SAINT NAZAIRE EN ROYANS","href":"./26/saint-nazaire-en-royans.html","phone":"04 75 48 40 63","email":"mairie-stnazaire@wanadoo.fr","population":"713 habitants","website":"","townhallAdress":"Le Village - 26190 - SAINT-NAZAIRE-EN-ROYANS"},{"text":"SAINT NAZAIRE LE DESERT","href":"./26/saint-nazaire-le-desert.html","phone":"04 75 27 51 85","email":"mairie-st-nazaire-le-desert@wanadoo.fr","population":"141 habitants","website":"","townhallAdress":"Le Village - 26340 - SAINT-NAZAIRE-LE-DESERT"},{"text":"SAINT PANTALEON LES VIGNES","href":"./26/saint-pantaleon-les-vignes.html","phone":"04 75 27 90 83","email":"mairie.stpantaleonlesvignes@wanadoo.fr","population":"447 habitants","website":"","townhallAdress":"Le Village - 26770 - SAINT-PANTALEON-LES-VIGNES"},{"text":"SAINT PAUL LES ROMANS","href":"./26/saint-paul-les-romans.html","phone":"04 75 45 30 98","email":"st.paul.les.romans@cc-pays-romans.fr","population":"1732 habitants","website":"","townhallAdress":"Rue de la Mairie - 26750 - SAINT-PAUL-LES-ROMANS"},{"text":"SAINT PAUL TROIS CHATEAUX","href":"./26/saint-paul-trois-chateaux.html","phone":"04 75 96 78 78","email":"cabinetmaire@mairie-saintpaultroischateaux.fr","population":"8780 habitants","website":"","townhallAdress":"Place Castellane - 26130 - SAINT-PAUL-TROIS-CHATEAUX"},{"text":"SAINT RAMBERT D ALBON","href":"./26/saint-rambert-d-albon.html","phone":"04 75 31 01 92","email":"contact@mairie-st-rambert.fr","population":"5262 habitants","website":"","townhallAdress":"Rue de la Mairie - 26140 - SAINT-RAMBERT-D'ALBON"},{"text":"SAINT RESTITUT","href":"./26/saint-restitut.html","phone":"04 75 04 71 71","email":"","population":"1426 habitants","website":"","townhallAdress":"Le Village - 26130 - SAINT-RESTITUT"},{"text":"SAINT ROMAN","href":"./26/saint-roman.html","phone":"04 75 21 81 40","email":"mairie.saintroman26@wanadoo.fr","population":"164 habitants","website":"","townhallAdress":"Le Village - 26410 - SAINT-ROMAN"},{"text":"SAINT SAUVEUR EN DIOIS","href":"./26/saint-sauveur-en-diois.html","phone":"04 75 21 51 13","email":"","population":"61 habitants","website":"","townhallAdress":"Mairie - 26340 - SAINT-SAUVEUR-EN-DIOIS"},{"text":"SAINT SAUVEUR GOUVERNET","href":"./26/saint-sauveur-gouvernet.html","phone":"04 75 27 32 80","email":"mairiesaintsauveurgouvernet@numeo.fr","population":"216 habitants","website":"","townhallAdress":"Le Village - 26110 - SAINT-SAUVEUR-GOUVERNET"},{"text":"SAINT SORLIN EN VALLOIRE","href":"./26/saint-sorlin-en-valloire.html","phone":"04 75 31 70 18","email":"mairie-st-sorlin@wanadoo.fr","population":"1917 habitants","website":"","townhallAdress":"Le Village - 26210 - SAINT-SORLIN-EN-VALLOIRE"},{"text":"SAINT THOMAS EN ROYANS","href":"./26/saint-thomas-en-royans.html","phone":"04 75 48 62 67","email":"mairie-st-thomas@orange.fr","population":"521 habitants","website":"","townhallAdress":"Le Village - 26190 - SAINT-THOMAS-EN-ROYANS"},{"text":"SAINT UZE","href":"./26/saint-uze.html","phone":"04 75 03 25 96","email":"mairie.saint-uze@wanadoo.fr","population":"1868 habitants","website":"","townhallAdress":"Place de la Mairie - 26240 - SAINT-UZE"},{"text":"SAINT VALLIER","href":"./26/saint-vallier.html","phone":"04 75 23 07 66","email":"sylvie.veyrand@saintvallier.com","population":"4129 habitants","website":"","townhallAdress":"36 place de l'Hôtel de Ville - 26240 - SAINT-VALLIER"},{"text":"SAINT VINCENT LA COMMANDERIE","href":"./26/saint-vincent-la-commanderie.html","phone":"04 75 59 82 04","email":"mairie.st-vincent-commanderie@wanadoo.fr","population":"421 habitants","website":"","townhallAdress":"Le Village - 26300 - SAINT-VINCENT-LA-COMMANDERIE"},{"text":"SALETTES","href":"./26/salettes.html","phone":"04 75 90 48 97","email":"mairie.salettes@wanadoo.fr","population":"124 habitants","website":"","townhallAdress":"Le Village - 26160 - SALETTES"},{"text":"SALLES SOUS BOIS","href":"./26/salles-sous-bois.html","phone":"04 75 53 55 38","email":"mairie.salles.sous.bois@wanadoo.fr","population":"215 habitants","website":"","townhallAdress":"Le Village - 26770 - SALLES-SOUS-BOIS"},{"text":"SAOU","href":"./26/saou.html","phone":"04 75 76 00 43","email":"communesaou@wanadoo.fr","population":"525 habitants","website":"","townhallAdress":"Route de la forêt - 26400 - SAOU"},{"text":"SAULCE SUR RHONE","href":"./26/saulce-sur-rhone.html","phone":"04 75 63 00 20","email":"dgs@saulce.com","population":"1707 habitants","website":"","townhallAdress":"12 Avenue Dauphiné - 26270 - SAULCE-SUR-RHONE"},{"text":"SAUZET","href":"./26/sauzet.html","phone":"04 75 46 72 22","email":"commune.sauzet@wanadoo.fr","population":"1946 habitants","website":"","townhallAdress":"Le Village - 26740 - SAUZET"},{"text":"SAVASSE","href":"./26/savasse.html","phone":"04 75 01 11 73","email":"mairie.savasse@wanadoo.fr","population":"1288 habitants","website":"","townhallAdress":"Le Village - 26740 - SAVASSE"},{"text":"SEDERON","href":"./26/sederon.html","phone":"04 75 28 50 95","email":"mairie.sederon@numeo.fr","population":"295 habitants","website":"","townhallAdress":"Le Village - 26560 - SEDERON"},{"text":"SERVES SUR RHONE","href":"./26/serves-sur-rhone.html","phone":"04 75 03 38 19","email":"mairiedeservessurrhone@wanadoo.fr","population":"648 habitants","website":"","townhallAdress":"Le Village - 26600 - SERVES-SUR-RHONE"},{"text":"SOLERIEUX","href":"./26/solerieux.html","phone":"04 75 98 10 94","email":"mairie.solerieux@orange.fr","population":"299 habitants","website":"","townhallAdress":"Le Village - 26130 - SOLERIEUX"},{"text":"SOUSPIERRE","href":"./26/souspierre.html","phone":"04 75 46 26 67","email":"mairiesouspierre@wanadoo.fr","population":"102 habitants","website":"","townhallAdress":"Quartier Saint Paulet - 26160 - SOUSPIERRE"},{"text":"SOYANS","href":"./26/soyans.html","phone":"04 75 76 02 89","email":"mairiedesoyans@wanadoo.fr","population":"344 habitants","website":"","townhallAdress":"Le Village - 26400 - SOYANS"},{"text":"SUZE LA ROUSSE","href":"./26/suze-la-rousse.html","phone":"04 75 04 81 22","email":"mairie.suzelarousse@orange.fr","population":"1972 habitants","website":"","townhallAdress":"28 Place du Champ de Mars - 26790 - SUZE-LA-ROUSSE"},{"text":"SUZE SUR CREST","href":"./26/suze-sur-crest.html","phone":"04 75 76 42 68","email":"mairie.suze@orange.fr","population":"226 habitants","website":"","townhallAdress":"Les Jeaux - 26400 - SUZE-SUR-CREST"},{"text":"TAIN L HERMITAGE","href":"./26/tain-l-hermitage.html","phone":"04 75 08 30 32","email":"mairie-de-tain-lhermitage@wanadoo.fr","population":"5933 habitants","website":"","townhallAdress":"2 avenue du Président Roosevelt - 26600 - TAIN-L'HERMITAGE"},{"text":"TAULIGNAN","href":"./26/taulignan.html","phone":"04 75 53 67 90","email":"info@mairie-taulignan.fr","population":"1625 habitants","website":"","townhallAdress":"Le Bourg - 26770 - TAULIGNAN"},{"text":"TERSANNE","href":"./26/tersanne.html","phone":"04 75 68 87 04","email":"commune.tersanne@orange.fr","population":"272 habitants","website":"","townhallAdress":"Le Village - 26390 - TERSANNE"},{"text":"TEYSSIERES","href":"./26/teyssieres.html","phone":"04 75 46 38 79","email":"mairie.teyssieres@orange.fr","population":"93 habitants","website":"","townhallAdress":"Quartier Moulin - 26220 - TEYSSIERES"},{"text":"TRESCHENU CREYERS","href":"./26/treschenu-creyers.html","phone":"04 75 21 14 21","email":"mairie.treschenucreyers@orange.fr","population":"132 habitants","website":"","townhallAdress":"Hameau Les Nonières - 26410 - TRESCHENU-CREYERS"},{"text":"TRIORS","href":"./26/triors.html","phone":"04 75 45 32 73","email":"triors@cc-pays-romans.fr","population":"530 habitants","website":"","townhallAdress":"Le Village - 26750 - TRIORS"},{"text":"TRUINAS","href":"./26/truinas.html","phone":"04 75 53 32 76","email":"mairie.truinas@9business.fr","population":"138 habitants","website":"","townhallAdress":"Le Village - 26460 - TRUINAS"},{"text":"TULETTE","href":"./26/tulette.html","phone":"04 75 98 32 02","email":"mairie.tulette@wanadoo.fr","population":"1909 habitants","website":"","townhallAdress":"Place Onze Novembre - 26790 - TULETTE"},{"text":"UPIE","href":"./26/upie.html","phone":"04 75 84 45 30","email":"mairie.upie@wanadoo.fr","population":"1390 habitants","website":"","townhallAdress":"Le Village - 26120 - UPIE"},{"text":"VACHERES EN QUINT","href":"./26/vacheres-en-quint.html","phone":"04 75 21 20 87","email":"mairie.vacheres@wanadoo.fr","population":"33 habitants","website":"","townhallAdress":"Le Village - 26150 - VACHERES-EN-QUINT"},{"text":"VALAURIE","href":"./26/valaurie.html","phone":"04 75 98 51 28","email":"valaurie.mairie@wanadoo.fr","population":"552 habitants","website":"","townhallAdress":"Le Village - 26230 - VALAURIE"},{"text":"VALDROME","href":"./26/valdrome.html","phone":"04 75 21 40 70","email":"mairie.valdrome@wanadoo.fr","population":"144 habitants","website":"","townhallAdress":"14 rue Haute - 26310 - VALDROME"},{"text":"VALENCE","href":"./26/valence.html","phone":"04 75 79 20 00","email":"sfec@wanadoo.fr","population":"66567 habitants","website":"","townhallAdress":"1 place de la Liberté - 26000 - VALENCE"},{"text":"VAL MARAVEL","href":"./26/val-maravel.html","phone":"04 75 21 44 65","email":"mairie.valmaravel@free.fr","population":"45 habitants","website":"","townhallAdress":"Fourcinet - 26310 - VAL-MARAVEL"},{"text":"VALOUSE","href":"./26/valouse.html","phone":"04 75 27 75 92","email":"mairie.valouse@numeo.fr","population":"43 habitants","website":"","townhallAdress":"Le Village - 26110 - VALOUSE"},{"text":"VASSIEUX EN VERCORS","href":"./26/vassieux-en-vercors.html","phone":"04 75 48 28 11","email":"info.vassieux.vercors@wanadoo.fr","population":"363 habitants","website":"","townhallAdress":"Avenue Mémorial - 26420 - VASSIEUX-EN-VERCORS"},{"text":"VAUNAVEYS LA ROCHETTE","href":"./26/vaunaveys-la-rochette.html","phone":"04 75 25 07 71","email":"mairie.vaunaveyslarochette@wanadoo.fr","population":"599 habitants","website":"","townhallAdress":"Le Vieux Village - 26400 - VAUNAVEYS-LA-ROCHETTE"},{"text":"VEAUNES","href":"./26/veaunes.html","phone":"04 75 07 43 48","email":"commune.veaunes@wanadoo.fr","population":"271 habitants","website":"","townhallAdress":"Le Village - 26600 - VEAUNES"},{"text":"VENTEROL","href":"./26/venterol.html","phone":"04 75 27 91 11","email":"mairie-venterol@wanadoo.fr","population":"685 habitants","website":"","townhallAdress":"Le Village - 26110 - VENTEROL"},{"text":"VERCHENY","href":"./26/vercheny.html","phone":"04 75 21 72 12","email":"communedevercheny@wanadoo.fr","population":"441 habitants","website":"","townhallAdress":"La Plaine - 26340 - VERCHENY"},{"text":"VERCLAUSE","href":"./26/verclause.html","phone":"04 75 27 80 41","email":"","population":"86 habitants","website":"","townhallAdress":"Le Village - 26510 - VERCLAUSE"},{"text":"VERCOIRAN","href":"./26/vercoiran.html","phone":"04 75 28 09 43","email":"mairievercoiran@viveolle.com","population":"126 habitants","website":"","townhallAdress":"Le Village - 26170 - VERCOIRAN"},{"text":"VERONNE","href":"./26/veronne.html","phone":"0475215113","email":"","population":"43 habitants","website":"","townhallAdress":"Le Village - 26340 - VERONNE"},{"text":"VERS SUR MEOUGE","href":"./26/vers-sur-meouge.html","phone":"04 75 28 55 06","email":"","population":"44 habitants","website":"","townhallAdress":"Le Village - 26560 - VERS-SUR-MEOUGE"},{"text":"VESC","href":"./26/vesc.html","phone":"04 75 46 42 24","email":"mairie-vesc@numeo.fr","population":"289 habitants","website":"","townhallAdress":"Le Village - 26220 - VESC"},{"text":"VILLEFRANCHE LE CHATEAU","href":"./26/villefranche-le-chateau.html","phone":"04 75 28 51 03","email":"mairie.villefranchelechateau@orange.fr","population":"24 habitants","website":"","townhallAdress":"Le Village - 26560 - VILLEFRANCHE-LE-CHATEAU"},{"text":"VILLEPERDRIX","href":"./26/villeperdrix.html","phone":"04 75 27 44 16","email":"mairie.villeperdrix@libertysurf.fr","population":"110 habitants","website":"","townhallAdress":"Le Village - 26510 - VILLEPERDRIX"},{"text":"VINSOBRES","href":"./26/vinsobres.html","phone":"04 75 27 64 49","email":"mairiedevinsobres@wanadoo.fr","population":"1149 habitants","website":"","townhallAdress":"Place de la Mairie - 26110 - VINSOBRES"},{"text":"VOLVENT","href":"./26/volvent.html","phone":"04 75 27 50 78","email":"mairievolvent@numeo.fr","population":"43 habitants","website":"","townhallAdress":"Le Village - 26470 - VOLVENT"}]}