{"text":"29 | Finistère","href":"finistere.html","townships":[{"text":"ARGOL","href":"./29/argol.html","phone":"02 98 27 75 30","email":"mairie.argol@orange.fr","population":"833 habitants","website":"","townhallAdress":"Rue de la Mairie - 29560 - ARGOL"},{"text":"ARZANO","href":"./29/arzano.html","phone":"02 98 71 74 67","email":"mairie.arzano@wanadoo.fr","population":"1410 habitants","website":"","townhallAdress":"1 Place de la Mairie - 29300 - ARZANO"},{"text":"AUDIERNE","href":"./29/audierne.html","phone":"02 98 70 08 47","email":"mairie-audierne@wanadoo.fr","population":"2365 habitants","website":"","townhallAdress":"12 quai Jean Jaurès - 29770 - AUDIERNE"},{"text":"BANNALEC","href":"./29/bannalec.html","phone":"02 98 39 57 22","email":"mairie@bannalec.fr","population":"5308 habitants","website":"","townhallAdress":"1 place Charles de Gaulle - 29380 - BANNALEC"},{"text":"BAYE","href":"./29/baye.html","phone":"02 98 96 80 12","email":"mairiebaye@wanadoo.fr","population":"1129 habitants","website":"","townhallAdress":"44 route de Isle - 29300 - BAYE"},{"text":"BENODET","href":"./29/benodet.html","phone":"02 98 57 05 46","email":"mairie@benodet.fr","population":"3255 habitants","website":"","townhallAdress":"Place Général de Gaulle - 29950 - BENODET"},{"text":"BERRIEN","href":"./29/berrien.html","phone":"02 98 99 01 14","email":"mairie.berrien@wanadoo.fr","population":"989 habitants","website":"","townhallAdress":"Le Bourg - 29690 - BERRIEN"},{"text":"BEUZEC CAP SIZUN","href":"./29/beuzec-cap-sizun.html","phone":"02 98 70 42 25","email":"beuzec-cap-sizun@wanadoo.fr","population":"1102 habitants","website":"","townhallAdress":"1 place de la Mairie - 29790 - BEUZEC-CAP-SIZUN"},{"text":"BODILIS","href":"./29/bodilis.html","phone":"02 98 68 07 01","email":"bodilis.commune@wanadoo.fr","population":"1540 habitants","website":"","townhallAdress":"10 rue Notre Dame - 29400 - BODILIS"},{"text":"BOHARS","href":"./29/bohars.html","phone":"02 98 03 59 63","email":"mairie.bohars@wanadoo.fr","population":"3391 habitants","website":"","townhallAdress":"1 rue Prosper Salaun - 29820 - BOHARS"},{"text":"BOLAZEC","href":"./29/bolazec.html","phone":"02 98 78 10 95","email":"mairie.bolazec@wanadoo.fr","population":"215 habitants","website":"","townhallAdress":"Place de la Mairie - 29640 - BOLAZEC"},{"text":"BOTMEUR","href":"./29/botmeur.html","phone":"02 98 99 63 06","email":"mairie.botmeur@wanadoo.fr","population":"236 habitants","website":"","townhallAdress":"Bourg - 29690 - BOTMEUR"},{"text":"BOTSORHEL","href":"./29/botsorhel.html","phone":"02 98 72 85 43","email":"mairie.botsorhel@wanadoo.fr","population":"481 habitants","website":"","townhallAdress":"Bourg - 29650 - BOTSORHEL"},{"text":"BOURG BLANC","href":"./29/bourg-blanc.html","phone":"02 98 84 58 13","email":"mairie.bourgblanc@wanadoo.fr","population":"3253 habitants","website":"","townhallAdress":"Place de l'Etang - 29860 - BOURG-BLANC"},{"text":"BRASPARTS","href":"./29/brasparts.html","phone":"02 98 81 41 25","email":"mairie.brasparts@wanadoo.fr","population":"1067 habitants","website":"","townhallAdress":"18 rue de la Mairie - 29190 - BRASPARTS"},{"text":"BRELES","href":"./29/breles.html","phone":"02 98 04 31 03","email":"breles.mairie@wanadoo.fr","population":"829 habitants","website":"","townhallAdress":"28 rue Aber Ildut - 29810 - BRELES"},{"text":"BRENNILIS","href":"./29/brennilis.html","phone":"02 98 99 61 07","email":"mairiebrennilis@wanadoo.fr","population":"445 habitants","website":"","townhallAdress":"Le Bourg - 29690 - BRENNILIS"},{"text":"BREST","href":"./29/brest.html","phone":"02 98 00 80 80","email":"contact@mairie-brest.fr","population":"146519 habitants","website":"","townhallAdress":"2 rue Frézier - 29200 - BREST"},{"text":"BRIEC","href":"./29/briec.html","phone":"02 98 57 93 11","email":"mairie.briec@wanadoo.fr","population":"5294 habitants","website":"","townhallAdress":"Rue Général de Gaulle - 29510 - BRIEC"},{"text":"BRIGNOGAN PLAGE","href":"./29/brignogan-plage.html","phone":"02 98 83 40 06","email":"mairie.brignogan-plages@wanadoo.fr","population":"858 habitants","website":"","townhallAdress":"Avenue Général de Gaulle - 29890 - BRIGNOGAN-PLAGE"},{"text":"CAMARET SUR MER","href":"./29/camaret-sur-mer.html","phone":"02 98 27 94 22","email":"Camaret@wanadoo.fr","population":"2662 habitants","website":"","townhallAdress":"1 Place Estienne d'Orves - 29570 - CAMARET-SUR-MER"},{"text":"CARANTEC","href":"./29/carantec.html","phone":"02 98 67 00 30","email":"carantec-mairie@wanadoo.fr","population":"3377 habitants","website":"","townhallAdress":"Place Général de Gaulle - 29660 - CARANTEC"},{"text":"CARHAIX PLOUGUER","href":"./29/carhaix-plouguer.html","phone":"02 98 99 33 33","email":"communication@ville-carhaix.com","population":"8165 habitants","website":"","townhallAdress":"Place de la Mairie - 29246 - CARHAIX-PLOUGUER"},{"text":"CAST","href":"./29/cast.html","phone":"02 98 73 54 34","email":"mairie.de.cast@wanadoo.fr","population":"1534 habitants","website":"","townhallAdress":"Place Saint Hubert - 29150 - CAST"},{"text":"CHATEAULIN","href":"./29/chateaulin.html","phone":"02 98 86 10 05","email":"mairie@chateaulin.fr","population":"5850 habitants","website":"","townhallAdress":"15 quai Jean Moulin - 29150 - CHATEAULIN"},{"text":"CHATEAUNEUF DU FAOU","href":"./29/chateauneuf-du-faou.html","phone":"02 98 81 75 41","email":"mairie@chateauneuf-du-faou.com","population":"3756 habitants","website":"","townhallAdress":"8 rue de la Mairie - 29520 - CHATEAUNEUF-DU-FAOU"},{"text":"CLEDEN CAP SIZUN","href":"./29/cleden-cap-sizun.html","phone":"02 98 70 61 45","email":"mairie.cleden-cap-sizun@wanadoo.fr","population":"997 habitants","website":"","townhallAdress":"11 rue Ville d'Ys - 29770 - CLEDEN-CAP-SIZUN"},{"text":"CLEDEN POHER","href":"./29/cleden-poher.html","phone":"02 98 93 40 90","email":"MAIRIE-CLEDEN-POHER@wanadoo.fr","population":"1080 habitants","website":"","townhallAdress":"2 rue de la Mairie - 29270 - CLEDEN-POHER"},{"text":"CLEDER","href":"./29/cleder.html","phone":"02 98 69 40 09","email":"mairie@ville-cleder.fr","population":"3907 habitants","website":"","townhallAdress":"Place Charles de Gaulle - 29233 - CLEDER"},{"text":"CLOHARS CARNOET","href":"./29/clohars-carnoet.html","phone":"02 98 71 53 90","email":"mairie@cloharscarnoet.com","population":"4119 habitants","website":"","townhallAdress":"1 Place Général de Gaulle - 29360 - CLOHARS-CARNOET"},{"text":"CLOHARS FOUESNANT","href":"./29/clohars-fouesnant.html","phone":"02 98 54 60 09","email":"mairie-de-clohars-fouesnant@wanadoo.fr","population":"2147 habitants","website":"","townhallAdress":"Place de la Mairie - 29950 - CLOHARS-FOUESNANT"},{"text":"COAT MEAL","href":"./29/coat-meal.html","phone":"02 98 84 58 32","email":"mairie.coat-meal@wanadoo.fr","population":"979 habitants","website":"","townhallAdress":"12 rue Garo - 29870 - COAT-MEAL"},{"text":"COLLOREC","href":"./29/collorec.html","phone":"02 98 73 90 27","email":"mairie.collorec@wanadoo.fr","population":"667 habitants","website":"","townhallAdress":"Résidence Ti Ker - 29530 - COLLOREC"},{"text":"COMBRIT","href":"./29/combrit.html","phone":"02 98 56 33 14","email":"mairiecombrit@wanadoo.fr","population":"3512 habitants","website":"","townhallAdress":"8 rue Général de Gaulle - 29120 - COMBRIT"},{"text":"COMMANA","href":"./29/commana.html","phone":"02 98 78 00 13","email":"Mairie.Commana@wanadoo.fr","population":"1061 habitants","website":"","townhallAdress":"Place de la Mairie - 29450 - COMMANA"},{"text":"CONCARNEAU","href":"./29/concarneau.html","phone":"02 98 50 38 38","email":"contact@concarneau.fr","population":"21010 habitants","website":"","townhallAdress":"Place de l'Hôtel de Ville - 29900 - CONCARNEAU"},{"text":"CONFORT MEILARS","href":"./29/confort-meilars.html","phone":"02 98 74 51 89","email":"confortmeilars@wanadoo.fr","population":"821 habitants","website":"","townhallAdress":"Le Bourg - 29790 - CONFORT-MEILARS"},{"text":"CORAY","href":"./29/coray.html","phone":"02 98 59 10 10","email":"mairie-coray@wanadoo.fr","population":"1813 habitants","website":"","townhallAdress":"1 rue Grégoire Le Cam - 29370 - CORAY"},{"text":"CROZON","href":"./29/crozon.html","phone":"02 98 27 10 28","email":"mairie@crozon.com","population":"7936 habitants","website":"","townhallAdress":"Place Léon Blum - 29160 - CROZON"},{"text":"DAOULAS","href":"./29/daoulas.html","phone":"02 98 25 80 19","email":"info@daoulas.com","population":"1789 habitants","website":"","townhallAdress":"Place Saint Yves - 29460 - DAOULAS"},{"text":"DINEAULT","href":"./29/dineault.html","phone":"02 98 26 00 55","email":"mairie-dineault@wanadoo.fr","population":"1765 habitants","website":"","townhallAdress":"3 rue de la Tour d'Auvergne - 29150 - DINEAULT"},{"text":"DIRINON","href":"./29/dirinon.html","phone":"02 98 07 01 33","email":"mairie-dirinon@wanadoo.fr","population":"2541 habitants","website":"","townhallAdress":"7 Rue de l'Eglise - 29460 - DIRINON"},{"text":"DOUARNENEZ","href":"./29/douarnenez.html","phone":"02 98 74 46 00","email":"contact@mairie-douarnenez.fr","population":"15981 habitants","website":"","townhallAdress":"18 rue Berthelot - 29100 - DOUARNENEZ"},{"text":"EDERN","href":"./29/edern.html","phone":"02 98 57 93 22","email":"mairie.edern@wanadoo.fr","population":"2090 habitants","website":"","townhallAdress":"1 route de Ty Fléhan - 29510 - EDERN"},{"text":"ELLIANT","href":"./29/elliant.html","phone":"02 98 10 91 11","email":"mairie.elliant@fr.oleane.com","population":"3332 habitants","website":"","townhallAdress":"4 rue Brizeux - 29370 - ELLIANT"},{"text":"ERGUE GABERIC","href":"./29/ergue-gaberic.html","phone":"02 98 66 68 00","email":"mairie@ergue-gaberic.fr","population":"7817 habitants","website":"","townhallAdress":"Place de l'Eglise - 29500 - ERGUE-GABERIC"},{"text":"ESQUIBIEN","href":"./29/esquibien.html","phone":"02 98 70 02 76","email":"mairie.esquibien@wanadoo.fr","population":"1593 habitants","website":"","townhallAdress":"3 rue Surcouf - 29770 - ESQUIBIEN"},{"text":"FOUESNANT","href":"./29/fouesnant.html","phone":"02 98 51 62 62","email":"contact@ville-fouesnant.fr","population":"10197 habitants","website":"","townhallAdress":"Place Général de Gaulle - 29170 - FOUESNANT"},{"text":"GARLAN","href":"./29/garlan.html","phone":"02 98 79 13 48","email":"garlan.mairie@wanadoo.fr","population":"957 habitants","website":"","townhallAdress":"Place Yves Laviec - 29610 - GARLAN"},{"text":"GOUESNACH","href":"./29/gouesnach.html","phone":"02 98 51 74 75","email":"mairie.gouesnach@wanadoo.fr","population":"2554 habitants","website":"","townhallAdress":"19 Route de Bénodet - 29950 - GOUESNACH"},{"text":"GOUESNOU","href":"./29/gouesnou.html","phone":"02 98 07 86 90","email":"accueil@mairie-gouesnou.fr","population":"6433 habitants","website":"","townhallAdress":"Place des Fusillés - 29850 - GOUESNOU"},{"text":"GOUEZEC","href":"./29/gouezec.html","phone":"02 98 73 30 06","email":"mairie.gouezec@wanadoo.fr","population":"1101 habitants","website":"","townhallAdress":"5 rue Karreg an Tan - 29190 - GOUEZEC"},{"text":"GOULIEN","href":"./29/goulien.html","phone":"02 98 70 06 04","email":"goulien.mairie@wanadoo.fr","population":"427 habitants","website":"","townhallAdress":"Le Bourg - 29770 - GOULIEN"},{"text":"GOULVEN","href":"./29/goulven.html","phone":"02 98 83 40 69","email":"mairie.goulven@wanadoo.fr","population":"468 habitants","website":"","townhallAdress":"Bourg - 29890 - GOULVEN"},{"text":"GOURLIZON","href":"./29/gourlizon.html","phone":"02 98 91 08 92","email":"Gourlizon.Mairie@wanadoo.fr","population":"888 habitants","website":"","townhallAdress":"12 rue de la Mairie - 29710 - GOURLIZON"},{"text":"GUENGAT","href":"./29/guengat.html","phone":"02 98 91 06 16","email":"mairie-guengat@wanadoo.fr","population":"1714 habitants","website":"","townhallAdress":"Rue Cyprès - 29180 - GUENGAT"},{"text":"GUERLESQUIN","href":"./29/guerlesquin.html","phone":"02 98 72 81 79","email":"guerlesquin@wanadoo.fr","population":"1444 habitants","website":"","townhallAdress":"Place Martray - 29650 - GUERLESQUIN"},{"text":"GUICLAN","href":"./29/guiclan.html","phone":"02 98 79 62 05","email":"communedeguiclan@wanadoo.fr","population":"2198 habitants","website":"","townhallAdress":"Place de l'Eglise - 29410 - GUICLAN"},{"text":"GUILERS","href":"./29/guilers.html","phone":"02 98 07 61 52","email":"contact@mairie-guilers.fr.","population":"7465 habitants","website":"","townhallAdress":"16 rue Charles de Gaulle - 29820 - GUILERS"},{"text":"GUILER SUR GOYEN","href":"./29/guiler-sur-goyen.html","phone":"02 98 91 50 32","email":"ville@mairie-guilers.fr","population":"460 habitants","website":"","townhallAdress":"Résidence Goyen - 29710 - GUILER-SUR-GOYEN"},{"text":"GUILLIGOMARC H","href":"./29/guilligomarc-h.html","phone":"02 98 71 72 86","email":"mairie.guilligomarch@wanadoo.fr","population":"670 habitants","website":"","townhallAdress":"Place de l'Eglise - 29300 - GUILLIGOMARC'H"},{"text":"GUIMAEC","href":"./29/guimaec.html","phone":"02 98 67 50 76","email":"guimaec.mairie@wanadoo.fr","population":"952 habitants","website":"","townhallAdress":"1 Plasenn an Iliz - 29620 - GUIMAEC"},{"text":"GUIMILIAU","href":"./29/guimiliau.html","phone":"02 98 68 75 06","email":"mairie.guimiliau@wanadoo.fr","population":"962 habitants","website":"","townhallAdress":"Place de la Mairie - 29400 - GUIMILIAU"},{"text":"GUIPAVAS","href":"./29/guipavas.html","phone":"02 98 84 75 54","email":"mairie.guipavas@wanadoo.fr","population":"14193 habitants","website":"","townhallAdress":"Place de la Mairie - 29490 - GUIPAVAS"},{"text":"GUIPRONVEL","href":"./29/guipronvel.html","phone":"02 98 07 90 33","email":"Guipronvel.Mairie@wanadoo.fr","population":"705 habitants","website":"","townhallAdress":"Le Bourg - 29290 - GUIPRONVEL"},{"text":"GUISSENY","href":"./29/guisseny.html","phone":"02 98 25 61 07","email":"mairieguisseny@wanadoo.fr","population":"1859 habitants","website":"","townhallAdress":"Place Porthleven Sithney - 29880 - GUISSENY"},{"text":"HANVEC","href":"./29/hanvec.html","phone":"02 98 21 93 43","email":"mairie.hanvec@wanadoo.fr","population":"1963 habitants","website":"","townhallAdress":"Place du Marché - 29460 - HANVEC"},{"text":"HENVIC","href":"./29/henvic.html","phone":"02 98 62 81 11","email":"commune-henvic@wanadoo.fr","population":"1353 habitants","website":"","townhallAdress":"10 rue de la Mairie - 29670 - HENVIC"},{"text":"HOPITAL CAMFROUT","href":"./29/hopital-camfrout.html","phone":"02 98 20 01 43","email":"mairie.lhopital-camfrout@wanadoo.fr","population":"1961 habitants","website":"","townhallAdress":"7 rue de la Mairie - 29460 - HOPITAL-CAMFROUT"},{"text":"HUELGOAT","href":"./29/huelgoat.html","phone":"02 98 99 71 55","email":"mairie.huelgoat@wanadoo.fr","population":"1636 habitants","website":"","townhallAdress":"Rue 5 Août 1944 - 29690 - HUELGOAT"},{"text":"ILE DE BATZ","href":"./29/ile-de-batz.html","phone":"02 98 61 77 76","email":"mairie.iledebatz@orange.fr","population":"620 habitants","website":"","townhallAdress":"Pors Kernoc - 29253 - ILE-DE-BATZ"},{"text":"ILE DE SEIN","href":"./29/ile-de-sein.html","phone":"02 98 70 90 35","email":"mairie.ile.de.sein@orange.fr","population":"205 habitants","website":"","townhallAdress":"Rue Saint Guénolé - 29990 - ILE-DE-SEIN"},{"text":"ILE MOLENE","href":"./29/ile-molene.html","phone":"02 98 07 39 05","email":"mairie.ile.molene@wanadoo.fr","population":"221 habitants","website":"","townhallAdress":"Bourg - 29259 - ILE-MOLENE"},{"text":"ILE TUDY","href":"./29/ile-tudy.html","phone":"02 98 56 42 57","email":"mairie.iletudy@wanadoo.fr","population":"721 habitants","website":"","townhallAdress":"4 rue de la Mairie - 29980 - ILE-TUDY"},{"text":"IRVILLAC","href":"./29/irvillac.html","phone":"02 98 25 83 56","email":"info@irvillac.fr","population":"1300 habitants","website":"","townhallAdress":"17 Route de Landerneau - 29460 - IRVILLAC"},{"text":"KERGLOFF","href":"./29/kergloff.html","phone":"02 98 93 40 43","email":"mairie@kergloff.fr","population":"933 habitants","website":"","townhallAdress":"Croix d'en Haut - 29270 - KERGLOFF"},{"text":"KERLAZ","href":"./29/kerlaz.html","phone":"02 98 92 19 04","email":"mairie.kerlaz@wanadoo.fr","population":"856 habitants","website":"","townhallAdress":"Route de Douarnenez - 29100 - KERLAZ"},{"text":"KERLOUAN","href":"./29/kerlouan.html","phone":"02 98 83 93 13","email":"mairie.kerlouan@wanadoo.fr","population":"2309 habitants","website":"","townhallAdress":"Rue Côte Légendes - 29890 - KERLOUAN"},{"text":"KERNILIS","href":"./29/kernilis.html","phone":"02 98 25 52 43","email":"mairie.kernilis@wanadoo.fr","population":"1255 habitants","website":"","townhallAdress":"1 rue If - 29260 - KERNILIS"},{"text":"KERNOUES","href":"./29/kernoues.html","phone":"02 98 83 05 04","email":"mairie.kernoues@wanadoo.fr","population":"715 habitants","website":"","townhallAdress":"1 Route de la Côte des Légendes - 29260 - KERNOUES"},{"text":"KERSAINT PLABENNEC","href":"./29/kersaint-plabennec.html","phone":"02 98 40 10 03","email":"Mairie.Kersaint@wanadoo.fr","population":"1342 habitants","website":"","townhallAdress":"Place de la Mairie - 29860 - KERSAINT-PLABENNEC"},{"text":"LA FEUILLEE","href":"./29/la-feuillee.html","phone":"02 98 99 61 52","email":"mairielafeuillee@wanadoo.fr","population":"696 habitants","website":"","townhallAdress":"Hent Menez Are - 29690 - LA-FEUILLEE"},{"text":"LA FOREST LANDERNEAU","href":"./29/la-forest-landerneau.html","phone":"02 98 20 21 43","email":"mairie@la-forest-landerneau.fr","population":"1807 habitants","website":"","townhallAdress":"Bourg - 29800 - LA-FOREST-LANDERNEAU"},{"text":"LA FORET FOUESNANT","href":"./29/la-foret-fouesnant.html","phone":"02 98 56 96 55","email":"accueil@foret-fouesnant.org","population":"3313 habitants","website":"","townhallAdress":"18 rue Charles de Gaulle - 29940 - LA-FORET-FOUESNANT"},{"text":"LA MARTYRE","href":"./29/la-martyre.html","phone":"02 98 25 13 19","email":"mairie@lamartyre.fr","population":"758 habitants","website":"","townhallAdress":"4 Route de Ty Croas - 29800 - LA-MARTYRE"},{"text":"LAMPAUL GUIMILIAU","href":"./29/lampaul-guimiliau.html","phone":"02 98 68 76 67","email":"mairie.lampaul.guimiliau@wanadoo.fr","population":"2091 habitants","website":"","townhallAdress":"6 Place Villers - 29400 - LAMPAUL-GUIMILIAU"},{"text":"LAMPAUL PLOUARZEL","href":"./29/lampaul-plouarzel.html","phone":"02 98 84 01 13","email":"accueil.lampaul-plouarzel@orange.fr","population":"2095 habitants","website":"","townhallAdress":"7 rue de la Mairie - 29810 - LAMPAUL-PLOUARZEL"},{"text":"LAMPAUL PLOUDALMEZEAU","href":"./29/lampaul-ploudalmezeau.html","phone":"02 98 48 11 28","email":"lampaul-ploudalmezeau.mairie@wanadoo.fr","population":"713 habitants","website":"","townhallAdress":"Bourg - 29830 - LAMPAUL-PLOUDALMEZEAU"},{"text":"LANARVILY","href":"./29/lanarvily.html","phone":"02 98 25 50 41","email":"mairie.lanarvily@wanadoo.fr","population":"367 habitants","website":"","townhallAdress":"Bourg - 29260 - LANARVILY"},{"text":"LANDEDA","href":"./29/landeda.html","phone":"02 98 04 93 06","email":"landeda@wanadoo.fr","population":"3660 habitants","website":"","townhallAdress":"21 rue de la Mairie - 29870 - LANDEDA"},{"text":"LANDELEAU","href":"./29/landeleau.html","phone":"02 98 93 82 16","email":"commune-de-landeleau@wanadoo.fr","population":"1066 habitants","website":"","townhallAdress":"3 Place de la Mairie - 29530 - LANDELEAU"},{"text":"LANDERNEAU","href":"./29/landerneau.html","phone":"02 98 85 43 00","email":"ti-ker-landerne@mairie-landerneau.fr","population":"15523 habitants","website":"","townhallAdress":"2 rue de La Tour d'Auvergne - 29800 - LANDERNEAU"},{"text":"LANDEVENNEC","href":"./29/landevennec.html","phone":"02 98 27 72 65","email":"mairie.landevennec@wanadoo.fr","population":"358 habitants","website":"","townhallAdress":"Place de la Mairie - 29560 - LANDEVENNEC"},{"text":"LANDIVISIAU","href":"./29/landivisiau.html","phone":"02 98 68 00 30","email":"landivisiau@ville-landivisiau.fr","population":"9166 habitants","website":"","townhallAdress":"19 rue Georges Clemenceau - 29400 - LANDIVISIAU"},{"text":"LANDREVARZEC","href":"./29/landrevarzec.html","phone":"02 98 57 90 44","email":"mairie-landrevarzec@wanadoo.fr","population":"1626 habitants","website":"","townhallAdress":"1 place Saint Guénolé - 29510 - LANDREVARZEC"},{"text":"LANDUDAL","href":"./29/landudal.html","phone":"02 98 57 40 17","email":"mairie-landudal@wanadoo.fr","population":"841 habitants","website":"","townhallAdress":"Place Jacques LE PAGE - 29510 - LANDUDAL"},{"text":"LANDUDEC","href":"./29/landudec.html","phone":"02 98 91 52 09","email":"mairie.landudec@wanadoo.fr","population":"1295 habitants","website":"","townhallAdress":"Place de la Mairie - 29710 - LANDUDEC"},{"text":"LANDUNVEZ","href":"./29/landunvez.html","phone":"02 98 89 91 02","email":"Landunvez.Mairie@wanadoo.fr","population":"1375 habitants","website":"","townhallAdress":"5 rue Poullaouec - 29840 - LANDUNVEZ"},{"text":"LANGOLEN","href":"./29/langolen.html","phone":"02 98 59 10 25","email":"mairie.langolen@wanadoo.fr","population":"809 habitants","website":"","townhallAdress":"Rue Marie Littré - 29510 - LANGOLEN"},{"text":"LANHOUARNEAU","href":"./29/lanhouarneau.html","phone":"02 98 61 48 87","email":"COMMUNE.LANHOUARNEAU@wanadoo.fr","population":"1182 habitants","website":"","townhallAdress":"Place de la Mairie - 29430 - LANHOUARNEAU"},{"text":"LANILDUT","href":"./29/lanildut.html","phone":"02 98 04 30 05","email":"lanildut.mairie@wanadoo.fr","population":"954 habitants","website":"","townhallAdress":"18 Route de Aber Ildut - 29840 - LANILDUT"},{"text":"LANMEUR","href":"./29/lanmeur.html","phone":"02 98 67 51 26","email":"lanmeur-mairie@wanadoo.fr","population":"2227 habitants","website":"","townhallAdress":"3 Place de la Mairie - 29620 - LANMEUR"},{"text":"LANNEANOU","href":"./29/lanneanou.html","phone":"02 98 78 12 07","email":"lanneanou-mairie@wanadoo.fr","population":"368 habitants","website":"","townhallAdress":"3 rue des Hortensias - 29640 - LANNEANOU"},{"text":"LANNEDERN","href":"./29/lannedern.html","phone":"02 98 26 40 56","email":"mairie.lannedern@wanadoo.fr","population":"314 habitants","website":"","townhallAdress":"Bourg - 29190 - LANNEDERN"},{"text":"LANNEUFFRET","href":"./29/lanneuffret.html","phone":"02 98 20 84 07","email":"lanneuffret-mairie@orange.fr","population":"129 habitants","website":"","townhallAdress":"Bourg - 29400 - LANNEUFFRET"},{"text":"LANNILIS","href":"./29/lannilis.html","phone":"02 98 04 00 11","email":"mairie.lannilis.m@wanadoo.fr","population":"5121 habitants","website":"","townhallAdress":"19 rue de la Mairie - 29870 - LANNILIS"},{"text":"LANRIVOARE","href":"./29/lanrivoare.html","phone":"02 98 84 24 75","email":"lanrivoare.mairie@wanadoo.fr","population":"1386 habitants","website":"","townhallAdress":"5 Place de l'Eglise - 29290 - LANRIVOARE"},{"text":"LANVEOC","href":"./29/lanveoc.html","phone":"02 98 27 50 21","email":"mairie@lanveoc.com","population":"2264 habitants","website":"","townhallAdress":"4 rue Tal ar Groas - 29160 - LANVEOC"},{"text":"LA ROCHE MAURICE","href":"./29/la-roche-maurice.html","phone":"02 98 20 43 57","email":"la.roche.maurice@wanadoo.fr","population":"1924 habitants","website":"","townhallAdress":"Bourg - 29800 - LA-ROCHE-MAURICE"},{"text":"LAZ","href":"./29/laz.html","phone":"02 98 26 83 21","email":"mairie.laz@wanadoo.fr","population":"773 habitants","website":"","townhallAdress":"1 rue Pont Pol - 29520 - LAZ"},{"text":"LE CLOITRE PLEYBEN","href":"./29/le-cloitre-pleyben.html","phone":"02 98 26 60 05","email":"MAIRIE-CLOITRE-PLEYBEN@wanadoo.fr","population":"586 habitants","website":"","townhallAdress":"11 rue de la Mairie - 29190 - LE-CLOITRE-PLEYBEN"},{"text":"LE CLOITRE SAINT THEGONNEC","href":"./29/le-cloitre-saint-thegonnec.html","phone":"02 98 79 70 36","email":"lecloitrestthegonnec@wanadoo.fr","population":"612 habitants","website":"","townhallAdress":"15 rue de la Libération - 29410 - LE-CLOITRE-SAINT-THEGONNEC"},{"text":"LE CONQUET","href":"./29/le-conquet.html","phone":"02 98 89 00 07","email":"mairie@leconquet.fr","population":"2622 habitants","website":"","townhallAdress":"Rue Lieutenant Jourden - 29217 - LE-CONQUET"},{"text":"LE DRENNEC","href":"./29/le-drennec.html","phone":"02 98 40 40 01","email":"mairie.le-drennec@wanadoo.fr","population":"1779 habitants","website":"","townhallAdress":"Bourg - 29860 - LE-DRENNEC"},{"text":"LE FAOU","href":"./29/le-faou.html","phone":"02 98 81 90 44","email":"accueil@mairielefaou.fr","population":"1742 habitants","website":"","townhallAdress":"Place des Foires - 29590 - LE-FAOU"},{"text":"LE FOLGOET","href":"./29/le-folgoet.html","phone":"02 98 83 01 92","email":"mairie.le-folgoet@wanadoo.fr","population":"3130 habitants","website":"","townhallAdress":"Le Bourg - 29260 - LE-FOLGOET"},{"text":"LE GUILVINEC","href":"./29/le-guilvinec.html","phone":"02 98 58 10 21","email":"mairie@leguilvinec.com","population":"3042 habitants","website":"","townhallAdress":"33 rue de la Marine - 29730 - LE-GUILVINEC"},{"text":"LE JUCH","href":"./29/le-juch.html","phone":"02 98 74 71 50","email":"mairie.le-juch@wanadoo.fr","population":"769 habitants","website":"","townhallAdress":"5 rue Louis Tymen - 29100 - LE-JUCH"},{"text":"LENNON","href":"./29/lennon.html","phone":"02 98 73 71 08","email":"MAIRIE-DE-LENNON@wanadoo.fr","population":"770 habitants","website":"","townhallAdress":"Place de l'Eglise - 29190 - LENNON"},{"text":"LE PONTHOU","href":"./29/le-ponthou.html","phone":"02 98 79 20 16","email":"leponthou-mairie@wanadoo.fr","population":"171 habitants","website":"","townhallAdress":"Place de la Mairie - 29650 - LE-PONTHOU"},{"text":"LE RELECQ KERHUON","href":"./29/le-relecq-kerhuon.html","phone":"02 98 28 14 18","email":"secretariat.maire@mairie-relecq-kerhuon.fr","population":"11018 habitants","website":"","townhallAdress":"Place de la Libération - 29480 - LE-RELECQ-KERHUON"},{"text":"LESNEVEN","href":"./29/lesneven.html","phone":"02 98 83 00 03","email":"mairie.lesneven@wanadoo.fr","population":"7250 habitants","website":"","townhallAdress":"Place du Château - 29260 - LESNEVEN"},{"text":"LE TREHOU","href":"./29/le-trehou.html","phone":"02 98 68 82 04","email":"mairie.letrehou@wanadoo.fr","population":"533 habitants","website":"","townhallAdress":"1 Route des Monts d'Arrée - 29450 - LE-TREHOU"},{"text":"LE TREVOUX","href":"./29/le-trevoux.html","phone":"02 98 71 86 69","email":"mairie.le.trevoux@wanadoo.fr","population":"1540 habitants","website":"","townhallAdress":"2 rue Bannalec - 29380 - LE-TREVOUX"},{"text":"LEUHAN","href":"./29/leuhan.html","phone":"02 98 82 50 90","email":"mairie.leuhan@wanadoo.fr","population":"799 habitants","website":"","townhallAdress":"27 rue de la Mairie - 29390 - LEUHAN"},{"text":"LOC BREVALAIRE","href":"./29/loc-brevalaire.html","phone":"02 98 25 51 71","email":"MAIRIE.LOC.BREVALAIRE@wanadoo.fr","population":"222 habitants","website":"","townhallAdress":"Le Bourg - 29260 - LOC-BREVALAIRE"},{"text":"LOC EGUINER","href":"./29/loc-eguiner.html","phone":"02 98 68 11 36","email":"mairie.loc-eguiner@wanadoo.fr","population":"314 habitants","website":"","townhallAdress":"4 rue Elorn - 29400 - LOC-EGUINER"},{"text":"LOC EGUINER SAINT THEGONNEC","href":"./29/loc-eguiner-saint-thegonnec.html","phone":"02 98 78 07 87","email":"mairie.loc-eguiner-st-thego@wanadoo.fr","population":"329 habitants","website":"","townhallAdress":"3 Place de la Mairie - 29410 - LOC-EGUINER-SAINT-THEGONNEC"},{"text":"LOCMARIA BERRIEN","href":"./29/locmaria-berrien.html","phone":"02 98 99 73 09","email":"mairie.locmaria-berrien@wanadoo.fr","population":"245 habitants","website":"","townhallAdress":"Bourg - 29690 - LOCMARIA-BERRIEN"},{"text":"LOCMARIA PLOUZANE","href":"./29/locmaria-plouzane.html","phone":"02 98 48 40 09","email":"mairie@locmaria-plouzane.fr","population":"4962 habitants","website":"","townhallAdress":"Place de la Mairie - 29280 - LOCMARIA-PLOUZANE"},{"text":"LOCMELAR","href":"./29/locmelar.html","phone":"02 98 68 10 03","email":"mairie.locmelar@wanadoo.fr","population":"446 habitants","website":"","townhallAdress":"1 Place Saint Mélar - 29400 - LOCMELAR"},{"text":"LOCQUENOLE","href":"./29/locquenole.html","phone":"02 98 72 21 15","email":"locquenole.mairie@wanadoo.fr","population":"782 habitants","website":"","townhallAdress":"6 place de la Liberté - 29670 - LOCQUENOLE"},{"text":"LOCQUIREC","href":"./29/locquirec.html","phone":"02 98 67 42 20","email":"locquirec-mairie@wanadoo.fr","population":"1481 habitants","website":"","townhallAdress":"Route de Plestin - 29241 - LOCQUIREC"},{"text":"LOCRONAN","href":"./29/locronan.html","phone":"02 98 51 80 80","email":"mairiedelocronan@wanadoo.fr","population":"834 habitants","website":"","townhallAdress":"1 Place de la Mairie - 29180 - LOCRONAN"},{"text":"LOCTUDY","href":"./29/loctudy.html","phone":"02 98 87 40 02","email":"mairie.loctudy@wanadoo.fr","population":"4210 habitants","website":"","townhallAdress":"Place des Anciens Combattants - 29750 - LOCTUDY"},{"text":"LOCUNOLE","href":"./29/locunole.html","phone":"02 98 06 30 82","email":"locunole.mairie11@wanadoo.fr","population":"1010 habitants","website":"","townhallAdress":"Le Bourg - 29310 - LOCUNOLE"},{"text":"LOGONNA DAOULAS","href":"./29/logonna-daoulas.html","phone":"02 98 20 60 98","email":"mairie.logonnadaoulas@wanadoo.fr","population":"2084 habitants","website":"","townhallAdress":"1 rue Ar Mor - 29460 - LOGONNA-DAOULAS"},{"text":"LOPEREC","href":"./29/loperec.html","phone":"02 98 81 10 80","email":"commune-de-loperec@wanadoo.fr","population":"1012 habitants","website":"","townhallAdress":"9 Place de l'Eglise - 29590 - LOPEREC"},{"text":"LOPERHET","href":"./29/loperhet.html","phone":"02 98 07 07 07","email":"mairie@loperhet.fr","population":"3657 habitants","website":"","townhallAdress":"31 Rue René Goubin - 29470 - LOPERHET"},{"text":"LOQUEFFRET","href":"./29/loqueffret.html","phone":"02 98 26 40 32","email":"mairie.loqueffret@wanadoo.fr","population":"418 habitants","website":"","townhallAdress":"Place de la Mairie - 29530 - LOQUEFFRET"},{"text":"LOTHEY","href":"./29/lothey.html","phone":"02 98 73 32 79","email":"mairie.de.lothey@wanadoo.fr","population":"441 habitants","website":"","townhallAdress":"1 Place de la Mairie - 29190 - LOTHEY"},{"text":"MAHALON","href":"./29/mahalon.html","phone":"02 98 74 52 76","email":"mahalon.commune@wanadoo.fr","population":"905 habitants","website":"","townhallAdress":"Bourg - 29790 - MAHALON"},{"text":"MELGVEN","href":"./29/melgven.html","phone":"02 98 97 90 11","email":"mairie-melgven@wanadoo.fr","population":"3295 habitants","website":"","townhallAdress":"4 place de l'Eglise - 29140 - MELGVEN"},{"text":"MELLAC","href":"./29/mellac.html","phone":"02 98 71 80 63","email":"mairie.mellac@wanadoo.fr","population":"2660 habitants","website":"","townhallAdress":"Le Bourg - 29300 - MELLAC"},{"text":"MESPAUL","href":"./29/mespaul.html","phone":"02 98 61 57 03","email":"mairie.mespaul@wanadoo.fr","population":"912 habitants","website":"","townhallAdress":"35 rue de la Mairie - 29420 - MESPAUL"},{"text":"MILIZAC","href":"./29/milizac.html","phone":"02 98 07 90 31","email":"mairie@milizac.fr","population":"3004 habitants","website":"","townhallAdress":"239 rue Général de Gaulle - 29290 - MILIZAC"},{"text":"MOELAN SUR MER","href":"./29/moelan-sur-mer.html","phone":"02 98 39 60 10","email":"mairie-moelan@wanadoo.fr","population":"7079 habitants","website":"","townhallAdress":"2 rue des Moulins - 29350 - MOELAN-SUR-MER"},{"text":"MORLAIX","href":"./29/morlaix.html","phone":"02 98 63 10 10","email":"communication@villedemorlaix.org","population":"16638 habitants","website":"","townhallAdress":"Place des Otages - 29600 - MORLAIX"},{"text":"MOTREFF","href":"./29/motreff.html","phone":"02 98 99 54 05","email":"mairie.motreff@wanadoo.fr","population":"734 habitants","website":"","townhallAdress":"Bourg - 29270 - MOTREFF"},{"text":"NEVEZ","href":"./29/nevez.html","phone":"02 98 06 81 23","email":"mairie-nevez@fr.oleane.com","population":"2697 habitants","website":"","townhallAdress":"Rue Saint Philibert - 29920 - NEVEZ"},{"text":"OUESSANT","href":"./29/ouessant.html","phone":"02 98 48 80 06","email":"mairie.eusa@wanadoo.fr","population":"878 habitants","website":"","townhallAdress":"Le Bourg - 29242 - OUESSANT"},{"text":"PENCRAN","href":"./29/pencran.html","phone":"02 98 85 04 42","email":"mairie.pencran@wanadoo.fr","population":"1524 habitants","website":"","townhallAdress":"Bourg - 29800 - PENCRAN"},{"text":"PENMARCH","href":"./29/penmarch.html","phone":"02 98 58 60 19","email":"mairie@penmarch.fr","population":"5837 habitants","website":"","townhallAdress":"110 rue Edmond Michelet - 29760 - PENMARCH"},{"text":"PEUMERIT","href":"./29/peumerit.html","phone":"02 98 82 91 51","email":"mairie.peumerit@wanadoo.fr","population":"802 habitants","website":"","townhallAdress":"Le Bourg - 29710 - PEUMERIT"},{"text":"PLABENNEC","href":"./29/plabennec.html","phone":"02 98 40 41 32","email":"mairie.plabennec@wanadoo.fr","population":"8040 habitants","website":"","townhallAdress":"1 rue Pierre Jestin - 29860 - PLABENNEC"},{"text":"PLEUVEN","href":"./29/pleuven.html","phone":"02 98 54 60 50","email":"mairie.pleuven@wanadoo.fr","population":"2727 habitants","website":"","townhallAdress":"24 le Bourg - 29170 - PLEUVEN"},{"text":"PLEYBEN","href":"./29/pleyben.html","phone":"02 98 26 68 11","email":"commune-de-pleyben@wanadoo.fr","population":"3945 habitants","website":"","townhallAdress":"Place Charles de Gaulle - 29190 - PLEYBEN"},{"text":"PLEYBER CHRIST","href":"./29/pleyber-christ.html","phone":"02 98 78 41 67","email":"pleyber.christ-mairie@wanadoo.fr","population":"3191 habitants","website":"","townhallAdress":"Square Anne de Bretagne - 29410 - PLEYBER-CHRIST"},{"text":"PLOBANNALEC LESCONIL","href":"./29/plobannalec-lesconil.html","phone":"02 98 82 20 22","email":"mairie.plobannalec.lesconil@wanadoo.fr","population":"3440 habitants","website":"","townhallAdress":"1 rue de la Mairie - 29740 - PLOBANNALEC-LESCONIL"},{"text":"PLOEVEN","href":"./29/ploeven.html","phone":"02 98 81 50 15","email":"mairie-ploeven@wanadoo.fr","population":"491 habitants","website":"","townhallAdress":"Place de la Mairie - 29550 - PLOEVEN"},{"text":"PLOGASTEL SAINT GERMAIN","href":"./29/plogastel-saint-germain.html","phone":"02 98 54 58 57","email":"plogastel.sg.mairie@wanadoo.fr","population":"1843 habitants","website":"","townhallAdress":"Place de la Mairie - 29710 - PLOGASTEL-SAINT-GERMAIN"},{"text":"PLOGOFF","href":"./29/plogoff.html","phone":"02 98 70 60 54","email":"mairie.plogoff@wanadoo.fr","population":"1438 habitants","website":"","townhallAdress":"Rue Pierre Brossolette Bourg - 29770 - PLOGOFF"},{"text":"PLOGONNEC","href":"./29/plogonnec.html","phone":"02 98 91 72 06","email":"mairie.plogonnec@wanadoo.fr","population":"3110 habitants","website":"","townhallAdress":"Rue de la Mairie - 29180 - PLOGONNEC"},{"text":"PLOMELIN","href":"./29/plomelin.html","phone":"02 98 94 25 57","email":"mairie.plomelin@wanadoo.fr","population":"4273 habitants","website":"","townhallAdress":"Plasenn Betziesdorf - 29700 - PLOMELIN"},{"text":"PLOMEUR","href":"./29/plomeur.html","phone":"02 98 82 04 65","email":"mairie.plomeur@wanadoo.fr","population":"3601 habitants","website":"","townhallAdress":"1 Place de la Mairie - 29120 - PLOMEUR"},{"text":"PLOMODIERN","href":"./29/plomodiern.html","phone":"02 98 81 51 29","email":"mairie.plomodiern@wanadoo.fr","population":"2208 habitants","website":"","townhallAdress":"Rue Docteur Vourch - 29550 - PLOMODIERN"},{"text":"PLONEIS","href":"./29/ploneis.html","phone":"02 98 91 08 07","email":"mairie.ploneis@wanadoo.fr","population":"1809 habitants","website":"","townhallAdress":"27 rue Laennec - 29710 - PLONEIS"},{"text":"PLONEOUR LANVERN","href":"./29/ploneour-lanvern.html","phone":"02 98 82 66 00","email":"mairie@ploneour-lanvern.fr","population":"5660 habitants","website":"","townhallAdress":"Place du Général de Gaulle - 29720 - PLONEOUR-LANVERN"},{"text":"PLONEVEZ DU FAOU","href":"./29/plonevez-du-faou.html","phone":"02 98 86 90 07","email":"mairie.plonevezdufaou@wanadoo.fr","population":"2177 habitants","website":"","townhallAdress":"5 rue Anciens Combattants - 29530 - PLONEVEZ-DU-FAOU"},{"text":"PLONEVEZ PORZAY","href":"./29/plonevez-porzay.html","phone":"02 98 92 50 23","email":"mairie-plonevez-porzay@wanadoo.fr","population":"1707 habitants","website":"","townhallAdress":"Allée du Stade - 29550 - PLONEVEZ-PORZAY"},{"text":"PLOUARZEL","href":"./29/plouarzel.html","phone":"02 98 89 60 07","email":"plouarzel.mairie@wanadoo.fr","population":"3368 habitants","website":"","townhallAdress":"Place Général de Gaulle - 29810 - PLOUARZEL"},{"text":"PLOUDALMEZEAU","href":"./29/ploudalmezeau.html","phone":"02 98 48 10 48","email":"Ploudalmezeau.mairie@wanadoo.fr","population":"6078 habitants","website":"","townhallAdress":"Place André Colin - 29830 - PLOUDALMEZEAU"},{"text":"PLOUDANIEL","href":"./29/ploudaniel.html","phone":"02 98 83 61 57","email":"mairie.ploudaniel@wanadoo.fr","population":"3834 habitants","website":"","townhallAdress":"20 rue Général de Gaulle - 29260 - PLOUDANIEL"},{"text":"PLOUDIRY","href":"./29/ploudiry.html","phone":"02 98 25 12 87","email":"mairie-ploudiry@wanadoo.fr","population":"924 habitants","website":"","townhallAdress":"Le Bourg - 29800 - PLOUDIRY"},{"text":"PLOUEDERN","href":"./29/plouedern.html","phone":"02 98 20 82 65","email":"mairie.plouedern@wanadoo.fr","population":"2789 habitants","website":"","townhallAdress":"1 Place de la Mairie - 29800 - PLOUEDERN"},{"text":"PLOUEGAT GUERRAND","href":"./29/plouegat-guerrand.html","phone":"02 98 79 90 09","email":"plouegatguerrand@wanadoo.fr","population":"936 habitants","website":"","townhallAdress":"13 place du Bourg - 29620 - PLOUEGAT-GUERRAND"},{"text":"PLOUEGAT MOYSAN","href":"./29/plouegat-moysan.html","phone":"02 98 79 21 93","email":"p-moysan-mairie@wanadoo.fr","population":"625 habitants","website":"","townhallAdress":"Bourg - 29650 - PLOUEGAT-MOYSAN"},{"text":"PLOUENAN","href":"./29/plouenan.html","phone":"02 98 69 51 11","email":"mairieplouenan@wanadoo.fr","population":"2467 habitants","website":"","townhallAdress":"7 Place Louis Severe - 29420 - PLOUENAN"},{"text":"PLOUESCAT","href":"./29/plouescat.html","phone":"02 98 69 60 13","email":"mairie.plouescat@plouescat.fr","population":"3895 habitants","website":"","townhallAdress":"6 rue de la Mairie - 29430 - PLOUESCAT"},{"text":"PLOUEZOCH","href":"./29/plouezoch.html","phone":"02 98 67 27 22","email":"mairie.plouezoch@wanadoo.fr","population":"1677 habitants","website":"","townhallAdress":"18 Place du Bourg - 29252 - PLOUEZOCH"},{"text":"PLOUGAR","href":"./29/plougar.html","phone":"02 98 68 53 65","email":"mairie.plougar@wanadoo.fr","population":"755 habitants","website":"","townhallAdress":"Le Bourg - 29440 - PLOUGAR"},{"text":"PLOUGASNOU","href":"./29/plougasnou.html","phone":"02 98 67 30 06","email":"commune-de-plougasnou@wanadoo.fr","population":"3333 habitants","website":"","townhallAdress":"14 rue François Charles - 29630 - PLOUGASNOU"},{"text":"PLOUGASTEL DAOULAS","href":"./29/plougastel-daoulas.html","phone":"02 98 37 57 57","email":"mairie-plougastel@mairie-plougastel.fr","population":"13434 habitants","website":"","townhallAdress":"1 place Jean Fournier - 29470 - PLOUGASTEL-DAOULAS"},{"text":"PLOUGONVELIN","href":"./29/plougonvelin.html","phone":"02 98 48 30 21","email":"mairie@plougonvelin.fr","population":"3653 habitants","website":"","townhallAdress":"Rue des Martyrs - 29217 - PLOUGONVELIN"},{"text":"PLOUGONVEN","href":"./29/plougonven.html","phone":"02 98 78 64 04","email":"mairie-de-plougonven@fr.oleane.com","population":"3277 habitants","website":"","townhallAdress":"Place de la Résistance - 29640 - PLOUGONVEN"},{"text":"PLOUGOULM","href":"./29/plougoulm.html","phone":"02 98 29 90 76","email":"contact@plougoulm.fr","population":"1834 habitants","website":"","townhallAdress":"Rue de la Mairie - 29250 - PLOUGOULM"},{"text":"PLOUGOURVEST","href":"./29/plougourvest.html","phone":"02 98 68 53 49","email":"mairie.plougourvest@wanadoo.fr","population":"1274 habitants","website":"","townhallAdress":"Rue de la Mairie - 29400 - PLOUGOURVEST"},{"text":"PLOUGUERNEAU","href":"./29/plouguerneau.html","phone":"02 98 04 71 06","email":"mairie@plouguerneau.fr","population":"6284 habitants","website":"","townhallAdress":"Rue Verger - 29880 - PLOUGUERNEAU"},{"text":"PLOUGUIN","href":"./29/plouguin.html","phone":"02 98 89 23 06","email":"mairie.plouguin@wanadoo.fr","population":"2096 habitants","website":"","townhallAdress":"5 Place Eugène Forest - 29830 - PLOUGUIN"},{"text":"PLOUHINEC","href":"./29/plouhinec.html","phone":"02 98 70 87 33","email":"mairie@ville-plouhinec29.fr","population":"4336 habitants","website":"","townhallAdress":"2 rue Général Leclerc - 29780 - PLOUHINEC"},{"text":"PLOUIDER","href":"./29/plouider.html","phone":"02 98 25 40 59","email":"plouider-mairie@wanadoo.fr","population":"1951 habitants","website":"","townhallAdress":"Place Saint Didier - 29260 - PLOUIDER"},{"text":"PLOUIGNEAU","href":"./29/plouigneau.html","phone":"02 98 67 70 09","email":"plouigneau-mairie@wanadoo.fr","population":"4709 habitants","website":"","townhallAdress":"Place de la Mairie - 29610 - PLOUIGNEAU"},{"text":"PLOUMOGUER","href":"./29/ploumoguer.html","phone":"02 98 89 62 05","email":"Ploumoguer.Mairie@wanadoo.fr","population":"1934 habitants","website":"","townhallAdress":"Rue de Verdun - 29810 - PLOUMOGUER"},{"text":"PLOUNEOUR MENEZ","href":"./29/plouneour-menez.html","phone":"02 98 78 01 17","email":"plouneour-menez-mairie@wanadoo.fr","population":"1227 habitants","website":"","townhallAdress":"6 Place de la Mairie - 29410 - PLOUNEOUR-MENEZ"},{"text":"PLOUNEOUR TREZ","href":"./29/plouneour-trez.html","phone":"02 98 83 41 03","email":"mairie.plouneour-trez@wanadoo.fr","population":"1263 habitants","website":"","townhallAdress":"Le Bourg - 29890 - PLOUNEOUR-TREZ"},{"text":"PLOUNEVENTER","href":"./29/plouneventer.html","phone":"02 98 20 81 57","email":"commune-plouneventer@wanadoo.fr","population":"1726 habitants","website":"","townhallAdress":"Rue de la Mairie - 29230 - PLOUNEVENTER"},{"text":"PLOUNEVEZEL","href":"./29/plounevezel.html","phone":"02 98 93 10 06","email":"mairie.plounevezel@wanadoo.fr","population":"1121 habitants","website":"","townhallAdress":"Le Bourg - 29270 - PLOUNEVEZEL"},{"text":"PLOUNEVEZ LOCHRIST","href":"./29/plounevez-lochrist.html","phone":"02 98 61 40 57","email":"mairie.plounevezlochrist@wanadoo.fr","population":"2503 habitants","website":"","townhallAdress":"Place de la Mairie - 29430 - PLOUNEVEZ-LOCHRIST"},{"text":"PLOURIN","href":"./29/plourin.html","phone":"02 98 04 31 57","email":"accueil@mairie-plourin.fr","population":"1159 habitants","website":"","townhallAdress":"Bourg - 29830 - PLOURIN"},{"text":"PLOURIN LES MORLAIX","href":"./29/plourin-les-morlaix.html","phone":"02 98 72 51 55","email":"mairie@plourin-morlaix.fr","population":"4800 habitants","website":"","townhallAdress":"Place de la Mairie - 29600 - PLOURIN-LES-MORLAIX"},{"text":"PLOUVIEN","href":"./29/plouvien.html","phone":"02 98 40 91 16","email":"mairie@ville-plouvien.fr","population":"3670 habitants","website":"","townhallAdress":"1 Place de la Mairie - 29860 - PLOUVIEN"},{"text":"PLOUVORN","href":"./29/plouvorn.html","phone":"02 98 61 32 40","email":"commune-de-plouvorn@wanadoo.fr","population":"2839 habitants","website":"","townhallAdress":"Rue Gueven - 29420 - PLOUVORN"},{"text":"PLOUYE","href":"./29/plouye.html","phone":"02 98 99 70 07","email":"Mairie.Plouye@wanadoo.fr","population":"731 habitants","website":"","townhallAdress":"Bourg - 29690 - PLOUYE"},{"text":"PLOUZANE","href":"./29/plouzane.html","phone":"02 98 31 95 30","email":"mairie@ville-plouzane.fr","population":"12051 habitants","website":"","townhallAdress":"Zac Castel Nevez - 29280 - PLOUZANE"},{"text":"PLOUZEVEDE","href":"./29/plouzevede.html","phone":"02 98 69 98 18","email":"mairie.plouzevede@wanadoo.fr","population":"1616 habitants","website":"","townhallAdress":"4 Place de la Mairie - 29440 - PLOUZEVEDE"},{"text":"PLOVAN","href":"./29/plovan.html","phone":"02 98 54 42 07","email":"mairiedeplovan@wanadoo.fr","population":"704 habitants","website":"","townhallAdress":"2 rue de la Mairie - 29720 - PLOVAN"},{"text":"PLOZEVET","href":"./29/plozevet.html","phone":"02 98 91 30 10","email":"commune.plozevet@wanadoo.fr","population":"3023 habitants","website":"","townhallAdress":"14 rue Jules Ferry - 29710 - PLOZEVET"},{"text":"PLUGUFFAN","href":"./29/pluguffan.html","phone":"02 98 94 01 11","email":"mairie.pluguffan@wanadoo.fr","population":"3471 habitants","website":"","townhallAdress":"Rue Quimper - 29700 - PLUGUFFAN"},{"text":"PONT AVEN","href":"./29/pont-aven.html","phone":"02 98 06 00 35","email":"mairie@pont-aven.fr","population":"3050 habitants","website":"","townhallAdress":"Place de l'Hôtel de Ville - 29930 - PONT-AVEN"},{"text":"PONT CROIX","href":"./29/pont-croix.html","phone":"02 98 70 40 66","email":"pontcroix.mairie@wanadoo.fr","population":"1739 habitants","website":"","townhallAdress":"26 rue Docteur Neis - 29790 - PONT-CROIX"},{"text":"PONT DE BUIS LES QUIMERCH","href":"./29/pont-de-buis-les-quimerch.html","phone":"02 98 73 04 38","email":"accueil-mairie@pontdebuislesquimerch.fr","population":"3887 habitants","website":"","townhallAdress":"Esplanade Général de Gaulle - 29590 - PONT-DE-BUIS-LES-QUIMERCH"},{"text":"PONT L ABBE","href":"./29/pont-l-abbe.html","phone":"02 98 66 09 09","email":"accueil@ville-pontlabbe.fr","population":"8533 habitants","website":"","townhallAdress":"Square de l'Europe - 29120 - PONT-L'ABBE"},{"text":"PORSPODER","href":"./29/porspoder.html","phone":"02 98 89 90 27","email":"porspoder.mairie@wanadoo.fr","population":"1636 habitants","website":"","townhallAdress":"1 rue de la Mairie - 29840 - PORSPODER"},{"text":"PORT LAUNAY","href":"./29/port-launay.html","phone":"02 98 86 09 63","email":"port.launay@wanadoo.fr","population":"533 habitants","website":"","townhallAdress":"Place Général de Gaulle - 29150 - PORT-LAUNAY"},{"text":"POULDERGAT","href":"./29/pouldergat.html","phone":"02 98 74 61 26","email":"mairie@pouldergat.fr","population":"1274 habitants","website":"","townhallAdress":"1BIS rue Ar Steir - 29100 - POULDERGAT"},{"text":"POULDREUZIC","href":"./29/pouldreuzic.html","phone":"02 98 54 40 32","email":"mairie.pouldreuzic@wanadoo.fr","population":"1863 habitants","website":"","townhallAdress":"6 rue de la Mairie - 29710 - POULDREUZIC"},{"text":"POULLAN SUR MER","href":"./29/poullan-sur-mer.html","phone":"02 98 74 03 92","email":"mairie.poullan@wanadoo.fr","population":"1643 habitants","website":"","townhallAdress":"Place Bel Air - 29100 - POULLAN-SUR-MER"},{"text":"POULLAOUEN","href":"./29/poullaouen.html","phone":"02 98 93 50 76","email":"mairie-de-poullaouen@wanadoo.fr","population":"1431 habitants","website":"","townhallAdress":"1 Place de la Mairie - 29246 - POULLAOUEN"},{"text":"PRIMELIN","href":"./29/primelin.html","phone":"02 98 74 81 19","email":"mairie.primelin@wanadoo.fr","population":"760 habitants","website":"","townhallAdress":"Place de la Mairie - 29770 - PRIMELIN"},{"text":"QUEMENEVEN","href":"./29/quemeneven.html","phone":"02 98 73 53 33","email":"mairie-quemeneven@wanadoo.fr","population":"1181 habitants","website":"","townhallAdress":"2 rue Saint Laurent - 29180 - QUEMENEVEN"},{"text":"QUERRIEN","href":"./29/querrien.html","phone":"02 98 71 34 21","email":"mairie.querrien.finistere@wanadoo.fr","population":"1703 habitants","website":"","townhallAdress":"7 Place de l'Eglise - 29310 - QUERRIEN"},{"text":"QUIMPER","href":"./29/quimper.html","phone":"02 98 98 89 89","email":"contact@mairie-quimper.fr","population":"67255 habitants","website":"","townhallAdress":"44 place St Corentin - 29000 - QUIMPER"},{"text":"QUIMPERLE","href":"./29/quimperle.html","phone":"02 98 96 37 37","email":"mairie@ville-quimperle.fr","population":"11560 habitants","website":"","townhallAdress":"La Roche Beaubois 32 r Pont Aven - 29300 - QUIMPERLE"},{"text":"REDENE","href":"./29/redene.html","phone":"02 98 96 70 44","email":"mairie.redene@wanadoo.fr","population":"2757 habitants","website":"","townhallAdress":"Place de l'Eglise - 29300 - REDENE"},{"text":"RIEC SUR BELON","href":"./29/riec-sur-belon.html","phone":"02 98 06 91 04","email":"mairie-riec-sur-belon@wanadoo.fr","population":"4262 habitants","website":"","townhallAdress":"Rue des Gentilshommes - 29340 - RIEC-SUR-BELON"},{"text":"ROSCANVEL","href":"./29/roscanvel.html","phone":"02 98 27 48 51","email":"mairie@roscanvel.fr","population":"1028 habitants","website":"","townhallAdress":"Rue de la Mairie - 29570 - ROSCANVEL"},{"text":"ROSCOFF","href":"./29/roscoff.html","phone":"02 98 24 43 00","email":"secrétariat.mairie.roscoff@wanadoo.fr","population":"3780 habitants","website":"","townhallAdress":"6 rue Louis Pasteur - 29680 - ROSCOFF"},{"text":"ROSNOEN","href":"./29/rosnoen.html","phone":"02 98 81 91 97","email":"accueil@mairiederosnoen.fr","population":"987 habitants","website":"","townhallAdress":"Le Bourg - 29590 - ROSNOEN"},{"text":"ROSPORDEN","href":"./29/rosporden.html","phone":"02 98 66 99 00","email":"mairie.rosporden@fr.oleane.com","population":"7077 habitants","website":"","townhallAdress":"8 rue Ernest Prévost - 29140 - ROSPORDEN"},{"text":"SAINT COULITZ","href":"./29/saint-coulitz.html","phone":"02 98 86 17 65","email":"mairie.saint-coulitz@wanadoo.fr","population":"454 habitants","website":"","townhallAdress":"Le Bourg - 29150 - SAINT-COULITZ"},{"text":"SAINT DERRIEN","href":"./29/saint-derrien.html","phone":"02 98 68 52 44","email":"saint.derrien@wanadoo.fr","population":"698 habitants","website":"","townhallAdress":"Le Bourg - 29440 - SAINT-DERRIEN"},{"text":"SAINT DIVY","href":"./29/saint-divy.html","phone":"02 98 20 20 90","email":"mairie-st-divy@wanadoo.fr","population":"1339 habitants","website":"","townhallAdress":"Bourg - 29800 - SAINT-DIVY"},{"text":"SAINT ELOY","href":"./29/saint-eloy.html","phone":"02 98 21 96 76","email":"mairie.saint-eloy@wanadoo.fr","population":"203 habitants","website":"","townhallAdress":"2 Chemin des Ecoliers - 29460 - SAINT-ELOY"},{"text":"SAINTE SEVE","href":"./29/sainte-seve.html","phone":"02 98 88 25 03","email":"sainte-seve-mairie@wanadoo.fr","population":"899 habitants","website":"","townhallAdress":"4 Place de la Mairie - 29600 - SAINTE-SEVE"},{"text":"SAINT EVARZEC","href":"./29/saint-evarzec.html","phone":"02 98 56 28 29","email":"mairie-saint-evarzec@wanadoo.fr","population":"3295 habitants","website":"","townhallAdress":"2 Place de la Mairie - 29170 - SAINT-EVARZEC"},{"text":"SAINT FREGANT","href":"./29/saint-fregant.html","phone":"02 98 83 05 02","email":"mairie.saint-fregant@wanadoo.fr","population":"594 habitants","website":"","townhallAdress":"Le Bourg - 29260 - SAINT-FREGANT"},{"text":"SAINT GOAZEC","href":"./29/saint-goazec.html","phone":"02 98 26 82 20","email":"stgoazec.mairie@wanadoo.fr","population":"723 habitants","website":"","townhallAdress":"2 rue de la Mairie - 29520 - SAINT-GOAZEC"},{"text":"SAINT HERNIN","href":"./29/saint-hernin.html","phone":"02 98 99 51 27","email":"mairie.st.hernin@wanadoo.fr","population":"795 habitants","website":"","townhallAdress":"Bourg - 29270 - SAINT-HERNIN"},{"text":"SAINT JEAN DU DOIGT","href":"./29/saint-jean-du-doigt.html","phone":"02 98 67 34 07","email":"st-jean-du-doigt-mairie@wanadoo.fr","population":"664 habitants","website":"","townhallAdress":"Bourg - 29630 - SAINT-JEAN-DU-DOIGT"},{"text":"SAINT JEAN TROLIMON","href":"./29/saint-jean-trolimon.html","phone":"02 98 82 00 34","email":"mairiesaintjeantrolimon@wanadoo.fr","population":"1000 habitants","website":"","townhallAdress":"Rue de la Mairie - 29120 - SAINT-JEAN-TROLIMON"},{"text":"SAINT MARTIN DES CHAMPS","href":"./29/saint-martin-des-champs.html","phone":"02 98 62 06 47","email":"mairie@ville-stmartin29.fr","population":"5004 habitants","website":"","townhallAdress":"Place de la Mairie - 29600 - SAINT-MARTIN-DES-CHAMPS"},{"text":"SAINT MEEN","href":"./29/saint-meen.html","phone":"02 98 83 60 90","email":"mairie.saint-meen@wanadoo.fr","population":"673 habitants","website":"","townhallAdress":"6 rue de la Mairie - 29260 - SAINT-MEEN"},{"text":"SAINT NIC","href":"./29/saint-nic.html","phone":"02 98 26 50 36","email":"COMMUNE-STNIC@wanadoo.fr","population":"774 habitants","website":"","townhallAdress":"12 rue Menez Hom - 29550 - SAINT-NIC"},{"text":"SAINT PABU","href":"./29/saint-pabu.html","phone":"02 98 89 82 76","email":"mairie-de-saint-pabu@wanadoo.fr","population":"1827 habitants","website":"","townhallAdress":"49 rue du Bourg - 29830 - SAINT-PABU"},{"text":"SAINT POL DE LEON","href":"./29/saint-pol-de-leon.html","phone":"02 98 15 85 00","email":"mairie@saintpoldeleon.fr","population":"7354 habitants","website":"","townhallAdress":"Place Evêché - 29250 - SAINT-POL-DE-LEON"},{"text":"SAINT RENAN","href":"./29/saint-renan.html","phone":"02 98 84 20 08","email":"mairie@saint-renan.fr","population":"7502 habitants","website":"","townhallAdress":"Place Léon Cheminant - 29290 - SAINT-RENAN"},{"text":"SAINT RIVOAL","href":"./29/saint-rivoal.html","phone":"02 98 81 40 54","email":"mairie-st-rivoal@wanadoo.fr","population":"177 habitants","website":"","townhallAdress":"Bourg - 29190 - SAINT-RIVOAL"},{"text":"SAINT SAUVEUR","href":"./29/saint-sauveur.html","phone":"02 98 68 72 43","email":"mairie.saintsauveur-finistere@wanadoo.fr","population":"781 habitants","website":"","townhallAdress":"Rue de St-Thégonnec   - 29400 - SAINT-SAUVEUR"},{"text":"SAINT SEGAL","href":"./29/saint-segal.html","phone":"02 98 73 17 03","email":"accueil@mairie-saintsegal.fr","population":"1002 habitants","website":"","townhallAdress":"2 rue Pont de Buis - 29590 - SAINT-SEGAL"},{"text":"SAINT SERVAIS","href":"./29/saint-servais.html","phone":"02 98 68 15 21","email":"mairie.saintservais@orange.fr","population":"729 habitants","website":"","townhallAdress":"13 Le Bourg - 29400 - SAINT-SERVAIS"},{"text":"SAINT THEGONNEC","href":"./29/saint-thegonnec.html","phone":"02 98 79 61 06","email":"mairie.st-thegonnec@wanadoo.fr","population":"2646 habitants","website":"","townhallAdress":"2 Place de la Mairie - 29410 - SAINT-THEGONNEC"},{"text":"SAINT THOIS","href":"./29/saint-thois.html","phone":"02 98 73 82 08","email":"mairiestthois@orange.fr","population":"732 habitants","website":"","townhallAdress":"1 Place de la Mairie - 29520 - SAINT-THOIS"},{"text":"SAINT THONAN","href":"./29/saint-thonan.html","phone":"02 98 40 13 33","email":"mairie.saintthonan@wanadoo.fr","population":"1359 habitants","website":"","townhallAdress":"1 Place Noyers - 29800 - SAINT-THONAN"},{"text":"SAINT THURIEN","href":"./29/saint-thurien.html","phone":"02 98 39 83 71","email":"mairie.saint.thurien@wanadoo.fr","population":"899 habitants","website":"","townhallAdress":"Rue Poulou - 29380 - SAINT-THURIEN"},{"text":"SAINT URBAIN","href":"./29/saint-urbain.html","phone":"02 98 25 03 04","email":"saint-urbain29@wanadoo.fr","population":"1459 habitants","website":"","townhallAdress":"200 Place de la Mairie - 29800 - SAINT-URBAIN"},{"text":"SAINT VOUGAY","href":"./29/saint-vougay.html","phone":"02 98 69 97 04","email":"saintvougay.mairie@wanadoo.fr","population":"918 habitants","website":"","townhallAdress":"Bourg - 29440 - SAINT-VOUGAY"},{"text":"SAINT YVY","href":"./29/saint-yvy.html","phone":"02 98 94 72 11","email":"mairie@st-yvi.com","population":"2706 habitants","website":"","townhallAdress":"Place de la Mairie - 29140 - SAINT-YVY"},{"text":"SANTEC","href":"./29/santec.html","phone":"02 98 29 74 65","email":"mairie-de-santec@wanadoo.fr","population":"2340 habitants","website":"","townhallAdress":"71 place Isidore Roudaut - 29250 - SANTEC"},{"text":"SCAER","href":"./29/scaer.html","phone":"02 98 59 42 10","email":"mairie@ville-scaer.fr","population":"5271 habitants","website":"","townhallAdress":"2 Place de la Libération - 29390 - SCAER"},{"text":"SCRIGNAC","href":"./29/scrignac.html","phone":"02 98 78 20 15","email":"mairie.scrignac@wanadoo.fr","population":"847 habitants","website":"","townhallAdress":"Place de la Mairie - 29640 - SCRIGNAC"},{"text":"SIBIRIL","href":"./29/sibiril.html","phone":"02 98 29 91 57","email":"commune.de.sibiril@wanadoo.fr","population":"1256 habitants","website":"","townhallAdress":"Place de la Mairie - 29250 - SIBIRIL"},{"text":"SIZUN","href":"./29/sizun.html","phone":"02 98 68 80 13","email":"mairie.sizun@wanadoo.fr","population":"2225 habitants","website":"","townhallAdress":"Place Charles de Gaulle - 29450 - SIZUN"},{"text":"SPEZET","href":"./29/spezet.html","phone":"02 98 93 80 03","email":"mairiespezet@wanadoo.fr","population":"1919 habitants","website":"","townhallAdress":"Rue des Ecoles - 29540 - SPEZET"},{"text":"TAULE","href":"./29/taule.html","phone":"02 98 67 11 14","email":"mairie.taule@wanadoo.fr","population":"2978 habitants","website":"","townhallAdress":"12 Place de la Mairie - 29670 - TAULE"},{"text":"TELGRUC SUR MER","href":"./29/telgruc-sur-mer.html","phone":"02 98 27 73 65","email":"mairie.telgruc@wanadoo.fr","population":"2081 habitants","website":"","townhallAdress":"4 rue Menez Hom - 29560 - TELGRUC-SUR-MER"},{"text":"TOURCH","href":"./29/tourch.html","phone":"02 98 59 12 51","email":"mairie-tourch@wanadoo.fr","population":"918 habitants","website":"","townhallAdress":"1 Place Guillaume Guéguen - 29140 - TOURCH"},{"text":"TREBABU","href":"./29/trebabu.html","phone":"02 98 89 01 84","email":"Trebabu.Mairie@wanadoo.fr","population":"377 habitants","website":"","townhallAdress":"Bourg - 29217 - TREBABU"},{"text":"TREFFIAGAT","href":"./29/treffiagat.html","phone":"02 98 58 14 47","email":"mairie.treffiagat@wanadoo.fr","population":"2384 habitants","website":"","townhallAdress":"1 rue Trouidy - 29730 - TREFFIAGAT"},{"text":"TREFLAOUENAN","href":"./29/treflaouenan.html","phone":"02 98 69 97 81","email":"mairiedetreflaouenan@wanadoo.fr","population":"526 habitants","website":"","townhallAdress":"Le Bourg - 29440 - TREFLAOUENAN"},{"text":"TREFLEVENEZ","href":"./29/treflevenez.html","phone":"02 98 25 17 09","email":"mairie.treflevenez@wanadoo.fr","population":"292 habitants","website":"","townhallAdress":"Bourg - 29800 - TREFLEVENEZ"},{"text":"TREFLEZ","href":"./29/treflez.html","phone":"02 98 61 45 72","email":"treflez.mairie@wanadoo.fr","population":"902 habitants","website":"","townhallAdress":"Place Général de Gaulle - 29430 - TREFLEZ"},{"text":"TREGARANTEC","href":"./29/tregarantec.html","phone":"02 98 83 61 65","email":"mairie.tregarantec@wanadoo.fr","population":"544 habitants","website":"","townhallAdress":"Le Bourg - 29260 - TREGARANTEC"},{"text":"TREGARVAN","href":"./29/tregarvan.html","phone":"02 98 26 02 06","email":"mairie.tregarvan@wanadoo.fr","population":"142 habitants","website":"","townhallAdress":"Bourg - 29560 - TREGARVAN"},{"text":"TREGLONOU","href":"./29/treglonou.html","phone":"02 98 04 00 70","email":"commune-treglonou@wanadoo.fr","population":"603 habitants","website":"","townhallAdress":"18 rue de la Mairie - 29870 - TREGLONOU"},{"text":"TREGOUREZ","href":"./29/tregourez.html","phone":"02 98 59 10 28","email":"mairie.tregourez@wanadoo.fr","population":"958 habitants","website":"","townhallAdress":"Place de la Mairie - 29970 - TREGOUREZ"},{"text":"TREGUENNEC","href":"./29/treguennec.html","phone":"02 98 87 60 35","email":"mairie.treguennec@wanadoo.fr","population":"345 habitants","website":"","townhallAdress":"Bourg - 29720 - TREGUENNEC"},{"text":"TREGUNC","href":"./29/tregunc.html","phone":"02 98 50 95 95","email":"mairie-tregunc@wanadoo.fr","population":"6982 habitants","website":"","townhallAdress":"Place de la Mairie - 29910 - TREGUNC"},{"text":"TREMAOUEZAN","href":"./29/tremaouezan.html","phone":"02 98 20 87 12","email":"mairie-tremaouezan@wanadoo.fr","population":"463 habitants","website":"","townhallAdress":"Bourg - 29800 - TREMAOUEZAN"},{"text":"TREMEOC","href":"./29/tremeoc.html","phone":"02 98 87 08 06","email":"tremeoc@wanadoo.fr","population":"1209 habitants","website":"","townhallAdress":"Le Bourg - 29120 - TREMEOC"},{"text":"TREMEVEN","href":"./29/tremeven.html","phone":"02 98 96 08 02","email":"mairie.tremeven@wanadoo.fr","population":"2112 habitants","website":"","townhallAdress":"Place de l'Eglise - 29300 - TREMEVEN"},{"text":"TREOGAT","href":"./29/treogat.html","phone":"02 98 87 60 81","email":"lamairiedetreogat@wanadoo.fr","population":"515 habitants","website":"","townhallAdress":"3 rue de la Mer - 29720 - TREOGAT"},{"text":"TREOUERGAT","href":"./29/treouergat.html","phone":"02 98 89 21 55","email":"mairie.treouergat@wanadoo.fr","population":"232 habitants","website":"","townhallAdress":"Mairie - 29290 - TREOUERGAT"},{"text":"TREZILIDE","href":"./29/trezilide.html","phone":"02 98 69 95 27","email":"mairie-trezilide@wanadoo.fr","population":"279 habitants","website":"","townhallAdress":"Bourg - 29440 - TREZILIDE"}]}