{"text":"973| Guyane","href":"guyane.html","townships":[{"text":"APATOU","href":"./973/apatou.html","phone":"05 94 34 32 11","email":"","population":"3628 habitants","website":"","townhallAdress":"Le Bourg - 97317 - APATOU"},{"text":"AWALA YALIMAPO","href":"./973/awala-yalimapo.html","phone":"05 94 34 76 76","email":"mairie@awala-yalimapo.fr","population":"889 habitants","website":"","townhallAdress":"109 avenue Paul Henri - 97319 - AWALA-YALIMAPO"},{"text":"CAMOPI","href":"./973/camopi.html","phone":"05 94 37 44 00","email":"mairie.camopi@yahoo.fr","population":"1032 habitants","website":"","townhallAdress":"Le Bourg - 97330 - CAMOPI"},{"text":"CAYENNE","href":"./973/cayenne.html","phone":"05 94 39 70 70","email":"contact@ville-cayenne.fr","population":"50594 habitants","website":"","townhallAdress":"1 rue Rémire - 97300 - CAYENNE"},{"text":"GRAND SANTI","href":"./973/grand-santi.html","phone":"05 94 49 53 49","email":"mairie.grandsanti@orange .fr","population":"2862 habitants","website":"","townhallAdress":"Le Bourg - 97340 - GRAND-SANTI"},{"text":"IRACOUBO","href":"./973/iracoubo.html","phone":"05 94 34 60 06","email":"iracoubo.mairie.dgs@orange.fr","population":"1430 habitants","website":"","townhallAdress":"Rue Michel Lohier - 97350 - IRACOUBO"},{"text":"KOUROU","href":"./973/kourou.html","phone":"05 94 22 31 31","email":"informatique@kourou.info","population":"19107 habitants","website":"","townhallAdress":"30 avenue Roches - 97310 - KOUROU"},{"text":"MANA","href":"./973/mana.html","phone":"05 94 34 82 68","email":"mana.contact@orange.fr","population":"5445 habitants","website":"","townhallAdress":"Place Yves Patient - 97360 - MANA"},{"text":"MARIPASOULA","href":"./973/maripasoula.html","phone":"05 94 37 21 50","email":"","population":"4241 habitants","website":"","townhallAdress":"Avenue Léonard Domerger - 97370 - MARIPASOULA"},{"text":"MATOURY","href":"./973/matoury.html","phone":"05 94 35 32 32","email":"matoury-mairie@orange.fr","population":"18032 habitants","website":"","townhallAdress":"Le Bourg - 97351 - MATOURY"},{"text":"MONTSINERY TONNEGRANDE","href":"./973/montsinery-tonnegrande.html","phone":"05 94 31 39 41","email":"","population":"1038 habitants","website":"","townhallAdress":"Rue du Gouverneur Félix Eboué - 97300 - MONTSINERY-TONNEGRANDE"},{"text":"OUANARY","href":"./973/ouanary.html","phone":"05 94 37 01 02","email":"","population":"92 habitants","website":"","townhallAdress":"Le Bourg - 97380 - OUANARY"},{"text":"PAPAICHTON","href":"./973/papaichton.html","phone":"05 94 37 30 00","email":"mairie-de-papaichton@wanadoo.fr","population":"4832 habitants","website":"","townhallAdress":"Place du Fromager - 97316 - PAPAICHTON"},{"text":"REGINA","href":"./973/regina.html","phone":"05 94 28 05 89","email":"","population":"966 habitants","website":"","townhallAdress":"Le Bourg - 97390 - REGINA"},{"text":"REMIRE MONTJOLY","href":"./973/remire-montjoly.html","phone":"05 94 35 90 00","email":"mairie.remire@wanadoo.fr","population":"15555 habitants","website":"","townhallAdress":"Avenue Jean Michotte - 97354 - REMIRE-MONTJOLY"},{"text":"ROURA","href":"./973/roura.html","phone":"05 94 28 00 00","email":"","population":"2530 habitants","website":"","townhallAdress":"Rue Montravel - 97311 - ROURA"},{"text":"SAINT ELIE","href":"./973/saint-elie.html","phone":"05 94 33 90 08","email":"","population":"239 habitants","website":"","townhallAdress":"Le Bourg - 97312 - SAINT-ELIE"},{"text":"SAINT GEORGES","href":"./973/saint-georges.html","phone":"05 94 37 00 44","email":"","population":"2154 habitants","website":"","townhallAdress":"Rue Jean Cédia - 97313 - SAINT-GEORGES"},{"text":"SAINT LAURENT DU MARONI","href":"./973/saint-laurent-du-maroni.html","phone":"05 94 34 03 00","email":"97320@wanadoo.fr","population":"19211 habitants","website":"","townhallAdress":"5 avenue Lieut-Col Chandon - 97320 - SAINT-LAURENT-DU-MARONI"},{"text":"SAUL","href":"./973/saul.html","phone":"05 94 37 45 00","email":"","population":"160 habitants","website":"","townhallAdress":"Le Bourg - 97314 - SAUL"},{"text":"SINNAMARY","href":"./973/sinnamary.html","phone":"05 94 34 51 22","email":"sinnamary.sg@wanadoo.fr","population":"2783 habitants","website":"","townhallAdress":"26 rue du Calvaire - 97315 - SINNAMARY"},{"text":"TONATE MACOURIA","href":"./973/tonate-macouria.html","phone":"05 94 38 87 96","email":"mairie-de-macouria@wanadoo.fr","population":"5050 habitants","website":"","townhallAdress":"Le Bourg, 26 route Nationale 1 - 97300 - TONATE-MACOURIA"}]}