{"text":"2B | Haute Corse","href":"haute-corse.html","townships":[{"text":"AGHIONE","href":"./2B/aghione.html","phone":"04 95 56 60 33","email":"commune-aghione@wanadoo.fr","population":"245 habitants","website":"","townhallAdress":"Lieu-dit U Casone - 20270 - AGHIONE"},{"text":"AITI","href":"./2B/aiti.html","phone":"04 95 48 40 13","email":"","population":"29 habitants","website":"","townhallAdress":"Village - 20244 - AITI"},{"text":"ALANDO","href":"./2B/alando.html","phone":"04 95 48 66 91","email":"mairiealando@wanadoo.fr","population":"24 habitants","website":"","townhallAdress":"Village - 20212 - ALANDO"},{"text":"ALBERTACCE","href":"./2B/albertacce.html","phone":"04 95 48 01 05","email":"mairie.albertacce.corse@wanadoo.fr","population":"200 habitants","website":"","townhallAdress":"Village Albertacce - 20224 - ALBERTACCE"},{"text":"ALERIA","href":"./2B/aleria.html","phone":"04 95 57 94 77","email":"commune.aleria@wanadoo.fr","population":"1966 habitants","website":"","townhallAdress":"Route nationale 198 - 20270 - ALERIA"},{"text":"ALGAJOLA","href":"./2B/algajola.html","phone":"04 95 60 70 47","email":"mairie-algajola@wanadoo.fr","population":"216 habitants","website":"","townhallAdress":"Village - 20220 - ALGAJOLA"},{"text":"ALTIANI","href":"./2B/altiani.html","phone":"04 95 48 84 80","email":"mairie.altiani@wanadoo.fr","population":"95 habitants","website":"","townhallAdress":"Village - 20251 - ALTIANI"},{"text":"ALZI","href":"./2B/alzi.html","phone":"04 95 48 68 27","email":"mairie.alzi@wanadoo.fr","population":"17 habitants","website":"","townhallAdress":"Village - 20212 - ALZI"},{"text":"AMPRIANI","href":"./2B/ampriani.html","phone":"04 95 39 62 10","email":"mairie-ampriani@wanadoo.fr","population":"14 habitants","website":"","townhallAdress":"Couvent Saint François - 20272 - AMPRIANI"},{"text":"ANTISANTI","href":"./2B/antisanti.html","phone":"04 95 44 44 03","email":"mairie.antisanti@wanadoo.fr","population":"418 habitants","website":"","townhallAdress":"Village - 20270 - ANTISANTI"},{"text":"AREGNO","href":"./2B/aregno.html","phone":"04 95 61 70 34","email":"mairie.aregno@wanadoo.fr","population":"567 habitants","website":"","townhallAdress":"Village - 20220 - AREGNO"},{"text":"ASCO","href":"./2B/asco.html","phone":"04 95 47 82 07","email":"mairie.asco@corcikadsl.com","population":"131 habitants","website":"","townhallAdress":"Village - 20276 - ASCO"},{"text":"AVAPESSA","href":"./2B/avapessa.html","phone":"04 95 61 74 10","email":"mairie.avapessa@wanadoo.fr","population":"65 habitants","website":"","townhallAdress":"Village - 20225 - AVAPESSA"},{"text":"BARBAGGIO","href":"./2B/barbaggio.html","phone":"04 95 37 05 80","email":"barbaggio@wanadoo.fr","population":"164 habitants","website":"","townhallAdress":"Lieu-dit Piazze - 20253 - BARBAGGIO"},{"text":"BARRETTALI","href":"./2B/barrettali.html","phone":"04 95 35 10 54","email":"secretariat.barrettali@wanadoo.fr","population":"153 habitants","website":"","townhallAdress":"Hameau Chiesa - 20228 - BARRETTALI"},{"text":"BASTIA","href":"./2B/bastia.html","phone":"04 95 55 95 55","email":"maire@ville-bastia.fr","population":"37884 habitants","website":"","townhallAdress":"Rond-point Noguès - 20200 - BASTIA"},{"text":"BELGODERE","href":"./2B/belgodere.html","phone":"04 95 61 39 20","email":"mairie.belgodere@wanadoo.fr","population":"371 habitants","website":"","townhallAdress":"Lieu-dit Costa - 20226 - BELGODERE"},{"text":"BIGORNO","href":"./2B/bigorno.html","phone":"04 95 38 72 09","email":"","population":"78 habitants","website":"","townhallAdress":"Village - 20252 - BIGORNO"},{"text":"BIGUGLIA","href":"./2B/biguglia.html","phone":"04 95 58 98 58","email":"mairie.biguglia@wanadoo.fr","population":"5018 habitants","website":"","townhallAdress":"Lieu-dit Casatorra - 20620 - BIGUGLIA"},{"text":"BISINCHI","href":"./2B/bisinchi.html","phone":"04 95 38 76 38","email":"mairie.bisinchi@wanadoo.fr","population":"173 habitants","website":"","townhallAdress":"Village - 20235 - BISINCHI"},{"text":"BORGO","href":"./2B/borgo.html","phone":"04 95 36 00 88","email":"mairie-borgo@wanadoo.fr","population":"5002 habitants","website":"","townhallAdress":"Lieu-dit Revinco - 20290 - BORGO"},{"text":"BRANDO","href":"./2B/brando.html","phone":"04 95 33 20 84","email":"Mairie-de-brando@wanadoo.fr","population":"1527 habitants","website":"","townhallAdress":"Erbalunga - 20222 - BRANDO"},{"text":"BUSTANICO","href":"./2B/bustanico.html","phone":"04 95 48 66 84","email":"mairie-de-bustanico@wanadoo.fr","population":"77 habitants","website":"","townhallAdress":"Sottano - 20212 - BUSTANICO"},{"text":"CAGNANO","href":"./2B/cagnano.html","phone":"04 95 35 01 67","email":"mairie.de.cagnano@orange.fr","population":"196 habitants","website":"","townhallAdress":"Lieu-dit Ortale - 20228 - CAGNANO"},{"text":"CALACUCCIA","href":"./2B/calacuccia.html","phone":"04 95 48 08 43","email":"mairie.calacuccia@wanadoo.fr","population":"340 habitants","website":"","townhallAdress":"Avenue Valdoniello - 20224 - CALACUCCIA"},{"text":"CALENZANA","href":"./2B/calenzana.html","phone":"04 95 62 70 08","email":"mairie-calenzana@wanadoo.fr","population":"1722 habitants","website":"","townhallAdress":"Place du Monument - 20214 - CALENZANA"},{"text":"CALVI","href":"./2B/calvi.html","phone":"04 95 65 82 00","email":"infos@villedecalvi.fr","population":"5420 habitants","website":"","townhallAdress":"Rue Albert 1 er - 20260 - CALVI"},{"text":"CAMBIA","href":"./2B/cambia.html","phone":"04 95 48 42 48","email":"mairie.cambia@orange.fr","population":"79 habitants","website":"","townhallAdress":"Village - 20244 - CAMBIA"},{"text":"CAMPANA","href":"./2B/campana.html","phone":"04 95 35 85 87","email":"commune-de-campana@orange.fr","population":"24 habitants","website":"","townhallAdress":"Village - 20229 - CAMPANA"},{"text":"CAMPI","href":"./2B/campi.html","phone":"04 95 39 40 31","email":"campi.mairie@wanadoo.fr","population":"28 habitants","website":"","townhallAdress":"Village - 20270 - CAMPI"},{"text":"CAMPILE","href":"./2B/campile.html","phone":"04 95 38 21 21","email":"mairie.campile@wanadoo.fr","population":"199 habitants","website":"","townhallAdress":"100 lieu-dit San Pietro - 20290 - CAMPILE"},{"text":"CAMPITELLO","href":"./2B/campitello.html","phone":"04 95 38 74 30","email":"commune.campitello@orange.fr","population":"103 habitants","website":"","townhallAdress":"Lieu-dit Panicale - 20252 - CAMPITELLO"},{"text":"CANALE DI VERDE","href":"./2B/canale-di-verde.html","phone":"04 95 38 82 53","email":"canalediverde@wanadoo.fr","population":"335 habitants","website":"","townhallAdress":"Village - 20230 - CANALE-DI-VERDE"},{"text":"CANARI","href":"./2B/canari.html","phone":"0495378017","email":"mairiecanari@wanadoo.fr","population":"323 habitants","website":"","townhallAdress":"Hameau Pieve - 20217 - CANARI"},{"text":"CANAVAGGIA","href":"./2B/canavaggia.html","phone":"04 95 38 71 93","email":"mairie.canavaggia@wanadoo.fr","population":"98 habitants","website":"","townhallAdress":"Village - 20235 - CANAVAGGIA"},{"text":"CARCHETO BRUSTICO","href":"./2B/carcheto-brustico.html","phone":"04 95 35 84 08","email":"mairiecarcheto.brustico@wanadoo.fr","population":"18 habitants","website":"","townhallAdress":"Lieu-dit Corsu Village - 20229 - CARCHETO-BRUSTICO"},{"text":"CARPINETO","href":"./2B/carpineto.html","phone":"04 95 35 92 54","email":"","population":"11 habitants","website":"","townhallAdress":"Carpineto - 20229 - CARPINETO"},{"text":"CARTICASI","href":"./2B/carticasi.html","phone":"04 95 48 41 08","email":"mairiecarticasi@orange.fr","population":"26 habitants","website":"","townhallAdress":"Village - 20244 - CARTICASI"},{"text":"CASABIANCA","href":"./2B/casabianca.html","phone":"04 95 39 22 14","email":"mairie.casabianca@wanadoo.fr","population":"68 habitants","website":"","townhallAdress":"Village - 20237 - CASABIANCA"},{"text":"CASALTA","href":"./2B/casalta.html","phone":"04 95 39 24 18","email":"mairie.casalta@wanadoo.fr","population":"37 habitants","website":"","townhallAdress":"Village - 20215 - CASALTA"},{"text":"CASAMACCIOLI","href":"./2B/casamaccioli.html","phone":"04 95 48 03 31","email":"mairie.casamaccioli@orange.fr","population":"100 habitants","website":"","townhallAdress":"Village - 20224 - CASAMACCIOLI"},{"text":"CASANOVA","href":"./2B/casanova.html","phone":"04 95 47 06 83","email":"commune-casanova-de-venaco@wanadoo.fr","population":"264 habitants","website":"","townhallAdress":"Village - 20250 - CASANOVA"},{"text":"CASEVECCHIE","href":"./2B/casevecchie.html","phone":"04 95 44 45 11","email":"","population":"70 habitants","website":"","townhallAdress":"Village - 20270 - CASEVECCHIE"},{"text":"CASTELLARE DI CASINCA","href":"./2B/castellare-di-casinca.html","phone":"04 95 36 50 39","email":"mairiecastellare@cegetel.net","population":"547 habitants","website":"","townhallAdress":"Sainte Marguerite Village - 20213 - CASTELLARE-DI-CASINCA"},{"text":"CASTELLARE DI MERCURIO","href":"./2B/castellare-di-mercurio.html","phone":"04 95 47 14 66","email":"mairiedecastellare-di-mercurio@wanadoo.fr","population":"34 habitants","website":"","townhallAdress":"Village - 20212 - CASTELLARE-DI-MERCURIO"},{"text":"CASTELLO DI ROSTINO","href":"./2B/castello-di-rostino.html","phone":"04 95 38 70 34","email":"mairie.castelludirustinu@wanadoo.fr","population":"277 habitants","website":"","townhallAdress":"Lieu-dit Baronciasche - 20235 - CASTELLO-DI-ROSTINO"},{"text":"CASTIFAO","href":"./2B/castifao.html","phone":"04 95 47 80 24","email":"mairie-de-castifao@wanadoo.fr","population":"152 habitants","website":"","townhallAdress":"Piana Vallighello - 20218 - CASTIFAO"},{"text":"CASTIGLIONE","href":"./2B/castiglione.html","phone":"04 95 61 04 94","email":"mairie.castiglione@orange.fr","population":"25 habitants","website":"","townhallAdress":"Village - 20218 - CASTIGLIONE"},{"text":"CASTINETA","href":"./2B/castineta.html","phone":"04 95 47 85 56","email":"","population":"53 habitants","website":"","townhallAdress":"Castineta Sottana - 20218 - CASTINETA"},{"text":"CASTIRLA","href":"./2B/castirla.html","phone":"04 95 47 41 40","email":"communedecastirla@orange.fr","population":"168 habitants","website":"","townhallAdress":"Village - 20236 - CASTIRLA"},{"text":"CATERI","href":"./2B/cateri.html","phone":"04 95 61 81 70","email":"mairiedecateri@wanadoo.fr","population":"219 habitants","website":"","townhallAdress":"Lieu-dit Caldaja - 20225 - CATERI"},{"text":"CENTURI","href":"./2B/centuri.html","phone":"04 95 35 60 06","email":"mairie-de-centuri@wanadoo.fr","population":"216 habitants","website":"","townhallAdress":"Lieu-dit Orche - 20238 - CENTURI"},{"text":"CERVIONE","href":"./2B/cervione.html","phone":"04 95 38 03 42","email":"mairie@cervione.com","population":"1452 habitants","website":"","townhallAdress":"Rue Philippe Pescetti - 20221 - CERVIONE"},{"text":"CHIATRA DI VERDE","href":"./2B/chiatra-di-verde.html","phone":"04 95 38 82 09","email":"chiatra.commune@wanadoo.fr","population":"190 habitants","website":"","townhallAdress":"Village - 20230 - CHIATRA-DI-VERDE"},{"text":"CHISA","href":"./2B/chisa.html","phone":"04 95 57 31 11","email":"mairie.chisa@wanadoo.fr","population":"97 habitants","website":"","townhallAdress":"Village - 20240 - CHISA"},{"text":"CORBARA","href":"./2B/corbara.html","phone":"04 95 63 06 56","email":"corbara3@wanadoo.fr","population":"707 habitants","website":"","townhallAdress":"Place de la Mairie - 20256 - CORBARA"},{"text":"CORSCIA","href":"./2B/corscia.html","phone":"04 95 48 02 04","email":"mairie-corscia@orange.fr","population":"155 habitants","website":"","townhallAdress":"Lieu-dit Cavalleracce - 20224 - CORSCIA"},{"text":"CORTE","href":"./2B/corte.html","phone":"04 95 45 23 00","email":"mairie@mairie-corte.fr","population":"6329 habitants","website":"","townhallAdress":"Lieu-dit Citadelle - 20250 - CORTE"},{"text":"COSTA","href":"./2B/costa.html","phone":"04 95 61 30 34","email":"mairie.costa@wanadoo.fr","population":"48 habitants","website":"","townhallAdress":"Lieu-dit Costa - 20226 - COSTA"},{"text":"CROCE","href":"./2B/croce.html","phone":"04 95 39 27 52","email":"","population":"85 habitants","website":"","townhallAdress":"Village - 20237 - CROCE"},{"text":"CROCICCHIA","href":"./2B/crocicchia.html","phone":"04 95 38 22 38","email":"mairiedecrocicchia@orange.fr","population":"50 habitants","website":"","townhallAdress":"Crocicchia Village - 20290 - CROCICCHIA"},{"text":"ERBAJOLO","href":"./2B/erbajolo.html","phone":"04 95 48 81 80","email":"mairie.erbajolo@orange.fr","population":"92 habitants","website":"","townhallAdress":"Village - 20212 - ERBAJOLO"},{"text":"ERONE","href":"./2B/erone.html","phone":"04 95 38 80 81","email":"","population":"8 habitants","website":"","townhallAdress":"Mairie - 20244 - ERONE"},{"text":"ERSA","href":"./2B/ersa.html","phone":"04 95 35 38 92","email":"mairieersa@wanadoo.fr","population":"132 habitants","website":"","townhallAdress":"Lieu-dit Convento - 20275 - ERSA"},{"text":"FARINOLE","href":"./2B/farinole.html","phone":"04 95 37 10 60","email":"mairie.de.farinole@wanadoo.fr","population":"179 habitants","website":"","townhallAdress":"Village - 20253 - FARINOLE"},{"text":"FAVALELLO","href":"./2B/favalello.html","phone":"04 95 48 67 61","email":"communedefavalello@orange.fr","population":"47 habitants","website":"","townhallAdress":"Village - 20212 - FAVALELLO"},{"text":"FELCE","href":"./2B/felce.html","phone":"04 95 35 93 92","email":"","population":"43 habitants","website":"","townhallAdress":"Lieu-dit Poggiale - 20234 - FELCE"},{"text":"FELICETO","href":"./2B/feliceto.html","phone":"04 95 61 71 20","email":"mairie.feliceto@sfr.fr","population":"162 habitants","website":"","townhallAdress":"Village - 20225 - FELICETO"},{"text":"FICAJA","href":"./2B/ficaja.html","phone":"04 95 39 20 37","email":"mairieficaja@wanadoo.fr","population":"44 habitants","website":"","townhallAdress":"Village - 20237 - FICAJA"},{"text":"FOCICCHIA","href":"./2B/focicchia.html","phone":"04 95 48 81 71","email":"mairie-focicchia@orange.fr","population":"40 habitants","website":"","townhallAdress":"Village - 20212 - FOCICCHIA"},{"text":"FURIANI","href":"./2B/furiani.html","phone":"04 95 30 79 70","email":"babeth.vecchioli@wanadoo.fr","population":"3902 habitants","website":"","townhallAdress":"Lieu-dit Saint Pancrace - 20600 - FURIANI"},{"text":"GALERIA","href":"./2B/galeria.html","phone":"04 95 62 03 09","email":"galeria.mairie@wanadoo.fr","population":"302 habitants","website":"","townhallAdress":"Village - 20245 - GALERIA"},{"text":"GAVIGNANO","href":"./2B/gavignano.html","phone":"04 95 48 40 69","email":"mairie-gavignano@wanadoo.fr","population":"55 habitants","website":"","townhallAdress":"Lieu-dit Borgo - 20218 - GAVIGNANO"},{"text":"GHISONACCIA","href":"./2B/ghisonaccia.html","phone":"04 95 56 15 10","email":"mairie.ghisonaccia@wanadoo.fr","population":"3168 habitants","website":"","townhallAdress":"Place de l'Hôtel de Ville - 20240 - GHISONACCIA"},{"text":"GHISONI","href":"./2B/ghisoni.html","phone":"04 95 57 61 28","email":"mairie.ghisoni@wanadoo.fr","population":"267 habitants","website":"","townhallAdress":"Village - 20227 - GHISONI"},{"text":"GIOCATOJO","href":"./2B/giocatojo.html","phone":"04 95 39 23 33","email":"mairie-giocatojo@wanadoo.fr","population":"49 habitants","website":"","townhallAdress":"Village - 20237 - GIOCATOJO"},{"text":"GIUNCAGGIO","href":"./2B/giuncaggio.html","phone":"04 95 48 82 01","email":"mairie-de-guincaggio@wanadoo.fr","population":"76 habitants","website":"","townhallAdress":"Village - 20251 - GIUNCAGGIO"},{"text":"ISOLACCIO DI FIUMORBO","href":"./2B/isolaccio-di-fiumorbo.html","phone":"04 95 56 71 21","email":"info@isolacciodifiumorbu.com","population":"333 habitants","website":"","townhallAdress":"Village - 20243 - ISOLACCIO-DI-FIUMORBO"},{"text":"LAMA","href":"./2B/lama.html","phone":"04 95 48 21 05","email":"mairie-de-lama@wanadoo.fr","population":"130 habitants","website":"","townhallAdress":"Village - 20218 - LAMA"},{"text":"LANO","href":"./2B/lano.html","phone":"04 95 48 42 21","email":"","population":"21 habitants","website":"","townhallAdress":"Village - 20244 - LANO"},{"text":"LA PORTA","href":"./2B/la-porta.html","phone":"04 95 39 21 48","email":"mairielaporta@sfr.fr","population":"194 habitants","website":"","townhallAdress":"Village - 20237 - LA-PORTA"},{"text":"LAVATOGGIO","href":"./2B/lavatoggio.html","phone":"04 95 61 70 70","email":"mairie.lavatoggio@wanadoo.fr","population":"97 habitants","website":"","townhallAdress":"Village - 20225 - LAVATOGGIO"},{"text":"LENTO","href":"./2B/lento.html","phone":"04 95 38 71 65","email":"mairie.lento@orange.fr","population":"120 habitants","website":"","townhallAdress":"Casa Cummuna - 20252 - LENTO"},{"text":"L ILE ROUSSE","href":"./2B/l-ile-rousse.html","phone":"04 95 63 01 80","email":"ile-rousse.mairie@wanadoo.fr","population":"2812 habitants","website":"","townhallAdress":"Hôtel de ville - 20220 - L'ILE-ROUSSE"},{"text":"LINGUIZZETTA","href":"./2B/linguizzetta.html","phone":"04 95 38 84 87","email":"mairie-linguizzetta@wanadoo.fr","population":"939 habitants","website":"","townhallAdress":"Lieu-dit Bravone - 20230 - LINGUIZZETTA"},{"text":"LORETO DI CASINCA","href":"./2B/loreto-di-casinca.html","phone":"04 95 36 13 73","email":"mairieloreto@wanadoo.fr","population":"234 habitants","website":"","townhallAdress":"Village - 20215 - LORETO-DI-CASINCA"},{"text":"LOZZI","href":"./2B/lozzi.html","phone":"04 95 48 00 48","email":"cumuna-lozzi@orange.fr","population":"132 habitants","website":"","townhallAdress":"Lieu-dit Village - 20224 - LOZZI"},{"text":"LUCCIANA","href":"./2B/lucciana.html","phone":"04 95 30 14 30","email":"mairie-de-lucciana@wanadoo.fr","population":"3721 habitants","website":"","townhallAdress":"Résidence Canonica - 20290 - LUCCIANA"},{"text":"LUGO DI NAZZA","href":"./2B/lugo-di-nazza.html","phone":"04 95 56 90 59","email":"lugodinazza2b@orange.fr","population":"103 habitants","website":"","townhallAdress":"Village - 20240 - LUGO-DI-NAZZA"},{"text":"LUMIO","href":"./2B/lumio.html","phone":"04 95 60 89 00","email":"info@mairie-lumio.fr","population":"1012 habitants","website":"","townhallAdress":"Hotel de Ville - 20260 - LUMIO"},{"text":"LURI","href":"./2B/luri.html","phone":"04 95 35 00 15","email":"mairiedeluri@wanadoo.fr","population":"748 habitants","website":"","townhallAdress":"Lieu-dit Piazza - 20228 - LURI"},{"text":"MANSO","href":"./2B/manso.html","phone":"04 95 62 02 61","email":"mairie@manso.fr","population":"106 habitants","website":"","townhallAdress":"Hameau Bargiana Village - 20245 - MANSO"},{"text":"MATRA","href":"./2B/matra.html","phone":"04 95 39 42 82","email":"mairie.matra@wanadoo.fr","population":"43 habitants","website":"","townhallAdress":"Mairie - 20270 - MATRA"},{"text":"MAUSOLEO","href":"./2B/mausoleo.html","phone":"04 95 47 34 42","email":"","population":"11 habitants","website":"","townhallAdress":"Mairie Village - 20259 - MAUSOLEO"},{"text":"MAZZOLA","href":"./2B/mazzola.html","phone":"04 95 48 67 26","email":"mairie-de-mazzola.mairie-de-mazzola@wanadoo.fr","population":"22 habitants","website":"","townhallAdress":"Village - 20212 - MAZZOLA"},{"text":"MERIA","href":"./2B/meria.html","phone":"04 95 35 42 97","email":"mairie.meria@wanadoo.fr","population":"98 habitants","website":"","townhallAdress":"Village - 20287 - MERIA"},{"text":"MOITA","href":"./2B/moita.html","phone":"04 95 39 40 75","email":"mairie.moita@wanadoo.fr","population":"83 habitants","website":"","townhallAdress":"Village - 20270 - MOITA"},{"text":"MOLTIFAO","href":"./2B/moltifao.html","phone":"04 95 47 80 07","email":"mairie.moltifao@orange.fr","population":"657 habitants","website":"","townhallAdress":"Village - 20218 - MOLTIFAO"},{"text":"MONACIA D OREZZA","href":"./2B/monacia-d-orezza.html","phone":"04 95 35 89 29","email":"mairie.monacia.orezza@wanadoo.fr","population":"30 habitants","website":"","townhallAdress":"Village - 20229 - MONACIA-D'OREZZA"},{"text":"MONCALE","href":"./2B/moncale.html","phone":"04 95 62 71 12","email":"moncale.mairie@wanadoo.fr","population":"201 habitants","website":"","townhallAdress":"Village - 20214 - MONCALE"},{"text":"MONTE","href":"./2B/monte.html","phone":"04 95 36 04 23","email":"monte.mairie@wanadoo.fr","population":"444 habitants","website":"","townhallAdress":"Village - 20290 - MONTE"},{"text":"MONTEGROSSO","href":"./2B/montegrosso.html","phone":"04 95 62 72 78","email":"mairie.de.montegrosso@wanadoo.fr","population":"354 habitants","website":"","townhallAdress":"Village - 20214 - MONTEGROSSO"},{"text":"MONTICELLO","href":"./2B/monticello.html","phone":"04 95 60 05 71","email":"mairie-de-monticello@wanadoo.fr","population":"1253 habitants","website":"","townhallAdress":"Place de la Mairie - 20220 - MONTICELLO"},{"text":"MOROSAGLIA","href":"./2B/morosaglia.html","phone":"04 95 61 11 40","email":"mairie.morosaglia@wanadoo.fr","population":"1008 habitants","website":"","townhallAdress":"Lieu-dit Convento - 20218 - MOROSAGLIA"},{"text":"MORSIGLIA","href":"./2B/morsiglia.html","phone":"04 95 35 61 60","email":"yves.stella@wanadoo.fr","population":"123 habitants","website":"","townhallAdress":"Lieu-dit Casuccio - 20238 - MORSIGLIA"},{"text":"MURACCIOLE","href":"./2B/muracciole.html","phone":"04 95 47 23 05","email":"commune-muracciole@wanadoo.fr","population":"50 habitants","website":"","townhallAdress":"Village - 20219 - MURACCIOLE"},{"text":"MURATO","href":"./2B/murato.html","phone":"04 95 37 60 10","email":"mairiemurato@wanadoo.fr","population":"555 habitants","website":"","townhallAdress":"Lieu-dit Peru - 20239 - MURATO"},{"text":"MURO","href":"./2B/muro.html","phone":"04 95 61 72 16","email":"casacumuna.20225.muro@wanadoo.fr","population":"268 habitants","website":"","townhallAdress":"Casa Cumuna - 20225 - MURO"},{"text":"NESSA","href":"./2B/nessa.html","phone":"04 95 61 73 93","email":"mairiedenessa@orange.fr","population":"77 habitants","website":"","townhallAdress":"Village - 20225 - NESSA"},{"text":"NOCARIO","href":"./2B/nocario.html","phone":"04 95 35 85 80","email":"mairiedenocario@orange.fr","population":"42 habitants","website":"","townhallAdress":"Lieu-dit Erbaggio - 20229 - NOCARIO"},{"text":"NOCETA","href":"./2B/noceta.html","phone":"04 95 44 00 02","email":"commune-noceta@wanadoo.fr","population":"55 habitants","website":"","townhallAdress":"Noceta Village - 20242 - NOCETA"},{"text":"NONZA","href":"./2B/nonza.html","phone":"04 95 37 82 82","email":"nonza@wanadoo.fr","population":"67 habitants","website":"","townhallAdress":"Village - 20217 - NONZA"},{"text":"NOVALE","href":"./2B/novale.html","phone":"04 95 35 93 93","email":"mairie.novale@mic.fr","population":"69 habitants","website":"","townhallAdress":"Village - 20234 - NOVALE"},{"text":"NOVELLA","href":"./2B/novella.html","phone":"04 95 60 35 99","email":"jean.padovani@wanadoo.fr","population":"74 habitants","website":"","townhallAdress":"Lieu-dit Custarella - 20226 - NOVELLA"},{"text":"OCCHIATANA","href":"./2B/occhiatana.html","phone":"04 95 61 30 39","email":"occhiatana@wanadoo.fr","population":"163 habitants","website":"","townhallAdress":"Village - 20226 - OCCHIATANA"},{"text":"OGLIASTRO","href":"./2B/ogliastro.html","phone":"04 95 37 81 85","email":"mairieogliastru@wanadoo.fr","population":"107 habitants","website":"","townhallAdress":"Lieu-dit Albo - 20217 - OGLIASTRO"},{"text":"OLCANI","href":"./2B/olcani.html","phone":"04 95 37 85 35","email":"mairieolcani@orange.fr","population":"55 habitants","website":"","townhallAdress":"Hameau Ferragine - 20217 - OLCANI"},{"text":"OLETTA","href":"./2B/oletta.html","phone":"04 95 39 01 09","email":"oletta@wanadoo.fr","population":"1245 habitants","website":"","townhallAdress":"Lieu-dit Fossi - 20232 - OLETTA"},{"text":"OLMETA DI CAPO CORSO","href":"./2B/olmeta-di-capo-corso.html","phone":"04 95 37 84 04","email":"olmeta.capocorso@wanadoo.fr","population":"124 habitants","website":"","townhallAdress":"Lieu-dit Piezze - 20217 - OLMETA-DI-CAPO-CORSO"},{"text":"OLMETA DI TUDA","href":"./2B/olmeta-di-tuda.html","phone":"04 95 39 01 53","email":"olmeta.dituda.mairie@wanadoo.fr","population":"420 habitants","website":"","townhallAdress":"Village - 20232 - OLMETA-DI-TUDA"},{"text":"OLMI CAPPELLA","href":"./2B/olmi-cappella.html","phone":"04 95 61 90 17","email":"mairie-olmi-cappella@wanadoo.fr","population":"143 habitants","website":"","townhallAdress":"Cappella Village - 20259 - OLMI-CAPPELLA"},{"text":"OLMO","href":"./2B/olmo.html","phone":"04 95 36 24 93","email":"mairieolmo@wanadoo.fr","population":"168 habitants","website":"","townhallAdress":"Village - 20290 - OLMO"},{"text":"OMESSA","href":"./2B/omessa.html","phone":"04 95 47 40 13","email":"mairie-omessa@orange.fr","population":"537 habitants","website":"","townhallAdress":"Village - 20236 - OMESSA"},{"text":"ORTALE","href":"./2B/ortale.html","phone":"04 95 35 90 14","email":"mairie.ortale@wanadoo.fr","population":"25 habitants","website":"","townhallAdress":"Village - 20234 - ORTALE"},{"text":"ORTIPORIO","href":"./2B/ortiporio.html","phone":"04 95 38 21 43","email":"mairiedortiporio@yahoo.fr","population":"113 habitants","website":"","townhallAdress":"Lieu-dit Pietra - 20290 - ORTIPORIO"},{"text":"PALASCA","href":"./2B/palasca.html","phone":"04 95 61 33 02","email":"mairiedepalasca@orange.fr","population":"131 habitants","website":"","townhallAdress":"Village - 20226 - PALASCA"},{"text":"PANCHERACCIA","href":"./2B/pancheraccia.html","phone":"04 95 48 81 34","email":"mairie.pancheraccia@wanadoo.fr","population":"187 habitants","website":"","townhallAdress":"Village - 20251 - PANCHERACCIA"},{"text":"PARATA","href":"./2B/parata.html","phone":"04 95 35 81 65","email":"mairie.parata@wanadoo.fr","population":"30 habitants","website":"","townhallAdress":"Village - 20229 - PARATA"},{"text":"PATRIMONIO","href":"./2B/patrimonio.html","phone":"04 95 37 08 49","email":"secretariat.patrimonio@mic.fr","population":"667 habitants","website":"","townhallAdress":"Village - 20253 - PATRIMONIO"},{"text":"PENTA ACQUATELLA","href":"./2B/penta-acquatella.html","phone":"04 95 36 25 97","email":"mairie.pentaacquatella@gmail.com","population":"40 habitants","website":"","townhallAdress":"Mairie - 20290 - PENTA-ACQUATELLA"},{"text":"PENTA DI CASINCA","href":"./2B/penta-di-casinca.html","phone":"04 95 36 55 44","email":"mairie.pentadicasinca@wanadoo.fr","population":"2438 habitants","website":"","townhallAdress":"Penta Village - 20213 - PENTA-DI-CASINCA"},{"text":"PERELLI","href":"./2B/perelli.html","phone":"04 95 35 90 80","email":"","population":"110 habitants","website":"","townhallAdress":"Village - 20234 - PERELLI"},{"text":"PERO CASEVECCHIE","href":"./2B/pero-casevecchie.html","phone":"04 95 36 91 02","email":"perocasevecchie@wanadoo.fr","population":"111 habitants","website":"","townhallAdress":"Hameau de Pero - 20230 - PERO-CASEVECCHIE"},{"text":"PIANELLO","href":"./2B/pianello.html","phone":"04 95 39 61 33","email":"pianello.mairie@wanadoo.fr","population":"76 habitants","website":"","townhallAdress":"Place de l'Eglise - 20272 - PIANELLO"},{"text":"PIANO","href":"./2B/piano.html","phone":"04 95 39 24 03","email":"mairie.piano@wanadoo.fr","population":"36 habitants","website":"","townhallAdress":"Village - 20215 - PIANO"},{"text":"PIAZZALI","href":"./2B/piazzali.html","phone":"04 95 35 91 41","email":"communedepiazzali@orange.fr","population":"15 habitants","website":"","townhallAdress":"Village - 20234 - PIAZZALI"},{"text":"PIAZZOLE","href":"./2B/piazzole.html","phone":"04 95 35 83 07","email":"mairie.piazzole-orezza@wanadoo.fr","population":"43 habitants","website":"","townhallAdress":"Village - 20229 - PIAZZOLE"},{"text":"PIEDICORTE DI GAGGIO","href":"./2B/piedicorte-di-gaggio.html","phone":"04 95 48 81 22","email":"mairie.piedicorte@orange.fr","population":"127 habitants","website":"","townhallAdress":"Village - 20251 - PIEDICORTE-DI-GAGGIO"},{"text":"PIEDICROCE","href":"./2B/piedicroce.html","phone":"04 95 35 88 65","email":"mairiepiedicroce@orange.fr","population":"128 habitants","website":"","townhallAdress":"Village - 20229 - PIEDICROCE"},{"text":"PIEDIGRIGGIO","href":"./2B/piedigriggio.html","phone":"04 95 47 62 78","email":"mairie-piedigriggio@wanadoo.fr","population":"124 habitants","website":"","townhallAdress":"Village - 20218 - PIEDIGRIGGIO"},{"text":"PIEDIPARTINO","href":"./2B/piedipartino.html","phone":"04 95 35 85 08","email":"","population":"19 habitants","website":"","townhallAdress":"Village - 20229 - PIEDIPARTINO"},{"text":"PIE D OREZZA","href":"./2B/pie-d-orezza.html","phone":"04 95 35 83 12","email":"","population":"25 habitants","website":"","townhallAdress":"Village - 20229 - PIE-D'OREZZA"},{"text":"PIETRACORBARA","href":"./2B/pietracorbara.html","phone":"04 95 35 28 27","email":"mairie.pietracorbara@wanadoo.fr","population":"500 habitants","website":"","townhallAdress":"Lieu-dit Ponticello - 20233 - PIETRACORBARA"},{"text":"PIETRA DI VERDE","href":"./2B/pietra-di-verde.html","phone":"04 95 38 89 79","email":"mairie.pietradiverde@wanadoo.fr","population":"115 habitants","website":"","townhallAdress":"Lieu-dit Mucchio - 20230 - PIETRA-DI-VERDE"},{"text":"PIETRALBA","href":"./2B/pietralba.html","phone":"04 95 48 20 07","email":"mairie-de-pietralba@wanadoo.fr","population":"314 habitants","website":"","townhallAdress":"Village - 20218 - PIETRALBA"},{"text":"PIETRASERENA","href":"./2B/pietraserena.html","phone":"04 95 48 84 30","email":"pietraserena.mairie@wanadoo.fr","population":"76 habitants","website":"","townhallAdress":"Village - 20251 - PIETRASERENA"},{"text":"PIETRICAGGIO","href":"./2B/pietricaggio.html","phone":"04 95 35 94 30","email":"mairie.pietricaggio@orange.fr","population":"54 habitants","website":"","townhallAdress":"Village - 20234 - PIETRICAGGIO"},{"text":"PIETROSO","href":"./2B/pietroso.html","phone":"04 95 44 01 55","email":"","population":"279 habitants","website":"","townhallAdress":"Village - 20242 - PIETROSO"},{"text":"PIEVE","href":"./2B/pieve.html","phone":"04 95 37 63 39","email":"mairie-de-pieve@orange.fr","population":"86 habitants","website":"","townhallAdress":"Village - 20246 - PIEVE"},{"text":"PIGNA","href":"./2B/pigna.html","phone":"04 95 61 77 42","email":"mairiepigna@orange.fr","population":"95 habitants","website":"","townhallAdress":"Lieu-dit Pigna - 20220 - PIGNA"},{"text":"PINO","href":"./2B/pino.html","phone":"04 95 35 12 70","email":"mairie.pino@orange.fr","population":"150 habitants","website":"","townhallAdress":"Lieu-dit Monticello - 20228 - PINO"},{"text":"PIOBETTA","href":"./2B/piobetta.html","phone":"04 95 35 88 76","email":"mairiedepiobbeta@orange.fr","population":"30 habitants","website":"","townhallAdress":"Village - 20234 - PIOBETTA"},{"text":"PIOGGIOLA","href":"./2B/pioggiola.html","phone":"04 95 61 90 07","email":"mairiepioggiola@orange.fr","population":"82 habitants","website":"","townhallAdress":"Village - 20259 - PIOGGIOLA"},{"text":"POGGIO DI NAZZA","href":"./2B/poggio-di-nazza.html","phone":"04 95 39 20 24","email":"mairie.poggio-di-nazza@orange.fr","population":"185 habitants","website":"","townhallAdress":"Poggio Village - 20240 - POGGIO-DI-NAZZA"},{"text":"POGGIO DI VENACO","href":"./2B/poggio-di-venaco.html","phone":"04 95 47 01 81","email":"poggiodevenaco@aol.com","population":"137 habitants","website":"","townhallAdress":"Le Village - 20250 - POGGIO-DI-VENACO"},{"text":"POGGIO D OLETTA","href":"./2B/poggio-d-oletta.html","phone":"04 95 39 01 16","email":"mairie.poggiodoletta@wanadoo.fr","population":"140 habitants","website":"","townhallAdress":"Hameau Olivacce - 20232 - POGGIO-D'OLETTA"},{"text":"POGGIO MARINACCIO","href":"./2B/poggio-marinaccio.html","phone":"04 95 39 20 24","email":"mairie.poggio.marinaccio@wanadoo.fr","population":"16 habitants","website":"","townhallAdress":"Mairie - 20237 - POGGIO-MARINACCIO"},{"text":"POGGIO MEZZANA","href":"./2B/poggio-mezzana.html","phone":"04 95 36 91 20","email":"mairiepoggiomezzan@wanadoo.fr","population":"403 habitants","website":"","townhallAdress":"Hameau Mezzana - 20230 - POGGIO-MEZZANA"},{"text":"POLVEROSO","href":"./2B/polveroso.html","phone":"04 95 35 80 05","email":"mairie-polveroso@orange.fr","population":"22 habitants","website":"","townhallAdress":"Village - 20229 - POLVEROSO"},{"text":"POPOLASCA","href":"./2B/popolasca.html","phone":"04 95 61 00 58","email":"mairie.popolasca@wanadoo.fr","population":"51 habitants","website":"","townhallAdress":"B.P. 22 - 20218 - POPOLASCA"},{"text":"PORRI","href":"./2B/porri.html","phone":"04 95 39 25 38","email":"mairie.porri@wanadoo.fr","population":"47 habitants","website":"","townhallAdress":"Village Porri - 20215 - PORRI"},{"text":"PRATO DI GIOVELLINA","href":"./2B/prato-di-giovellina.html","phone":"04 95 36 04 45","email":"mairieprato@orange.fr","population":"40 habitants","website":"","townhallAdress":"Prato Mezzo - 20218 - PRATO-DI-GIOVELLINA"},{"text":"PRUNELLI DI CASACCONI","href":"./2B/prunelli-di-casacconi.html","phone":"04 95 36 04 45","email":"mairie.prunelli-di-casacconi@orange.fr","population":"164 habitants","website":"","townhallAdress":"Village - 20290 - PRUNELLI-DI-CASACCONI"},{"text":"PRUNELLI DI FIUMORBO","href":"./2B/prunelli-di-fiumorbo.html","phone":"04 95 56 70 46","email":"mairiedeprunellidifiumorbu@orange.fr","population":"2943 habitants","website":"","townhallAdress":"Lieu-dit Montagne - 20243 - PRUNELLI-DI-FIUMORBO"},{"text":"PRUNO","href":"./2B/pruno.html","phone":"04 95 39 26 04","email":"mairiedepruno@wanadoo.fr","population":"190 habitants","website":"","townhallAdress":"Village - 20213 - PRUNO"},{"text":"QUERCITELLO","href":"./2B/quercitello.html","phone":"04 95 39 22 75","email":"","population":"40 habitants","website":"","townhallAdress":"Village - 20237 - QUERCITELLO"},{"text":"RAPAGGIO","href":"./2B/rapaggio.html","phone":"04 95 35 81 37","email":"","population":"10 habitants","website":"","townhallAdress":"Village - 20229 - RAPAGGIO"},{"text":"RAPALE","href":"./2B/rapale.html","phone":"04 95 37 66 47","email":"mairiederapale@wanadoo.fr","population":"133 habitants","website":"","townhallAdress":"Village - 20246 - RAPALE"},{"text":"RIVENTOSA","href":"./2B/riventosa.html","phone":"04 95 47 01 81","email":"mairie.riventosa@wanadoo.fr","population":"177 habitants","website":"","townhallAdress":"Village - 20250 - RIVENTOSA"},{"text":"ROGLIANO","href":"./2B/rogliano.html","phone":"04 95 35 42 04","email":"mairiederogliano@orange.fr","population":"506 habitants","website":"","townhallAdress":"Village - 20247 - ROGLIANO"},{"text":"ROSPIGLIANI","href":"./2B/rospigliani.html","phone":"04 95 44 02 83","email":"commune.de.rospigliani@wanadoo.fr","population":"83 habitants","website":"","townhallAdress":"Village - 20242 - ROSPIGLIANI"},{"text":"RUSIO","href":"./2B/rusio.html","phone":"04 95 48 42 92","email":"mairie.rusio@orange.fr","population":"66 habitants","website":"","townhallAdress":"Village - 20244 - RUSIO"},{"text":"RUTALI","href":"./2B/rutali.html","phone":"04 95 37 62 38","email":"mairie.rutali@wanadoo.fr","population":"247 habitants","website":"","townhallAdress":"Village - 20239 - RUTALI"},{"text":"SAINT FLORENT","href":"./2B/saint-florent.html","phone":"04 95 37 10 63","email":"mairie.saint-florent.corse [ à ] wanadoo.fr","population":"1474 habitants","website":"","townhallAdress":"Batiment Administratif - 20217 - SAINT-FLORENT"},{"text":"SALICETO","href":"./2B/saliceto.html","phone":"04 95 46 19 87","email":"rrinaldi311@aol.com","population":"47 habitants","website":"","townhallAdress":"Village - 20218 - SALICETO"},{"text":"SAN DAMIANO","href":"./2B/san-damiano.html","phone":"04 95 39 26 24","email":"","population":"38 habitants","website":"","townhallAdress":"Hameau Alzi - 20213 - SAN-DAMIANO"},{"text":"SAN GAVINO D AMPUGNANI","href":"./2B/san-gavino-d-ampugnani.html","phone":"04 95 39 25 56","email":"commune-san-gavino-dampugnani@orange.fr","population":"97 habitants","website":"","townhallAdress":"Village - 20213 - SAN-GAVINO-D'AMPUGNANI"},{"text":"SAN GAVINO DI FIUMORBO","href":"./2B/san-gavino-di-fiumorbo.html","phone":"04 95 56 70 53","email":"mairie.sangavinodifiumo@wanadoo.fr","population":"209 habitants","website":"","townhallAdress":"Village - 20243 - SAN-GAVINO-DI-FIUMORBO"},{"text":"SAN GAVINO DI TENDA","href":"./2B/san-gavino-di-tenda.html","phone":"04 95 37 70 84","email":"sangavinoditenda@orange.fr","population":"50 habitants","website":"","townhallAdress":"Village - 20246 - SAN-GAVINO-DI-TENDA"},{"text":"SAN GIOVANNI DI MORIANI","href":"./2B/san-giovanni-di-moriani.html","phone":"04 95 38 52 68","email":"sangiovanni@wanadoo.fr","population":"85 habitants","website":"","townhallAdress":"Hameau Regetto - 20230 - SAN-GIOVANNI-DI-MORIANI"},{"text":"SAN GIULIANO","href":"./2B/san-giuliano.html","phone":"04 95 38 14 45","email":"san-giulianomairie@wanadoo.fr","population":"608 habitants","website":"","townhallAdress":"Hameau Favalello - 20230 - SAN-GIULIANO"},{"text":"SAN LORENZO","href":"./2B/san-lorenzo.html","phone":"04 95 48 40 15","email":"mairie.sanlorenzo@gmail.com","population":"106 habitants","website":"","townhallAdress":"Lieu-dit Tribio - 20244 - SAN-LORENZO"},{"text":"SAN MARTINO DI LOTA","href":"./2B/san-martino-di-lota.html","phone":"04 95 31 02 85","email":"mairiesanmartinodl@wanadoo.fr","population":"2530 habitants","website":"","townhallAdress":"Village - 20200 - SAN-MARTINO-DI-LOTA"},{"text":"SAN NICOLAO","href":"./2B/san-nicolao.html","phone":"04 95 38 50 87","email":"sn2b@wanadoo.fr","population":"1316 habitants","website":"","townhallAdress":"Village - 20230 - SAN-NICOLAO"},{"text":"SANTA LUCIA DI MERCURIO","href":"./2B/santa-lucia-di-mercurio.html","phone":"04 95 47 12 00","email":"pauluparigi@aol.com","population":"69 habitants","website":"","townhallAdress":"Lieu-dit Piazza Culletulla - 20250 - SANTA-LUCIA-DI-MERCURIO"},{"text":"SANTA LUCIA DI MORIANI","href":"./2B/santa-lucia-di-moriani.html","phone":"04 95 38 46 69","email":"mairie-santa-lucia-di-moriani@wanadoo.fr","population":"1003 habitants","website":"","townhallAdress":"Route nationale 198 - 20230 - SANTA-LUCIA-DI-MORIANI"},{"text":"SANTA MARIA DI LOTA","href":"./2B/santa-maria-di-lota.html","phone":"04 95 33 24 99","email":"SANTAMARIADILOTA@wanadoo.fr","population":"1791 habitants","website":"","townhallAdress":"Figarella Village - 20200 - SANTA-MARIA-DI-LOTA"},{"text":"SANTA MARIA POGGIO","href":"./2B/santa-maria-poggio.html","phone":"04 95 38 59 04","email":"mairie.santamariapoghju@wanadoo.fr","population":"629 habitants","website":"","townhallAdress":"16 Lotissement Vanga di l'Oru - 20221 - SANTA-MARIA-POGGIO"},{"text":"SANT ANDREA DI BOZIO","href":"./2B/sant-andrea-di-bozio.html","phone":"04 95 48 68 73","email":"mairie.santandreadibozio@wanadoo.fr","population":"80 habitants","website":"","townhallAdress":"Lieu-dit Rebbia - 20212 - SANT'ANDREA-DI-BOZIO"},{"text":"SANT ANDREA DI COTONE","href":"./2B/sant-andrea-di-cotone.html","phone":"04 95 38 10 30","email":"mairie.santandreacotone@orange.fr","population":"167 habitants","website":"","townhallAdress":"Lieu-dit Ciglio - 20221 - SANT'ANDREA-DI-COTONE"},{"text":"SANT ANTONINO","href":"./2B/sant-antonino.html","phone":"04 95 61 78 38","email":"mairiesantantonino@wanadoo.fr","population":"77 habitants","website":"","townhallAdress":"Village - 20220 - SANT'ANTONINO"},{"text":"SANTA REPARATA DI BALAGNA","href":"./2B/santa-reparata-di-balagna.html","phone":"04 95 60 08 68","email":"info@santareparata.fr","population":"879 habitants","website":"","townhallAdress":"Village - 20220 - SANTA-REPARATA-DI-BALAGNA"},{"text":"SANTA REPARATA DI MORIANI","href":"./2B/santa-reparata-di-moriani.html","phone":"04 95 38 50 89","email":"commune-santa-reparata-moriani@orange.fr","population":"45 habitants","website":"","townhallAdress":"Hameau Penti - 20230 - SANTA-REPARATA-DI-MORIANI"},{"text":"SANTO PIETRO DI TENDA","href":"./2B/santo-pietro-di-tenda.html","phone":"04 95 37 70 70","email":"mairie.santo-pietro-di-tenda@orange.fr","population":"332 habitants","website":"","townhallAdress":"Village - 20246 - SANTO-PIETRO-DI-TENDA"},{"text":"SANTO PIETRO DI VENACO","href":"./2B/santo-pietro-di-venaco.html","phone":"04 95 47 07 77","email":"santopietrodivenaco@hotmail.fr","population":"198 habitants","website":"","townhallAdress":"Piazza l'Aghja - 20250 - SANTO-PIETRO-DI-VENACO"},{"text":"SCATA","href":"./2B/scata.html","phone":"04 95 39 26 23","email":"","population":"45 habitants","website":"","townhallAdress":"Village - 20213 - SCATA"},{"text":"SCOLCA","href":"./2B/scolca.html","phone":"04 95 38 20 27","email":"mairiedescolca@yahoo.fr","population":"95 habitants","website":"","townhallAdress":"Village - 20290 - SCOLCA"},{"text":"SERMANO","href":"./2B/sermano.html","phone":"04 95 48 67 27","email":"mairiedesermano@orange.fr","population":"78 habitants","website":"","townhallAdress":"Village - 20212 - SERMANO"},{"text":"SERRA DI FIUMORBO","href":"./2B/serra-di-fiumorbo.html","phone":"04 95 56 70 04","email":"mairieserra@wanadoo.fr","population":"256 habitants","website":"","townhallAdress":"Lieu-dit Ania - 20243 - SERRA-DI-FIUMORBO"},{"text":"SILVARECCIO","href":"./2B/silvareccio.html","phone":"04 95 39 24 38","email":"silvareccio@wanadoo.fr","population":"97 habitants","website":"","townhallAdress":"Lieu-dit Prunciali - 20215 - SILVARECCIO"},{"text":"SISCO","href":"./2B/sisco.html","phone":"04 95 35 20 01","email":"mairie.sisco@wanadoo.fr","population":"743 habitants","website":"","townhallAdress":"Lieu-dit Monacaja - 20233 - SISCO"},{"text":"SOLARO","href":"./2B/solaro.html","phone":"04 95 56 32 70","email":"communedesolaro@orange.fr","population":"583 habitants","website":"","townhallAdress":"Lieu-dit Puzzone - 20240 - SOLARO"},{"text":"SORBO OCAGNANO","href":"./2B/sorbo-ocagnano.html","phone":"04 95 36 40 48","email":"mairie.sorbo@mic.fr","population":"716 habitants","website":"","townhallAdress":"Route de Sorbo - 20213 - SORBO-OCAGNANO"},{"text":"SORIO","href":"./2B/sorio.html","phone":"04 95 37 72 82","email":"mairiedesorio@wanadoo.fr","population":"150 habitants","website":"","townhallAdress":"Village - 20246 - SORIO"},{"text":"SOVERIA","href":"./2B/soveria.html","phone":"04 95 47 43 24","email":"mairiesoveria@orange.fr","population":"68 habitants","website":"","townhallAdress":"Village - 20250 - SOVERIA"},{"text":"SPELONCATO","href":"./2B/speloncato.html","phone":"04 95 36 91 11","email":"Jean-Francois.Poli@wanadoo.fr","population":"222 habitants","website":"","townhallAdress":"Village - 20226 - SPELONCATO"},{"text":"STAZZONA","href":"./2B/stazzona.html","phone":"","email":"","population":"35 habitants","website":"","townhallAdress":"Mairie - 20229 - STAZZONA"},{"text":"TAGLIO ISOLACCIO","href":"./2B/taglio-isolaccio.html","phone":"04 95 36 83 22","email":"mairie.taglio.isolaccio@wanadoo.fr","population":"535 habitants","website":"","townhallAdress":"Lieu-dit Maghiese - 20230 - TAGLIO-ISOLACCIO"},{"text":"TALASANI","href":"./2B/talasani.html","phone":"04 95 36 91 15","email":"mairietalasani@wanadoo.fr","population":"516 habitants","website":"","townhallAdress":"Lieu-dit Figaretto - 20230 - TALASANI"},{"text":"TALLONE","href":"./2B/tallone.html","phone":"04 95 39 60 17","email":"","population":"295 habitants","website":"","townhallAdress":"Lieu-dit Tompolaccie - 20270 - TALLONE"},{"text":"TARRANO","href":"./2B/tarrano.html","phone":"04 95 35 90 22","email":"","population":"27 habitants","website":"","townhallAdress":"Ortia - 20234 - TARRANO"},{"text":"TOMINO","href":"./2B/tomino.html","phone":"04 95 35 42 37","email":"mairie.tomino@wanadoo.fr","population":"205 habitants","website":"","townhallAdress":"Lieu-dit Mondolacce - 20248 - TOMINO"},{"text":"TOX","href":"./2B/tox.html","phone":"04 95 39 40 88","email":"mairiedetox@wanadoo.fr","population":"118 habitants","website":"","townhallAdress":"Village - 20270 - TOX"},{"text":"TRALONCA","href":"./2B/tralonca.html","phone":"04 95 47 13 04","email":"mairie-de-tralonca@orange.fr","population":"64 habitants","website":"","townhallAdress":"Village - 20250 - TRALONCA"},{"text":"URTACA","href":"./2B/urtaca.html","phone":"04 95 48 21 39","email":"mairie-urtaca@wanadoo.fr","population":"172 habitants","website":"","townhallAdress":"Village - 20218 - URTACA"},{"text":"VALLECALLE","href":"./2B/vallecalle.html","phone":"04 95 37 62 11","email":"commune-vallecalle@wanadoo.fr","population":"110 habitants","website":"","townhallAdress":"Village - 20273 - VALLECALLE"},{"text":"VALLE D ALESANI","href":"./2B/valle-d-alesani.html","phone":"04 95 35 92 03","email":"","population":"124 habitants","website":"","townhallAdress":"Lieu-dit Castagnetto - 20234 - VALLE-D'ALESANI"},{"text":"VALLE DI CAMPOLORO","href":"./2B/valle-di-campoloro.html","phone":"04 95 38 11 40","email":"commune.valle-di-campoloro@wanadoo.fr","population":"263 habitants","website":"","townhallAdress":"Lieu-dit Mucchietto - 20221 - VALLE-DI-CAMPOLORO"},{"text":"VALLE DI ROSTINO","href":"./2B/valle-di-rostino.html","phone":"04 95 38 60 93","email":"mairie-valledirostino@wanadoo.fr","population":"83 habitants","website":"","townhallAdress":"Lieu-dit Campo Roso - 20235 - VALLE-DI-ROSTINO"},{"text":"VALLE D OREZZA","href":"./2B/valle-d-orezza.html","phone":"04 95 35 49 53","email":"","population":"41 habitants","website":"","townhallAdress":"Lieu-dit Poggio - 20229 - VALLE-D'OREZZA"},{"text":"VALLICA","href":"./2B/vallica.html","phone":"04 95 61 90 15","email":"vallica.mairie@free.fr","population":"27 habitants","website":"","townhallAdress":"Village - 20259 - VALLICA"},{"text":"VELONE ORNETO","href":"./2B/velone-orneto.html","phone":"04 95 36 99 56","email":"communedeveloneorneto@orange.fr","population":"113 habitants","website":"","townhallAdress":"Hameau Carbonaccia - 20230 - VELONE-ORNETO"},{"text":"VENACO","href":"./2B/venaco.html","phone":"04 95 47 00 15","email":"mairie.venaco@orange.fr","population":"657 habitants","website":"","townhallAdress":"Lieu-dit Saint Michel - 20231 - VENACO"},{"text":"VENTISERI","href":"./2B/ventiseri.html","phone":"04 95 57 99 10","email":"","population":"2023 habitants","website":"","townhallAdress":"Travo village - 20240 - VENTISERI"},{"text":"VENZOLASCA","href":"./2B/venzolasca.html","phone":"04 95 36 70 12","email":"mairie.venzolasca@wanadoo.fr","population":"1333 habitants","website":"","townhallAdress":"Lieu-dit Vignarella - 20215 - VENZOLASCA"},{"text":"VERDESE","href":"./2B/verdese.html","phone":"04 95 35 89 75","email":"","population":"26 habitants","website":"","townhallAdress":"Village - 20229 - VERDESE"},{"text":"VESCOVATO","href":"./2B/vescovato.html","phone":"04 95 36 66 16","email":"mairie-vescovato@wanadoo.fr","population":"2316 habitants","website":"","townhallAdress":"Mairie Annexe Batiment B 7 Immeuble Arena - 20215 - VESCOVATO"},{"text":"VEZZANI","href":"./2B/vezzani.html","phone":"04 95 44 01 21","email":"vezzani2@wanadoo.fr","population":"300 habitants","website":"","townhallAdress":"Village - 20242 - VEZZANI"},{"text":"VIGNALE","href":"./2B/vignale.html","phone":"04 95 38 23 82","email":"vignale.mairie@wanadoo.fr","population":"165 habitants","website":"","townhallAdress":"Village - 20290 - VIGNALE"},{"text":"VILLE DI PARASO","href":"./2B/ville-di-paraso.html","phone":"04 95 61 50 81","email":"mairie.ville.di.paraso@wanadoo.fr","population":"128 habitants","website":"","townhallAdress":"Lieu-dit Ville - 20279 - VILLE-DI-PARASO"},{"text":"VILLE DI PIETRABUGNO","href":"./2B/ville-di-pietrabugno.html","phone":"04.95.32.88.32","email":"info@pietrabugno.com","population":"2950 habitants","website":"","townhallAdress":"Lieu-dit Guaitella - 20200 - VILLE-DI-PIETRABUGNO"},{"text":"VIVARIO","href":"./2B/vivario.html","phone":"04 95 47 20 05","email":"mairie.vivario@wanadoo.fr","population":"503 habitants","website":"","townhallAdress":"Village - 20219 - VIVARIO"},{"text":"VOLPAJOLA","href":"./2B/volpajola.html","phone":"04 95 38 20 87","email":"mairie.de.volpajola@orange.fr","population":"366 habitants","website":"","townhallAdress":"Village - 20290 - VOLPAJOLA"},{"text":"ZALANA","href":"./2B/zalana.html","phone":"04 95 39 62 89","email":"mairiedezalana@wanadoo.fr","population":"128 habitants","website":"","townhallAdress":"Lieu-dit Valfasca - 20272 - ZALANA"},{"text":"ZILIA","href":"./2B/zilia.html","phone":"04 95 39 62 94","email":"mairie.zilia380@orange.fr","population":"212 habitants","website":"","townhallAdress":"Village - 20214 - ZILIA"},{"text":"ZUANI","href":"./2B/zuani.html","phone":"04 95 39 62 94","email":"","population":"51 habitants","website":"","townhallAdress":"Lieu-dit Piantone - 20272 - ZUANI"}]}