{"text":"68 | Haut-Rhin","href":"haut-rhin.html","townships":[{"text":"ALGOLSHEIM","href":"./68/algolsheim.html","phone":"03 89 72 53 70","email":"mairie-algolsheim@wanadoo.fr","population":"1095 habitants","website":"","townhallAdress":"10 Grand Rue - 68600 - ALGOLSHEIM"},{"text":"ALTENACH","href":"./68/altenach.html","phone":"03 89 25 02 54","email":"mairie.altenach@wanadoo.fr","population":"392 habitants","website":"","townhallAdress":"8 rue du 24 Novembre - 68210 - ALTENACH"},{"text":"ALTKIRCH","href":"./68/altkirch.html","phone":"03 89 40 00 04","email":"secretariat.general@mairie-altkirch.com","population":"5801 habitants","website":"","townhallAdress":"5 place de la République - 68130 - ALTKIRCH"},{"text":"AMMERSCHWIHR","href":"./68/ammerschwihr.html","phone":"03 89 47 12 24","email":"ma.ammer@calixo.net","population":"1980 habitants","website":"","townhallAdress":"2 rue de la Reconnaissance - 68770 - AMMERSCHWIHR"},{"text":"AMMERTZWILLER","href":"./68/ammertzwiller.html","phone":"03 89 25 30 15","email":"commune.ammertzwiller@wanadoo.fr","population":"322 habitants","website":"","townhallAdress":"2 rue de l'Ecole - 68210 - AMMERTZWILLER"},{"text":"ANDOLSHEIM","href":"./68/andolsheim.html","phone":"03 89 71 40 08","email":"secretariat.general@andolsheim.fr","population":"2294 habitants","website":"","townhallAdress":"2 Grand'Rue - 68280 - ANDOLSHEIM"},{"text":"APPENWIHR","href":"./68/appenwihr.html","phone":"03 89 71 40 60","email":"mairie@appenwihr.fr","population":"469 habitants","website":"","townhallAdress":"6 rue Principale - 68280 - APPENWIHR"},{"text":"ARTZENHEIM","href":"./68/artzenheim.html","phone":"03 89 71 61 74","email":"artzenheim.mairie@wanadoo.fr","population":"785 habitants","website":"","townhallAdress":"19 rue Sponeck - 68320 - ARTZENHEIM"},{"text":"ASPACH","href":"./68/aspach.html","phone":"03 89 40 92 02","email":"Mairie.Aspach@wanadoo.fr","population":"1170 habitants","website":"","townhallAdress":"28B route Thann - 68130 - ASPACH"},{"text":"ASPACH LE BAS","href":"./68/aspach-le-bas.html","phone":"03 89 48 70 16","email":"mairie@aspach-le-bas.fr","population":"1328 habitants","website":"","townhallAdress":"19 rue Thann - 68700 - ASPACH-LE-BAS"},{"text":"ASPACH LE HAUT","href":"./68/aspach-le-haut.html","phone":"03 89 48 70 17","email":"mairie@aspach-le-haut.fr","population":"1456 habitants","website":"","townhallAdress":"1 rue de l'Eglise - 68700 - ASPACH-LE-HAUT"},{"text":"ATTENSCHWILLER","href":"./68/attenschwiller.html","phone":"03 89 68 60 14","email":"mairie-attenschwiller@wanadoo.fr","population":"914 habitants","website":"","townhallAdress":"3 rue Charles de Gaulle - 68220 - ATTENSCHWILLER"},{"text":"AUBURE","href":"./68/aubure.html","phone":"03 89 73 90 16","email":"aubure-mairie@orange.fr","population":"410 habitants","website":"","townhallAdress":"2 place de la Mairie - 68150 - AUBURE"},{"text":"BALDERSHEIM","href":"./68/baldersheim.html","phone":"03 89 45 12 90","email":"mairiebaldersheim@wanadoo.fr","population":"2576 habitants","website":"","townhallAdress":"23B rue Principale - 68390 - BALDERSHEIM"},{"text":"BALGAU","href":"./68/balgau.html","phone":"03 89 48 60 26","email":"mairie@balgau.fr","population":"850 habitants","website":"","townhallAdress":"Place du Curé Didierjean - 68740 - BALGAU"},{"text":"BALLERSDORF","href":"./68/ballersdorf.html","phone":"03 89 25 02 36","email":"mairie-ballersdorf@wanadoo.fr","population":"863 habitants","website":"","townhallAdress":"52 rue André Malraux - 68210 - BALLERSDORF"},{"text":"BALSCHWILLER","href":"./68/balschwiller.html","phone":"03 89 25 30 10","email":"mairie.balschwiller@wanadoo.fr","population":"839 habitants","website":"","townhallAdress":"14 rue Principale - 68210 - BALSCHWILLER"},{"text":"BALTZENHEIM","href":"./68/baltzenheim.html","phone":"03 89 47 75 47","email":"mairie@baltzenheim.fr","population":"594 habitants","website":"","townhallAdress":"20 rue Principale - 68320 - BALTZENHEIM"},{"text":"BANTZENHEIM","href":"./68/bantzenheim.html","phone":"03 89 26 04 21","email":"mairie-bantzenheim@wanadoo.fr","population":"1664 habitants","website":"","townhallAdress":"11 rue du Général de Gaulle - 68490 - BANTZENHEIM"},{"text":"BARTENHEIM","href":"./68/bartenheim.html","phone":"03 89 70 76 00","email":"grh@mairie-bartenheim.fr","population":"3519 habitants","website":"","townhallAdress":"9 rue Général de Gaulle - 68870 - BARTENHEIM"},{"text":"BATTENHEIM","href":"./68/battenheim.html","phone":"03 89 57 62 83","email":"mairie.battenheim@wanadoo.fr","population":"1309 habitants","website":"","townhallAdress":"57A rue Principale - 68390 - BATTENHEIM"},{"text":"BEBLENHEIM","href":"./68/beblenheim.html","phone":"03 89 47 90 13","email":"mairie.beblenheim@wanadoo.fr","population":"961 habitants","website":"","townhallAdress":"2 rue Hoen - 68980 - BEBLENHEIM"},{"text":"BELLEMAGNY","href":"./68/bellemagny.html","phone":"03 89 26 95 50","email":"bellemagny@wanadoo.fr","population":"195 habitants","website":"","townhallAdress":"17 rue du Couvent - 68210 - BELLEMAGNY"},{"text":"BENDORF","href":"./68/bendorf.html","phone":"03 89 40 42 08","email":"mairiebendorf@wanadoo.fr","population":"230 habitants","website":"","townhallAdress":"4 rue de la Chapelle - 68480 - BENDORF"},{"text":"BENNWIHR","href":"./68/bennwihr.html","phone":"03 89 47 90 26","email":"commune.bennwihr@orange.fr","population":"1329 habitants","website":"","townhallAdress":"1 place de la Mairie - 68630 - BENNWIHR"},{"text":"BERENTZWILLER","href":"./68/berentzwiller.html","phone":"03 89 68 02 22","email":"mairie-berentzwiller@wanadoo.fr","population":"325 habitants","website":"","townhallAdress":"7 rue de l'Eglise - 68130 - BERENTZWILLER"},{"text":"BERGHEIM","href":"./68/bergheim.html","phone":"03 89 73 63 01","email":"mairie.bergheim@wanadoo.fr","population":"1891 habitants","website":"","townhallAdress":"3 place du Docteur Pierre Walter - 68750 - BERGHEIM"},{"text":"BERGHOLTZ","href":"./68/bergholtz.html","phone":"03 89 76 91 06","email":"mairie.bergholtz@wanadoo.fr","population":"1075 habitants","website":"","townhallAdress":"6 rue Bergholtz Zell - 68500 - BERGHOLTZ"},{"text":"BERGHOLTZ ZELL","href":"./68/bergholtz-zell.html","phone":"03 89 62 14 50","email":"mairie.bergholtzzell@wanadoo.fr","population":"458 habitants","website":"","townhallAdress":"30 rue des Suisses - 68500 - BERGHOLTZ-ZELL"},{"text":"BERNWILLER","href":"./68/bernwiller.html","phone":"03 89 25 30 08","email":"communebernwiller@orange.fr","population":"662 habitants","website":"","townhallAdress":"1 place de la Mairie - 68210 - BERNWILLER"},{"text":"BERRWILLER","href":"./68/berrwiller.html","phone":"03 89 76 73 24","email":"commune-berrwiller@wanadoo.fr","population":"1139 habitants","website":"","townhallAdress":"28 rue Or - 68500 - BERRWILLER"},{"text":"BETTENDORF","href":"./68/bettendorf.html","phone":"03 89 40 50 30","email":"mairie-bettendorf@wanadoo.fr","population":"485 habitants","website":"","townhallAdress":"11 rue de l'Eglise - 68560 - BETTENDORF"},{"text":"BETTLACH","href":"./68/bettlach.html","phone":"03 89 40 70 02","email":"bettlach@wanadoo.fr","population":"330 habitants","website":"","townhallAdress":"52 rue de Bâle - 68480 - BETTLACH"},{"text":"BIEDERTHAL","href":"./68/biederthal.html","phone":"03 89 40 70 77","email":"mairie.biederthal@wanadoo.fr","population":"350 habitants","website":"","townhallAdress":"5 rue Principale - 68480 - BIEDERTHAL"},{"text":"BIESHEIM","href":"./68/biesheim.html","phone":"03 89 72 01 40","email":"mairie@ville-biesheim.fr","population":"2336 habitants","website":"","townhallAdress":"13 Grand'Rue - 68600 - BIESHEIM"},{"text":"BILTZHEIM","href":"./68/biltzheim.html","phone":"03 89 49 45 10","email":"biltzheim.mairie@wanadoo.fr","population":"368 habitants","website":"","townhallAdress":"6 rue Principale - 68127 - BILTZHEIM"},{"text":"BISCHWIHR","href":"./68/bischwihr.html","phone":"03 89 47 40 83","email":"mairie@bischwihr.fr","population":"961 habitants","website":"","townhallAdress":"69 Grand'Rue - 68320 - BISCHWIHR"},{"text":"BISEL","href":"./68/bisel.html","phone":"03 89 25 60 55","email":"mairie-bisel@wanadoo.fr","population":"579 habitants","website":"","townhallAdress":"2 rue Principale - 68580 - BISEL"},{"text":"BITSCHWILLER LES THANN","href":"./68/bitschwiller-les-thann.html","phone":"03 89 37 00 35","email":"mairie.bitschwiller@wanadoo.fr","population":"2216 habitants","website":"","townhallAdress":"1 rue du Rhin - 68620 - BITSCHWILLER-LES-THANN"},{"text":"BLODELSHEIM","href":"./68/blodelsheim.html","phone":"03 89 48 60 54","email":"mairie-de-blodelsheim@mairie-de-blodelsheim.fr","population":"1648 habitants","website":"","townhallAdress":"39 rue Général de Gaulle - 68740 - BLODELSHEIM"},{"text":"BLOTZHEIM","href":"./68/blotzheim.html","phone":"03 89 68 40 09","email":"mairie@blotzheim.fr","population":"3889 habitants","website":"","townhallAdress":"28 avenue De Lattre de Tassigny - 68730 - BLOTZHEIM"},{"text":"BOLLWILLER","href":"./68/bollwiller.html","phone":"03 89 48 11 10","email":"accueil@mairie-bollwiller.fr","population":"3618 habitants","website":"","townhallAdress":"9 rue Feldkirch - 68540 - BOLLWILLER"},{"text":"BOURBACH LE BAS","href":"./68/bourbach-le-bas.html","phone":"03 89 82 50 45","email":"mairie.bourbachlebas@tv-com.net","population":"634 habitants","website":"","townhallAdress":"1 rue de l'Ecole - 68290 - BOURBACH-LE-BAS"},{"text":"BOURBACH LE HAUT","href":"./68/bourbach-le-haut.html","phone":"03 89 82 41 26","email":"mairie.bourbach.le.haut@orange.fr","population":"430 habitants","website":"","townhallAdress":"8 route Joffre - 68290 - BOURBACH-LE-HAUT"},{"text":"BOUXWILLER","href":"./68/bouxwiller.html","phone":"03 89 40 42 38","email":"com.bouxwiller68@wanadoo.fr","population":"473 habitants","website":"","townhallAdress":"8 rue Ferrette - 68480 - BOUXWILLER"},{"text":"BRECHAUMONT","href":"./68/brechaumont.html","phone":"03 89 25 00 83","email":"mairie.brechaumont@wanadoo.fr","population":"401 habitants","website":"","townhallAdress":"5 rue de l'Eglise - 68210 - BRECHAUMONT"},{"text":"BREITENBACH","href":"./68/breitenbach.html","phone":"03 89 77 33 33","email":"commune.breitenbach@wanadoo.fr","population":"884 habitants","website":"","townhallAdress":"17 Grand'Rue - 68380 - BREITENBACH"},{"text":"BRETTEN","href":"./68/bretten.html","phone":"03 89 26 90 22","email":"mairie.bretten@wanadoo.fr","population":"179 habitants","website":"","townhallAdress":"Rue Principale - 68780 - BRETTEN"},{"text":"BRINCKHEIM","href":"./68/brinckheim.html","phone":"03 89 68 30 07","email":"mairie-brinckheim@wanadoo.fr","population":"352 habitants","website":"","townhallAdress":"20 rue du 19 Novembre - 68870 - BRINCKHEIM"},{"text":"BRUEBACH","href":"./68/bruebach.html","phone":"03 89 81 31 09","email":"mairie@bruebach.eu","population":"1059 habitants","website":"","townhallAdress":"2 rue de l'Eglise - 68440 - BRUEBACH"},{"text":"BRUNSTATT","href":"./68/brunstatt.html","phone":"03 89 06 05 00","email":"contact@mairie-brunstatt.fr","population":"6324 habitants","website":"","townhallAdress":"388 avenue Altkirch - 68350 - BRUNSTATT"},{"text":"BUETHWILLER","href":"./68/buethwiller.html","phone":"03 89 25 30 43","email":"mairie.buethwiller@wanadoo.fr","population":"284 habitants","website":"","townhallAdress":"20 rue Principale - 68210 - BUETHWILLER"},{"text":"BUHL","href":"./68/buhl.html","phone":"03 89 62 15 95","email":"dgs.hrapp@ville-buhl.fr","population":"3284 habitants","website":"","townhallAdress":"72 rue Florival - 68530 - BUHL"},{"text":"BURNHAUPT LE BAS","href":"./68/burnhaupt-le-bas.html","phone":"03 89 48 70 61","email":"mairie.burnhaupt-le-bas@tv-com.net","population":"1534 habitants","website":"","townhallAdress":"25 rue Principale - 68520 - BURNHAUPT-LE-BAS"},{"text":"BURNHAUPT LE HAUT","href":"./68/burnhaupt-le-haut.html","phone":"03 89 48 70 58","email":"mairie.burnhaupt-haut@tv-com.net","population":"1640 habitants","website":"","townhallAdress":"1 place de la Mairie - 68520 - BURNHAUPT-LE-HAUT"},{"text":"BUSCHWILLER","href":"./68/buschwiller.html","phone":"03 89 67 12 60","email":"mairie.buschwiller@wanadoo.fr","population":"969 habitants","website":"","townhallAdress":"3 rue de l'Eglise - 68220 - BUSCHWILLER"},{"text":"CARSPACH","href":"./68/carspach.html","phone":"03 89 40 99 06","email":"mairie.carspach@wanadoo.fr","population":"1890 habitants","website":"","townhallAdress":"Rue de l'Eglise - 68130 - CARSPACH"},{"text":"CERNAY","href":"./68/cernay.html","phone":"03 89 75 54 10","email":"cernay@ville-cernay.fr","population":"11366 habitants","website":"","townhallAdress":"26 rue James Barbier - 68700 - CERNAY"},{"text":"CHALAMPE","href":"./68/chalampe.html","phone":"03 89 26 04 37","email":"mairie.chalampe@wanadoo.fr","population":"896 habitants","website":"","townhallAdress":"9 espace Centre du Village - 68490 - CHALAMPE"},{"text":"CHAVANNES SUR L ETANG","href":"./68/chavannes-sur-l-etang.html","phone":"03 89 25 23 99","email":"chavannes-sur-l-etang@cc-porte-alsace.fr","population":"550 habitants","website":"","townhallAdress":"9 rue de Bellefontaine - 68210 - CHAVANNES-SUR-L'ETANG"},{"text":"COLMAR","href":"./68/colmar.html","phone":"03 89 20 68 68","email":"mairie@ville-colmar.fr","population":"67714 habitants","website":"","townhallAdress":"1 place de la Mairie - 68000 - COLMAR"},{"text":"COURTAVON","href":"./68/courtavon.html","phone":"03 89 40 80 37","email":"mairie.courtavon@wanadoo.fr","population":"357 habitants","website":"","townhallAdress":"54 Grand'Rue - 68480 - COURTAVON"},{"text":"DANNEMARIE","href":"./68/dannemarie.html","phone":"03 89 25 00 13","email":"mairie@dannemarie.fr","population":"2370 habitants","website":"","townhallAdress":"1 place de l'Hôtel de Ville - 68210 - DANNEMARIE"},{"text":"DESSENHEIM","href":"./68/dessenheim.html","phone":"03 89 72 55 72","email":"mairie@dessenheim.fr","population":"1183 habitants","website":"","townhallAdress":"14 Grand'Rue - 68600 - DESSENHEIM"},{"text":"DIDENHEIM","href":"./68/didenheim.html","phone":"03 89 06 03 33","email":"mairie.didenheim@wanadoo.fr","population":"1708 habitants","website":"","townhallAdress":"1 rue Brunstatt - 68350 - DIDENHEIM"},{"text":"DIEFMATTEN","href":"./68/diefmatten.html","phone":"03 89 26 90 67","email":"mairie.diefmatten@wanadoo.fr","population":"267 habitants","website":"","townhallAdress":"3 rue Hecken - 68210 - DIEFMATTEN"},{"text":"DIETWILLER","href":"./68/dietwiller.html","phone":"03 89 26 88 88","email":"comdiet@wanadoo.fr","population":"1337 habitants","website":"","townhallAdress":"42 rue du Général de Gaulle - 68440 - DIETWILLER"},{"text":"DOLLEREN","href":"./68/dolleren.html","phone":"03 89 82 02 12","email":"mairie.dolleren@tv-com.net","population":"433 habitants","website":"","townhallAdress":"3 rue B.M. 11 - 68290 - DOLLEREN"},{"text":"DURLINSDORF","href":"./68/durlinsdorf.html","phone":"03 89 40 80 69","email":"mairie-durlinsdorf@wanadoo.fr","population":"490 habitants","website":"","townhallAdress":"152 rue Dannemarie - 68480 - DURLINSDORF"},{"text":"DURMENACH","href":"./68/durmenach.html","phone":"03 89 25 81 02","email":"mairie.durmenach@wanadoo.fr","population":"928 habitants","website":"","townhallAdress":"16 rue Ill - 68480 - DURMENACH"},{"text":"DURRENENTZEN","href":"./68/durrenentzen.html","phone":"03 89 47 40 57","email":"mairie.durrenentzen@wanadoo.fr","population":"904 habitants","website":"","townhallAdress":"6 rue 5ème Division Blindée - 68320 - DURRENENTZEN"},{"text":"EGLINGEN","href":"./68/eglingen.html","phone":"03 89 25 39 07","email":"","population":"327 habitants","website":"","townhallAdress":"24 rue Principale - 68720 - EGLINGEN"},{"text":"EGUISHEIM","href":"./68/eguisheim.html","phone":"03 89 41 21 78","email":"mairie.eguisheim@wanadoo.fr","population":"1611 habitants","website":"","townhallAdress":"21 Grand'Rue - 68420 - EGUISHEIM"},{"text":"ELBACH","href":"./68/elbach.html","phone":"03 89 07 21 16","email":"mairie.elbach@wanadoo.fr","population":"272 habitants","website":"","townhallAdress":"2 rue Retzwiller - 68210 - ELBACH"},{"text":"EMLINGEN","href":"./68/emlingen.html","phone":"03 89 07 86 57","email":"mairie.emlingen@wanadoo.fr","population":"246 habitants","website":"","townhallAdress":"26 rue Principale - 68130 - EMLINGEN"},{"text":"ENSISHEIM","href":"./68/ensisheim.html","phone":"03 89 83 32 10","email":"contact@ville-ensisheim.fr","population":"7069 habitants","website":"","townhallAdress":"6 place de l'Eglise - 68190 - ENSISHEIM"},{"text":"ESCHBACH AU VAL","href":"./68/eschbach-au-val.html","phone":"03 89 77 34 70","email":"eschbach.au.val@wanadoo.fr","population":"395 habitants","website":"","townhallAdress":"39 place de la Mairie - 68140 - ESCHBACH-AU-VAL"},{"text":"ESCHENTZWILLER","href":"./68/eschentzwiller.html","phone":"03 89 44 38 92","email":"eschentzwiller@wanadoo.fr","population":"1435 habitants","website":"","townhallAdress":"1 rue des Tilleuls - 68440 - ESCHENTZWILLER"},{"text":"ETEIMBES","href":"./68/eteimbes.html","phone":"03 89 26 93 21","email":"mairie.eteimbes@wanadoo.fr","population":"310 habitants","website":"","townhallAdress":"7 rue de Bretten - 68210 - ETEIMBES"},{"text":"FALKWILLER","href":"./68/falkwiller.html","phone":"03 89 25 30 38","email":"mairie.falkwiller@wanadoo.fr","population":"199 habitants","website":"","townhallAdress":"16 rue Principale - 68210 - FALKWILLER"},{"text":"FELDBACH","href":"./68/feldbach.html","phone":"03 89 25 80 55","email":"mairiedefeldbach@wanadoo.fr","population":"460 habitants","website":"","townhallAdress":"Rue Heimersdorf - 68640 - FELDBACH"},{"text":"FELDKIRCH","href":"./68/feldkirch.html","phone":"03 89 48 10 60","email":"secretariat-feldkirch@wanadoo.fr","population":"955 habitants","website":"","townhallAdress":"55 rue Principale - 68540 - FELDKIRCH"},{"text":"FELLERING","href":"./68/fellering.html","phone":"03 89 82 60 72","email":"mairie@fellering.com","population":"1749 habitants","website":"","townhallAdress":"60 Grand'Rue - 68470 - FELLERING"},{"text":"FERRETTE","href":"./68/ferrette.html","phone":"03 89 40 40 01","email":"mairie@ferrette.fr","population":"1023 habitants","website":"","townhallAdress":"38 rue du Château - BP 9 - 68480 - FERRETTE"},{"text":"FESSENHEIM","href":"./68/fessenheim.html","phone":"03 89 48 60 02","email":"mairie@fessenheim.fr","population":"2291 habitants","website":"","townhallAdress":"35 ruede la Libération - 68740 - FESSENHEIM"},{"text":"FISLIS","href":"./68/fislis.html","phone":"03 89 40 71 29","email":"mairie.fislis@wanadoo.fr","population":"416 habitants","website":"","townhallAdress":"63 rue de l'Eglise - 68480 - FISLIS"},{"text":"FLAXLANDEN","href":"./68/flaxlanden.html","phone":"03 89 06 25 44","email":"mairie.flax@yahoo.fr","population":"1493 habitants","website":"","townhallAdress":"5 rue Bruebach - 68720 - FLAXLANDEN"},{"text":"FOLGENSBOURG","href":"./68/folgensbourg.html","phone":"03 89 68 61 15","email":"mairie.folgensbourg@wanadoo.fr","population":"769 habitants","website":"","townhallAdress":"28 rue Ferrette - 68220 - FOLGENSBOURG"},{"text":"FORTSCHWIHR","href":"./68/fortschwihr.html","phone":"03 89 47 41 89","email":"mairie.fortschwihr@wanadoo.fr","population":"1266 habitants","website":"","townhallAdress":"1 rue de l'Eglise - 68320 - FORTSCHWIHR"},{"text":"FRANKEN","href":"./68/franken.html","phone":"03 89 07 87 31","email":"mairiefranken@wanadoo.fr","population":"336 habitants","website":"","townhallAdress":"10 rue de l'Ecole - 68130 - FRANKEN"},{"text":"FRELAND","href":"./68/freland.html","phone":"03 89 47 57 13","email":"mairie.frel@wanadoo.fr","population":"1420 habitants","website":"","townhallAdress":"52 Grand'Rue - 68240 - FRELAND"},{"text":"FRIESEN","href":"./68/friesen.html","phone":"03 89 25 62 05","email":"mairie.friesen@wanadoo.fr","population":"561 habitants","website":"","townhallAdress":"23 rue Lepuix - 68580 - FRIESEN"},{"text":"FROENINGEN","href":"./68/froeningen.html","phone":"03 89 25 40 18","email":"mairie.froeningen@wanadoo.fr","population":"610 habitants","website":"","townhallAdress":"18 rue Principale - 68720 - FROENINGEN"},{"text":"FULLEREN","href":"./68/fulleren.html","phone":"03 89 25 02 10","email":"fulleren@numeo.fr","population":"338 habitants","website":"","townhallAdress":"3 rue de l'Ecole - 68210 - FULLEREN"},{"text":"GALFINGUE","href":"./68/galfingue.html","phone":"03 89 81 99 12","email":"mairie.galfingue@wanadoo.fr","population":"785 habitants","website":"","townhallAdress":"9 rue du 25 Novembre 1944 - 68990 - GALFINGUE"},{"text":"GEISHOUSE","href":"./68/geishouse.html","phone":"03 89 82 30 60","email":"mairie.geishouse@wanadoo.fr","population":"489 habitants","website":"","townhallAdress":"7 rue Saint Amarin - 68690 - GEISHOUSE"},{"text":"GEISPITZEN","href":"./68/geispitzen.html","phone":"03 89 81 54 36","email":"mairie.geispitzen@wanadoo.fr","population":"429 habitants","website":"","townhallAdress":"6 route Waltenheim - 68510 - GEISPITZEN"},{"text":"GEISWASSER","href":"./68/geiswasser.html","phone":"03 89 72 54 42","email":"mairie@geiswasser.fr","population":"334 habitants","website":"","townhallAdress":"40 Grand'Rue - 68600 - GEISWASSER"},{"text":"GILDWILLER","href":"./68/gildwiller.html","phone":"03 89 25 90 73","email":"mairie.gildwiller@wanadoo.fr","population":"288 habitants","website":"","townhallAdress":"14 rue des Vergers - 68210 - GILDWILLER"},{"text":"GOLDBACH ALTENBACH","href":"./68/goldbach-altenbach.html","phone":"03 89 82 30 14","email":"mairie.goldbach@wanadoo.fr","population":"312 habitants","website":"","townhallAdress":"35 rue Principale - 68760 - GOLDBACH-ALTENBACH"},{"text":"GOMMERSDORF","href":"./68/gommersdorf.html","phone":"03 89 07 21 40","email":"mairie.gommersdorf@wanadoo.fr","population":"375 habitants","website":"","townhallAdress":"5 rue de Cernay - 68210 - GOMMERSDORF"},{"text":"GRENTZINGEN","href":"./68/grentzingen.html","phone":"03 89 25 80 07","email":"mairie.grentzingen@wanadoo.fr","population":"555 habitants","website":"","townhallAdress":"68 rue du Chemin de Fer - 68960 - GRENTZINGEN"},{"text":"GRIESBACH AU VAL","href":"./68/griesbach-au-val.html","phone":"03 89 77 36 46","email":"griesbachauval@wanadoo.fr","population":"771 habitants","website":"","townhallAdress":"25 rue Principale - 68140 - GRIESBACH-AU-VAL"},{"text":"GRUSSENHEIM","href":"./68/grussenheim.html","phone":"03 89 71 62 47","email":"mairie@grussenheim.fr","population":"859 habitants","website":"","townhallAdress":"25 Grand'Rue - 68320 - GRUSSENHEIM"},{"text":"GUEBERSCHWIHR","href":"./68/gueberschwihr.html","phone":"03 89 49 31 05","email":"mairie.gueberschwihr@wanadoo.fr","population":"860 habitants","website":"","townhallAdress":"4 place de la Mairie - 68420 - GUEBERSCHWIHR"},{"text":"GUEBWILLER","href":"./68/guebwiller.html","phone":"03 89 76 80 61","email":"rh@ville-guebwiller.fr","population":"12016 habitants","website":"","townhallAdress":"73 rue de la République - 68500 - GUEBWILLER"},{"text":"GUEMAR","href":"./68/guemar.html","phone":"03 89 71 83 12","email":"commune.guemar@wanadoo.fr","population":"1376 habitants","website":"","townhallAdress":"12 rue Maréchal Lefèbvre - 68970 - GUEMAR"},{"text":"GUEVENATTEN","href":"./68/guevenatten.html","phone":"03 89 25 03 70","email":"contact@guevenatten.fr","population":"139 habitants","website":"","townhallAdress":"Rue Principale - 68210 - GUEVENATTEN"},{"text":"GUEWENHEIM","href":"./68/guewenheim.html","phone":"03 89 82 50 67","email":"mairie.guewenheim@tv-com.net","population":"1210 habitants","website":"","townhallAdress":"46 rue Principale - 68116 - GUEWENHEIM"},{"text":"GUNDOLSHEIM","href":"./68/gundolsheim.html","phone":"03 89 49 61 59","email":"mairie.gundolsheim@wanadoo.fr","population":"722 habitants","website":"","townhallAdress":"24 rue Principale - 68250 - GUNDOLSHEIM"},{"text":"GUNSBACH","href":"./68/gunsbach.html","phone":"03 89 77 38 83","email":"gunsbach.mairie@wanadoo.fr","population":"937 habitants","website":"","townhallAdress":"1 rue de Wihr au Val - 68140 - GUNSBACH"},{"text":"HABSHEIM","href":"./68/habsheim.html","phone":"03 89 44 03 07","email":"contact@mairie-habsheim.fr","population":"4829 habitants","website":"","townhallAdress":"94 rue du Général de Gaulle - BP 21 - 68440 - HABSHEIM"},{"text":"HAGENBACH","href":"./68/hagenbach.html","phone":"03 89 25 30 72","email":"hagenbach.mairie@wanadoo.fr","population":"701 habitants","website":"","townhallAdress":"46 rue de Delle - 68210 - HAGENBACH"},{"text":"HAGENTHAL LE BAS","href":"./68/hagenthal-le-bas.html","phone":"03 89 68 50 14","email":"mairie@hagenthal-le-bas.com","population":"1077 habitants","website":"","townhallAdress":"2 rue Oberdorf - 68220 - HAGENTHAL-LE-BAS"},{"text":"HAGENTHAL LE HAUT","href":"./68/hagenthal-le-haut.html","phone":"03 89 68 50 13","email":"mairie-hagenthal-haut@wanadoo.fr","population":"593 habitants","website":"","townhallAdress":"63 rue Principale - 68220 - HAGENTHAL-LE-HAUT"},{"text":"HARTMANNSWILLER","href":"./68/hartmannswiller.html","phone":"03 89 76 73 15","email":"mairie.hartmannswiller@wanadoo.fr","population":"672 habitants","website":"","townhallAdress":"1 place de la Mairie - 68500 - HARTMANNSWILLER"},{"text":"HATTSTATT","href":"./68/hattstatt.html","phone":"03 89 49 30 05","email":"mairie-hattstatt@wanadoo.fr","population":"869 habitants","website":"","townhallAdress":"2 place de Verdun - 68420 - HATTSTATT"},{"text":"HAUSGAUEN","href":"./68/hausgauen.html","phone":"03 89 07 86 91","email":"mairie.hausgauen@orange.fr","population":"460 habitants","website":"","townhallAdress":"2 rue de l'Ecole - 68130 - HAUSGAUEN"},{"text":"HECKEN","href":"./68/hecken.html","phone":"03 89 25 93 23","email":"mairiedehecken@wanadoo.fr","population":"463 habitants","website":"","townhallAdress":"2 rue de l'Ecole - 68210 - HECKEN"},{"text":"HEGENHEIM","href":"./68/hegenheim.html","phone":"03 89 69 18 54","email":"mairie@hegenheim.fr","population":"3080 habitants","website":"","townhallAdress":"1 rue Hagenthal - BP 30 - 68220 - HEGENHEIM"},{"text":"HEIDWILLER","href":"./68/heidwiller.html","phone":"03 89 25 40 63","email":"mairie.heidwiller@wanadoo.fr","population":"638 habitants","website":"","townhallAdress":"2 place de la Mairie - 68270 - HEIDWILLER"},{"text":"HEIMERSDORF","href":"./68/heimersdorf.html","phone":"03 89 40 51 51","email":"heimersdorf.mairie@wanadoo.fr","population":"666 habitants","website":"","townhallAdress":"2 rue Ruederbach - 68560 - HEIMERSDORF"},{"text":"HEIMSBRUNN","href":"./68/heimsbrunn.html","phone":"03 89 81 90 34","email":"mairie.heimsbrunn@wanadoo.fr","population":"1443 habitants","website":"","townhallAdress":"11 rue de Belfort - 68990 - HEIMSBRUNN"},{"text":"HEITEREN","href":"./68/heiteren.html","phone":"03 89 72 53 48","email":"mairie@heiteren.fr","population":"902 habitants","website":"","townhallAdress":"4 route de Strasbourg - 68600 - HEITEREN"},{"text":"HEIWILLER","href":"./68/heiwiller.html","phone":"03 89 07 41 44","email":"communedeheiwiller@wanadoo.fr","population":"192 habitants","website":"","townhallAdress":"2 rue Berggraben - 68130 - HEIWILLER"},{"text":"HELFRANTZKIRCH","href":"./68/helfrantzkirch.html","phone":"03 89 68 02 02","email":"mairie.helfrantzkirch@wanadoo.fr","population":"853 habitants","website":"","townhallAdress":"17 rue Principale - 68510 - HELFRANTZKIRCH"},{"text":"HENFLINGEN","href":"./68/henflingen.html","phone":"03 89 40 51 58","email":"mairiehenflingen@wanadoo.fr","population":"193 habitants","website":"","townhallAdress":"7 rue Principale - 68960 - HENFLINGEN"},{"text":"HERRLISHEIM PRES COLMAR","href":"./68/herrlisheim-pres-colmar.html","phone":"03 89 49 39 80","email":"mairie.herrlisheim68@wanadoo.fr","population":"1719 habitants","website":"","townhallAdress":"Allée de l'Hôtel de Ville - 68420 - HERRLISHEIM-PRES-COLMAR"},{"text":"HESINGUE","href":"./68/hesingue.html","phone":"03 89 89 70 30","email":"mairie.hesingue@wanadoo.fr","population":"2506 habitants","website":"","townhallAdress":"22, rue du Général de Gaulle - 68220 - HESINGUE"},{"text":"HETTENSCHLAG","href":"./68/hettenschlag.html","phone":"03 89 20 98 10","email":"mairie@hettenschlag.fr","population":"331 habitants","website":"","townhallAdress":"Route Dessenheim - 68600 - HETTENSCHLAG"},{"text":"HINDLINGEN","href":"./68/hindlingen.html","phone":"03 89 25 62 01","email":"communehindlingen@wanadoo.fr","population":"604 habitants","website":"","townhallAdress":"93 rue Lepuix - 68580 - HINDLINGEN"},{"text":"HIRSINGUE","href":"./68/hirsingue.html","phone":"03 89 40 50 13","email":"mairie.hirsingue@wanadoo.fr","population":"2175 habitants","website":"","townhallAdress":"1 place de la Mairie - 68560 - HIRSINGUE"},{"text":"HIRTZBACH","href":"./68/hirtzbach.html","phone":"03 89 40 99 21","email":"mairie.hirtzbach@wanadoo.fr","population":"1394 habitants","website":"","townhallAdress":"1 rue du Château - 68118 - HIRTZBACH"},{"text":"HIRTZFELDEN","href":"./68/hirtzfelden.html","phone":"03 89 81 27 09","email":"secretariat@mairie-de-hirtzfelden.fr","population":"1107 habitants","website":"","townhallAdress":"17A rue de la République - 68740 - HIRTZFELDEN"},{"text":"HOCHSTATT","href":"./68/hochstatt.html","phone":"03 89 06 24 33","email":"mairie.hochstatt@estvideo.fr","population":"2129 habitants","website":"","townhallAdress":"2 rue des Ecoles - 68720 - HOCHSTATT"},{"text":"HOHROD","href":"./68/hohrod.html","phone":"03 89 77 36 52","email":"mairie.hohrod@wanadoo.fr","population":"352 habitants","website":"","townhallAdress":"12 rue Principale - 68140 - HOHROD"},{"text":"HOLTZWIHR","href":"./68/holtzwihr.html","phone":"03 89 47 40 80","email":"mairie.holtzwihr@wanadoo.fr","population":"1335 habitants","website":"","townhallAdress":"23 rue Principale - 68320 - HOLTZWIHR"},{"text":"HOMBOURG","href":"./68/hombourg.html","phone":"03 89 83 21 83","email":"secretaire.mairie-hombourg@wanadoo.fr","population":"1018 habitants","website":"","townhallAdress":"31 rue Principale - 68490 - HOMBOURG"},{"text":"HORBOURG WIHR","href":"./68/horbourg-wihr.html","phone":"03 89 20 18 90","email":"mairie@ville-horbourg-wihr.fr","population":"5141 habitants","website":"","townhallAdress":"Rue des Pioniers - 68180 - HORBOURG-WIHR"},{"text":"HOUSSEN","href":"./68/houssen.html","phone":"03 89 41 11 85","email":"mairiehoussen@yahoo.fr","population":"1690 habitants","website":"","townhallAdress":"13 rue Principale - 68125 - HOUSSEN"},{"text":"HUNAWIHR","href":"./68/hunawihr.html","phone":"03 89 73 60 42","email":"mairiehunawihr@wanadoo.fr","population":"633 habitants","website":"","townhallAdress":"1 rue de la Mairie - 68150 - HUNAWIHR"},{"text":"HUNDSBACH","href":"./68/hundsbach.html","phone":"03 89 07 81 95","email":"mairie-de-hundsbach@wanadoo.fr","population":"293 habitants","website":"","townhallAdress":"5 rue Principale - 68130 - HUNDSBACH"},{"text":"HUNINGUE","href":"./68/huningue.html","phone":"03 89 69 17 80","email":"mairie@ville-huningue.fr","population":"6488 habitants","website":"","townhallAdress":"2 rue Saint Louis - BP 350 - 68330 - HUNINGUE"},{"text":"HUSSEREN LES CHATEAUX","href":"./68/husseren-les-chateaux.html","phone":"03 89 49 30 26","email":"mairie-husseren3ch@wanadoo.fr","population":"505 habitants","website":"","townhallAdress":"35 rue Principale - 68420 - HUSSEREN-LES-CHATEAUX"},{"text":"HUSSEREN WESSERLING","href":"./68/husseren-wesserling.html","phone":"03 89 39 10 00","email":"mairie.husseren-wesserling@wanadoo.fr","population":"1042 habitants","website":"","townhallAdress":"17 Grand'Rue - 68470 - HUSSEREN-WESSERLING"},{"text":"ILLFURTH","href":"./68/illfurth.html","phone":"03 89 25 42 14","email":"mairie.illfurth@wanadoo.fr","population":"2329 habitants","website":"","townhallAdress":"2 route Altkirch - 68720 - ILLFURTH"},{"text":"ILLHAEUSERN","href":"./68/illhaeusern.html","phone":"03 89 71 83 27","email":"commune.illhaeusern@orange.fr","population":"736 habitants","website":"","townhallAdress":"27 rue du 25 Janvier - 68970 - ILLHAEUSERN"},{"text":"ILLZACH","href":"./68/illzach.html","phone":"03 89 62 53 00","email":"mairie.illzach@mairie-illzach.fr","population":"15217 habitants","website":"","townhallAdress":"9 place de la République - 68110 - ILLZACH"},{"text":"INGERSHEIM","href":"./68/ingersheim.html","phone":"03 89 27 90 10","email":"mairie@ville-ingersheim.fr","population":"4723 habitants","website":"","townhallAdress":"42 rue de la République - 68040 - INGERSHEIM"},{"text":"ISSENHEIM","href":"./68/issenheim.html","phone":"03 89 62 24 30","email":"mairie-issenheim@wanadoo.fr","population":"3462 habitants","website":"","townhallAdress":"2 rue Rouffach - 68500 - ISSENHEIM"},{"text":"JEBSHEIM","href":"./68/jebsheim.html","phone":"03 89 71 61 40","email":"commune.jebsheim@wanadoo.fr","population":"1108 habitants","website":"","townhallAdress":"57 Grand'Rue - 68320 - JEBSHEIM"},{"text":"JETTINGEN","href":"./68/jettingen.html","phone":"03 89 68 02 20","email":"mairie.jettingen@wanadoo.fr","population":"514 habitants","website":"","townhallAdress":"13 rue de l'Eglise - 68130 - JETTINGEN"},{"text":"JUNGHOLTZ","href":"./68/jungholtz.html","phone":"03 89 62 22 11","email":"mairie.jungholtz@wanadoo.fr","population":"920 habitants","website":"","townhallAdress":"17 rue Rimbach - 68500 - JUNGHOLTZ"},{"text":"KAPPELEN","href":"./68/kappelen.html","phone":"03 89 68 02 14","email":"mairie-kappelen@wanadoo.fr","population":"520 habitants","website":"","townhallAdress":"3 rue de la Chapelle - 68510 - KAPPELEN"},{"text":"KATZENTHAL","href":"./68/katzenthal.html","phone":"03 89 27 05 31","email":"mairie.katzenthal@wanadoo.fr","population":"554 habitants","website":"","townhallAdress":"Place de l'Ecole - 68230 - KATZENTHAL"},{"text":"KAYSERSBERG","href":"./68/kaysersberg.html","phone":"03 89 78 11 11","email":"mr.dubourg@ville-kaysersberg.fr","population":"2771 habitants","website":"","townhallAdress":"39 rue Général de Gaulle - 68240 - KAYSERSBERG"},{"text":"KEMBS","href":"./68/kembs.html","phone":"03 89 48 37 08","email":"mairie.kembs@wanadoo.fr","population":"4353 habitants","website":"","townhallAdress":"59 rue Maréchal Foch - 68680 - KEMBS"},{"text":"KIENTZHEIM","href":"./68/kientzheim.html","phone":"03 89 47 12 62","email":"mairie.kientzheim@wanadoo.fr","population":"796 habitants","website":"","townhallAdress":"13 Grand'Rue - 68240 - KIENTZHEIM"},{"text":"KIFFIS","href":"./68/kiffis.html","phone":"03 89 40 33 11","email":"mairiedekiffis@orange.fr","population":"288 habitants","website":"","townhallAdress":"3 rue de l'Ecole - 68480 - KIFFIS"},{"text":"KINGERSHEIM","href":"./68/kingersheim.html","phone":"03 89 57 04 00","email":"mairie@kingersheim.fr","population":"13368 habitants","website":"","townhallAdress":"Place de la libération - 68260 - KINGERSHEIM"},{"text":"KIRCHBERG","href":"./68/kirchberg.html","phone":"03 89 82 02 00","email":"mairie.kirchberg@tv-com.net","population":"839 habitants","website":"","townhallAdress":"12 rue du Moulin - 68290 - KIRCHBERG"},{"text":"KNOERINGUE","href":"./68/knoeringue.html","phone":"03 89 68 60 02","email":"commune.knoeringue@wanadoo.fr","population":"337 habitants","website":"","townhallAdress":"14 rue Bâle - 68220 - KNOERINGUE"},{"text":"KOESTLACH","href":"./68/koestlach.html","phone":"03 89 40 41 06","email":"mairiedekoestlach@wanadoo.fr","population":"520 habitants","website":"","townhallAdress":"1 rue des Romains - 68480 - KOESTLACH"},{"text":"KOETZINGUE","href":"./68/koetzingue.html","phone":"03 89 81 52 72","email":"mairie.koetzingue@wanadoo.fr","population":"558 habitants","website":"","townhallAdress":"31 rue Principale - 68510 - KOETZINGUE"},{"text":"KRUTH","href":"./68/kruth.html","phone":"03 89 82 28 21","email":"mairie.kruth@wanadoo.fr","population":"1040 habitants","website":"","townhallAdress":"55 Grand'Rue - 68820 - KRUTH"},{"text":"KUNHEIM","href":"./68/kunheim.html","phone":"03 89 47 40 40","email":"mairie@kunheim.fr","population":"1796 habitants","website":"","townhallAdress":"56 rue Principale - 68320 - KUNHEIM"},{"text":"LABAROCHE","href":"./68/labaroche.html","phone":"03 89 49 83 23","email":"mairie.labaroche@wanadoo.fr","population":"2283 habitants","website":"","townhallAdress":"298 lieu-dit Centre - 68910 - LABAROCHE"},{"text":"LANDSER","href":"./68/landser.html","phone":"03 89 81 31 05","email":"maire@ville-landser.fr","population":"1606 habitants","website":"","townhallAdress":"7 place de la Paix - 68440 - LANDSER"},{"text":"LAPOUTROIE","href":"./68/lapoutroie.html","phone":"03 89 47 50 10","email":"mairie.lapoutroie@wanadoo.fr","population":"2128 habitants","website":"","townhallAdress":"39 rue Général Dufieux - 68650 - LAPOUTROIE"},{"text":"LARGITZEN","href":"./68/largitzen.html","phone":"03 89 07 61 77","email":"mairie-largitzen@wanadoo.fr","population":"292 habitants","website":"","townhallAdress":"1 rue Hirsingue - 68580 - LARGITZEN"},{"text":"LAUTENBACH","href":"./68/lautenbach.html","phone":"03 89 76 32 02","email":"commune.lautenbach@wanadoo.fr","population":"1599 habitants","website":"","townhallAdress":"49 rue Principale - 68610 - LAUTENBACH"},{"text":"LAUTENBACH ZELL","href":"./68/lautenbach-zell.html","phone":"03 89 76 32 08","email":"mairie.lautenbachzell@wanadoo.fr","population":"1039 habitants","website":"","townhallAdress":"72 Grand'Rue - 68610 - LAUTENBACH-ZELL"},{"text":"LAUW","href":"./68/lauw.html","phone":"03 89 82 40 30","email":"mairielauw@tv-com.net","population":"1007 habitants","website":"","townhallAdress":"25 rue Principale - 68290 - LAUW"},{"text":"LE BONHOMME","href":"./68/le-bonhomme.html","phone":"03 89 47 51 03","email":"mairie-du-bonhomme@wanadoo.fr","population":"862 habitants","website":"","townhallAdress":"61 rue 3ème Spahis Algériens - 68650 - LE-BONHOMME"},{"text":"LEIMBACH","href":"./68/leimbach.html","phone":"03 89 37 05 32","email":"mairie-leimbach@wanadoo.fr","population":"858 habitants","website":"","townhallAdress":"Place du Général de Gaulle - 68800 - LEIMBACH"},{"text":"LEVONCOURT","href":"./68/levoncourt.html","phone":"03 89 40 80 43","email":"mairie.levoncourt@wanadoo.fr","population":"250 habitants","website":"","townhallAdress":"3 rue de l'Eglise - 68480 - LEVONCOURT"},{"text":"LEYMEN","href":"./68/leymen.html","phone":"03 89 68 51 37","email":"mairie.ley@wanadoo.fr","population":"1153 habitants","website":"","townhallAdress":"1 rue Principale - 68220 - LEYMEN"},{"text":"LIEBENSWILLER","href":"./68/liebenswiller.html","phone":"03 89 68 50 63","email":"mairie.liebenswiller@wanadoo.fr","population":"197 habitants","website":"","townhallAdress":"4 rue Leymen - 68220 - LIEBENSWILLER"},{"text":"LIEBSDORF","href":"./68/liebsdorf.html","phone":"03 89 40 80 11","email":"liebsdorf@wanadoo.fr","population":"342 habitants","website":"","townhallAdress":"4 rue du 19 Novembre - 68480 - LIEBSDORF"},{"text":"LIEPVRE","href":"./68/liepvre.html","phone":"03 89 58 90 14","email":"mairie.liepvre@free.fr","population":"1764 habitants","website":"","townhallAdress":"44 rue Clemenceau - 68660 - LIEPVRE"},{"text":"LIGSDORF","href":"./68/ligsdorf.html","phone":"03 89 40 42 05","email":"mairie.ligsdorf@orange.fr","population":"348 habitants","website":"","townhallAdress":"39 rue Principale - 68480 - LIGSDORF"},{"text":"LINSDORF","href":"./68/linsdorf.html","phone":"03 89 40 70 13","email":"mairie.linsdorf@wanadoo.fr","population":"319 habitants","website":"","townhallAdress":"7 rue de la Paix - 68480 - LINSDORF"},{"text":"LINTHAL","href":"./68/linthal.html","phone":"03 89 76 32 34","email":"mairie.de.linthal@cegetel.net","population":"635 habitants","website":"","townhallAdress":"79 rue Hilsenfirst - 68610 - LINTHAL"},{"text":"LOGELHEIM","href":"./68/logelheim.html","phone":"03 89 20 99 27","email":"mairie@logelheim.fr","population":"843 habitants","website":"","townhallAdress":"2 Grand'Rue - 68280 - LOGELHEIM"},{"text":"LUCELLE","href":"./68/lucelle.html","phone":"03 89 40 86 03","email":"mairie.lucelle@wanadoo.fr","population":"41 habitants","website":"","townhallAdress":"Grand Scholis - 68480 - LUCELLE"},{"text":"LUEMSCHWILLER","href":"./68/luemschwiller.html","phone":"03 89 25 42 55","email":"mairie.luemschwiller@wanadoo.fr","population":"722 habitants","website":"","townhallAdress":"7 rue de l'Ecole - 68720 - LUEMSCHWILLER"},{"text":"LUTTENBACH PRES MUNSTER","href":"./68/luttenbach-pres-munster.html","phone":"03 89 77 30 56","email":"luttenbach.mairie@wanadoo.fr","population":"835 habitants","website":"","townhallAdress":"7 rue de la Mairie - 68140 - LUTTENBACH-PRES-MUNSTER"},{"text":"LUTTER","href":"./68/lutter.html","phone":"03 89 40 70 44","email":"luttercommune@wanadoo.fr","population":"304 habitants","website":"","townhallAdress":"3 rue Oltingue - 68480 - LUTTER"},{"text":"LUTTERBACH","href":"./68/lutterbach.html","phone":"03 89 50 71 00","email":"service-ressource@mairie-lutterbach.fr","population":"6123 habitants","website":"","townhallAdress":"1 place de la République - 68460 - LUTTERBACH"},{"text":"MAGNY","href":"./68/magny.html","phone":"03 89 25 20 79","email":"commune.magny@orange.fr","population":"286 habitants","website":"","townhallAdress":"35 rue de l'Ecole - 68210 - MAGNY"},{"text":"MAGSTATT LE BAS","href":"./68/magstatt-le-bas.html","phone":"03 89 81 51 43","email":"mairie-magstatt-le-bas@wanadoo.fr","population":"475 habitants","website":"","townhallAdress":"2 rue de la Libération - 68510 - MAGSTATT-LE-BAS"},{"text":"MAGSTATT LE HAUT","href":"./68/magstatt-le-haut.html","phone":"03 89 81 52 02","email":"mairie@magstatt-le-haut.fr","population":"278 habitants","website":"","townhallAdress":"7 rue de la France - 68510 - MAGSTATT-LE-HAUT"},{"text":"MALMERSPACH","href":"./68/malmerspach.html","phone":"03 89 82 62 35","email":"mairie-malmerspach@wanadoo.fr","population":"530 habitants","website":"","townhallAdress":"15 rue des Ecoles - 68550 - MALMERSPACH"},{"text":"MANSPACH","href":"./68/manspach.html","phone":"03 89 07 21 17","email":"mairie.manspach@wanadoo.fr","population":"537 habitants","website":"","townhallAdress":"3 rue de la Vallée - 68210 - MANSPACH"},{"text":"MASEVAUX","href":"./68/masevaux.html","phone":"03 89 82 40 14","email":"mairie@masevaux.fr","population":"3283 habitants","website":"","townhallAdress":"5 rue Maréchal de Lattre de Tassigny - 68290 - MASEVAUX"},{"text":"MERTZEN","href":"./68/mertzen.html","phone":"03 89 25 02 22","email":"mairie.mertzen@wanadoo.fr","population":"213 habitants","website":"","townhallAdress":"7 rue Principale - 68210 - MERTZEN"},{"text":"MERXHEIM","href":"./68/merxheim.html","phone":"03 89 76 90 82","email":"mairie.merxheim@wanadoo.fr","population":"1298 habitants","website":"","townhallAdress":"2 rue Guebwiller - 68500 - MERXHEIM"},{"text":"METZERAL","href":"./68/metzeral.html","phone":"03 89 77 60 03","email":"metzeral@wanadoo.fr","population":"1114 habitants","website":"","townhallAdress":"1 place de la Mairie - 68380 - METZERAL"},{"text":"MEYENHEIM","href":"./68/meyenheim.html","phone":"03 89 81 02 40","email":"mey.mairie@wanadoo.fr","population":"1230 habitants","website":"","townhallAdress":"10 Grand'Rue - 68890 - MEYENHEIM"},{"text":"MICHELBACH","href":"./68/michelbach.html","phone":"03 89 82 51 39","email":"contact-michelbach@wanadoo.fr","population":"365 habitants","website":"","townhallAdress":"40 rue Principale - 68700 - MICHELBACH"},{"text":"MICHELBACH LE BAS","href":"./68/michelbach-le-bas.html","phone":"03 89 68 40 06","email":"mairie-michelbachlebas@wanadoo.fr","population":"738 habitants","website":"","townhallAdress":"Rue Blotzheim - 68730 - MICHELBACH-LE-BAS"},{"text":"MICHELBACH LE HAUT","href":"./68/michelbach-le-haut.html","phone":"03 89 68 60 07","email":"mairie.michelbach-le-haut@wanadoo.fr","population":"484 habitants","website":"","townhallAdress":"1 rue de l'Ecole - 68220 - MICHELBACH-LE-HAUT"},{"text":"MITTELWIHR","href":"./68/mittelwihr.html","phone":"03 89 47 90 23","email":"mairie@mittelwihr.fr","population":"805 habitants","website":"","townhallAdress":"Route des Vins - 68630 - MITTELWIHR"},{"text":"MITTLACH","href":"./68/mittlach.html","phone":"03 89 77 61 53","email":"mairiemittlach@wanadoo.fr","population":"317 habitants","website":"","townhallAdress":"9 rue Raymond Poincaré - 68380 - MITTLACH"},{"text":"MITZACH","href":"./68/mitzach.html","phone":"03 89 82 60 59","email":"mairie.mitzach@wanadoo.fr","population":"423 habitants","website":"","townhallAdress":"44 rue Principale - 68470 - MITZACH"},{"text":"MOERNACH","href":"./68/moernach.html","phone":"03 89 40 80 54","email":"mairie.moernach@wanadoo.fr","population":"551 habitants","website":"","townhallAdress":"93 rue des Tilleuls - 68480 - MOERNACH"},{"text":"MOLLAU","href":"./68/mollau.html","phone":"03 89 82 60 24","email":"mairie-mollau@orange.fr","population":"429 habitants","website":"","townhallAdress":"32 place Maréchal de Lattre de Tassigny - 68470 - MOLLAU"},{"text":"MONTREUX JEUNE","href":"./68/montreux-jeune.html","phone":"03 89 25 21 11","email":"mairie-montreux-jeune@wanadoo.fr","population":"329 habitants","website":"","townhallAdress":"30 rue Principale - 68210 - MONTREUX-JEUNE"},{"text":"MONTREUX VIEUX","href":"./68/montreux-vieux.html","phone":"03 89 25 20 87","email":"montreux-vieux@wanadoo.fr","population":"860 habitants","website":"","townhallAdress":"1 rue des Vosges - 68210 - MONTREUX-VIEUX"},{"text":"MOOSCH","href":"./68/moosch.html","phone":"03 89 82 30 70","email":"moosch.mairie@wanadoo.fr","population":"1850 habitants","website":"","townhallAdress":"47 rue Général de Gaulle - 68690 - MOOSCH"},{"text":"MOOSLARGUE","href":"./68/mooslargue.html","phone":"03 89 25 60 53","email":"mairie.mooslargue@wanadoo.fr","population":"508 habitants","website":"","townhallAdress":"2 rue de l'Eglise - 68580 - MOOSLARGUE"},{"text":"MORSCHWILLER LE BAS","href":"./68/morschwiller-le-bas.html","phone":"03 89 42 20 95","email":"morschwiller@evhr.net","population":"3514 habitants","website":"","townhallAdress":"12 rue de l'Ecole - 68790 - MORSCHWILLER-LE-BAS"},{"text":"MORTZWILLER","href":"./68/mortzwiller.html","phone":"03 89 82 52 10","email":"mairie.mortzwiller@tv-com.net","population":"319 habitants","website":"","townhallAdress":"Rue Principale - 68780 - MORTZWILLER"},{"text":"MUESPACH","href":"./68/muespach.html","phone":"03 89 68 61 24","email":"mairie-de-muespach@wanadoo.fr","population":"880 habitants","website":"","townhallAdress":"31 rue du 1er Septembre - 68640 - MUESPACH"},{"text":"MUESPACH LE HAUT","href":"./68/muespach-le-haut.html","phone":"03 89 68 60 26","email":"mairie.muespachle-haut@wanadoo.fr","population":"970 habitants","website":"","townhallAdress":"1 rue Delle - 68640 - MUESPACH-LE-HAUT"},{"text":"MUHLBACH SUR MUNSTER","href":"./68/muhlbach-sur-munster.html","phone":"03 89 77 61 08","email":"mairie-muhlbach68@orange.fr","population":"775 habitants","website":"","townhallAdress":"45 rue Principale - 68380 - MUHLBACH-SUR-MUNSTER"},{"text":"MULHOUSE","href":"./68/mulhouse.html","phone":"03 89 32 58 58","email":"mulhouse@ville-mulhouse.fr","population":"113135 habitants","website":"","townhallAdress":"12 rue Coehorn - 68200 - MULHOUSE"},{"text":"MUNCHHOUSE","href":"./68/munchhouse.html","phone":"03 89 81 27 07","email":"mairie-de-munchhouse@wanadoo.fr","population":"1586 habitants","website":"","townhallAdress":"2 rue Hirtzfelden - 68740 - MUNCHHOUSE"},{"text":"MUNSTER","href":"./68/munster.html","phone":"03 89 77 32 98","email":"ville.munster@wanadoo.fr","population":"5083 habitants","website":"","townhallAdress":"1 place du Marché - 68140 - MUNSTER"},{"text":"MUNTZENHEIM","href":"./68/muntzenheim.html","phone":"03 89 47 40 76","email":"mairie@muntzenheim.fr","population":"1088 habitants","website":"","townhallAdress":"34 rue Principale - 68320 - MUNTZENHEIM"},{"text":"MUNWILLER","href":"./68/munwiller.html","phone":"03 89 49 67 65","email":"mairie.munwiller@wanadoo.fr","population":"500 habitants","website":"","townhallAdress":"23 rue Principale - 68250 - MUNWILLER"},{"text":"MURBACH","href":"./68/murbach.html","phone":"03 89 76 91 05","email":"mairie.murbach@wanadoo.fr","population":"137 habitants","website":"","townhallAdress":"6 rue de l'Eglise - 68530 - MURBACH"},{"text":"NAMBSHEIM","href":"./68/nambsheim.html","phone":"03 89 48 60 29","email":"mairie@nambsheim.fr","population":"566 habitants","website":"","townhallAdress":"3 rue du Rhin - 68740 - NAMBSHEIM"},{"text":"NEUF BRISACH","href":"./68/neuf-brisach.html","phone":"03 89 72 51 68","email":"mairie-neufbrisach@wanadoo.fr","population":"2157 habitants","website":"","townhallAdress":"4 rue de l'Hôtel de Ville - 68600 - NEUF-BRISACH"},{"text":"NEUWILLER","href":"./68/neuwiller.html","phone":"03 89 68 50 11","email":"population.neuwiller@wanadoo.fr","population":"534 habitants","website":"","townhallAdress":"9 rue Oberwil - 68220 - NEUWILLER"},{"text":"NIEDERBRUCK","href":"./68/niederbruck.html","phone":"03 89 82 40 77","email":"mairie.niederbruck@tv-com.net","population":"452 habitants","website":"","townhallAdress":"4 rue du Château - 68290 - NIEDERBRUCK"},{"text":"NIEDERENTZEN","href":"./68/niederentzen.html","phone":"03 89 49 45 52","email":"mairie@niederentzen.fr","population":"371 habitants","website":"","townhallAdress":"14 rue Principale - 68250 - NIEDERENTZEN"},{"text":"NIEDERHERGHEIM","href":"./68/niederhergheim.html","phone":"03 89 49 45 08","email":"mairie.niederhergheim@wanadoo.fr","population":"984 habitants","website":"","townhallAdress":"6 place de la Mairie - 68250 - NIEDERHERGHEIM"},{"text":"NIEDERMORSCHWIHR","href":"./68/niedermorschwihr.html","phone":"03 89 27 05 16","email":"mairie.niedermorschwihr@wanadoo.fr","population":"595 habitants","website":"","townhallAdress":"1 rue des Trois Epis - 68230 - NIEDERMORSCHWIHR"},{"text":"NIFFER","href":"./68/niffer.html","phone":"03 89 48 37 33","email":"mairie.niffer@wanadoo.fr","population":"905 habitants","website":"","townhallAdress":"22 rue Principale - 68680 - NIFFER"},{"text":"OBERBRUCK","href":"./68/oberbruck.html","phone":"03 89 82 00 55","email":"mairie.oberbruck@tv-com.net","population":"453 habitants","website":"","townhallAdress":"8 place de la Mairie - 68290 - OBERBRUCK"},{"text":"OBERDORF","href":"./68/oberdorf.html","phone":"03 89 07 98 21","email":"cneoberdorf68@wanadoo.fr","population":"566 habitants","website":"","townhallAdress":"19 rue Principale - 68960 - OBERDORF"},{"text":"OBERENTZEN","href":"./68/oberentzen.html","phone":"03 89 49 45 13","email":"oberentzen.mairie@wanadoo.fr","population":"532 habitants","website":"","townhallAdress":"27 rue Principale - 68250 - OBERENTZEN"},{"text":"OBERHERGHEIM","href":"./68/oberhergheim.html","phone":"03 89 49 45 05","email":"mairie.oberhergheim@wanadoo.fr","population":"1212 habitants","website":"","townhallAdress":"72 rue Principale - 68250 - OBERHERGHEIM"},{"text":"OBERLARG","href":"./68/oberlarg.html","phone":"03 89 40 85 16","email":"mairie.oberlarg@wanadoo.fr","population":"152 habitants","website":"","townhallAdress":"34 rue Principale - 68480 - OBERLARG"},{"text":"OBERMORSCHWIHR","href":"./68/obermorschwihr.html","phone":"03 89 49 26 93","email":"mairie.obermorschwihr@wanadoo.fr","population":"402 habitants","website":"","townhallAdress":"2 place de la République - 68420 - OBERMORSCHWIHR"},{"text":"OBERMORSCHWILLER","href":"./68/obermorschwiller.html","phone":"03 89 07 40 18","email":"mairie.obermorschwiller@wanadoo.fr","population":"454 habitants","website":"","townhallAdress":"4 rue de l'Eglise - 68130 - OBERMORSCHWILLER"},{"text":"OBERSAASHEIM","href":"./68/obersaasheim.html","phone":"03 89 72 54 53","email":"mairie@obersaasheim.fr","population":"1028 habitants","website":"","townhallAdress":"22 rue Maréchal Leclerc - 68600 - OBERSAASHEIM"},{"text":"ODEREN","href":"./68/oderen.html","phone":"03 89 82 60 53","email":"mairie-oderen@wanadoo.fr","population":"1338 habitants","website":"","townhallAdress":"54 Grand'Rue - 68830 - ODEREN"},{"text":"OLTINGUE","href":"./68/oltingue.html","phone":"03 89 40 70 11","email":"oltingue@wanadoo.fr","population":"749 habitants","website":"","townhallAdress":"18 place Saint Martin - 68480 - OLTINGUE"},{"text":"ORBEY","href":"./68/orbey.html","phone":"03 89 71 20 07","email":"mairie@orbey.fr","population":"3731 habitants","website":"","townhallAdress":"48 rue Charles de Gaulle - 68370 - ORBEY"},{"text":"ORSCHWIHR","href":"./68/orschwihr.html","phone":"03 89 76 95 07","email":"mairie.orschwihr@wanadoo.fr","population":"1009 habitants","website":"","townhallAdress":"11 rue Soultzmatt - 68500 - ORSCHWIHR"},{"text":"OSENBACH","href":"./68/osenbach.html","phone":"03 89 47 00 26","email":"mairie.osenbach@wanadoo.fr","population":"911 habitants","website":"","townhallAdress":"2 rue Heidenberg - 68570 - OSENBACH"},{"text":"OSTHEIM","href":"./68/ostheim.html","phone":"03 89 47 91 46","email":"mairie-ostheim@wanadoo.fr","population":"1587 habitants","website":"","townhallAdress":"Rue des Ecoles - 68150 - OSTHEIM"},{"text":"OTTMARSHEIM","href":"./68/ottmarsheim.html","phone":"03 89 26 06 42","email":"mairie@ottmarsheim.com","population":"1916 habitants","website":"","townhallAdress":"20 rue Général de Gaulle - 68490 - OTTMARSHEIM"},{"text":"PETIT LANDAU","href":"./68/petit-landau.html","phone":"03 89 48 37 15","email":"mairie@petit-landau.fr","population":"712 habitants","website":"","townhallAdress":"3 rue Seger - 68490 - PETIT-LANDAU"},{"text":"PFAFFENHEIM","href":"./68/pfaffenheim.html","phone":"03 89 49 60 22","email":"mairie.pfaffenheim@wanadoo.fr","population":"1356 habitants","website":"","townhallAdress":"1 place de la Mairie - 68250 - PFAFFENHEIM"},{"text":"PFASTATT","href":"./68/pfastatt.html","phone":"03 89 52 46 10","email":"mairie-de-pfastatt@wanadoo.fr","population":"8555 habitants","website":"","townhallAdress":"18 rue de la Mairie - 68120 - PFASTATT"},{"text":"PFETTERHOUSE","href":"./68/pfetterhouse.html","phone":"03 89 25 61 01","email":"secretariat.mairie@pfetterhouse.net","population":"1058 habitants","website":"","townhallAdress":"1 place Saint Géréon - 68480 - PFETTERHOUSE"},{"text":"PULVERSHEIM","href":"./68/pulversheim.html","phone":"03 89 83 69 00","email":"accueil@pulversheim.fr","population":"2851 habitants","website":"","townhallAdress":"1 place Charles de Gaulle - 68840 - PULVERSHEIM"},{"text":"RAEDERSDORF","href":"./68/raedersdorf.html","phone":"03 89 40 70 28","email":"mairie.raedersdorf@wanadoo.fr","population":"510 habitants","website":"","townhallAdress":"7 rue Lutter - 68480 - RAEDERSDORF"},{"text":"RAEDERSHEIM","href":"./68/raedersheim.html","phone":"03 89 48 11 37","email":"mairie.raedersheim@orange.fr","population":"1134 habitants","website":"","townhallAdress":"1 rue de la Gare - 68190 - RAEDERSHEIM"},{"text":"RAMMERSMATT","href":"./68/rammersmatt.html","phone":"03 89 37 04 15","email":"mairie.rammersmatt@wanadoo.fr","population":"223 habitants","website":"","townhallAdress":"Rue Principale - 68800 - RAMMERSMATT"},{"text":"RANSPACH","href":"./68/ranspach.html","phone":"03 89 38 71 95","email":"contact@ranspach.fr","population":"865 habitants","website":"","townhallAdress":"22 rue Général de Gaulle - 68470 - RANSPACH"},{"text":"RANSPACH LE BAS","href":"./68/ranspach-le-bas.html","phone":"03 89 68 40 35","email":"mairie.ranspach.bas@wanadoo.fr","population":"662 habitants","website":"","townhallAdress":"1 rue Sarbazan - 68730 - RANSPACH-LE-BAS"},{"text":"RANSPACH LE HAUT","href":"./68/ranspach-le-haut.html","phone":"03 89 68 02 43","email":"mairie-ranspachhaut@wanadoo.fr","population":"559 habitants","website":"","townhallAdress":"3 rue de l'Eglise - 68220 - RANSPACH-LE-HAUT"},{"text":"RANTZWILLER","href":"./68/rantzwiller.html","phone":"03 89 81 51 00","email":"mairie.rantzwiller@orange.fr","population":"820 habitants","website":"","townhallAdress":"29 rue de Mulhouse - 68510 - RANTZWILLER"},{"text":"REGUISHEIM","href":"./68/reguisheim.html","phone":"03 89 81 02 50","email":"mairie.reguisheim@wanadoo.fr","population":"1759 habitants","website":"","townhallAdress":"Grand'Rue - 68890 - REGUISHEIM"},{"text":"REININGUE","href":"./68/reiningue.html","phone":"03 89 81 92 04","email":"mairie@mairie-reiningue.fr","population":"1725 habitants","website":"","townhallAdress":"2 rue Georges Alter - 68950 - REININGUE"},{"text":"RETZWILLER","href":"./68/retzwiller.html","phone":"03 89 07 22 27","email":"retzwiller@cc-porte-alsace.fr","population":"657 habitants","website":"","townhallAdress":"6 place Général de Gaulle - 68210 - RETZWILLER"},{"text":"RIBEAUVILLE","href":"./68/ribeauville.html","phone":"03 89 73 20 00","email":"mairie.ribeauville@wanadoo.fr","population":"5106 habitants","website":"","townhallAdress":"2 place de l'Hôtel de Ville - 68150 - RIBEAUVILLE"},{"text":"RICHWILLER","href":"./68/richwiller.html","phone":"03 89 53 54 44","email":"commune.richwiller@wanadoo.fr","population":"3509 habitants","website":"","townhallAdress":"39 rue Principale - 68120 - RICHWILLER"},{"text":"RIEDISHEIM","href":"./68/riedisheim.html","phone":"03 89 44 00 50","email":"mairie@ville-riedisheim.fr","population":"12441 habitants","website":"","townhallAdress":"10 rue Général de Gaulle - 68400 - RIEDISHEIM"},{"text":"RIEDWIHR","href":"./68/riedwihr.html","phone":"03 89 71 62 35","email":"mairie@riedwihr.fr","population":"383 habitants","website":"","townhallAdress":"1 place de l'Eglise - 68320 - RIEDWIHR"},{"text":"RIESPACH","href":"./68/riespach.html","phone":"03 89 25 80 23","email":"mairie-riespach@wanadoo.fr","population":"740 habitants","website":"","townhallAdress":"2 rue de l'Eglise - 68640 - RIESPACH"},{"text":"RIMBACH PRES GUEBWILLER","href":"./68/rimbach-pres-guebwiller.html","phone":"03 89 76 89 72","email":"mairie.rimbach.gueb@wanadoo.fr","population":"247 habitants","website":"","townhallAdress":"52 rue Principale - 68500 - RIMBACH-PRES-GUEBWILLER"},{"text":"RIMBACH PRES MASEVAUX","href":"./68/rimbach-pres-masevaux.html","phone":"03 89 82 02 71","email":"mairie.rimbach-masevaux@tv-com.net","population":"508 habitants","website":"","townhallAdress":"37 rue Principale - 68290 - RIMBACH-PRES-MASEVAUX"},{"text":"RIMBACH ZELL","href":"./68/rimbach-zell.html","phone":"03 89 76 89 73","email":"mairie.rimbach.zell@wanadoo.fr","population":"222 habitants","website":"","townhallAdress":"27 rue Principale - 68500 - RIMBACH-ZELL"},{"text":"RIQUEWIHR","href":"./68/riquewihr.html","phone":"03 89 49 09 10","email":"mairie@riquewihr.fr","population":"1309 habitants","website":"","townhallAdress":"Place Voltaire - BP 35 - 68340 - RIQUEWIHR"},{"text":"RIXHEIM","href":"./68/rixheim.html","phone":"03 89 64 59 59","email":"site.ville@mairie-rixheim.fr","population":"13392 habitants","website":"","townhallAdress":"28 rue Zuber - 68170 - RIXHEIM"},{"text":"RODEREN","href":"./68/roderen.html","phone":"03 89 37 03 42","email":"mairie.roderen@wanadoo.fr","population":"899 habitants","website":"","townhallAdress":"21 Grand'Rue - 68800 - RODEREN"},{"text":"RODERN","href":"./68/rodern.html","phone":"03 89 73 00 22","email":"mairie-de-rodern@wanadoo.fr","population":"334 habitants","website":"","townhallAdress":"2 rue de l'Eglise - 68590 - RODERN"},{"text":"ROGGENHOUSE","href":"./68/roggenhouse.html","phone":"03 89 81 27 14","email":"mairie.de.roggenhouse@wanadoo.fr","population":"493 habitants","website":"","townhallAdress":"4 rue Ensisheim - 68740 - ROGGENHOUSE"},{"text":"ROMAGNY","href":"./68/romagny.html","phone":"03 89 25 25 97","email":"romagny.mairie@wanadoo.fr","population":"201 habitants","website":"","townhallAdress":"27 rue Principale - 68210 - ROMAGNY"},{"text":"ROMBACH LE FRANC","href":"./68/rombach-le-franc.html","phone":"03 89 58 90 53","email":"mairie.rombach@wanadoo.fr","population":"913 habitants","website":"","townhallAdress":"14 rue de l'Eglise - 68660 - ROMBACH-LE-FRANC"},{"text":"ROPPENTZWILLER","href":"./68/roppentzwiller.html","phone":"03 89 25 81 42","email":"mairie.roppentzwiller@wanadoo.fr","population":"757 habitants","website":"","townhallAdress":"43 rue Principale - 68480 - ROPPENTZWILLER"},{"text":"RORSCHWIHR","href":"./68/rorschwihr.html","phone":"03 89 73 63 55","email":"commune.rorschwihr@orange.fr","population":"401 habitants","website":"","townhallAdress":"1 place de l'Eglise - 68590 - RORSCHWIHR"},{"text":"ROSENAU","href":"./68/rosenau.html","phone":"03 89 68 31 10","email":"mairie-rosenau@wanadoo.fr","population":"2018 habitants","website":"","townhallAdress":"5 rue Kembs - 68128 - ROSENAU"},{"text":"ROUFFACH","href":"./68/rouffach.html","phone":"03 89 78 03 00","email":"a-f.miclo@ville-rouffach.fr","population":"4913 habitants","website":"","townhallAdress":"6 place Clémenceau - 68250 - ROUFFACH"},{"text":"RUEDERBACH","href":"./68/ruederbach.html","phone":"03 89 40 50 27","email":"commune-ruederbach@wanadoo.fr","population":"340 habitants","website":"","townhallAdress":"17 rue Principale - 68560 - RUEDERBACH"},{"text":"RUELISHEIM","href":"./68/ruelisheim.html","phone":"03 89 57 63 63","email":"mairie.ruelisheim@wanadoo.fr","population":"2511 habitants","website":"","townhallAdress":"26 rue Principale - 68270 - RUELISHEIM"},{"text":"RUMERSHEIM LE HAUT","href":"./68/rumersheim-le-haut.html","phone":"03 89 26 04 05","email":"secretariat@mairie-de-rumersheimlehaut.fr","population":"1077 habitants","website":"","townhallAdress":"3 rue des Lilas - 68740 - RUMERSHEIM-LE-HAUT"},{"text":"RUSTENHART","href":"./68/rustenhart.html","phone":"03 89 49 45 06","email":"mairie.rustenhart@wanadoo.fr","population":"790 habitants","website":"","townhallAdress":"2 rue de l'Eglise - 68740 - RUSTENHART"},{"text":"SAINT AMARIN","href":"./68/saint-amarin.html","phone":"03 89 82 62 05","email":"mairie@ville-saint-amarin.fr","population":"2442 habitants","website":"","townhallAdress":"55 rue Charles de Gaulle - 68550 - SAINT-AMARIN"},{"text":"SAINT BERNARD","href":"./68/saint-bernard.html","phone":"03 89 25 41 71","email":"mairie.saint-bernard@wanadoo.fr","population":"466 habitants","website":"","townhallAdress":"23 rue Sainte Catherine - 68720 - SAINT-BERNARD"},{"text":"SAINT COSME","href":"./68/saint-cosme.html","phone":"03 89 26 93 22","email":"saint-cosme@cc-porte-alsace.fr","population":"86 habitants","website":"","townhallAdress":"1 rue de l'Eglise - 68210 - SAINT-COSME"},{"text":"SAINTE CROIX AUX MINES","href":"./68/sainte-croix-aux-mines.html","phone":"03 89 58 73 12","email":"mairie.stecroixa.m@wanadoo.fr","population":"2103 habitants","website":"","townhallAdress":"37 rue Maurice Burrus - 68160 - SAINTE-CROIX-AUX-MINES"},{"text":"SAINTE CROIX EN PLAINE","href":"./68/sainte-croix-en-plaine.html","phone":"03 89 20 95 20","email":"mairie@saintecroixenplaine.fr","population":"2592 habitants","website":"","townhallAdress":"25 route Bâle - 68127 - SAINTE-CROIX-EN-PLAINE"},{"text":"SAINTE MARIE AUX MINES","href":"./68/sainte-marie-aux-mines.html","phone":"03 89 58 33 60","email":"contact@ville-saintemarieauxmines.fr","population":"5713 habitants","website":"","townhallAdress":"114 rue Maréchal de Lattre de Tassigny - 68160 - SAINTE-MARIE-AUX-MINES"},{"text":"SAINT HIPPOLYTE","href":"./68/saint-hippolyte.html","phone":"03 89 73 00 13","email":"st-hippolyte@cc-ribeauville.fr","population":"1064 habitants","website":"","townhallAdress":"4 place de l'Hôtel de Ville - 68590 - SAINT-HIPPOLYTE"},{"text":"SAINT LOUIS","href":"./68/saint-louis.html","phone":"03 89 69 52 00","email":"accueil@ville-saint-louis.fr","population":"20382 habitants","website":"","townhallAdress":"Rue Théo Bachmann - 68300 - SAINT-LOUIS"},{"text":"SAINT ULRICH","href":"./68/saint-ulrich.html","phone":"03 89 25 00 84","email":"mairie.saint-ulrich@wanadoo.fr","population":"314 habitants","website":"","townhallAdress":"19 rue Principale - 68210 - SAINT-ULRICH"},{"text":"SAUSHEIM","href":"./68/sausheim.html","phone":"03 89 45 90 90","email":"mc.kaeufeler@ville-sausheim.fr","population":"5365 habitants","website":"","townhallAdress":"38 Grand'Rue - 68390 - SAUSHEIM"},{"text":"SCHLIERBACH","href":"./68/schlierbach.html","phone":"03 89 81 30 06","email":"mairie.schlierbach@wanadoo.fr","population":"1103 habitants","website":"","townhallAdress":"7 rue Kembs - 68440 - SCHLIERBACH"},{"text":"SCHWEIGHOUSE THANN","href":"./68/schweighouse-thann.html","phone":"03 89 48 70 05","email":"schweighouse@wanadoo.fr","population":"733 habitants","website":"","townhallAdress":"12 rue Reiningue - 68610 - SCHWEIGHOUSE-THANN"},{"text":"SCHWOBEN","href":"./68/schwoben.html","phone":"03 89 07 80 45","email":"mairiedeschwoben@wanadoo.fr","population":"276 habitants","website":"","townhallAdress":"3A rue Lett - 68130 - SCHWOBEN"},{"text":"SENTHEIM","href":"./68/sentheim.html","phone":"03 89 82 52 03","email":"mairie.sentheim@tv-com.net","population":"1543 habitants","website":"","townhallAdress":"16 Grand'Rue - 68780 - SENTHEIM"},{"text":"SEPPOIS LE BAS","href":"./68/seppois-le-bas.html","phone":"03 89 25 60 07","email":"mairie.seppoislebas@orange.fr","population":"1093 habitants","website":"","townhallAdress":"1 place du Marché - 68580 - SEPPOIS-LE-BAS"},{"text":"SEPPOIS LE HAUT","href":"./68/seppois-le-haut.html","phone":"03 89 25 60 25","email":"mairie.seppoislehaut@wanadoo.fr","population":"516 habitants","website":"","townhallAdress":"2 rue Moos - 68580 - SEPPOIS-LE-HAUT"},{"text":"SEWEN","href":"./68/sewen.html","phone":"03 89 82 00 46","email":"mairie.sewen@tv-com.net","population":"535 habitants","website":"","townhallAdress":"5 Grand'Rue - 68290 - SEWEN"},{"text":"SICKERT","href":"./68/sickert.html","phone":"03 89 82 40 85","email":"mairie@sickert.fr","population":"338 habitants","website":"","townhallAdress":"11 rue Principale - 68290 - SICKERT"},{"text":"SIERENTZ","href":"./68/sierentz.html","phone":"03 89 81 51 11","email":"mairie@mairie-sierentz.fr","population":"2656 habitants","website":"","townhallAdress":"1 place Général de Gaulle - 68510 - SIERENTZ"},{"text":"SIGOLSHEIM","href":"./68/sigolsheim.html","phone":"03 89 78 24 15","email":"administration.sigo@wanadoo.fr","population":"1236 habitants","website":"","townhallAdress":"1 rue de la 1ère Armée - 68240 - SIGOLSHEIM"},{"text":"SONDERNACH","href":"./68/sondernach.html","phone":"03 89 77 60 20","email":"mairie.sondernach@wanadoo.fr","population":"666 habitants","website":"","townhallAdress":"13 rue Principale - 68380 - SONDERNACH"},{"text":"SONDERSDORF","href":"./68/sondersdorf.html","phone":"03 89 40 42 00","email":"mairie.sondersdorf@wanadoo.fr","population":"357 habitants","website":"","townhallAdress":"15 rue de l'Ecole - 68480 - SONDERSDORF"},{"text":"SOPPE LE BAS","href":"./68/soppe-le-bas.html","phone":"03 89 26 90 68","email":"mairie.soppe-le-bas@tv-com.net","population":"736 habitants","website":"","townhallAdress":"32 rue Principale - 68780 - SOPPE-LE-BAS"},{"text":"SOPPE LE HAUT","href":"./68/soppe-le-haut.html","phone":"03 89 82 50 63","email":"mairie.soppe-le-haut@tv-com.net","population":"589 habitants","website":"","townhallAdress":"25 Grand'Rue - 68780 - SOPPE-LE-HAUT"},{"text":"SOULTZ","href":"./68/soultz.html","phone":"03 89 62 25 40","email":"mairie.soultz-68360@wanadoo.fr","population":"6640 habitants","website":"","townhallAdress":"Place de la République - 68360 - SOULTZ"},{"text":"SOULTZBACH LES BAINS","href":"./68/soultzbach-les-bains.html","phone":"03 89 71 11 16","email":"maire@soultzbach.com","population":"658 habitants","website":"","townhallAdress":"1 Grand'Rue - 68230 - SOULTZBACH-LES-BAINS"},{"text":"SOULTZEREN","href":"./68/soultzeren.html","phone":"03 89 77 31 60","email":"mairie.soultzeren@wanadoo.fr","population":"1189 habitants","website":"","townhallAdress":"36 route Schlucht - 68140 - SOULTZEREN"},{"text":"SOULTZMATT","href":"./68/soultzmatt.html","phone":"03 89 47 00 01","email":"comptabilite@ville-soultzmatt.fr","population":"2292 habitants","website":"","townhallAdress":"Place Général de Gaulle - 68570 - SOULTZMATT"},{"text":"SPECHBACH LE BAS","href":"./68/spechbach-le-bas.html","phone":"03 89 25 40 03","email":"mairie.spechbach-le-bas@cegetel.net","population":"787 habitants","website":"","townhallAdress":"Rue de Thann - 68720 - SPECHBACH-LE-BAS"},{"text":"SPECHBACH LE HAUT","href":"./68/spechbach-le-haut.html","phone":"03 89 25 41 43","email":"spechbach.haut@live.fr","population":"630 habitants","website":"","townhallAdress":"41 rue de Thann - 68720 - SPECHBACH-LE-HAUT"},{"text":"STAFFELFELDEN","href":"./68/staffelfelden.html","phone":"03 89 55 08 21","email":"mairie-de-staffelfelden@wanadoo.fr","population":"3648 habitants","website":"","townhallAdress":"1 place de la Mairie - 68850 - STAFFELFELDEN"},{"text":"STEINBACH","href":"./68/steinbach.html","phone":"03 89 75 40 58","email":"mairie-de-steinbach@wanadoo.fr","population":"1338 habitants","website":"","townhallAdress":"19 Grand'Rue - 68700 - STEINBACH"},{"text":"STEINBRUNN LE BAS","href":"./68/steinbrunn-le-bas.html","phone":"03 89 81 30 11","email":"mairie.steinbrunnlebas@wanadoo.fr","population":"662 habitants","website":"","townhallAdress":"22 rue des Orphelins - 68440 - STEINBRUNN-LE-BAS"},{"text":"STEINBRUNN LE HAUT","href":"./68/steinbrunn-le-haut.html","phone":"03 89 81 30 15","email":"mairie.steinbrunnlehaut@wanadoo.fr","population":"616 habitants","website":"","townhallAdress":"1 rue des Seigneurs - 68440 - STEINBRUNN-LE-HAUT"},{"text":"STEINSOULTZ","href":"./68/steinsoultz.html","phone":"03 89 25 86 85","email":"mairie.steinsoultz@wanadoo.fr","population":"753 habitants","website":"","townhallAdress":"10 rue Jettingen - 68640 - STEINSOULTZ"},{"text":"STERNENBERG","href":"./68/sternenberg.html","phone":"03 89 26 93 44","email":"sternenberg@wanadoo.fr","population":"165 habitants","website":"","townhallAdress":"21 rue Principale - 68210 - STERNENBERG"},{"text":"STETTEN","href":"./68/stetten.html","phone":"03 89 68 02 07","email":"mairie.stetten@wanadoo.fr","population":"303 habitants","website":"","townhallAdress":"8 rue Général de Gaulle - 68510 - STETTEN"},{"text":"STORCKENSOHN","href":"./68/storckensohn.html","phone":"03 89 82 61 20","email":"mairie.storckensohn@wanadoo.fr","population":"260 habitants","website":"","townhallAdress":"3 Rue de la Mairie - 68470 - STORCKENSOHN"},{"text":"STOSSWIHR","href":"./68/stosswihr.html","phone":"03 89 77 30 61","email":"stosswihr.mairie@wanadoo.fr","population":"1433 habitants","website":"","townhallAdress":"52 Grand'Rue - 68140 - STOSSWIHR"},{"text":"STRUETH","href":"./68/strueth.html","phone":"03 89 25 02 07","email":"mairie.strueth@wanadoo.fr","population":"329 habitants","website":"","townhallAdress":"27 rue Principale - 68580 - STRUETH"},{"text":"SUNDHOFFEN","href":"./68/sundhoffen.html","phone":"03 89 71 40 45","email":"mairie@sundhoffen.fr","population":"1994 habitants","website":"","townhallAdress":"1 rue de la Mairie - 68280 - SUNDHOFFEN"},{"text":"TAGOLSHEIM","href":"./68/tagolsheim.html","phone":"03 89 25 41 34","email":"communedetagolsheim@wanadoo.fr","population":"680 habitants","website":"","townhallAdress":"33 Grand'Rue - 68720 - TAGOLSHEIM"},{"text":"TAGSDORF","href":"./68/tagsdorf.html","phone":"03 89 07 86 93","email":"mairie.tagsdorf@wanadoo.fr","population":"333 habitants","website":"","townhallAdress":"2 place de la Mairie - 68130 - TAGSDORF"},{"text":"THANN","href":"./68/thann.html","phone":"03 89 38 53 00","email":"contact@ville-thann.fr","population":"8139 habitants","website":"","townhallAdress":"9 place Joffre - 68800 - THANN"},{"text":"THANNENKIRCH","href":"./68/thannenkirch.html","phone":"03 89 73 10 19","email":"mairie.thannenkirch@wanadoo.fr","population":"499 habitants","website":"","townhallAdress":"9 rue Sainte Anne - 68590 - THANNENKIRCH"},{"text":"TRAUBACH LE BAS","href":"./68/traubach-le-bas.html","phone":"03 89 25 09 04","email":"mairietraubachlebas@wanadoo.fr","population":"486 habitants","website":"","townhallAdress":"51 rue Principale - 68210 - TRAUBACH-LE-BAS"},{"text":"TRAUBACH LE HAUT","href":"./68/traubach-le-haut.html","phone":"03 89 25 03 66","email":"mairie.traubachlehaut@wanadoo.fr","population":"537 habitants","website":"","townhallAdress":"1 rue Masevaux - 68210 - TRAUBACH-LE-HAUT"},{"text":"TURCKHEIM","href":"./68/turckheim.html","phone":"03 89 27 18 08","email":"mairie@turckheim.fr","population":"3817 habitants","website":"","townhallAdress":"6 rue Conseil - 68230 - TURCKHEIM"},{"text":"UEBERSTRASS","href":"./68/ueberstrass.html","phone":"03 89 25 61 78","email":"mairie.ueberstrass@wanadoo.fr","population":"354 habitants","website":"","townhallAdress":"26 Grand'Rue - 68580 - UEBERSTRASS"},{"text":"UFFHEIM","href":"./68/uffheim.html","phone":"03 89 81 51 42","email":"mairie.uffheim@wanadoo.fr","population":"876 habitants","website":"","townhallAdress":"23 rue du 20 Novembre - 68510 - UFFHEIM"},{"text":"UFFHOLTZ","href":"./68/uffholtz.html","phone":"03 89 75 41 65","email":"mairie.uffholtz@wanadoo.fr","population":"1597 habitants","website":"","townhallAdress":"20 rue du Ballon - 68700 - UFFHOLTZ"},{"text":"UNGERSHEIM","href":"./68/ungersheim.html","phone":"03 89 48 11 28","email":"mairie.ungersheim@wanadoo.fr","population":"2016 habitants","website":"","townhallAdress":"1 place de la Mairie - 68190 - UNGERSHEIM"},{"text":"URBES","href":"./68/urbes.html","phone":"03 89 82 60 91","email":"mairie.urbes@wanadoo.fr","population":"493 habitants","website":"","townhallAdress":"14 Grand'Rue - 68121 - URBES"},{"text":"URSCHENHEIM","href":"./68/urschenheim.html","phone":"03 89 47 40 85","email":"mairie@urschenheim.fr","population":"686 habitants","website":"","townhallAdress":"3 Grand'Rue - 68320 - URSCHENHEIM"},{"text":"VALDIEU LUTRAN","href":"./68/valdieu-lutran.html","phone":"03 89 25 02 39","email":"mairie-valdieu-lutran@wanadoo.fr","population":"365 habitants","website":"","townhallAdress":"51 rue Valdieu - 68210 - VALDIEU-LUTRAN"},{"text":"VIEUX FERRETTE","href":"./68/vieux-ferrette.html","phone":"03 89 40 40 60","email":"mairievxferrette@kbleu.net","population":"580 habitants","website":"","townhallAdress":"28 rue de l'Eglise - 68480 - VIEUX-FERRETTE"},{"text":"VIEUX THANN","href":"./68/vieux-thann.html","phone":"03 89 35 74 74","email":"mairie@vieux-thann.fr","population":"2955 habitants","website":"","townhallAdress":"76 rue Charles de Gaulle - 68800 - VIEUX-THANN"},{"text":"VILLAGE NEUF","href":"./68/village-neuf.html","phone":"03 89 89 79 19","email":"direction@mairie-village-neuf.fr","population":"3579 habitants","website":"","townhallAdress":"81 rue Général de Gaulle - 68128 - VILLAGE-NEUF"},{"text":"VOEGTLINSHOFFEN","href":"./68/voegtlinshoffen.html","phone":"03 89 49 30 31","email":"commune.voegtlinshoffen@wanadoo.fr","population":"558 habitants","website":"","townhallAdress":"6 place de la Mairie - 68420 - VOEGTLINSHOFFEN"},{"text":"VOGELGRUN","href":"./68/vogelgrun.html","phone":"03 89 72 56 26","email":"mairie@vogelgrun.fr","population":"607 habitants","website":"","townhallAdress":"4 Grand'Rue - 68600 - VOGELGRUN"},{"text":"VOLGELSHEIM","href":"./68/volgelsheim.html","phone":"03 89 72 52 09","email":"mairie@volgelsheim.fr","population":"2363 habitants","website":"","townhallAdress":"16 rue de la Paix - 68600 - VOLGELSHEIM"},{"text":"WAHLBACH","href":"./68/wahlbach.html","phone":"03 89 07 87 59","email":"mairie.wahlbach@wanadoo.fr","population":"421 habitants","website":"","townhallAdress":"2 rue de l'Eglise - 68130 - WAHLBACH"},{"text":"WALBACH","href":"./68/walbach.html","phone":"03 89 71 13 11","email":"mairie@walbach.fr","population":"932 habitants","website":"","townhallAdress":"1 place de la Mairie - 68230 - WALBACH"},{"text":"WALDIGHOFEN","href":"./68/waldighofen.html","phone":"03 89 25 80 26","email":"mairie.waldighoffen@wanadoo.fr","population":"1427 habitants","website":"","townhallAdress":"4 place Jeanne d'Arc - 68640 - WALDIGHOFEN"},{"text":"WALHEIM","href":"./68/walheim.html","phone":"03 89 40 98 42","email":"mairie.walheim@wanadoo.fr","population":"905 habitants","website":"","townhallAdress":"73 Grand'Rue - 68130 - WALHEIM"},{"text":"WALTENHEIM","href":"./68/waltenheim.html","phone":"03 89 81 53 50","email":"mairie.waltenheim68@wanadoo.fr","population":"575 habitants","website":"","townhallAdress":"8 rue Principale - 68510 - WALTENHEIM"},{"text":"WASSERBOURG","href":"./68/wasserbourg.html","phone":"03 89 71 13 25","email":"mairie.wass@wanadoo.fr","population":"500 habitants","website":"","townhallAdress":"11 rue de l'Eglise - 68230 - WASSERBOURG"},{"text":"WATTWILLER","href":"./68/wattwiller.html","phone":"03 89 75 42 76","email":"mairie.wattwiller@wanadoo.fr","population":"1771 habitants","website":"","townhallAdress":"10 rue de la 1ère Armée - 68700 - WATTWILLER"},{"text":"WECKOLSHEIM","href":"./68/weckolsheim.html","phone":"03 89 72 86 72","email":"mairie@weckolsheim.fr","population":"602 habitants","website":"","townhallAdress":"21 rue Principale - 68600 - WECKOLSHEIM"},{"text":"WEGSCHEID","href":"./68/wegscheid.html","phone":"03 89 82 02 57","email":"mairie.wegscheid@tv-com.net","population":"334 habitants","website":"","townhallAdress":"13 rue Georges Pompidou - 68290 - WEGSCHEID"},{"text":"WENTZWILLER","href":"./68/wentzwiller.html","phone":"03 89 68 60 71","email":"mairie.wentzwiller@wanadoo.fr","population":"706 habitants","website":"","townhallAdress":"2 rue du Ruisseau - 68220 - WENTZWILLER"},{"text":"WERENTZHOUSE","href":"./68/werentzhouse.html","phone":"03 89 40 42 34","email":"mairiewerentzhouse@wanadoo.fr","population":"598 habitants","website":"","townhallAdress":"10 rue Fislis - 68480 - WERENTZHOUSE"},{"text":"WESTHALTEN","href":"./68/westhalten.html","phone":"03 89 47 01 17","email":"mairie.westhalten@wanadoo.fr","population":"931 habitants","website":"","townhallAdress":"1 rue Rouffach - 68250 - WESTHALTEN"},{"text":"WETTOLSHEIM","href":"./68/wettolsheim.html","phone":"03 89 22 90 30","email":"mairie.wettolsheim@wanadoo.fr","population":"1761 habitants","website":"","townhallAdress":"4 place Général de Gaulle - 68920 - WETTOLSHEIM"},{"text":"WICKERSCHWIHR","href":"./68/wickerschwihr.html","phone":"03 89 47 40 21","email":"mairie@wickerschwihr.fr","population":"764 habitants","website":"","townhallAdress":"37 Grand'Rue - 68320 - WICKERSCHWIHR"},{"text":"WIDENSOLEN","href":"./68/widensolen.html","phone":"03 89 71 40 25","email":"mairie@widensolen.fr","population":"1249 habitants","website":"","townhallAdress":"15 rue de l'Eglise - 68320 - WIDENSOLEN"},{"text":"WIHR AU VAL","href":"./68/wihr-au-val.html","phone":"03 89 71 11 22","email":"wihr-au-val@wanadoo.fr","population":"1207 habitants","website":"","townhallAdress":"9 Grand'Rue - 68230 - WIHR-AU-VAL"},{"text":"WILDENSTEIN","href":"./68/wildenstein.html","phone":"03 89 82 28 47","email":"mairie-de-wildenstein@wanadoo.fr","population":"201 habitants","website":"","townhallAdress":"11 rue de l'Eglise - 68820 - WILDENSTEIN"},{"text":"WILLER","href":"./68/willer.html","phone":"03 89 07 87 64","email":"mairiewiller@orange.fr","population":"333 habitants","website":"","townhallAdress":"38 rue Principale - 68960 - WILLER"},{"text":"WILLER SUR THUR","href":"./68/willer-sur-thur.html","phone":"03 89 38 16 50","email":"mairie@willersurthur.fr","population":"1946 habitants","website":"","townhallAdress":"17 rue Grande Armée - 68760 - WILLER-SUR-THUR"},{"text":"WINKEL","href":"./68/winkel.html","phone":"03 89 40 85 34","email":"mairiewinkel@orange.fr","population":"353 habitants","website":"","townhallAdress":"28 Rue Principale - 68480 - WINKEL"},{"text":"WINTZENHEIM","href":"./68/wintzenheim.html","phone":"03 89 27 94 94","email":"mairie.wintzenheim@wanadoo.fr","population":"7971 habitants","website":"","townhallAdress":"28 rue Clémenceau - 68920 - WINTZENHEIM"},{"text":"WITTELSHEIM","href":"./68/wittelsheim.html","phone":"03 89 57 77 47","email":"wittelsheim@mairie-wittelsheim.fr","population":"10763 habitants","website":"","townhallAdress":"Rue Ensisheim - 68310 - WITTELSHEIM"},{"text":"WITTENHEIM","href":"./68/wittenheim.html","phone":"03 89 52 85 10","email":"mairie@ville-wittenheim.fr","population":"14621 habitants","website":"","townhallAdress":"3 rue Maréchal de Lattre de Tassigny - 68270 - WITTENHEIM"},{"text":"WITTERSDORF","href":"./68/wittersdorf.html","phone":"03 89 40 92 96","email":"mairie-de-witter@wanadoo.fr","population":"824 habitants","website":"","townhallAdress":"5 rue de l'Eglise - 68130 - WITTERSDORF"},{"text":"WOLFERSDORF","href":"./68/wolfersdorf.html","phone":"03 89 25 11 95","email":"wolfersdorf@cc-porte-alsace.fr","population":"383 habitants","website":"","townhallAdress":"53 rue Principale - 68210 - WOLFERSDORF"},{"text":"WOLFGANTZEN","href":"./68/wolfgantzen.html","phone":"03 89 72 57 70","email":"mairie.wolfgantzen@wanadoo.fr","population":"1052 habitants","website":"","townhallAdress":"35 rue Principale - 68600 - WOLFGANTZEN"},{"text":"WOLSCHWILLER","href":"./68/wolschwiller.html","phone":"03 89 40 70 55","email":"wolschwiller@wanadoo.fr","population":"485 habitants","website":"","townhallAdress":"2 rue de l'Eglise - 68480 - WOLSCHWILLER"},{"text":"WUENHEIM","href":"./68/wuenheim.html","phone":"03 89 76 73 13","email":"mairie.de.wuenheim@wanadoo.fr","population":"846 habitants","website":"","townhallAdress":"61 rue Principale - 68500 - WUENHEIM"},{"text":"ZAESSINGUE","href":"./68/zaessingue.html","phone":"03 89 07 87 67","email":"mairie.zaessingue@wanadoo.fr","population":"306 habitants","website":"","townhallAdress":"1 rue Pasteur - 68130 - ZAESSINGUE"},{"text":"ZELLENBERG","href":"./68/zellenberg.html","phone":"03 89 47 90 15","email":"mairie.zellenberg@wanadoo.fr","population":"413 habitants","website":"","townhallAdress":"22 rue Schlossberg - 68340 - ZELLENBERG"},{"text":"ZILLISHEIM","href":"./68/zillisheim.html","phone":"03 89 06 25 22","email":"monique.niering-vogt@zillisheim.fr","population":"2625 habitants","website":"","townhallAdress":"1 place Général de Gaulle - 68720 - ZILLISHEIM"},{"text":"ZIMMERBACH","href":"./68/zimmerbach.html","phone":"03 89 71 10 14","email":"mairiezimmerbach@wanadoo.fr","population":"940 habitants","website":"","townhallAdress":"25 rue Principale - 68230 - ZIMMERBACH"},{"text":"ZIMMERSHEIM","href":"./68/zimmersheim.html","phone":"03 89 44 22 61","email":"mairie@zimmersheim.fr","population":"1040 habitants","website":"","townhallAdress":"8 place Général de Gaulle - 68440 - ZIMMERSHEIM"}]}