{"text":"43 | Haute-Loire","href":"haute-loire.html","townships":[{"text":"AGNAT","href":"./43/agnat.html","phone":"04 71 76 32 76","email":"mairie.agnat@wanadoo.fr","population":"191 habitants","website":"","townhallAdress":"Le Bourg - 43100 - AGNAT"},{"text":"AIGUILHE","href":"./43/aiguilhe.html","phone":"04 71 09 03 83","email":"mairie.aiguilhe@wanadoo.fr","population":"1669 habitants","website":"","townhallAdress":"1 rue Crozatier - 43000 - AIGUILHE"},{"text":"ALLEGRE","href":"./43/allegre.html","phone":"04 71 00 71 21","email":"mairie.allegre@wanadoo.fr","population":"1033 habitants","website":"","townhallAdress":"4 rue Baptiste Marcet - 43270 - ALLEGRE"},{"text":"ALLEYRAC","href":"./43/alleyrac.html","phone":"04 71 57 37 33","email":"mairie.alleyrac@wanadoo.fr","population":"124 habitants","website":"","townhallAdress":"Le Bourg - 43150 - ALLEYRAC"},{"text":"ALLEYRAS","href":"./43/alleyras.html","phone":"04 71 57 56 67","email":"mairie.alleyras@akeonet.com","population":"181 habitants","website":"","townhallAdress":"Le Bourg - 43580 - ALLEYRAS"},{"text":"ALLY","href":"./43/ally.html","phone":"04 71 76 78 03","email":"mairieally@orange.fr","population":"186 habitants","website":"","townhallAdress":"Le Bourg - 43380 - ALLY"},{"text":"ARAULES","href":"./43/araules.html","phone":"04 71 59 61 32","email":"mairie.araules@wanadoo.fr","population":"641 habitants","website":"","townhallAdress":"Le Bourg - 43200 - ARAULES"},{"text":"ARLEMPDES","href":"./43/arlempdes.html","phone":"04 71 57 10 97","email":"mairie.commune-arlempdes@orange.fr","population":"135 habitants","website":"","townhallAdress":"Le Bourg - 43490 - ARLEMPDES"},{"text":"ARLET","href":"./43/arlet.html","phone":"04 71 77 47 55","email":"mairie-arlet@wanadoo.fr","population":"21 habitants","website":"","townhallAdress":"Le Bourg - 43380 - ARLET"},{"text":"ARSAC EN VELAY","href":"./43/arsac-en-velay.html","phone":"04 71 08 80 94","email":"mairie-arsac@wanadoo.fr","population":"1179 habitants","website":"","townhallAdress":"3 route du Puy - 43700 - ARSAC-EN-VELAY"},{"text":"AUBAZAT","href":"./43/aubazat.html","phone":"04 71 77 45 48","email":"mairie.aubazat@wanadoo.fr","population":"192 habitants","website":"","townhallAdress":"Le Bourg - 43380 - AUBAZAT"},{"text":"AUREC SUR LOIRE","href":"./43/aurec-sur-loire.html","phone":"04 77 35 40 13","email":"mairie.aurec.sur.loire@wanadoo.fr","population":"5515 habitants","website":"","townhallAdress":"Place de Breuil - 43110 - AUREC-SUR-LOIRE"},{"text":"AUTRAC","href":"./43/autrac.html","phone":"04 71 76 25 55","email":"mairieautrac@wanadoo.fr","population":"75 habitants","website":"","townhallAdress":"Le Bourg - 43450 - AUTRAC"},{"text":"AUVERS","href":"./43/auvers.html","phone":"04 71 77 66 79","email":"mairie.auvers@wanadoo.fr","population":"61 habitants","website":"","townhallAdress":"Le Bourg - 43300 - AUVERS"},{"text":"AUZON","href":"./43/auzon.html","phone":"04 71 76 11 42","email":"mairie-auzon@wanadoo.fr","population":"936 habitants","website":"","townhallAdress":"14 place de la Halle - 43390 - AUZON"},{"text":"AZERAT","href":"./43/azerat.html","phone":"04 71 76 10 56","email":"mairie.azerat43@orange.fr","population":"271 habitants","website":"","townhallAdress":"Le Bourg - 43390 - AZERAT"},{"text":"BAINS","href":"./43/bains.html","phone":"04 71 57 50 82","email":"mairie-bains@wanadoo.fr","population":"1252 habitants","website":"","townhallAdress":"Le Bourg - 43370 - BAINS"},{"text":"BARGES","href":"./43/barges.html","phone":"04 71 08 29 70","email":"mairie.barges@wanadoo.fr","population":"71 habitants","website":"","townhallAdress":"Barges Bas - 43340 - BARGES"},{"text":"BAS EN BASSET","href":"./43/bas-en-basset.html","phone":"04 71 66 72 37","email":"mairie.basenbasset@wanadoo.fr","population":"3987 habitants","website":"","townhallAdress":"1 place de la Mairie - 43210 - BAS-EN-BASSET"},{"text":"BEAULIEU","href":"./43/beaulieu.html","phone":"04 71 08 53 60","email":"beaulieu.mairie@wanadoo.fr","population":"941 habitants","website":"","townhallAdress":"Route des Sucs - 43800 - BEAULIEU"},{"text":"BEAUMONT","href":"./43/beaumont.html","phone":"04 71 50 04 50","email":"mairie.beaumont@wanadoo.fr","population":"278 habitants","website":"","townhallAdress":"Le Bourg - 43100 - BEAUMONT"},{"text":"BEAUNE SUR ARZON","href":"./43/beaune-sur-arzon.html","phone":"04 71 03 62 24","email":"mairie.beaune.sur.arzon@wanadoo.fr","population":"214 habitants","website":"","townhallAdress":"Le Bourg - 43500 - BEAUNE-SUR-ARZON"},{"text":"BEAUX","href":"./43/beaux.html","phone":"09 66 42 22 66","email":"beaux43@orange.fr","population":"806 habitants","website":"","townhallAdress":"Le Bourg - 43200 - BEAUX"},{"text":"BEAUZAC","href":"./43/beauzac.html","phone":"04 71 61 47 49","email":"mairie@ville-beauzac.fr","population":"2651 habitants","website":"","townhallAdress":"Rue des Remparts - 43590 - BEAUZAC"},{"text":"BELLEVUE LA MONTAGNE","href":"./43/bellevue-la-montagne.html","phone":"04 71 00 60 71","email":"bellevue_la_montagne@voila.fr","population":"512 habitants","website":"","townhallAdress":"Le Bourg - 43350 - BELLEVUE-LA-MONTAGNE"},{"text":"BERBEZIT","href":"./43/berbezit.html","phone":"04 71 00 01 43","email":"mairie.berbezit@wanadoo.fr","population":"64 habitants","website":"","townhallAdress":"Le Bourg - 43160 - BERBEZIT"},{"text":"BESSAMOREL","href":"./43/bessamorel.html","phone":"04 71 59 02 28","email":"mairiebessamorel@wanadoo.fr","population":"407 habitants","website":"","townhallAdress":"Le Bourg - 43200 - BESSAMOREL"},{"text":"BLANZAC","href":"./43/blanzac.html","phone":"04 71 09 50 62","email":"mairieblanzac@wanadoo.fr","population":"309 habitants","website":"","townhallAdress":"Le Bourg - 43350 - BLANZAC"},{"text":"BLASSAC","href":"./43/blassac.html","phone":"04 71 77 44 16","email":"mairie.blassac@wanadoo.fr","population":"150 habitants","website":"","townhallAdress":"Le Bourg - 43380 - BLASSAC"},{"text":"BLAVOZY","href":"./43/blavozy.html","phone":"04 71 03 00 19","email":"blavozy@wanadoo.fr","population":"1581 habitants","website":"","townhallAdress":"Place de la Mairie - 43700 - BLAVOZY"},{"text":"BLESLE","href":"./43/blesle.html","phone":"04 71 76 20 75","email":"mairie.de.blesle@wanadoo.fr","population":"672 habitants","website":"","townhallAdress":"Place de la Mairie - 43450 - BLESLE"},{"text":"BOISSET","href":"./43/boisset.html","phone":"04 71 61 32 66","email":"mairie.boisset@wanadoo.fr","population":"268 habitants","website":"","townhallAdress":"Le Bourg - 43500 - BOISSET"},{"text":"BONNEVAL","href":"./43/bonneval.html","phone":"04 71 00 04 98","email":"mairiebonneval@orange.fr","population":"98 habitants","website":"","townhallAdress":"Le Bourg - 43160 - BONNEVAL"},{"text":"BORNE","href":"./43/borne.html","phone":"04 71 00 46 45","email":"mairiedeborne@wanadoo.fr","population":"420 habitants","website":"","townhallAdress":"Le Bourg - 43350 - BORNE"},{"text":"BOURNONCLE SAINT PIERRE","href":"./43/bournoncle-saint-pierre.html","phone":"04 71 76 01 20","email":"mairie.bournoncle@wanadoo.fr","population":"1037 habitants","website":"","townhallAdress":"Le Bourg - 43360 - BOURNONCLE-SAINT-PIERRE"},{"text":"BRIOUDE","href":"./43/brioude.html","phone":"04 71 74 56 00","email":"accueil@ville-brioude.fr","population":"7097 habitants","website":"","townhallAdress":"2 place Lafayette - 43100 - BRIOUDE"},{"text":"BRIVES CHARENSAC","href":"./43/brives-charensac.html","phone":"04 71 02 12 55","email":"info@brives-charensac.fr","population":"4291 habitants","website":"","townhallAdress":"Place de la Mairie - 43700 - BRIVES-CHARENSAC"},{"text":"CAYRES","href":"./43/cayres.html","phone":"04 71 57 30 88","email":"mairie.cayres@wanadoo.fr","population":"722 habitants","website":"","townhallAdress":"Le Bourg - 43510 - CAYRES"},{"text":"CEAUX D ALLEGRE","href":"./43/ceaux-d-allegre.html","phone":"04 71 00 72 67","email":"mairie.ceaux.dallegre@wanadoo.fr","population":"463 habitants","website":"","townhallAdress":"Le Bourg - 43270 - CEAUX-D'ALLEGRE"},{"text":"CERZAT","href":"./43/cerzat.html","phone":"04 71 77 16 76","email":"mairie.cerzat@wanadoo.fr","population":"199 habitants","website":"","townhallAdress":"Le Bourg - 43380 - CERZAT"},{"text":"CEYSSAC LA ROCHE","href":"./43/ceyssac-la-roche.html","phone":"04 71 02 42 86","email":"ceyssac.mairie@orange.fr","population":"421 habitants","website":"","townhallAdress":"Le Bourg - 43000 - CEYSSAC-LA-ROCHE"},{"text":"CHADRAC","href":"./43/chadrac.html","phone":"04 71 02 21 21","email":"mairie-chadrac@wanadoo.fr","population":"2806 habitants","website":"","townhallAdress":"1 place de la Mairie - 43770 - CHADRAC"},{"text":"CHADRON","href":"./43/chadron.html","phone":"04 71 03 81 62","email":"mairiedechadron@wanadoo.fr","population":"235 habitants","website":"","townhallAdress":"Le Bourg - 43150 - CHADRON"},{"text":"CHAMALIERES SUR LOIRE","href":"./43/chamalieres-sur-loire.html","phone":"04 71 03 42 06","email":"chamalieresurloire@wanadoo.fr","population":"445 habitants","website":"","townhallAdress":"Le Bourg - 43800 - CHAMALIERES-SUR-LOIRE"},{"text":"CHAMBEZON","href":"./43/chambezon.html","phone":"04 71 76 59 55","email":"mairie-chamdezon@orange.fr","population":"98 habitants","website":"","townhallAdress":"Le Bourg - 43410 - CHAMBEZON"},{"text":"CHAMPAGNAC LE VIEUX","href":"./43/champagnac-le-vieux.html","phone":"04 71 76 30 53","email":"mairie@champagnaclevieux.fr","population":"250 habitants","website":"","townhallAdress":"Le Bourg - 43440 - CHAMPAGNAC-LE-VIEUX"},{"text":"CHAMPCLAUSE","href":"./43/champclause.html","phone":"04 71 65 02 60","email":"mairie.champclause@orange.fr","population":"232 habitants","website":"","townhallAdress":"Le Bourg - 43260 - CHAMPCLAUSE"},{"text":"CHANALEILLES","href":"./43/chanaleilles.html","phone":"04 71 74 41 07","email":"chanaleilles@wanadoo.fr","population":"219 habitants","website":"","townhallAdress":"Le Bourg - 43170 - CHANALEILLES"},{"text":"CHANIAT","href":"./43/chaniat.html","phone":"04 71 74 31 13","email":"chaniat.mairie@wanadoo.fr","population":"163 habitants","website":"","townhallAdress":"Le Bourg - 43100 - CHANIAT"},{"text":"CHANTEUGES","href":"./43/chanteuges.html","phone":"04 71 74 02 87","email":"mairie.chanteuges@wanadoo.fr","population":"424 habitants","website":"","townhallAdress":"Le Bourg - 43300 - CHANTEUGES"},{"text":"CHARRAIX","href":"./43/charraix.html","phone":"04 71 77 80 78","email":"mairiecharraix@orange.fr","population":"99 habitants","website":"","townhallAdress":"Le Bourg - 43300 - CHARRAIX"},{"text":"CHASPINHAC","href":"./43/chaspinhac.html","phone":"04 71 03 56 44","email":"mairie.chaspinhac@wanadoo.fr","population":"710 habitants","website":"","townhallAdress":"Le Bourg - 43700 - CHASPINHAC"},{"text":"CHASPUZAC","href":"./43/chaspuzac.html","phone":"04 71 08 60 67","email":"mairie.chaspuzac@gmail.com","population":"646 habitants","website":"","townhallAdress":"Le Bourg - 43320 - CHASPUZAC"},{"text":"CHASSAGNES","href":"./43/chassagnes.html","phone":"04 71 76 86 08","email":"communedechassagnes@wanadoo.fr","population":"183 habitants","website":"","townhallAdress":"Le Bourg - 43230 - CHASSAGNES"},{"text":"CHASSIGNOLLES","href":"./43/chassignolles.html","phone":"04 71 76 34 33","email":"mairie.chassignoles@wanadoo.fr","population":"90 habitants","website":"","townhallAdress":"Le Bourg - 43440 - CHASSIGNOLLES"},{"text":"CHASTEL","href":"./43/chastel.html","phone":"04 71 77 45 76","email":"mairie.chastel@orange.fr","population":"143 habitants","website":"","townhallAdress":"Le Bourg - 43300 - CHASTEL"},{"text":"CHAUDEYROLLES","href":"./43/chaudeyrolles.html","phone":"04 71 59 50 45","email":"mairiedechaudeyrolles@wanadoo.fr","population":"128 habitants","website":"","townhallAdress":"Le Bourg - 43430 - CHAUDEYROLLES"},{"text":"CHAVANIAC LAFAYETTE","href":"./43/chavaniac-lafayette.html","phone":"04 71 77 51 50","email":"COMMUNE-CHAVANIAC-LAFAYETTE2@wanadoo.fr","population":"328 habitants","website":"","townhallAdress":"Le Bourg - 43230 - CHAVANIAC-LAFAYETTE"},{"text":"CHAZELLES","href":"./43/chazelles.html","phone":"04 71 74 06 06","email":"mairie.chazelles@wanadoo.fr","population":"39 habitants","website":"","townhallAdress":"Le Bourg - 43300 - CHAZELLES"},{"text":"CHENEREILLES","href":"./43/chenereilles.html","phone":"04 71 59 87 97","email":"mairiechenereilles@wanadoo.fr","population":"285 habitants","website":"","townhallAdress":"Le Bourg - 43190 - CHENEREILLES"},{"text":"CHILHAC","href":"./43/chilhac.html","phone":"04 71 77 41 71","email":"mairie.chilhac@wanadoo.fr","population":"210 habitants","website":"","townhallAdress":"Le Bourg - 43380 - CHILHAC"},{"text":"CHOMELIX","href":"./43/chomelix.html","phone":"04 71 03 63 10","email":"mairie@chomelix.fr","population":"499 habitants","website":"","townhallAdress":"Le Bourg - 43500 - CHOMELIX"},{"text":"CISTRIERES","href":"./43/cistrieres.html","phone":"04 71 00 02 47","email":"mairiecistrieres@orange.fr","population":"145 habitants","website":"","townhallAdress":"Le Bourg - 43160 - CISTRIERES"},{"text":"COHADE","href":"./43/cohade.html","phone":"04 71 50 15 32","email":"cohade.mairie@wanadoo.fr","population":"803 habitants","website":"","townhallAdress":"Place de la Mairie - 43100 - COHADE"},{"text":"COLLAT","href":"./43/collat.html","phone":"04 71 50 42 78","email":"communedecollat@orange.fr","population":"87 habitants","website":"","townhallAdress":"Le Bourg - 43230 - COLLAT"},{"text":"CONNANGLES","href":"./43/connangles.html","phone":"04 71 00 03 06","email":"mairie.connangles@orange.fr","population":"139 habitants","website":"","townhallAdress":"Le Bourg - 43160 - CONNANGLES"},{"text":"COSTAROS","href":"./43/costaros.html","phone":"04 71 57 16 61","email":"mairiecostaros43@wanadoo.fr","population":"631 habitants","website":"","townhallAdress":"Le Bourg - 43490 - COSTAROS"},{"text":"COUBON","href":"./43/coubon.html","phone":"04 71 08 80 32","email":"coubon.mairie@wanadoo.fr","population":"3163 habitants","website":"","townhallAdress":"Place Clément Janequin - 43700 - COUBON"},{"text":"COUTEUGES","href":"./43/couteuges.html","phone":"04 71 76 86 76","email":"","population":"319 habitants","website":"","townhallAdress":"Le Bourg - 43230 - COUTEUGES"},{"text":"CRAPONNE SUR ARZON","href":"./43/craponne-sur-arzon.html","phone":"04 71 03 20 03","email":"craponnesurarzon@wanadoo.fr","population":"2228 habitants","website":"","townhallAdress":"10 boulevard Félix Allard - 43500 - CRAPONNE-SUR-ARZON"},{"text":"CROISANCES","href":"./43/croisances.html","phone":"04 71 74 42 91","email":"mairiedecroisances@orange.fr","population":"35 habitants","website":"","townhallAdress":"Le Bourg - 43580 - CROISANCES"},{"text":"CRONCE","href":"./43/cronce.html","phone":"04 71 77 46 55","email":"mairie-cronce@wanadoo.fr","population":"86 habitants","website":"","townhallAdress":"Le Bourg - 43300 - CRONCE"},{"text":"CUBELLES","href":"./43/cubelles.html","phone":"04 71 77 80 42","email":"mairiecubelles@free.fr","population":"129 habitants","website":"","townhallAdress":"Le Bourg - 43170 - CUBELLES"},{"text":"CUSSAC SUR LOIRE","href":"./43/cussac-sur-loire.html","phone":"04 71 03 11 30","email":"mairie.cussacsurloire@wanadoo.fr","population":"1660 habitants","website":"","townhallAdress":"Rue des Ecoles - 43370 - CUSSAC-SUR-LOIRE"},{"text":"DESGES","href":"./43/desges.html","phone":"04 71 74 00 96","email":"mairie.desges@wanadoo.fr","population":"88 habitants","website":"","townhallAdress":"Le Bourg - 43300 - DESGES"},{"text":"DOMEYRAT","href":"./43/domeyrat.html","phone":"04 71 76 85 68","email":"mairie.domeyrat@orange.fr","population":"173 habitants","website":"","townhallAdress":"Le Bourg - 43230 - DOMEYRAT"},{"text":"DUNIERES","href":"./43/dunieres.html","phone":"04 71 66 80 35","email":"mairie.dunieres@wanadoo.fr","population":"3068 habitants","website":"","townhallAdress":"Place de l'Hôtel de Ville - 43220 - DUNIERES"},{"text":"ESPALEM","href":"./43/espalem.html","phone":"04 71 76 21 61","email":"mairie.espalem@wanadoo.fr","population":"259 habitants","website":"","townhallAdress":"Le Bourg - 43450 - ESPALEM"},{"text":"ESPALY SAINT MARCEL","href":"./43/espaly-saint-marcel.html","phone":"04 71 09 95 60","email":"mairie-espaly@wanadoo.fr","population":"3806 habitants","website":"","townhallAdress":"20 avenue de la Mairie - 43000 - ESPALY-SAINT-MARCEL"},{"text":"ESPLANTAS","href":"./43/esplantas.html","phone":"04 71 74 45 34","email":"mairie.esplantas@orange.fr","population":"104 habitants","website":"","townhallAdress":"Le Bourg - 43170 - ESPLANTAS"},{"text":"FAY SUR LIGNON","href":"./43/fay-sur-lignon.html","phone":"04 71 59 51 63","email":"mairiefaysurlignon@wanadoo.fr","population":"437 habitants","website":"","townhallAdress":"Le Bourg - 43430 - FAY-SUR-LIGNON"},{"text":"FELINES","href":"./43/felines.html","phone":"04 71 00 90 64","email":"mairiefelines@wanadoo.fr","population":"295 habitants","website":"","townhallAdress":"Le Bourg - 43160 - FELINES"},{"text":"FERRUSSAC","href":"./43/ferrussac.html","phone":"04 71 74 12 76","email":"mairie.ferrussac@wanadoo.fr","population":"85 habitants","website":"","townhallAdress":"Le Bourg - 43300 - FERRUSSAC"},{"text":"FIX SAINT GENEYS","href":"./43/fix-saint-geneys.html","phone":"04 71 57 03 18","email":"mairiefixstgeneys@orange.fr","population":"157 habitants","website":"","townhallAdress":"Le Bourg - 43320 - FIX-SAINT-GENEYS"},{"text":"FONTANNES","href":"./43/fontannes.html","phone":"04 71 76 42 03","email":"dr-ph.vignancourmaire@wanadoo.fr","population":"1323 habitants","website":"","townhallAdress":"Avenue Henri Veysseyre - 43100 - FONTANNES"},{"text":"FREYCENET LA CUCHE","href":"./43/freycenet-la-cuche.html","phone":"04 71 03 86 26","email":"freycenet-la-cu.mairie@wanadoo.fr","population":"156 habitants","website":"","townhallAdress":"Le Bourg - 43150 - FREYCENET-LA-CUCHE"},{"text":"FREYCENET LA TOUR","href":"./43/freycenet-la-tour.html","phone":"04 71 03 83 55","email":"mairiefreycenetlatour@orange.fr","population":"134 habitants","website":"","townhallAdress":"Le Bourg - 43150 - FREYCENET-LA-TOUR"},{"text":"FRUGERES LES MINES","href":"./43/frugeres-les-mines.html","phone":"04 71 76 50 16","email":"mairiefrugeresmines@wanadoo.fr","population":"530 habitants","website":"","townhallAdress":"1 rue de la Mairie - 43250 - FRUGERES-LES-MINES"},{"text":"FRUGIERES LE PIN","href":"./43/frugieres-le-pin.html","phone":"04 71 76 42 37","email":"mairie.frugiereslepin@wanadoo.fr","population":"147 habitants","website":"","townhallAdress":"Le Bourg - 43230 - FRUGIERES-LE-PIN"},{"text":"GOUDET","href":"./43/goudet.html","phone":"04 71 57 15 80","email":"mairiedegoudet@orange.fr","population":"64 habitants","website":"","townhallAdress":"Le Bourg - 43150 - GOUDET"},{"text":"GRAZAC","href":"./43/grazac.html","phone":"04 71 59 38 47","email":"mairie.de.grazac@wanadoo.fr","population":"936 habitants","website":"","townhallAdress":"Place du 19 Mars 1962 - 43200 - GRAZAC"},{"text":"GRENIER MONTGON","href":"./43/grenier-montgon.html","phone":"04 71 76 20 15","email":"mairie.grenier-montgon@wanadoo.fr","population":"117 habitants","website":"","townhallAdress":"Le Bourg - 43450 - GRENIER-MONTGON"},{"text":"GREZES","href":"./43/grezes.html","phone":"04 71 74 43 69","email":"mairie.grezes@free.fr","population":"231 habitants","website":"","townhallAdress":"Le Bourg - 43170 - GREZES"},{"text":"JAVAUGUES","href":"./43/javaugues.html","phone":"04 71 76 44 70","email":"mairie.javaugues@orange.fr","population":"199 habitants","website":"","townhallAdress":"Le Bourg - 43100 - JAVAUGUES"},{"text":"JAX","href":"./43/jax.html","phone":"04 71 77 50 64","email":"mairiejax@hotmail.fr","population":"135 habitants","website":"","townhallAdress":"Le Bourg - 43230 - JAX"},{"text":"JOSAT","href":"./43/josat.html","phone":"04 71 50 37 00","email":"communedejosat@orange.fr","population":"96 habitants","website":"","townhallAdress":"Le Bourg - 43230 - JOSAT"},{"text":"JULLIANGES","href":"./43/jullianges.html","phone":"04 71 03 22 68","email":"mairie-de-jullianges@wanadoo.fr","population":"415 habitants","website":"","townhallAdress":"Le Bourg - 43500 - JULLIANGES"},{"text":"LA BESSEYRE SAINT MARY","href":"./43/la-besseyre-saint-mary.html","phone":"04 71 77 67 46","email":"mairielabesseyresaintmary@orange.fr","population":"140 habitants","website":"","townhallAdress":"Le Bourg - 43170 - LA-BESSEYRE-SAINT-MARY"},{"text":"LA CHAISE DIEU","href":"./43/la-chaise-dieu.html","phone":"04 71 00 01 57","email":"lcdmairie@wanadoo.fr","population":"885 habitants","website":"","townhallAdress":"Place de l'Echo - 43160 - LA-CHAISE-DIEU"},{"text":"LA CHAPELLE BERTIN","href":"./43/la-chapelle-bertin.html","phone":"04 71 00 21 94","email":"","population":"65 habitants","website":"","townhallAdress":"Le Bourg - 43270 - LA-CHAPELLE-BERTIN"},{"text":"LA CHAPELLE D AUREC","href":"./43/la-chapelle-d-aurec.html","phone":"04 71 61 20 80","email":"mairie-chapelle-daurec@wanadoo.fr","population":"812 habitants","website":"","townhallAdress":"Le Bourg - 43120 - LA-CHAPELLE-D'AUREC"},{"text":"LA CHAPELLE GENESTE","href":"./43/la-chapelle-geneste.html","phone":"04 71 00 02 34","email":"mairie.chapellegeneste@orange.fr","population":"141 habitants","website":"","townhallAdress":"Le Bourg - 43160 - LA-CHAPELLE-GENESTE"},{"text":"LA CHOMETTE","href":"./43/la-chomette.html","phone":"04 71 76 88 33","email":"commune-de-la-chomette@orange.fr","population":"139 habitants","website":"","townhallAdress":"Le Bourg - 43230 - LA-CHOMETTE"},{"text":"LAFARRE","href":"./43/lafarre.html","phone":"04 71 57 39 74","email":"lafarre@wanadoo.fr","population":"71 habitants","website":"","townhallAdress":"Le Bourg - 43490 - LAFARRE"},{"text":"LAMOTHE","href":"./43/lamothe.html","phone":"04 71 76 44 40","email":"mairie.lamothe@wanadoo.fr","population":"898 habitants","website":"","townhallAdress":"Rue Vialle - 43100 - LAMOTHE"},{"text":"LANDOS","href":"./43/landos.html","phone":"04 71 08 20 19","email":"mairie-landos@wanadoo.fr","population":"897 habitants","website":"","townhallAdress":"Le Bourg - 43340 - LANDOS"},{"text":"LANGEAC","href":"./43/langeac.html","phone":"04 71 77 71 10","email":"culture.communication@ville-langeac.com","population":"4060 habitants","website":"","townhallAdress":"Place Favière - 43300 - LANGEAC"},{"text":"LANTRIAC","href":"./43/lantriac.html","phone":"04 71 05 10 86","email":"mairie.lantriac@wanadoo.fr","population":"1863 habitants","website":"","townhallAdress":"Place de la Mairie - 43260 - LANTRIAC"},{"text":"LAPTE","href":"./43/lapte.html","phone":"04 71 59 37 45","email":"mairiedelapte@wanadoo.fr","population":"1490 habitants","website":"","townhallAdress":"Le Bourg - 43200 - LAPTE"},{"text":"LA SEAUVE SUR SEMENE","href":"./43/la-seauve-sur-semene.html","phone":"04 71 61 04 80","email":"mairie.seauve@wanadoo.fr","population":"1291 habitants","website":"","townhallAdress":"La Gare - 43140 - LA-SEAUVE-SUR-SEMENE"},{"text":"LAUSSONNE","href":"./43/laussonne.html","phone":"04 71 05 11 74","email":"mairie.laussonne@wanadoo.fr","population":"1020 habitants","website":"","townhallAdress":"Le Bourg - 43150 - LAUSSONNE"},{"text":"LAVAL SUR DOULON","href":"./43/laval-sur-doulon.html","phone":"04 71 76 31 59","email":"","population":"63 habitants","website":"","townhallAdress":"Le Bourg - 43440 - LAVAL-SUR-DOULON"},{"text":"LAVAUDIEU","href":"./43/lavaudieu.html","phone":"04 71 76 42 74","email":"","population":"238 habitants","website":"","townhallAdress":"Le Bourg - 43100 - LAVAUDIEU"},{"text":"LAVOUTE CHILHAC","href":"./43/lavoute-chilhac.html","phone":"04 71 77 45 67","email":"mairielavoute@yahoo.fr","population":"323 habitants","website":"","townhallAdress":"Le Bourg - 43380 - LAVOUTE-CHILHAC"},{"text":"LAVOUTE SUR LOIRE","href":"./43/lavoute-sur-loire.html","phone":"04 71 08 50 13","email":"mairie.lavoutesurloire@wanadoo.fr","population":"736 habitants","website":"","townhallAdress":"Le Bourg - 43800 - LAVOUTE-SUR-LOIRE"},{"text":"LE BOUCHET SAINT NICOLAS","href":"./43/le-bouchet-saint-nicolas.html","phone":"04 71 57 32 22","email":"mairie.lebouchetstnicolas@wanadoo.fr","population":"250 habitants","website":"","townhallAdress":"Le Bourg - 43510 - LE-BOUCHET-SAINT-NICOLAS"},{"text":"LE BRIGNON","href":"./43/le-brignon.html","phone":"04 71 57 19 88","email":"mairielebrignon@wanadoo.fr","population":"592 habitants","website":"","townhallAdress":"Le Bourg - 43370 - LE-BRIGNON"},{"text":"LE CHAMBON SUR LIGNON","href":"./43/le-chambon-sur-lignon.html","phone":"04 71 59 71 41","email":"chambon@ville-lechambonsurlignon.fr","population":"2843 habitants","website":"","townhallAdress":"Rue de la Mairie - 43400 - LE-CHAMBON-SUR-LIGNON"},{"text":"LE MAS DE TENCE","href":"./43/le-mas-de-tence.html","phone":"04 71 59 86 97","email":"mairie.lemasdetence@wanadoo.fr","population":"171 habitants","website":"","townhallAdress":"Le Bourg - 43190 - LE-MAS-DE-TENCE"},{"text":"LE MONASTIER SUR GAZEILLE","href":"./43/le-monastier-sur-gazeille.html","phone":"04 71 03 80 01","email":"mairie-du-monastier-sur-gazeille@wanadoo.fr","population":"1781 habitants","website":"","townhallAdress":"Place du Couvent - 43150 - LE-MONASTIER-SUR-GAZEILLE"},{"text":"LE MONTEIL","href":"./43/le-monteil.html","phone":"04 71 05 39 40","email":"maire.lemonteil@wanadoo.fr","population":"590 habitants","website":"","townhallAdress":"Le Bourg - 43700 - LE-MONTEIL"},{"text":"LEMPDES SUR ALLAGNON","href":"./43/lempdes-sur-allagnon.html","phone":"04 71 76 51 22","email":"mairielempdessurallagnon@wanadoo.fr","population":"1348 habitants","website":"","townhallAdress":"Avenue de la Gare - 43410 - LEMPDES-SUR-ALLAGNON"},{"text":"LEOTOING","href":"./43/leotoing.html","phone":"04 71 76 50 68","email":"mairie.leotoing@wanadoo.fr","population":"210 habitants","website":"","townhallAdress":"Le Bourg - 43410 - LEOTOING"},{"text":"LE PERTUIS","href":"./43/le-pertuis.html","phone":"04 71 57 61 61","email":"mairie.lepertuis@wanadoo.fr","population":"421 habitants","website":"","townhallAdress":"Le Bourg - 43200 - LE-PERTUIS"},{"text":"LE PUY EN VELAY","href":"./43/le-puy-en-velay.html","phone":"04 71 04 07 40","email":"contact@mairie-le-puy-en-velay.fr","population":"20052 habitants","website":"","townhallAdress":"1 place Martouret - 43000 - LE-PUY-EN-VELAY"},{"text":"LES ESTABLES","href":"./43/les-estables.html","phone":"04 71 08 34 38","email":"mairie.lesestables@wanadoo.fr","population":"386 habitants","website":"","townhallAdress":"Le Bourg - 43150 - LES-ESTABLES"},{"text":"LES VASTRES","href":"./43/les-vastres.html","phone":"04 71 59 50 92","email":"mairielesvastres@orange.fr","population":"247 habitants","website":"","townhallAdress":"Le Bourg - 43430 - LES-VASTRES"},{"text":"LES VILLETTES","href":"./43/les-villettes.html","phone":"04 71 66 54 38","email":"commune.les-villettes@wanadoo.fr","population":"1150 habitants","website":"","townhallAdress":"Place de la Mairie - 43600 - LES-VILLETTES"},{"text":"LE VERNET","href":"./43/le-vernet.html","phone":"04 71 08 63 33","email":"le.vernet.43@orange.fr","population":"37 habitants","website":"","townhallAdress":"Le Bourg - 43320 - LE-VERNET"},{"text":"LISSAC","href":"./43/lissac.html","phone":"04 71 57 03 19","email":"mlissac@wanadoo.fr","population":"266 habitants","website":"","townhallAdress":"Le Bourg - 43350 - LISSAC"},{"text":"LORLANGES","href":"./43/lorlanges.html","phone":"04 71 76 02 63","email":"mairie.lorlanges@wanadoo.fr","population":"276 habitants","website":"","townhallAdress":"Le Bourg - 43360 - LORLANGES"},{"text":"LOUDES","href":"./43/loudes.html","phone":"04 71 08 60 16","email":"mairie.loudes@wanadoo.fr","population":"902 habitants","website":"","townhallAdress":"Place de la Mairie - 43320 - LOUDES"},{"text":"LUBILHAC","href":"./43/lubilhac.html","phone":"04 71 76 81 94","email":"mairie-lubilhac@wanadoo.fr","population":"118 habitants","website":"","townhallAdress":"Le Bourg - 43100 - LUBILHAC"},{"text":"MALREVERS","href":"./43/malrevers.html","phone":"04 71 08 51 88","email":"mairiedemalrevers@wanadoo.fr","population":"741 habitants","website":"","townhallAdress":"Le Bourg - 43800 - MALREVERS"},{"text":"MALVALETTE","href":"./43/malvalette.html","phone":"04 71 66 70 00","email":"mairie.malvalette@wanadoo.fr","population":"643 habitants","website":"","townhallAdress":"Le Bourg - 43210 - MALVALETTE"},{"text":"MALVIERES","href":"./43/malvieres.html","phone":"04 71 00 04 09","email":"","population":"135 habitants","website":"","townhallAdress":"Le Bourg - 43160 - MALVIERES"},{"text":"MAZERAT AUROUZE","href":"./43/mazerat-aurouze.html","phone":"04 71 76 82 70","email":"mairie.mazerat.aurouze@wanadoo.fr","population":"197 habitants","website":"","townhallAdress":"Le Bourg - 43230 - MAZERAT-AUROUZE"},{"text":"MAZET SAINT VOY","href":"./43/mazet-saint-voy.html","phone":"04 71 65 01 09","email":"mairie@mazet-st-voy.com","population":"1107 habitants","website":"","townhallAdress":"Le Bourg - 43520 - MAZET-SAINT-VOY"},{"text":"MAZEYRAT D ALLIER","href":"./43/mazeyrat-d-allier.html","phone":"04 71 77 07 02","email":"mairie-mazeyratdallier@wanadoo.fr","population":"1526 habitants","website":"","townhallAdress":"Le Bourg - 43300 - MAZEYRAT-D'ALLIER"},{"text":"MERCOEUR","href":"./43/mercoeur.html","phone":"04 71 76 77 90","email":"mairiemercoeur081@orange.fr","population":"135 habitants","website":"","townhallAdress":"Le Bourg - 43100 - MERCOEUR"},{"text":"MEZERES","href":"./43/mezeres.html","phone":"04 71 57 42 22","email":"mairie.mezeres@wanadoo.fr","population":"163 habitants","website":"","townhallAdress":"Le Bourg - 43800 - MEZERES"},{"text":"MONISTROL D ALLIER","href":"./43/monistrol-d-allier.html","phone":"04 71 57 21 21","email":"mairie.monistroldallier@orange.fr","population":"230 habitants","website":"","townhallAdress":"Le Bourg - 43580 - MONISTROL-D'ALLIER"},{"text":"MONISTROL SUR LOIRE","href":"./43/monistrol-sur-loire.html","phone":"04 71 66 53 45","email":"sg.mairiemonistrol@wanadoo.fr","population":"9005 habitants","website":"","townhallAdress":"7 avenue de la Libération - 43120 - MONISTROL-SUR-LOIRE"},{"text":"MONLET","href":"./43/monlet.html","phone":"04 71 00 73 65","email":"mairie.monlet@wanadoo.fr","population":"420 habitants","website":"","townhallAdress":"Le Bourg - 43270 - MONLET"},{"text":"MONTCLARD","href":"./43/montclard.html","phone":"04 71 76 68 33","email":"commune.montclard@orange.fr","population":"73 habitants","website":"","townhallAdress":"Le Bourg - 43230 - MONTCLARD"},{"text":"MONTFAUCON EN VELAY","href":"./43/montfaucon-en-velay.html","phone":"04 71 59 92 36","email":"mairiemontfaucon-en-velay@wanadoo.fr","population":"1251 habitants","website":"","townhallAdress":"Rue des Pénitents - 43290 - MONTFAUCON-EN-VELAY"},{"text":"MONTREGARD","href":"./43/montregard.html","phone":"04 71 59 93 45","email":"commune.montregard@wanadoo.fr","population":"624 habitants","website":"","townhallAdress":"Le Bourg - 43290 - MONTREGARD"},{"text":"MONTUSCLAT","href":"./43/montusclat.html","phone":"04 71 08 41 44","email":"montusclat.mairie@wanadoo.fr","population":"129 habitants","website":"","townhallAdress":"Le Bourg - 43260 - MONTUSCLAT"},{"text":"MOUDEYRES","href":"./43/moudeyres.html","phone":"04 71 08 31 39","email":"mairiedemoudeyres@orange.fr","population":"112 habitants","website":"","townhallAdress":"Le Bourg - 43150 - MOUDEYRES"},{"text":"OUIDES","href":"./43/ouides.html","phone":"04 71 57 31 75","email":"commune.ouides@orange.fr","population":"57 habitants","website":"","townhallAdress":"Le Bourg - 43510 - OUIDES"},{"text":"PAULHAC","href":"./43/paulhac.html","phone":"04 71 50 27 77","email":"mairie.paulhac@wanadoo.fr","population":"689 habitants","website":"","townhallAdress":"Le Bourg - 43100 - PAULHAC"},{"text":"PAULHAGUET","href":"./43/paulhaguet.html","phone":"04 71 76 62 37","email":"mairiepaulhaguet@orange.fr","population":"959 habitants","website":"","townhallAdress":"Place Lafayette - 43230 - PAULHAGUET"},{"text":"PEBRAC","href":"./43/pebrac.html","phone":"04 71 74 02 85","email":"mairie-pebrac@wanadoo.fr","population":"127 habitants","website":"","townhallAdress":"Le Bourg - 43300 - PEBRAC"},{"text":"PINOLS","href":"./43/pinols.html","phone":"04 71 74 10 42","email":"mairiepinols@wanadoo.fr","population":"249 habitants","website":"","townhallAdress":"Le Bourg - 43300 - PINOLS"},{"text":"POLIGNAC","href":"./43/polignac.html","phone":"04 71 09 49 78","email":"mairie.polignac@wanadoo.fr","population":"2894 habitants","website":"","townhallAdress":"Place de l'Eglise - 43770 - POLIGNAC"},{"text":"PONT SALOMON","href":"./43/pont-salomon.html","phone":"04 77 35 51 25","email":"pontsalomon.mairie@wanadoo.fr","population":"1810 habitants","website":"","townhallAdress":"Place de l'Eglise - 43330 - PONT-SALOMON"},{"text":"PRADELLES","href":"./43/pradelles.html","phone":"04 71 00 80 37","email":"Mairie-Pradelles@wanadoo.fr","population":"655 habitants","website":"","townhallAdress":"Rue du Jeu de Paume - 43420 - PRADELLES"},{"text":"PRADES","href":"./43/prades.html","phone":"04 71 74 01 90","email":"prades.haut-allier@wanadoo.fr","population":"64 habitants","website":"","townhallAdress":"Le Bourg - 43300 - PRADES"},{"text":"PRESAILLES","href":"./43/presailles.html","phone":"04 71 03 94 33","email":"mairie.presailles@gmail.com","population":"163 habitants","website":"","townhallAdress":"Le Bourg - 43150 - PRESAILLES"},{"text":"QUEYRIERES","href":"./43/queyrieres.html","phone":"04 71 57 60 90","email":"mairie.queyrieres@wanadoo.fr","population":"324 habitants","website":"","townhallAdress":"Le Bourg - 43260 - QUEYRIERES"},{"text":"RAUCOULES","href":"./43/raucoules.html","phone":"04 71 59 90 06","email":"mairie@raucoules.com","population":"875 habitants","website":"","townhallAdress":"Le Bourg - 43290 - RAUCOULES"},{"text":"RAURET","href":"./43/rauret.html","phone":"04 71 08 24 51","email":"mairie@rauret.fr","population":"175 habitants","website":"","townhallAdress":"Rauret Haut - 43340 - RAURET"},{"text":"RETOURNAC","href":"./43/retournac.html","phone":"04 71 59 41 00","email":"mairie-retournac@wanadoo.fr","population":"2628 habitants","website":"","townhallAdress":"16 rue de l'Hôtel de Ville - 43130 - RETOURNAC"},{"text":"RIOTORD","href":"./43/riotord.html","phone":"04 71 75 38 85","email":"mairie.de.riotord@wanadoo.fr","population":"1186 habitants","website":"","townhallAdress":"1 place des Combattants - 43220 - RIOTORD"},{"text":"ROCHE EN REGNIER","href":"./43/roche-en-regnier.html","phone":"04 71 03 41 73","email":"mairie.rocheenregnier@wanadoo.fr","population":"488 habitants","website":"","townhallAdress":"Le Bourg - 43130 - ROCHE-EN-REGNIER"},{"text":"ROSIERES","href":"./43/rosieres.html","phone":"04 71 57 40 59","email":"mairie-rosieres@wanadoo.fr","population":"1442 habitants","website":"","townhallAdress":"Le Bourg - 43800 - ROSIERES"},{"text":"SAINT ANDRE DE CHALENCON","href":"./43/saint-andre-de-chalencon.html","phone":"04 71 58 45 01","email":"mairie.st-andre-de-chalencon@wanadoo.fr","population":"354 habitants","website":"","townhallAdress":"Le Bourg - 43130 - SAINT-ANDRE-DE-CHALENCON"},{"text":"SAINT ARCONS D ALLIER","href":"./43/saint-arcons-d-allier.html","phone":"04 71 74 02 04","email":"","population":"193 habitants","website":"","townhallAdress":"Le Bourg - 43300 - SAINT-ARCONS-D'ALLIER"},{"text":"SAINT ARCONS DE BARGES","href":"./43/saint-arcons-de-barges.html","phone":"04 71 08 25 89","email":"","population":"125 habitants","website":"","townhallAdress":"Le Bourg - 43420 - SAINT-ARCONS-DE-BARGES"},{"text":"SAINT AUSTREMOINE","href":"./43/saint-austremoine.html","phone":"04 71 77 43 97","email":"saint-austremoine@wanadoo.fr","population":"59 habitants","website":"","townhallAdress":"Le Bourg - 43380 - SAINT-AUSTREMOINE"},{"text":"SAINT BEAUZIRE","href":"./43/saint-beauzire.html","phone":"04 71 76 80 42","email":"","population":"318 habitants","website":"","townhallAdress":"Le Bourg - 43100 - SAINT-BEAUZIRE"},{"text":"SAINT BERAIN","href":"./43/saint-berain.html","phone":"04 71 74 23 64","email":"saint-berain@wanadoo.fr","population":"102 habitants","website":"","townhallAdress":"Le Bourg - 43300 - SAINT-BERAIN"},{"text":"SAINT BONNET LE FROID","href":"./43/saint-bonnet-le-froid.html","phone":"04 71 59 93 12","email":"mairie2.stbonnet@laposte.net","population":"244 habitants","website":"","townhallAdress":"Le Bourg - 43290 - SAINT-BONNET-LE-FROID"},{"text":"SAINT CHRISTOPHE D ALLIER","href":"./43/saint-christophe-d-allier.html","phone":"04 66 69 63 36","email":"","population":"122 habitants","website":"","townhallAdress":"Village - 43340 - SAINT-CHRISTOPHE-D'ALLIER"},{"text":"SAINT CHRISTOPHE SUR DOLAISON","href":"./43/saint-christophe-sur-dolaison.html","phone":"04 71 03 10 78","email":"mairie.saint-christophe.sur.dol@wanadoo.fr","population":"958 habitants","website":"","townhallAdress":"Le Bourg - 43370 - SAINT-CHRISTOPHE-SUR-DOLAISON"},{"text":"SAINT CIRGUES","href":"./43/saint-cirgues.html","phone":"09 51 60 77 04","email":"d.lamairie@free.fr","population":"164 habitants","website":"","townhallAdress":"Le Bourg - 43380 - SAINT-CIRGUES"},{"text":"SAINT DIDIER D ALLIER","href":"./43/saint-didier-d-allier.html","phone":"04 71 57 29 13","email":"commune-saint-didier-allier@wanadoo.fr","population":"36 habitants","website":"","townhallAdress":"Le Chier - 43580 - SAINT-DIDIER-D'ALLIER"},{"text":"SAINT DIDIER EN VELAY","href":"./43/saint-didier-en-velay.html","phone":"04 71 61 14 07","email":"mairiestdidierenvelay@wanadoo.fr","population":"3487 habitants","website":"","townhallAdress":"Boulevard Pélissac - 43140 - SAINT-DIDIER-EN-VELAY"},{"text":"SAINT DIDIER SUR DOULON","href":"./43/saint-didier-sur-doulon.html","phone":"04 71 76 42 38","email":"st-didier-sur-doulon@wanadoo.fr","population":"234 habitants","website":"","townhallAdress":"Le Bourg - 43440 - SAINT-DIDIER-SUR-DOULON"},{"text":"SAINTE EUGENIE DE VILLENEUVE","href":"./43/sainte-eugenie-de-villeneuve.html","phone":"04 71 74 28 96","email":"mairie.st.eugenie@wanadoo.fr","population":"101 habitants","website":"","townhallAdress":"Le Bourg - 43230 - SAINTE-EUGENIE-DE-VILLENEUVE"},{"text":"SAINTE FLORINE","href":"./43/sainte-florine.html","phone":"04 73 54 19 78","email":"mairiesteflorine@voila.fr","population":"3215 habitants","website":"","townhallAdress":"Place du Marché - 43250 - SAINTE-FLORINE"},{"text":"SAINTE MARGUERITE","href":"./43/sainte-marguerite.html","phone":"04 71 50 32 48","email":"mairiesaintemarguerite@orange.fr","population":"32 habitants","website":"","townhallAdress":"Le Bourg - 43230 - SAINTE-MARGUERITE"},{"text":"SAINTE SIGOLENE","href":"./43/sainte-sigolene.html","phone":"04 71 66 63 12","email":"contact@ville-sainte-sigolene.fr","population":"5961 habitants","website":"","townhallAdress":"Place de l'Hôtel de Ville - 43600 - SAINTE-SIGOLENE"},{"text":"SAINT ETIENNE DU VIGAN","href":"./43/saint-etienne-du-vigan.html","phone":"04 71 00 86 26","email":"","population":"125 habitants","website":"","townhallAdress":"Le Bourg - 43420 - SAINT-ETIENNE-DU-VIGAN"},{"text":"SAINT ETIENNE LARDEYROL","href":"./43/saint-etienne-lardeyrol.html","phone":"04 71 03 00 65","email":"stetiennelardeyrol@wanadoo.fr","population":"678 habitants","website":"","townhallAdress":"Le Bourg - 43260 - SAINT-ETIENNE-LARDEYROL"},{"text":"SAINT ETIENNE SUR BLESLE","href":"./43/saint-etienne-sur-blesle.html","phone":"04 71 76 24 69","email":"mairie.stet@wanadoo.fr","population":"49 habitants","website":"","townhallAdress":"Le Cheylat - 43450 - SAINT-ETIENNE-SUR-BLESLE"},{"text":"SAINT FERREOL D AUROURE","href":"./43/saint-ferreol-d-auroure.html","phone":"04 77 35 50 25","email":"commune.saint.ferreol@wanadoo.fr","population":"2221 habitants","website":"","townhallAdress":"1 rue Mathieu Pichon - 43330 - SAINT-FERREOL-D'AUROURE"},{"text":"SAINT FRONT","href":"./43/saint-front.html","phone":"04 71 59 51 17","email":"mairie.saint.front43@wanadoo.fr","population":"492 habitants","website":"","townhallAdress":"Le Bourg - 43550 - SAINT-FRONT"},{"text":"SAINT GENEYS PRES ST PAULIEN","href":"./43/saint-geneys-pres-st-paulien.html","phone":"04 71 00 42 91","email":"mairie.st.geneys@wanadoo.fr","population":"258 habitants","website":"","townhallAdress":"Le Bourg - 43350 - SAINT-GENEYS-PRES-ST-PAULIEN"},{"text":"SAINT GEORGES D AURAC","href":"./43/saint-georges-d-aurac.html","phone":"04 71 77 51 75","email":"mairie.st.georges.aurac@wanadoo.fr","population":"437 habitants","website":"","townhallAdress":"Le Bourg - 43230 - SAINT-GEORGES-D'AURAC"},{"text":"SAINT GEORGES LAGRICOL","href":"./43/saint-georges-lagricol.html","phone":"04 71 03 24 24","email":"mairiestgeorgeslagricol@wanadoo.fr","population":"477 habitants","website":"","townhallAdress":"Le Bourg - 43500 - SAINT-GEORGES-LAGRICOL"},{"text":"SAINT GERMAIN LAPRADE","href":"./43/saint-germain-laprade.html","phone":"04 71 03 00 77","email":"Mairie.Sgl.secretariat@wanadoo.fr","population":"3481 habitants","website":"","townhallAdress":"Le Bourg - 43700 - SAINT-GERMAIN-LAPRADE"},{"text":"SAINT GERON","href":"./43/saint-geron.html","phone":"04 71 76 01 52","email":"mairiestgeron43@wanadoo.fr","population":"196 habitants","website":"","townhallAdress":"Le Bourg - 43360 - SAINT-GERON"},{"text":"SAINT HAON","href":"./43/saint-haon.html","phone":"04 71 08 20 64","email":"mairie.sthaon@wanadoo.fr","population":"383 habitants","website":"","townhallAdress":"Le Bourg - 43340 - SAINT-HAON"},{"text":"SAINT HILAIRE","href":"./43/saint-hilaire.html","phone":"04 71 76 11 70","email":"mairie.saint-hilaire@aliceadsl.fr","population":"201 habitants","website":"","townhallAdress":"Le Bourg - 43390 - SAINT-HILAIRE"},{"text":"SAINT HOSTIEN","href":"./43/saint-hostien.html","phone":"04 71 57 60 83","email":"mairie-sthostien@wanadoo.fr","population":"632 habitants","website":"","townhallAdress":"Le Bourg - 43260 - SAINT-HOSTIEN"},{"text":"SAINT ILPIZE","href":"./43/saint-ilpize.html","phone":"04 71 74 70 73","email":"contact@mairiest-ilpize.fr","population":"196 habitants","website":"","townhallAdress":"Le Bourg - 43380 - SAINT-ILPIZE"},{"text":"SAINT JEAN D AUBRIGOUX","href":"./43/saint-jean-d-aubrigoux.html","phone":"04 71 03 22 82","email":"mairie.stjeandaubrigoux@wanadoo.fr","population":"184 habitants","website":"","townhallAdress":"Le Bourg - 43500 - SAINT-JEAN-D'AUBRIGOUX"},{"text":"SAINT JEAN DE NAY","href":"./43/saint-jean-de-nay.html","phone":"04 71 08 07 38","email":"","population":"408 habitants","website":"","townhallAdress":"Le Bourg - 43320 - SAINT-JEAN-DE-NAY"},{"text":"SAINT JEAN LACHALM","href":"./43/saint-jean-lachalm.html","phone":"04 71 57 57 27","email":"mairie.stjeanlachalm@wanadoo.fr","population":"292 habitants","website":"","townhallAdress":"Le Bourg - 43510 - SAINT-JEAN-LACHALM"},{"text":"SAINT JEURES","href":"./43/saint-jeures.html","phone":"04 71 59 60 76","email":"mairie.stj@wanadoo.fr","population":"881 habitants","website":"","townhallAdress":"Le Bourg - 43200 - SAINT-JEURES"},{"text":"SAINT JULIEN CHAPTEUIL","href":"./43/saint-julien-chapteuil.html","phone":"04 71 08 70 14","email":"mairiestjulienchapteuil@wanadoo.fr","population":"1936 habitants","website":"","townhallAdress":"Place Saint Robert - 43260 - SAINT-JULIEN-CHAPTEUIL"},{"text":"SAINT JULIEN D ANCE","href":"./43/saint-julien-d-ance.html","phone":"04 71 03 24 72","email":"mairie.stjuliendance@cegetel.net","population":"243 habitants","website":"","townhallAdress":"Le Bourg - 43500 - SAINT-JULIEN-D'ANCE"},{"text":"SAINT JULIEN DES CHAZES","href":"./43/saint-julien-des-chazes.html","phone":"04 71 74 04 88","email":"mairie.saintjulien0726@orange.fr","population":"82 habitants","website":"","townhallAdress":"Le Bourg - 43300 - SAINT-JULIEN-DES-CHAZES"},{"text":"SAINT JULIEN DU PINET","href":"./43/saint-julien-du-pinet.html","phone":"04 71 59 08 76","email":"mairie.saintjuliendupinet@orange.fr","population":"443 habitants","website":"","townhallAdress":"Le Bourg - 43200 - SAINT-JULIEN-DU-PINET"},{"text":"SAINT JULIEN MOLHESABATE","href":"./43/saint-julien-molhesabate.html","phone":"04 71 66 84 87","email":"MAIRIE.ST-JULIEN-MOLHESABATE@wanadoo.fr","population":"208 habitants","website":"","townhallAdress":"Le Bourg - 43220 - SAINT-JULIEN-MOLHESABATE"},{"text":"SAINT JUST MALMONT","href":"./43/saint-just-malmont.html","phone":"04 77 35 01 40","email":"mairie@saintjustmalmont.fr","population":"4235 habitants","website":"","townhallAdress":"Place Marie Louise Deguillaume - 43240 - SAINT-JUST-MALMONT"},{"text":"SAINT JUST PRES BRIOUDE","href":"./43/saint-just-pres-brioude.html","phone":"04 71 76 72 63","email":"mairie.stjustpresbrioude@orange.fr","population":"410 habitants","website":"","townhallAdress":"Le Bourg - 43100 - SAINT-JUST-PRES-BRIOUDE"},{"text":"SAINT LAURENT CHABREUGES","href":"./43/saint-laurent-chabreuges.html","phone":"04 71 50 26 72","email":"mairie.st-laurent-chabreuges@wanadoo.fr","population":"258 habitants","website":"","townhallAdress":"Les Queyres - 43100 - SAINT-LAURENT-CHABREUGES"},{"text":"SAINT MARTIN DE FUGERES","href":"./43/saint-martin-de-fugeres.html","phone":"04 71 03 82 16","email":"mairie.stmartindefugeres@orange.fr","population":"245 habitants","website":"","townhallAdress":"Le Bourg - 43150 - SAINT-MARTIN-DE-FUGERES"},{"text":"SAINT MAURICE DE LIGNON","href":"./43/saint-maurice-de-lignon.html","phone":"04 71 65 31 32","email":"mairie.st.maurice.de.lignon@wanadoo.fr","population":"2312 habitants","website":"","townhallAdress":"27 rue Nationale - 43200 - SAINT-MAURICE-DE-LIGNON"},{"text":"SAINT PAL DE MONS","href":"./43/saint-pal-de-mons.html","phone":"04 71 61 01 51","email":"contact@mairie-saintpaldemons.fr","population":"2038 habitants","website":"","townhallAdress":"Place de l'Eglise - 43620 - SAINT-PAL-DE-MONS"},{"text":"SAINT PAL DE SENOUIRE","href":"./43/saint-pal-de-senouire.html","phone":"04 71 00 91 93","email":"mairie-stpaldesenouire@wanadoo.fr","population":"96 habitants","website":"","townhallAdress":"Le Bourg - 43160 - SAINT-PAL-DE-SENOUIRE"},{"text":"SAINT PAL EN CHALENCON","href":"./43/saint-pal-en-chalencon.html","phone":"04 71 61 30 19","email":"stpal-chalencon@wanadoo.fr","population":"1061 habitants","website":"","townhallAdress":"Place Neuve - 43500 - SAINT-PAL-EN-CHALENCON"},{"text":"SAINT PAUL DE TARTAS","href":"./43/saint-paul-de-tartas.html","phone":"04 71 00 81 44","email":"mairie.stpauldetartas@wanadoo.fr","population":"203 habitants","website":"","townhallAdress":"Rue de la Mairie - 43420 - SAINT-PAUL-DE-TARTAS"},{"text":"SAINT PAULIEN","href":"./43/saint-paulien.html","phone":"04 71 00 40 88","email":"mairie.saintpaulien@wanadoo.fr","population":"2300 habitants","website":"","townhallAdress":"Rue des Remparts - 43350 - SAINT-PAULIEN"},{"text":"SAINT PIERRE DU CHAMP","href":"./43/saint-pierre-du-champ.html","phone":"04 71 03 44 54","email":"commune-st-pierre-du-champ@wanadoo.fr","population":"520 habitants","website":"","townhallAdress":"Le Bourg - 43130 - SAINT-PIERRE-DU-CHAMP"},{"text":"SAINT PIERRE EYNAC","href":"./43/saint-pierre-eynac.html","phone":"04 71 03 00 56","email":"stpierreynac@wanadoo.fr","population":"1019 habitants","website":"","townhallAdress":"Le Bourg - 43260 - SAINT-PIERRE-EYNAC"},{"text":"SAINT PREJET ARMANDON","href":"./43/saint-prejet-armandon.html","phone":"04 71 76 63 90","email":"mairie.saint-prejet-armandon@orange.fr","population":"109 habitants","website":"","townhallAdress":"Le Bourg - 43230 - SAINT-PREJET-ARMANDON"},{"text":"SAINT PREJET D ALLIER","href":"./43/saint-prejet-d-allier.html","phone":"04 71 74 43 09","email":"mairie-st-prejet-dallier-43@wanadoo.fr","population":"186 habitants","website":"","townhallAdress":"Le Bourg - 43580 - SAINT-PREJET-D'ALLIER"},{"text":"SAINT PRIVAT D ALLIER","href":"./43/saint-privat-d-allier.html","phone":"04 71 57 22 13","email":"info@mairie-saintprivatdallier.fr","population":"416 habitants","website":"","townhallAdress":"Le Bourg - 43580 - SAINT-PRIVAT-D'ALLIER"},{"text":"SAINT PRIVAT DU DRAGON","href":"./43/saint-privat-du-dragon.html","phone":"04 71 76 63 32","email":"st-privatdudragon@orange.fr","population":"180 habitants","website":"","townhallAdress":"Le Bourg - 43380 - SAINT-PRIVAT-DU-DRAGON"},{"text":"SAINT ROMAIN LACHALM","href":"./43/saint-romain-lachalm.html","phone":"04 71 61 00 08","email":"mairie-st-romain@wanadoo.fr","population":"1021 habitants","website":"","townhallAdress":"Le Bourg - 43620 - SAINT-ROMAIN-LACHALM"},{"text":"SAINT VENERAND","href":"./43/saint-venerand.html","phone":"04 66 69 16 82","email":"mairie.stvenerand@wanadoo.fr","population":"58 habitants","website":"","townhallAdress":"Village - 43580 - SAINT-VENERAND"},{"text":"SAINT VERT","href":"./43/saint-vert.html","phone":"04 71 76 32 63","email":"mairie.saintvert@orange.fr","population":"105 habitants","website":"","townhallAdress":"Le Bourg - 43440 - SAINT-VERT"},{"text":"SAINT VICTOR MALESCOURS","href":"./43/saint-victor-malescours.html","phone":"04 71 61 05 09","email":"commune.stvictormalescours@orange.fr","population":"759 habitants","website":"","townhallAdress":"Le Bourg - 43140 - SAINT-VICTOR-MALESCOURS"},{"text":"SAINT VICTOR SUR ARLANC","href":"./43/saint-victor-sur-arlanc.html","phone":"04 71 03 28 28","email":"mairie.st-victor-sur-arlanc@wanadoo.fr","population":"106 habitants","website":"","townhallAdress":"Le Bourg - 43500 - SAINT-VICTOR-SUR-ARLANC"},{"text":"SAINT VIDAL","href":"./43/saint-vidal.html","phone":"04 71 08 68 34","email":"saintvidal.mairie@wanadoo.fr","population":"467 habitants","website":"","townhallAdress":"Le Bourg - 43320 - SAINT-VIDAL"},{"text":"SAINT VINCENT","href":"./43/saint-vincent.html","phone":"04 71 08 51 11","email":"communesaintvincent@wanadoo.fr","population":"962 habitants","website":"","townhallAdress":"Le Bourg - 43800 - SAINT-VINCENT"},{"text":"SALETTES","href":"./43/salettes.html","phone":"04 71 57 36 26","email":"mairie.salettes702@orange.fr","population":"158 habitants","website":"","townhallAdress":"Le Bourg - 43150 - SALETTES"},{"text":"SALZUIT","href":"./43/salzuit.html","phone":"04 71 76 66 76","email":"mairiedesalzuit@wanadoo.fr","population":"360 habitants","website":"","townhallAdress":"Le Bourg - 43230 - SALZUIT"},{"text":"SANSSAC L EGLISE","href":"./43/sanssac-l-eglise.html","phone":"04 71 08 64 43","email":"mairie.sanssac@orange.fr","population":"1030 habitants","website":"","townhallAdress":"Le Bourg - 43320 - SANSSAC-L'EGLISE"},{"text":"SAUGUES","href":"./43/saugues.html","phone":"04 71 77 71 30","email":"accueil@mairie-saugues.com","population":"2034 habitants","website":"","townhallAdress":"Rue de l'Hôtel de Ville - 43170 - SAUGUES"},{"text":"SEMBADEL","href":"./43/sembadel.html","phone":"04 71 00 90 62","email":"mairie.sembadel@wanadoo.fr","population":"255 habitants","website":"","townhallAdress":"Le Bourg - 43160 - SEMBADEL"},{"text":"SENEUJOLS","href":"./43/seneujols.html","phone":"04 71 03 98 38","email":"mairie.seneujols@wanadoo.fr","population":"297 habitants","website":"","townhallAdress":"Le Bourg - 43510 - SENEUJOLS"},{"text":"SIAUGUES SAINTE MARIE","href":"./43/siaugues-sainte-marie.html","phone":"04 71 74 21 42","email":"mairie.siauguestemarie@wanadoo.fr","population":"820 habitants","website":"","townhallAdress":"Le Bourg - 43300 - SIAUGUES-SAINTE-MARIE"},{"text":"SOLIGNAC SOUS ROCHE","href":"./43/solignac-sous-roche.html","phone":"04 71 59 21 22","email":"solignac-sous-r.mairie@orange.fr","population":"217 habitants","website":"","townhallAdress":"Le Bourg - 43130 - SOLIGNAC-SOUS-ROCHE"},{"text":"SOLIGNAC SUR LOIRE","href":"./43/solignac-sur-loire.html","phone":"04 71 03 11 46","email":"mairie.solignacsurloire@wanadoo.fr","population":"1200 habitants","website":"","townhallAdress":"Place Marchédial - 43370 - SOLIGNAC-SUR-LOIRE"},{"text":"TAILHAC","href":"./43/tailhac.html","phone":"04 71 74 11 71","email":"mairie.tailhac@wanadoo.fr","population":"83 habitants","website":"","townhallAdress":"Le Bourg - 43300 - TAILHAC"},{"text":"TENCE","href":"./43/tence.html","phone":"04 71 59 82 67","email":"mairie@ville-tence.fr","population":"3353 habitants","website":"","townhallAdress":"Rue Annonay - 43190 - TENCE"},{"text":"THORAS","href":"./43/thoras.html","phone":"04 71 74 40 61","email":"mairiedethoras@orange.fr","population":"245 habitants","website":"","townhallAdress":"Le Bourg - 43170 - THORAS"},{"text":"TIRANGES","href":"./43/tiranges.html","phone":"04 71 61 32 13","email":"mairie.tiranges@wanadoo.fr","population":"456 habitants","website":"","townhallAdress":"Le Bourg - 43130 - TIRANGES"},{"text":"TORSIAC","href":"./43/torsiac.html","phone":"04 71 76 36 69","email":"mairie.torsiac@aliceadsl.fr","population":"75 habitants","website":"","townhallAdress":"Le Bourg - 43450 - TORSIAC"},{"text":"VALPRIVAS","href":"./43/valprivas.html","phone":"04 71 66 72 64","email":"mairie@valprivas.com","population":"496 habitants","website":"","townhallAdress":"Le Bourg - 43210 - VALPRIVAS"},{"text":"VALS LE CHASTEL","href":"./43/vals-le-chastel.html","phone":"04 71 76 45 11","email":"mairie.valslechastel@orange.fr","population":"50 habitants","website":"","townhallAdress":"Le Bourg - 43230 - VALS-LE-CHASTEL"},{"text":"VALS PRES LE PUY","href":"./43/vals-pres-le-puy.html","phone":"04 71 05 77 77","email":"mairie.vals@wanadoo.fr","population":"3687 habitants","website":"","townhallAdress":"Place du Monastère - 43750 - VALS-PRES-LE-PUY"},{"text":"VARENNES SAINT HONORAT","href":"./43/varennes-saint-honorat.html","phone":"04 71 00 22 66","email":"communevarennes@orange.fr","population":"43 habitants","website":"","townhallAdress":"Le Bourg - 43270 - VARENNES-SAINT-HONORAT"},{"text":"VAZEILLES LIMANDRE","href":"./43/vazeilles-limandre.html","phone":"04 71 08 61 81","email":"mairie.vazeilles.limandre@wanadoo.fr","population":"231 habitants","website":"","townhallAdress":"Vazeilles - 43320 - VAZEILLES-LIMANDRE"},{"text":"VAZEILLES PRES SAUGUES","href":"./43/vazeilles-pres-saugues.html","phone":"04 71 74 46 57","email":"mairievazeillespressaugues@orange.fr","population":"45 habitants","website":"","townhallAdress":"Le Bourg - 43580 - VAZEILLES-PRES-SAUGUES"},{"text":"VENTEUGES","href":"./43/venteuges.html","phone":"04 71 77 81 71","email":"mairieventeuges@wanadoo.fr","population":"381 habitants","website":"","townhallAdress":"Le Bourg - 43170 - VENTEUGES"},{"text":"VERGEZAC","href":"./43/vergezac.html","phone":"04 71 08 60 76","email":"vergezac.mairie@wanadoo.fr","population":"441 habitants","website":"","townhallAdress":"Le Bourg - 43320 - VERGEZAC"},{"text":"VERGONGHEON","href":"./43/vergongheon.html","phone":"04 71 76 03 62","email":"mairie.vergongheon43@orange.fr","population":"1835 habitants","website":"","townhallAdress":"1 rue Marcel Ustachon - 43360 - VERGONGHEON"},{"text":"VERNASSAL","href":"./43/vernassal.html","phone":"04 71 57 00 13","email":"mairie.vernassal@wanadoo.fr","population":"381 habitants","website":"","townhallAdress":"Le Bourg - 43270 - VERNASSAL"},{"text":"VEZEZOUX","href":"./43/vezezoux.html","phone":"04 71 76 16 66","email":"mairie-de-vezezoux@wanadoo.fr","population":"478 habitants","website":"","townhallAdress":"Rue de la Mairie - 43390 - VEZEZOUX"},{"text":"VIEILLE BRIOUDE","href":"./43/vieille-brioude.html","phone":"04 71 50 90 52","email":"mairie-vieille-brioude2@wanadoo.fr","population":"1249 habitants","website":"","townhallAdress":"Place Croix des Prés - 43100 - VIEILLE-BRIOUDE"},{"text":"VIELPRAT","href":"./43/vielprat.html","phone":"04 71 57 30 63","email":"mairie.vielprat@orange.fr","population":"65 habitants","website":"","townhallAdress":"Le Mas - 43490 - VIELPRAT"},{"text":"VILLENEUVE D ALLIER","href":"./43/villeneuve-d-allier.html","phone":"04 71 74 71 37","email":"mairie.villeneuvedallier@wanadoo.fr","population":"329 habitants","website":"","townhallAdress":"Le Bourg - 43380 - VILLENEUVE-D'ALLIER"},{"text":"VISSAC AUTEYRAC","href":"./43/vissac-auteyrac.html","phone":"04 71 74 21 03","email":"mairie-vissac-auteyrac@orange.fr","population":"336 habitants","website":"","townhallAdress":"Lachaud - 43300 - VISSAC-AUTEYRAC"},{"text":"VOREY SUR ARZON","href":"./43/vorey-sur-arzon.html","phone":"04 71 03 40 39","email":"mairie-de-vorey@wanadoo.fr","population":"1475 habitants","website":"","townhallAdress":"Place de la Mairie - 43800 - VOREY-SUR-ARZON"},{"text":"YSSINGEAUX","href":"./43/yssingeaux.html","phone":"04 71 65 73 30","email":"ville.yssingeaux@wanadoo.fr","population":"7328 habitants","website":"","townhallAdress":"Place du Général de Gaulle - 43200 - YSSINGEAUX"}]}