{"text":"52 | Haute-Marne","href":"haute-marne.html","townships":[{"text":"AGEVILLE","href":"./52/ageville.html","phone":"03 25 31 78 06","email":"mairie.ageville@wanadoo.fr","population":"307 habitants","website":"","townhallAdress":"Grande Rue - 52340 - AGEVILLE"},{"text":"AIGREMONT","href":"./52/aigremont.html","phone":"0325870560","email":"mairie.aigremont@wanadoo.fr","population":"22 habitants","website":"","townhallAdress":"Mairie - 52400 - AIGREMONT"},{"text":"AILLIANVILLE","href":"./52/aillianville.html","phone":"03 25 31 56 73","email":"mairieaillianville@numeo.fr","population":"167 habitants","website":"","townhallAdress":"18 rue Général Salme - 52700 - AILLIANVILLE"},{"text":"AINGOULAINCOURT","href":"./52/aingoulaincourt.html","phone":"03 25 94 00 93","email":"guerber.jean-michel@wanadoo.fr","population":"12 habitants","website":"","townhallAdress":"Mairie - 52230 - AINGOULAINCOURT"},{"text":"AIZANVILLE","href":"./52/aizanville.html","phone":"03 25 32 91 79","email":"guerber.jean-michel@wanadoo.fr","population":"25 habitants","website":"","townhallAdress":"Mairie - 52120 - AIZANVILLE"},{"text":"ALLICHAMPS","href":"./52/allichamps.html","phone":"03 25 55 07 70","email":"mairie-allichamps@cegetel.net","population":"386 habitants","website":"","townhallAdress":"Place de la Mairie - 52130 - ALLICHAMPS"},{"text":"AMBONVILLE","href":"./52/ambonville.html","phone":"03 25 02 43 49","email":"mairieambonville@wanadoo.fr","population":"72 habitants","website":"","townhallAdress":"Mairie - 52110 - AMBONVILLE"},{"text":"ANDELOT BLANCHEVILLE","href":"./52/andelot-blancheville.html","phone":"03 25 01 33 31","email":"mairie.andelot@wanadoo.fr","population":"950 habitants","website":"","townhallAdress":"36 rue Division Leclerc - 52700 - ANDELOT-BLANCHEVILLE"},{"text":"ANDILLY EN BASSIGNY","href":"./52/andilly-en-bassigny.html","phone":"03 25 90 63 06","email":"mairie.andilly377@orange.fr","population":"109 habitants","website":"","townhallAdress":"2 rue Morlin - 52360 - ANDILLY-EN-BASSIGNY"},{"text":"ANNEVILLE LA PRAIRIE","href":"./52/anneville-la-prairie.html","phone":"03 25 01 62 46","email":"anneville52@wanadoo.fr","population":"71 habitants","website":"","townhallAdress":"2 rue de la Fontaine - 52310 - ANNEVILLE-LA-PRAIRIE"},{"text":"ANNONVILLE","href":"./52/annonville.html","phone":"03 25 94 64 21","email":"commune-d-annonville@orange.fr","population":"32 habitants","website":"","townhallAdress":"Rue Principale - 52230 - ANNONVILLE"},{"text":"ANROSEY","href":"./52/anrosey.html","phone":"03 25 88 89 48","email":"mairie.anrosey@wanadoo.fr","population":"174 habitants","website":"","townhallAdress":"1 rue Moulin de Gypse - 52500 - ANROSEY"},{"text":"APREY","href":"./52/aprey.html","phone":"03 25 88 05 66","email":"","population":"193 habitants","website":"","townhallAdress":"Place du Marché - 52250 - APREY"},{"text":"ARBIGNY SOUS VARENNES","href":"./52/arbigny-sous-varennes.html","phone":"03 25 88 83 26","email":"mairie.arbigny@wanadoo.fr","population":"86 habitants","website":"","townhallAdress":"7 rue de l'Eglise - 52500 - ARBIGNY-SOUS-VARENNES"},{"text":"ARBOT","href":"./52/arbot.html","phone":"03 25 84 24 87","email":"mairie.arbot@wanadoo.fr","population":"73 habitants","website":"","townhallAdress":"Grande Rue - 52160 - ARBOT"},{"text":"ARC EN BARROIS","href":"./52/arc-en-barrois.html","phone":"03 25 02 51 33","email":"mairie.arc.en.barrois@wanadoo.fr","population":"793 habitants","website":"","townhallAdress":"Place Moreau - 52210 - ARC-EN-BARROIS"},{"text":"ARNANCOURT","href":"./52/arnancourt.html","phone":"03 25 55 48 43","email":"arnancourt.mairie@free.fr","population":"115 habitants","website":"","townhallAdress":"Route Blumerey - 52110 - ARNANCOURT"},{"text":"ATTANCOURT","href":"./52/attancourt.html","phone":"03 25 04 94 11","email":"attancourt.mairie@wanadoo.fr","population":"250 habitants","website":"","townhallAdress":"Route Villiers aux Bois - 52130 - ATTANCOURT"},{"text":"AUBEPIERRE SUR AUBE","href":"./52/aubepierre-sur-aube.html","phone":"03 25 02 35 62","email":"","population":"207 habitants","website":"","townhallAdress":"37 rue du Moulin - 52210 - AUBEPIERRE-SUR-AUBE"},{"text":"AUBERIVE","href":"./52/auberive.html","phone":"03 25 84 21 13","email":"mairie.auberive@wanadoo.fr","population":"199 habitants","website":"","townhallAdress":"Route Chatillon - 52160 - AUBERIVE"},{"text":"AUDELONCOURT","href":"./52/audeloncourt.html","phone":"03 25 31 39 05","email":"mairie-audeloncourt@wanadoo.fr","population":"101 habitants","website":"","townhallAdress":"Rue Principale - 52240 - AUDELONCOURT"},{"text":"AUJEURRES","href":"./52/aujeurres.html","phone":"03 25 84 85 65","email":"mairie.aujeurres@orange.fr","population":"97 habitants","website":"","townhallAdress":"Rue de l'Ecole - 52190 - AUJEURRES"},{"text":"AULNOY SUR AUBE","href":"./52/aulnoy-sur-aube.html","phone":"03 25 84 85 65","email":"","population":"63 habitants","website":"","townhallAdress":"Mairie - 52160 - AULNOY-SUR-AUBE"},{"text":"AUTIGNY LE GRAND","href":"./52/autigny-le-grand.html","phone":"03 25 94 84 58","email":"mairie.autignylegrand@wanadoo.fr","population":"173 habitants","website":"","townhallAdress":"28 rue Antoine Labreuveux - 52300 - AUTIGNY-LE-GRAND"},{"text":"AUTIGNY LE PETIT","href":"./52/autigny-le-petit.html","phone":"03 25 55 88 45","email":"","population":"52 habitants","website":"","townhallAdress":"Rue de la Mairie - 52300 - AUTIGNY-LE-PETIT"},{"text":"AUTREVILLE SUR LA RENNE","href":"./52/autreville-sur-la-renne.html","phone":"03 25 31 40 51","email":"ecole.autreville@wanadoo.fr","population":"502 habitants","website":"","townhallAdress":"9 rue Pompadour - 52120 - AUTREVILLE-SUR-LA-RENNE"},{"text":"BAILLY AUX FORGES","href":"./52/bailly-aux-forges.html","phone":"03 25 55 72 89","email":"commune.baillyauxforges@laposte.net","population":"134 habitants","website":"","townhallAdress":"Place de la Mairie - 52130 - BAILLY-AUX-FORGES"},{"text":"BAISSEY","href":"./52/baissey.html","phone":"03 25 88 46 91","email":"mairiebaissey@orange.fr","population":"209 habitants","website":"","townhallAdress":"3 place Saint Pierre et Saint Paul - 52250 - BAISSEY"},{"text":"BALESMES SUR MARNE","href":"./52/balesmes-sur-marne.html","phone":"03 25 84 04 90","email":"mairie.balesmes@wanadoo.fr","population":"276 habitants","website":"","townhallAdress":"Rue des Bordes - 52200 - BALESMES-SUR-MARNE"},{"text":"BANNES","href":"./52/bannes.html","phone":"03 25 84 08 84","email":"mairiebannes@orange.fr","population":"416 habitants","website":"","townhallAdress":"6 rue de l'Ecole - 52360 - BANNES"},{"text":"BASSONCOURT","href":"./52/bassoncourt.html","phone":"03 25 32 52 21","email":"mairie.bassoncourt@orange.fr","population":"71 habitants","website":"","townhallAdress":"Rue de l'Ecole - 52240 - BASSONCOURT"},{"text":"BAUDRECOURT","href":"./52/baudrecourt.html","phone":"03 25 55 61 53","email":"mairie.baudrecourt@orange.fr","population":"125 habitants","website":"","townhallAdress":"Rue Grande Voie - 52110 - BAUDRECOURT"},{"text":"BAYARD SUR MARNE","href":"./52/bayard-sur-marne.html","phone":"03 25 55 51 25","email":"mairie.bayard-sur-marne@wanadoo.fr","population":"1526 habitants","website":"","townhallAdress":"1 rue Port Laneuville - 52170 - BAYARD-SUR-MARNE"},{"text":"BAY SUR AUBE","href":"./52/bay-sur-aube.html","phone":"03 25 87 03 17","email":"mairie.baysuraube@wanadoo.fr","population":"57 habitants","website":"","townhallAdress":"Rue Principale - 52160 - BAY-SUR-AUBE"},{"text":"BEAUCHEMIN","href":"./52/beauchemin.html","phone":"03 25 87 13 64","email":"mairie.beauchemin@orange.fr","population":"106 habitants","website":"","townhallAdress":"Place de l'Eglise - 52260 - BEAUCHEMIN"},{"text":"BELMONT","href":"./52/belmont.html","phone":"03 25 87 50 32","email":"mairie-belmont@nordnet.fr","population":"55 habitants","website":"","townhallAdress":"Mairie - 52500 - BELMONT"},{"text":"BETTANCOURT LA FERREE","href":"./52/bettancourt-la-ferree.html","phone":"03 25 05 11 24","email":"mairie.bettancourtlaferree@wanadoo.fr","population":"1932 habitants","website":"","townhallAdress":"Rue Denis Mougeot - 52100 - BETTANCOURT-LA-FERREE"},{"text":"BEURVILLE","href":"./52/beurville.html","phone":"03 25 55 48 98","email":"mairie.beurville@wanadoo.fr","population":"109 habitants","website":"","townhallAdress":"Place de la Mairie - 52110 - BEURVILLE"},{"text":"BIESLES","href":"./52/biesles.html","phone":"03 25 31 93 20","email":"mairie-biesles@orange.fr","population":"1453 habitants","website":"","townhallAdress":"100 rue Grande - 52340 - BIESLES"},{"text":"BIZE","href":"./52/bize.html","phone":"03 25 84 06 45","email":"mairie-de-bize@wanadoo.fr","population":"80 habitants","website":"","townhallAdress":"Rue Principale - 52500 - BIZE"},{"text":"BLAISY","href":"./52/blaisy.html","phone":"03 25 01 72 47","email":"mairie.blaisy@orange.fr","population":"83 habitants","website":"","townhallAdress":"Route Nationale 19 - 52330 - BLAISY"},{"text":"BLECOURT","href":"./52/blecourt.html","phone":"03 25 94 33 61","email":"blecourt.mairie@wanadoo.fr","population":"111 habitants","website":"","townhallAdress":"4 rue des Marronniers - 52300 - BLECOURT"},{"text":"BLESSONVILLE","href":"./52/blessonville.html","phone":"03 25 31 41 51","email":"mairie.blessonville@wanadoo.fr","population":"226 habitants","website":"","townhallAdress":"43 rue Principale - 52120 - BLESSONVILLE"},{"text":"BLUMERAY","href":"./52/blumeray.html","phone":"03 25 55 46 16","email":"commune.blumeray@wanadoo.fr","population":"98 habitants","website":"","townhallAdress":"13 rue Saint Laurent - 52110 - BLUMERAY"},{"text":"BOLOGNE","href":"./52/bologne.html","phone":"03 25 01 41 23","email":"mairie.bologne.52@wanadoo.fr","population":"1902 habitants","website":"","townhallAdress":"Place de la Mairie - 52310 - BOLOGNE"},{"text":"BONNECOURT","href":"./52/bonnecourt.html","phone":"03 25 84 06 49","email":"mairie.bonnecourt@wanadoo.fr","population":"129 habitants","website":"","townhallAdress":"Grande Rue - 52360 - BONNECOURT"},{"text":"BOURBONNE LES BAINS","href":"./52/bourbonne-les-bains.html","phone":"03 25 90 14 80","email":"mairie.de.bourbonne@wanadoo.fr","population":"2373 habitants","website":"","townhallAdress":"Impasse du Château - 52400 - BOURBONNE-LES-BAINS"},{"text":"BOURDONS SUR ROGNON","href":"./52/bourdons-sur-rognon.html","phone":"03 25 01 21 17","email":"mairie-bourdons@wanadoo.fr","population":"299 habitants","website":"","townhallAdress":"1 place des Anciens Combattants AFN - 52700 - BOURDONS-SUR-ROGNON"},{"text":"BOURG","href":"./52/bourg.html","phone":"03 25 88 01 23","email":"mairie.bourg@wanadoo.fr","population":"155 habitants","website":"","townhallAdress":"Rue de l'Eglise - 52200 - BOURG"},{"text":"BOURG SAINTE MARIE","href":"./52/bourg-sainte-marie.html","phone":"03 25 01 01 39","email":"","population":"94 habitants","website":"","townhallAdress":"Rue Chenoise - 52150 - BOURG-SAINTE-MARIE"},{"text":"BOURMONT","href":"./52/bourmont.html","phone":"03 25 01 16 46","email":"mairie.bourmont@wanadoo.fr","population":"607 habitants","website":"","townhallAdress":"16 rue Général Leclerc - 52150 - BOURMONT"},{"text":"BOUZANCOURT","href":"./52/bouzancourt.html","phone":"03 25 55 45 75","email":"mairiebouzancourt@wanadoo.fr","population":"63 habitants","website":"","townhallAdress":"1 place de la Mairie - 52110 - BOUZANCOURT"},{"text":"BRACHAY","href":"./52/brachay.html","phone":"03 25 55 09 84","email":"mairie.brachay@wanadoo.fr","population":"62 habitants","website":"","townhallAdress":"Grande Rue - 52110 - BRACHAY"},{"text":"BRAINVILLE SUR MEUSE","href":"./52/brainville-sur-meuse.html","phone":"03 25 01 02 98","email":"mairie.brainville.sur.meuse@wanadoo.fr","population":"87 habitants","website":"","townhallAdress":"Rue de l'Eglise - 52150 - BRAINVILLE-SUR-MEUSE"},{"text":"BRAUX LE CHATEL","href":"./52/braux-le-chatel.html","phone":"03 25 03 14 58","email":"mairie.brauxlechatel@free.fr","population":"145 habitants","website":"","townhallAdress":"Rue Brozé - 52120 - BRAUX-LE-CHATEL"},{"text":"BRENNES","href":"./52/brennes.html","phone":"03 25 90 70 90","email":"mairie.brennes@wanadoo.fr","population":"135 habitants","website":"","townhallAdress":"Rue de l'Eglise - 52200 - BRENNES"},{"text":"BRETHENAY","href":"./52/brethenay.html","phone":"03 25 32 60 87","email":"mairie.brethenay@wanadoo.fr","population":"405 habitants","website":"","townhallAdress":"1 Grande Rue - 52000 - BRETHENAY"},{"text":"BREUVANNES EN BASSIGNY","href":"./52/breuvannes-en-bassigny.html","phone":"03 25 02 65 65","email":"mairie.breuvannes-en-bassigny@wanadoo.fr","population":"752 habitants","website":"","townhallAdress":"Place de la Mairie - 52240 - BREUVANNES-EN-BASSIGNY"},{"text":"BRIAUCOURT","href":"./52/briaucourt.html","phone":"03 25 01 62 99","email":"mairie-briaucourt@wanadoo.fr","population":"205 habitants","website":"","townhallAdress":"9 rue de la Montagne - 52700 - BRIAUCOURT"},{"text":"BRICON","href":"./52/bricon.html","phone":"03 25 03 01 92","email":"bricon.mairie@wanadoo.fr","population":"441 habitants","website":"","townhallAdress":"36 rue Maréchal Leclerc - 52120 - BRICON"},{"text":"BROUSSEVAL","href":"./52/brousseval.html","phone":"03 25 55 39 14","email":"mairie.brousseval@wanadoo.fr","population":"693 habitants","website":"","townhallAdress":"Place de l'Eglise - 52130 - BROUSSEVAL"},{"text":"BUGNIERES","href":"./52/bugnieres.html","phone":"03 25 32 97 11","email":"mairie.de.bugnieres@wanadoo.fr","population":"155 habitants","website":"","townhallAdress":"Rue Principale - 52210 - BUGNIERES"},{"text":"BUSSON","href":"./52/busson.html","phone":"03 25 32 39 62","email":"communedebusson@wanadoo.fr","population":"41 habitants","website":"","townhallAdress":"Place de l'Eglise - 52700 - BUSSON"},{"text":"BUXIERES LES CLEFMONT","href":"./52/buxieres-les-clefmont.html","phone":"03 25 01 70 56","email":"mairie.buxiereslesclefmont@orange.fr","population":"24 habitants","website":"","townhallAdress":"Mairie - 52240 - BUXIERES-LES-CLEFMONT"},{"text":"BUXIERES LES VILLIERS","href":"./52/buxieres-les-villiers.html","phone":"03 25 31 51 78","email":"mairie.buxieres@wanadoo.fr","population":"294 habitants","website":"","townhallAdress":"Grande rue - 52000 - BUXIERES-LES-VILLIERS"},{"text":"CEFFONDS","href":"./52/ceffonds.html","phone":"03 25 04 20 21","email":"mairie-ceffonds@wanadoo.fr","population":"602 habitants","website":"","townhallAdress":"Rue Jacques d'Arc - 52220 - CEFFONDS"},{"text":"CELLES EN BASSIGNY","href":"./52/celles-en-bassigny.html","phone":"03 25 87 29 55","email":"mairie.celles52@orange.fr","population":"77 habitants","website":"","townhallAdress":"Rue Pont de Jacquotte - 52360 - CELLES-EN-BASSIGNY"},{"text":"CELSOY","href":"./52/celsoy.html","phone":"03 25 84 92 85","email":"mairie.celsoy@orange.fr","population":"110 habitants","website":"","townhallAdress":"14 rue Guibert - 52600 - CELSOY"},{"text":"CERISIERES","href":"./52/cerisieres.html","phone":"03 25 02 43 94","email":"cerisieres@free.fr","population":"100 habitants","website":"","townhallAdress":"8 rue Principale - 52320 - CERISIERES"},{"text":"CHALANCEY","href":"./52/chalancey.html","phone":"03 25 84 83 43","email":"mairie.chalancey@wanadoo.fr","population":"129 habitants","website":"","townhallAdress":"Grande Rue - 52160 - CHALANCEY"},{"text":"CHALINDREY","href":"./52/chalindrey.html","phone":"03 25 88 50 17","email":"ville-chalindrey@wanadoo.fr","population":"2767 habitants","website":"","townhallAdress":"47 rue Langres - 52600 - CHALINDREY"},{"text":"CHALVRAINES","href":"./52/chalvraines.html","phone":"03 25 02 22 34","email":"","population":"186 habitants","website":"","townhallAdress":"Rue Mare - 52700 - CHALVRAINES"},{"text":"CHAMARANDES CHOIGNES","href":"./52/chamarandes-choignes.html","phone":"03 25 32 22 73","email":"chamarandeschoignes@wanadoo.fr","population":"1166 habitants","website":"","townhallAdress":"Choignes 24 route Chamarandes - 52000 - CHAMARANDES-CHOIGNES"},{"text":"CHAMBRONCOURT","href":"./52/chambroncourt.html","phone":"03 25 03 78 57","email":"mairie.chambroncourt@orange.fr","population":"39 habitants","website":"","townhallAdress":"Route Epizon - 52700 - CHAMBRONCOURT"},{"text":"CHAMOUILLEY","href":"./52/chamouilley.html","phone":"03 25 55 59 43","email":"mairie.chamouilley@wanadoo.fr","population":"869 habitants","website":"","townhallAdress":"2 place de la Mairie - 52410 - CHAMOUILLEY"},{"text":"CHAMPIGNEULLES EN BASSIGNY","href":"./52/champigneulles-en-bassigny.html","phone":"03 25 01 72 86","email":"champigneullesenbass@free.fr","population":"56 habitants","website":"","townhallAdress":"Grande Rue - 52150 - CHAMPIGNEULLES-EN-BASSIGNY"},{"text":"CHAMPIGNY LES LANGRES","href":"./52/champigny-les-langres.html","phone":"03 25 87 34 35","email":"mairie.champignyleslangres@wanadoo.fr","population":"446 habitants","website":"","townhallAdress":"248 rue Pierre Durand - 52200 - CHAMPIGNY-LES-LANGRES"},{"text":"CHAMPIGNY SOUS VARENNES","href":"./52/champigny-sous-varennes.html","phone":"03 25 88 83 30","email":"champigny-sous-varennes@wanadoo.fr","population":"124 habitants","website":"","townhallAdress":"8 rue de l'Eglise - 52400 - CHAMPIGNY-SOUS-VARENNES"},{"text":"CHAMPSEVRAINE","href":"./52/champsevraine.html","phone":"03 25 88 62 92","email":"mairie.champsevraine@wanadoo.fr","population":"897 habitants","website":"","townhallAdress":"Montée Thiberge - 52500 - CHAMPSEVRAINE"},{"text":"CHANCENAY","href":"./52/chancenay.html","phone":"03 25 05 15 69","email":"mairie.chancenay@wanadoo.fr","population":"1062 habitants","website":"","townhallAdress":"9 route Bar le Duc - 52100 - CHANCENAY"},{"text":"CHANGEY","href":"./52/changey.html","phone":"03 25 84 07 99","email":"","population":"268 habitants","website":"","townhallAdress":"Rue Breuil - 52360 - CHANGEY"},{"text":"CHANOY","href":"./52/chanoy.html","phone":"03 25 87 51 90","email":"mairie-chanoy@wanadoo.fr","population":"142 habitants","website":"","townhallAdress":"1 rue de la Liberté - 52260 - CHANOY"},{"text":"CHANTRAINES","href":"./52/chantraines.html","phone":"03 25 31 95 73","email":"commune.chantraines@orange.fr","population":"230 habitants","website":"","townhallAdress":"1 rue de l'Eglise - 52700 - CHANTRAINES"},{"text":"CHARMES EN L ANGLE","href":"./52/charmes-en-l-angle.html","phone":"","email":"","population":"10 habitants","website":"","townhallAdress":"Mairie - 52110 - CHARMES-EN-L'ANGLE"},{"text":"CHARMES LA GRANDE","href":"./52/charmes-la-grande.html","phone":"03 25 94 41 21","email":"mairiecharmeslagrande@orange.fr","population":"170 habitants","website":"","townhallAdress":"45 rue des Deux Ecoles - 52110 - CHARMES-LA-GRANDE"},{"text":"CHARMES LES LANGRES","href":"./52/charmes-les-langres.html","phone":"03 25 87 24 21","email":"charmesleslangres@nordnet.fr","population":"115 habitants","website":"","townhallAdress":"15 rue Sorbiers - 52360 - CHARMES-LES-LANGRES"},{"text":"CHASSIGNY","href":"./52/chassigny.html","phone":"03 25 88 23 95","email":"mairie.chassigny@wanadoo.fr","population":"266 habitants","website":"","townhallAdress":"30 rue Didier Diderot - 52190 - CHASSIGNY"},{"text":"CHATEAUVILLAIN","href":"./52/chateauvillain.html","phone":"03 25 32 93 03","email":"mairie.chateauvillain@wanadoo.fr","population":"1674 habitants","website":"","townhallAdress":"Place de l'Hôtel de Ville - 52120 - CHATEAUVILLAIN"},{"text":"CHATENAY MACHERON","href":"./52/chatenay-macheron.html","phone":"03 25 87 61 15","email":"mairie.chatenaymacheron@wanadoo.fr","population":"117 habitants","website":"","townhallAdress":"Chemin Saint Maurice - 52200 - CHATENAY-MACHERON"},{"text":"CHATENAY VAUDIN","href":"./52/chatenay-vaudin.html","phone":"03 25 87 48 25","email":"","population":"58 habitants","website":"","townhallAdress":"Mairie - 52360 - CHATENAY-VAUDIN"},{"text":"CHATONRUPT SOMMERMONT","href":"./52/chatonrupt-sommermont.html","phone":"03 25 94 80 07","email":"chatonrupt-sommermont@wanadoo.fr","population":"311 habitants","website":"","townhallAdress":"Grande Rue - 52300 - CHATONRUPT-SOMMERMONT"},{"text":"CHAUDENAY","href":"./52/chaudenay.html","phone":"03 25 84 90 76","email":"mairie.chaudenay@wanadoo.fr","population":"311 habitants","website":"","townhallAdress":"27 rue des Tilleuls - 52600 - CHAUDENAY"},{"text":"CHAUFFOURT","href":"./52/chauffourt.html","phone":"03 25 84 00 41","email":"chauffourt.commune@wanadoo.fr","population":"219 habitants","website":"","townhallAdress":"Rue du Four - 52140 - CHAUFFOURT"},{"text":"CHAUMONT","href":"./52/chaumont.html","phone":"03 25 30 60 00","email":"standard@ville-chaumont.fr","population":"25849 habitants","website":"","townhallAdress":"10 place de la Concorde - 52012 - CHAUMONT"},{"text":"CHAUMONT LA VILLE","href":"./52/chaumont-la-ville.html","phone":"03 25 01 74 81","email":"comchaumontlaville@orange.fr","population":"126 habitants","website":"","townhallAdress":"Route Vrécourt - 52150 - CHAUMONT-LA-VILLE"},{"text":"CHEVILLON","href":"./52/chevillon.html","phone":"03 25 04 40 89","email":"mairie.chevillon@wanadoo.fr","population":"1427 habitants","website":"","townhallAdress":"42 Grande Rue - 52170 - CHEVILLON"},{"text":"CHOILLEY","href":"./52/choilley.html","phone":null,"email":null,"population":null,"website":null,"townhallAdress":null},{"text":"CHOISEUL","href":"./52/choiseul.html","phone":"03 25 31 30 86","email":"","population":"87 habitants","website":"","townhallAdress":"Rue de l'Eglise - 52240 - CHOISEUL"},{"text":"CIREY LES MAREILLES","href":"./52/cirey-les-mareilles.html","phone":"03 25 02 26 77","email":"mairie.cireylesmareilles@wanadoo.fr","population":"122 habitants","website":"","townhallAdress":"Route départementale 137 - 52700 - CIREY-LES-MAREILLES"},{"text":"CIREY SUR BLAISE","href":"./52/cirey-sur-blaise.html","phone":"03 25 55 95 00","email":"mairie.cireysurblaise@orange.fr","population":"121 habitants","website":"","townhallAdress":"4 RUE Emilie du CHATELET - 52110 - CIREY-SUR-BLAISE"},{"text":"CIRFONTAINES EN AZOIS","href":"./52/cirfontaines-en-azois.html","phone":"03 25 32 93 75","email":"mairie.cirfontaines@wanadoo.fr","population":"207 habitants","website":"","townhallAdress":"Place de la Mairie - 52370 - CIRFONTAINES-EN-AZOIS"},{"text":"CIRFONTAINES EN ORNOIS","href":"./52/cirfontaines-en-ornois.html","phone":"03 25 94 55 18","email":"mairie-de-cirfontaines-en-ornois@wanadoo.fr","population":"91 habitants","website":"","townhallAdress":"Rue Gault - 52230 - CIRFONTAINES-EN-ORNOIS"},{"text":"CLEFMONT","href":"./52/clefmont.html","phone":"03 25 31 31 63","email":"mairie-clefmont@wanadoo.fr","population":"212 habitants","website":"","townhallAdress":"Place de la Mairie - 52240 - CLEFMONT"},{"text":"CLINCHAMP","href":"./52/clinchamp.html","phone":"03 25 01 20 84","email":"mairie-clinchamp@wanadoo.fr","population":"109 habitants","website":"","townhallAdress":"9 rue Ceriselot - 52700 - CLINCHAMP"},{"text":"COHONS","href":"./52/cohons.html","phone":"03 25 84 79 44","email":"mcohons@wanadoo.fr","population":"268 habitants","website":"","townhallAdress":"14 rue Candrée - 52600 - COHONS"},{"text":"COIFFY LE BAS","href":"./52/coiffy-le-bas.html","phone":"03 25 90 12 02","email":"mairie.coiffy-le-bas@wanadoo.fr","population":"106 habitants","website":"","townhallAdress":"4 rue des Dames - 52400 - COIFFY-LE-BAS"},{"text":"COIFFY LE HAUT","href":"./52/coiffy-le-haut.html","phone":"03 25 90 19 30","email":"mairie.coiffy-le-haut@orange.fr","population":"121 habitants","website":"","townhallAdress":"Rue Bourgeois - 52400 - COIFFY-LE-HAUT"},{"text":"COLMIER LE BAS","href":"./52/colmier-le-bas.html","phone":"03 25 90 24 88","email":"colmier_bas@numeo.fr","population":"23 habitants","website":"","townhallAdress":"Grande Rue - 52160 - COLMIER-LE-BAS"},{"text":"COLMIER LE HAUT","href":"./52/colmier-le-haut.html","phone":"03 25 84 25 02","email":"","population":"73 habitants","website":"","townhallAdress":"Rue de la Mairie - 52160 - COLMIER-LE-HAUT"},{"text":"COLOMBEY LES DEUX EGLISES","href":"./52/colombey-les-deux-eglises.html","phone":"03 25 01 50 79","email":"mairiecolombey@wanadoo.fr","population":"669 habitants","website":"","townhallAdress":"68 rue Général de Gaulle - 52330 - COLOMBEY-LES-DEUX-EGLISES"},{"text":"CONDES","href":"./52/condes.html","phone":"03 25 03 95 19","email":"mairie.condes@wanadoo.fr","population":"282 habitants","website":"","townhallAdress":"1 place de Verdun - 52000 - CONDES"},{"text":"CONSIGNY","href":"./52/consigny.html","phone":"03 25 02 97 39","email":"mairie.consigny@wanadoo.fr","population":"71 habitants","website":"","townhallAdress":"Mairie - 52700 - CONSIGNY"},{"text":"COUBLANC","href":"./52/coublanc.html","phone":"03 25 84 07 53","email":"mairie.coublanc@wanadoo.fr","population":"136 habitants","website":"","townhallAdress":"Rue du Château - 52500 - COUBLANC"},{"text":"COUPRAY","href":"./52/coupray.html","phone":"03 25 02 58 23","email":"didier.m.breton@wanadoo.fr","population":"185 habitants","website":"","townhallAdress":"Rue Dancevoir - 52210 - COUPRAY"},{"text":"COURCELLES EN MONTAGNE","href":"./52/courcelles-en-montagne.html","phone":"03 25 88 42 48","email":"courcelles.montagne52@wanadoo.fr","population":"85 habitants","website":"","townhallAdress":"Grande Rue - 52200 - COURCELLES-EN-MONTAGNE"},{"text":"COURCELLES SUR BLAISE","href":"./52/courcelles-sur-blaise.html","phone":"03 25 94 44 37","email":"commune-de-courcelles-blaise@wanadoo.fr","population":"125 habitants","website":"","townhallAdress":"Rue de l'Eglise - 52110 - COURCELLES-SUR-BLAISE"},{"text":"COUR L EVEQUE","href":"./52/cour-l-eveque.html","phone":"03 25 02 55 09","email":"mairie.courleveque@wanadoo.fr","population":"191 habitants","website":"","townhallAdress":"Place de la Mairie - 52210 - COUR-L'EVEQUE"},{"text":"CULMONT","href":"./52/culmont.html","phone":"03 25 88 53 41","email":"mairie.culmont@wanadoo.fr","population":"592 habitants","website":"","townhallAdress":"8 rue de la Gare - 52600 - CULMONT"},{"text":"CUREL","href":"./52/curel.html","phone":"03 25 94 81 81","email":"mairie-curel@wanadoo.fr","population":"413 habitants","website":"","townhallAdress":"Rue de la Mairie - 52300 - CUREL"},{"text":"CURMONT","href":"./52/curmont.html","phone":"03 25 01 51 07","email":"mairie.curmont886@orange.fr","population":"16 habitants","website":"","townhallAdress":"Mairie - 52330 - CURMONT"},{"text":"CUSEY","href":"./52/cusey.html","phone":"03 25 88 39 56","email":"mairie.cusey-percey@wanadoo.fr","population":"248 habitants","website":"","townhallAdress":"Lot Communal - 52190 - CUSEY"},{"text":"CUVES","href":"./52/cuves.html","phone":"","email":"","population":"23 habitants","website":"","townhallAdress":"Mairie - 52240 - CUVES"},{"text":"DAILLANCOURT","href":"./52/daillancourt.html","phone":"03 25 02 26 11","email":"mairie-daillancourt@orange.fr","population":"80 habitants","website":"","townhallAdress":"Grande Rue - 52110 - DAILLANCOURT"},{"text":"DAILLECOURT","href":"./52/daillecourt.html","phone":"03 25 31 33 52","email":"mairie-daillecourt@wanadoo.fr","population":"79 habitants","website":"","townhallAdress":"Rue Principale - 52240 - DAILLECOURT"},{"text":"DAMMARTIN SUR MEUSE","href":"./52/dammartin-sur-meuse.html","phone":"03 25 90 71 26","email":"mairie-dammartin-sur-meuse@wanadoo.fr","population":"222 habitants","website":"","townhallAdress":"Route Départementale 417 - 52140 - DAMMARTIN-SUR-MEUSE"},{"text":"DAMPIERRE","href":"./52/dampierre.html","phone":"03 25 84 06 36","email":"commune.dampierre@wanadoo.fr","population":"375 habitants","website":"","townhallAdress":"5 rue du Haut - 52360 - DAMPIERRE"},{"text":"DAMREMONT","href":"./52/damremont.html","phone":"03 25 90 82 00","email":"commune-damremont@nordnet.fr","population":"221 habitants","website":"","townhallAdress":"Grande Rue - 52400 - DAMREMONT"},{"text":"DANCEVOIR","href":"./52/dancevoir.html","phone":"03 25 32 91 41","email":"mairie.dancevoir@wanadoo.fr","population":"250 habitants","website":"","townhallAdress":"32 rue de Verdun - 52210 - DANCEVOIR"},{"text":"DARDENAY","href":"./52/dardenay.html","phone":null,"email":null,"population":null,"website":null,"townhallAdress":null},{"text":"DARMANNES","href":"./52/darmannes.html","phone":"03 25 03 89 61","email":"mairiedarmannes@wanadoo.fr","population":"260 habitants","website":"","townhallAdress":"1 rue de la Fontaine - 52700 - DARMANNES"},{"text":"DINTEVILLE","href":"./52/dinteville.html","phone":"03 25 01 75 85","email":"mairie.dinteville@wanadoo.fr","population":"64 habitants","website":"","townhallAdress":"Mairie - 52120 - DINTEVILLE"},{"text":"DOMBLAIN","href":"./52/domblain.html","phone":"03 25 55 39 39","email":"","population":"96 habitants","website":"","townhallAdress":"3 rue Saint Bénigne - 52130 - DOMBLAIN"},{"text":"DOMMARIEN","href":"./52/dommarien.html","phone":"03 25 88 45 83","email":"dommarien.mairie@wanadoo.fr","population":"158 habitants","website":"","townhallAdress":"Rue de l'Eglise - 52190 - DOMMARIEN"},{"text":"DOMMARTIN LE FRANC","href":"./52/dommartin-le-franc.html","phone":"03 25 55 49 28","email":"mairie.dommartinlefranc@wanadoo.fr","population":"221 habitants","website":"","townhallAdress":"1 rue Maréchal Leclerc - 52110 - DOMMARTIN-LE-FRANC"},{"text":"DOMMARTIN LE SAINT PERE","href":"./52/dommartin-le-saint-pere.html","phone":"03 25 55 44 16","email":"mairie.dommartinlestpere@wanadoo.fr","population":"289 habitants","website":"","townhallAdress":"Place de la Mairie - 52110 - DOMMARTIN-LE-SAINT-PERE"},{"text":"DOMREMY LANDEVILLE","href":"./52/domremy-landeville.html","phone":"03 25 04 95 61","email":"mairie.domremy@wanadoo.fr","population":"84 habitants","website":"","townhallAdress":"Route Doulaincourt - 52270 - DOMREMY-LANDEVILLE"},{"text":"DONCOURT SUR MEUSE","href":"./52/doncourt-sur-meuse.html","phone":"03 25 01 95 51","email":"","population":"53 habitants","website":"","townhallAdress":"Rue de l'Eglise - 52150 - DONCOURT-SUR-MEUSE"},{"text":"DONJEUX","href":"./52/donjeux.html","phone":"03 25 94 71 23","email":"mairie.donjeux52@wanadoo.fr","population":"417 habitants","website":"","townhallAdress":"42 Grande Rue - 52300 - DONJEUX"},{"text":"DOULAINCOURT SAUCOURT","href":"./52/doulaincourt-saucourt.html","phone":"03 25 94 61 88","email":"mairie.doulaincourt@wanadoo.fr","population":"1059 habitants","website":"","townhallAdress":"1 place Charles de Gaulle - 52270 - DOULAINCOURT-SAUCOURT"},{"text":"DOULEVANT LE CHATEAU","href":"./52/doulevant-le-chateau.html","phone":"03 25 55 44 28","email":"commune-de-doulevant@orange.fr","population":"454 habitants","website":"","townhallAdress":"Rue Haute - 52110 - DOULEVANT-LE-CHATEAU"},{"text":"DOULEVANT LE PETIT","href":"./52/doulevant-le-petit.html","phone":"03 25 04 49 81","email":"mairie.doulevantlepetit@wanadoo.fr","population":"44 habitants","website":"","townhallAdress":"Allée de la Fontaine - 52130 - DOULEVANT-LE-PETIT"},{"text":"DROYES","href":"./52/droyes.html","phone":"03 25 04 23 68","email":"mairie.droyes52@wanadoo.fr","population":"481 habitants","website":"","townhallAdress":"8 Route Montier - 52220 - DROYES"},{"text":"ECHENAY","href":"./52/echenay.html","phone":"03 25 04 90 99","email":"com.com.2.vallees@wanadoo.fr","population":"96 habitants","website":"","townhallAdress":"Mairie - 52230 - ECHENAY"},{"text":"ECLARON BRAUCOURT STE LIVIERE","href":"./52/eclaron-braucourt-ste-liviere.html","phone":"03 25 04 11 62","email":"commune.eclaron-braucourt@wanadoo.fr","population":"1844 habitants","website":"","townhallAdress":"4 place Pelletier, Eclaron - 52290 - ECLARON-BRAUCOURT-STE-LIVIERE"},{"text":"ECOT LA COMBE","href":"./52/ecot-la-combe.html","phone":"03 25 01 76 97","email":"","population":"43 habitants","website":"","townhallAdress":"Place de la Mairie - 52700 - ECOT-LA-COMBE"},{"text":"EFFINCOURT","href":"./52/effincourt.html","phone":"03 25 94 02 08","email":"mairie.effincourt@wanadoo.fr","population":"75 habitants","website":"","townhallAdress":"Rue de l'Ecole - 52300 - EFFINCOURT"},{"text":"ENFONVELLE","href":"./52/enfonvelle.html","phone":"03 25 90 20 44","email":"mairie.enfonvelle@orange.fr","population":"88 habitants","website":"","townhallAdress":"Rue Haut de l'Eglise - 52400 - ENFONVELLE"},{"text":"EPIZON","href":"./52/epizon.html","phone":"03 25 55 88 90","email":"mairie.epizon@wanadoo.fr","population":"142 habitants","website":"","townhallAdress":"Rue Principale - 52230 - EPIZON"},{"text":"ESNOUVEAUX","href":"./52/esnouveaux.html","phone":"03 25 01 25 15","email":"mairie-esnouveaux52@orange.fr","population":"336 habitants","website":"","townhallAdress":"1 place du 8 Mai 1945 - 52340 - ESNOUVEAUX"},{"text":"EUFFIGNEIX","href":"./52/euffigneix.html","phone":"03 25 32 01 27","email":"mairie.euffigneix@wanadoo.fr","population":"320 habitants","website":"","townhallAdress":"17 GRANDE RUE - 52000 - EUFFIGNEIX"},{"text":"EURVILLE BIENVILLE","href":"./52/eurville-bienville.html","phone":"03 25 55 51 55","email":"mairie.eurvillebienville@wanadoo.fr","population":"2084 habitants","website":"","townhallAdress":"Place Notre Dame - 52410 - EURVILLE-BIENVILLE"},{"text":"FARINCOURT","href":"./52/farincourt.html","phone":"03 25 87 32 06","email":"","population":"55 habitants","website":"","townhallAdress":"Rue de la Croix - 52500 - FARINCOURT"},{"text":"FAVEROLLES","href":"./52/faverolles.html","phone":"03 25 84 78 06","email":"faverolles@nordnet.fr","population":"124 habitants","website":"","townhallAdress":"1 rue Théodore Daigney - 52260 - FAVEROLLES"},{"text":"FAYL BILLOT","href":"./52/fayl-billot.html","phone":"03 25 88 62 14","email":"mairie.fayl-billot@orange.fr","population":"1577 habitants","website":"","townhallAdress":"15 place de la Mairie - 52500 - FAYL-BILLOT"},{"text":"FAYS","href":"./52/fays.html","phone":"03 25 94 66 17","email":"","population":"78 habitants","website":"","townhallAdress":"Grande Rue - 52130 - FAYS"},{"text":"FERRIERE ET LAFOLIE","href":"./52/ferriere-et-lafolie.html","phone":"03 25 94 12 40","email":"","population":"47 habitants","website":"","townhallAdress":"Place de l'Eglise, Ferrières - 52300 - FERRIERE-ET-LAFOLIE"},{"text":"FLAGEY","href":"./52/flagey.html","phone":"03 25 88 82 00","email":"mairie.flagey@wanadoo.fr","population":"90 habitants","website":"","townhallAdress":"Rue de la Mairie - 52250 - FLAGEY"},{"text":"FLAMMERECOURT","href":"./52/flammerecourt.html","phone":"03 25 94 05 57","email":"mairie.flammerecourt@wanadoo.fr","population":"74 habitants","website":"","townhallAdress":"Grande Rue - 52110 - FLAMMERECOURT"},{"text":"FONTAINES SUR MARNE","href":"./52/fontaines-sur-marne.html","phone":"03 25 94 46 03","email":"fontaines-sur-marne.mairie@wanadoo.fr","population":"163 habitants","website":"","townhallAdress":"Rue de l'Eglise - 52170 - FONTAINES-SUR-MARNE"},{"text":"FORCEY","href":"./52/forcey.html","phone":"03 25 31 32 80","email":"","population":"94 habitants","website":"","townhallAdress":"Rue du Bas - 52700 - FORCEY"},{"text":"FOULAIN","href":"./52/foulain.html","phone":"03 25 31 11 39","email":"mairie.foulain@wanadoo.fr","population":"764 habitants","website":"","townhallAdress":"45 Route Nationale - 52800 - FOULAIN"},{"text":"FRAMPAS","href":"./52/frampas.html","phone":"03 25 04 00 20","email":"mairiedeframpas@nordnet.fr","population":"154 habitants","website":"","townhallAdress":"Rue du Chêne - 52220 - FRAMPAS"},{"text":"FRECOURT","href":"./52/frecourt.html","phone":"03 25 84 01 74","email":"mairie.frecourt@wanadoo.fr","population":"99 habitants","website":"","townhallAdress":"Rue des Saints - 52360 - FRECOURT"},{"text":"FRESNES SUR APANCE","href":"./52/fresnes-sur-apance.html","phone":"03 25 90 08 96","email":"mairie.fresnes-sur-apance@orange.fr","population":"160 habitants","website":"","townhallAdress":"Place de la Mairie - 52400 - FRESNES-SUR-APANCE"},{"text":"FRONCLES","href":"./52/froncles.html","phone":"03 25 02 31 21","email":"mairie.froncles@wanadoo.fr","population":"1656 habitants","website":"","townhallAdress":"Rue Maréchal Foch - 52320 - FRONCLES"},{"text":"FRONVILLE","href":"./52/fronville.html","phone":"03 25 94 31 92","email":"mairie.fronville@wanadoo.fr","population":"334 habitants","website":"","townhallAdress":"4 Grande Rue - 52300 - FRONVILLE"},{"text":"GENEVRIERES","href":"./52/genevrieres.html","phone":"03 25 88 02 81","email":"","population":"160 habitants","website":"","townhallAdress":"10 rue Belin - 52500 - GENEVRIERES"},{"text":"GERMAINES","href":"./52/germaines.html","phone":"","email":"","population":"30 habitants","website":"","townhallAdress":"Mairie - 52160 - GERMAINES"},{"text":"GERMAINVILLIERS","href":"./52/germainvilliers.html","phone":"03 25 02 06 75","email":"","population":"102 habitants","website":"","townhallAdress":"Ruelle de l'Eglise - 52150 - GERMAINVILLIERS"},{"text":"GERMAY","href":"./52/germay.html","phone":"03 25 55 97 17","email":"communedegermay@orange.fr","population":"48 habitants","website":"","townhallAdress":"Rue Principale - 52230 - GERMAY"},{"text":"GERMISAY","href":"./52/germisay.html","phone":"03 25 55 97 21","email":"","population":"22 habitants","website":"","townhallAdress":"Rue Principale - 52230 - GERMISAY"},{"text":"GIEY SUR AUJON","href":"./52/giey-sur-aujon.html","phone":"03 25 02 55 76","email":"","population":"158 habitants","website":"","townhallAdress":"1 place de Verdun - 52210 - GIEY-SUR-AUJON"},{"text":"GILLANCOURT","href":"./52/gillancourt.html","phone":"03 25 02 02 98","email":"mairie.gillancourt@orange.fr","population":"129 habitants","website":"","townhallAdress":"Rue Juzennecourt - 52330 - GILLANCOURT"},{"text":"GILLAUME","href":"./52/gillaume.html","phone":"03 25 94 14 45","email":"","population":"29 habitants","website":"","townhallAdress":"Mairie - 52230 - GILLAUME"},{"text":"GILLEY","href":"./52/gilley.html","phone":"03 25 90 73 08","email":"gilley.mairie@wanadoo.fr","population":"78 habitants","website":"","townhallAdress":"Grande Rue - 52500 - GILLEY"},{"text":"GONCOURT","href":"./52/goncourt.html","phone":"03 25 01 02 32","email":"mairie.goncourt@wanadoo.fr","population":"311 habitants","website":"","townhallAdress":"Rue Atre - 52150 - GONCOURT"},{"text":"GRAFFIGNY CHEMIN","href":"./52/graffigny-chemin.html","phone":"03 25 01 72 90","email":"mairie.graffigny.chemin@wanadoo.fr","population":"250 habitants","website":"","townhallAdress":"2 avenue Général Leclerc - 52150 - GRAFFIGNY-CHEMIN"},{"text":"GRANDCHAMP","href":"./52/grandchamp.html","phone":"03 25 87 12 56","email":"mairie@grandchamp.fr","population":"81 habitants","website":"","townhallAdress":"Place du Monument - 52600 - GRANDCHAMP"},{"text":"GRENANT","href":"./52/grenant.html","phone":"03 25 87 49 02","email":"mairie.grenant@wanadoo.fr","population":"158 habitants","website":"","townhallAdress":"1 chemin Marroue - 52500 - GRENANT"},{"text":"GUDMONT VILLIERS","href":"./52/gudmont-villiers.html","phone":"03 25 94 74 11","email":"mairie.gudmont-villiers52@wanadoo.fr","population":"355 habitants","website":"","townhallAdress":"26 Grande Rue - 52320 - GUDMONT-VILLIERS"},{"text":"GUINDRECOURT AUX ORMES","href":"./52/guindrecourt-aux-ormes.html","phone":"03 25 94 05 16","email":"mairieguindrecourtauxormes@wanadoo.fr","population":"84 habitants","website":"","townhallAdress":"Rue des Ormes - 52300 - GUINDRECOURT-AUX-ORMES"},{"text":"GUINDRECOURT SUR BLAISE","href":"./52/guindrecourt-sur-blaise.html","phone":"03 25 01 14 52","email":"commune.guindrecourtsurblaise@wanadoo.fr","population":"44 habitants","website":"","townhallAdress":"Mairie - 52330 - GUINDRECOURT-SUR-BLAISE"},{"text":"GUYONVELLE","href":"./52/guyonvelle.html","phone":"03 25 90 76 81","email":"mairie.guyonvelle@wanadoo.fr","population":"126 habitants","website":"","townhallAdress":"20 rue Maprelles - 52400 - GUYONVELLE"},{"text":"HACOURT","href":"./52/hacourt.html","phone":"03 25 32 12 38","email":"","population":"36 habitants","website":"","townhallAdress":"Mairie - 52150 - HACOURT"},{"text":"HALLIGNICOURT","href":"./52/hallignicourt.html","phone":"03 25 56 20 62","email":"","population":"284 habitants","website":"","townhallAdress":"1 place de la Mairie - 52100 - HALLIGNICOURT"},{"text":"HARREVILLE LES CHANTEURS","href":"./52/harreville-les-chanteurs.html","phone":"03 25 01 13 24","email":"mairie.harreville@wanadoo.fr","population":"278 habitants","website":"","townhallAdress":"Grande Rue - 52150 - HARREVILLE-LES-CHANTEURS"},{"text":"HAUTE AMANCE","href":"./52/haute-amance.html","phone":"03 25 84 95 42","email":"mairie.hauteamance@wanadoo.fr","population":"1020 habitants","website":"","townhallAdress":"Place Virey - 52600 - HAUTE-AMANCE"},{"text":"HEUILLEY COTTON","href":"./52/heuilley-cotton.html","phone":"03 25 88 41 29","email":"mairie.heuilley-cotton@wanadoo.fr","population":"274 habitants","website":"","townhallAdress":"Place de la  Libération - 52600 - HEUILLEY-COTTON"},{"text":"HEUILLEY LE GRAND","href":"./52/heuilley-le-grand.html","phone":"03 25 84 44 60","email":"gerardmichel.hlg@wanadoo.fr","population":"205 habitants","website":"","townhallAdress":"Mairie - 52600 - HEUILLEY-LE-GRAND"},{"text":"HUILLIECOURT","href":"./52/huilliecourt.html","phone":"03 25 01 82 62","email":"mairie.huilliecourt@wanadoo.fr","population":"143 habitants","website":"","townhallAdress":"Rue de l'Eglise - 52150 - HUILLIECOURT"},{"text":"HUMBECOURT","href":"./52/humbecourt.html","phone":"03 25 04 01 40","email":"mairie.humbecourt@wanadoo.fr","population":"746 habitants","website":"","townhallAdress":"Rue de l'Eglise - 52290 - HUMBECOURT"},{"text":"HUMBERVILLE","href":"./52/humberville.html","phone":"03 25 02 22 45","email":"","population":"62 habitants","website":"","townhallAdress":"Rue Manois - 52700 - HUMBERVILLE"},{"text":"HUMES JORQUENAY","href":"./52/humes-jorquenay.html","phone":"03 25 87 50 65","email":"mairie.humesjorquenay@wanadoo.fr","population":"595 habitants","website":"","townhallAdress":"3 rue de la Mairie - 52200 - HUMES-JORQUENAY"},{"text":"ILLOUD","href":"./52/illoud.html","phone":"03 25 01 03 92","email":"comilloud@wanadoo.fr","population":"300 habitants","website":"","townhallAdress":"Grande Rue - 52150 - ILLOUD"},{"text":"IS EN BASSIGNY","href":"./52/is-en-bassigny.html","phone":"03 25 31 73 64","email":"mairie.isenbassigny@wanadoo.fr","population":"575 habitants","website":"","townhallAdress":"Rue Sur Chauffour - 52140 - IS-EN-BASSIGNY"},{"text":"ISOMES","href":"./52/isomes.html","phone":"03 25 88 33 98","email":"","population":"143 habitants","website":"","townhallAdress":"Route Occey - 52190 - ISOMES"},{"text":"JOINVILLE","href":"./52/joinville.html","phone":"03 25 94 13 01","email":"mairie.joinville@wanadoo.fr","population":"3945 habitants","website":"","townhallAdress":"Place Général Leclerc - 52300 - JOINVILLE"},{"text":"JONCHERY","href":"./52/jonchery.html","phone":"03 25 31 42 40","email":"mairie.jonchery@wanadoo.fr","population":"972 habitants","website":"","townhallAdress":"26 rue des Acacias - 52000 - JONCHERY"},{"text":"JUZENNECOURT","href":"./52/juzennecourt.html","phone":"03 25 02 03 04","email":"","population":"210 habitants","website":"","townhallAdress":"1 place de la Mairie - 52330 - JUZENNECOURT"},{"text":"LACHAPELLE EN BLAISY","href":"./52/lachapelle-en-blaisy.html","phone":"03 25 03 72 28","email":"lachapelleenblaisy52@wanadoo.fr","population":"83 habitants","website":"","townhallAdress":"Rue Blaise - 52330 - LACHAPELLE-EN-BLAISY"},{"text":"LAFAUCHE","href":"./52/lafauche.html","phone":"03 25 31 56 30","email":"mairie.lafauche@wanadoo.fr","population":"91 habitants","website":"","townhallAdress":"1 rue des Remparts - 52700 - LAFAUCHE"},{"text":"LAFERTE SUR AMANCE","href":"./52/laferte-sur-amance.html","phone":"03 25 88 83 71","email":"mairie.lafertesuramance@wanadoo.fr","population":"116 habitants","website":"","townhallAdress":"Grande Rue - 52500 - LAFERTE-SUR-AMANCE"},{"text":"LAFERTE SUR AUBE","href":"./52/laferte-sur-aube.html","phone":"03 25 02 78 58","email":"mairie.laferte@wanadoo.fr","population":"363 habitants","website":"","townhallAdress":"1 rue de Troyes - 52120 - LAFERTE-SUR-AUBE"},{"text":"LA GENEVROYE","href":"./52/la-genevroye.html","phone":"03 25 03 46 18","email":"mairielagenevroye@wanadoo.fr","population":"28 habitants","website":"","townhallAdress":"Mairie - 52320 - LA-GENEVROYE"},{"text":"LAMANCINE","href":"./52/lamancine.html","phone":"03 25 01 43 46","email":"mairiedelamancine@wanadoo.fr","population":"112 habitants","website":"","townhallAdress":"3 rue Tournelle - 52310 - LAMANCINE"},{"text":"LAMOTHE EN BLAISY","href":"./52/lamothe-en-blaisy.html","phone":"03 25 32 22 27","email":"mairie.lamothe-en-blaisy@orange.fr","population":"77 habitants","website":"","townhallAdress":"Chemin Biernes - 52330 - LAMOTHE-EN-BLAISY"},{"text":"LANEUVELLE","href":"./52/laneuvelle.html","phone":"03 25 90 18 47","email":"mairie.laneuvelle@wanadoo.fr","population":"75 habitants","website":"","townhallAdress":"Grande Rue - 52400 - LANEUVELLE"},{"text":"LANEUVILLE AU PONT","href":"./52/laneuville-au-pont.html","phone":"03 25 56 31 63","email":"commune.laneuvilleaupont@wanadoo.fr","population":"185 habitants","website":"","townhallAdress":"Route Ambrières - 52100 - LANEUVILLE-AU-PONT"},{"text":"LANGRES","href":"./52/langres.html","phone":"03 25 87 77 77","email":"accueil@langres.fr","population":"8980 habitants","website":"","townhallAdress":"Place de l'Hôtel de Ville - BP 127 - 52200 - LANGRES"},{"text":"LANQUES SUR ROGNON","href":"./52/lanques-sur-rognon.html","phone":"03 25 31 97 21","email":"mairielanques@wanadoo.fr","population":"212 habitants","website":"","townhallAdress":"1 rue du Bas - 52800 - LANQUES-SUR-ROGNON"},{"text":"LARIVIERE ARNONCOURT","href":"./52/lariviere-arnoncourt.html","phone":"03 25 88 45 18","email":"mairie-lariviere-arnoncourt@wanadoo.fr","population":"148 habitants","website":"","townhallAdress":"Route Damblain Arnoncourt - 52400 - LARIVIERE-ARNONCOURT"},{"text":"LATRECEY ORMOY SUR AUBE","href":"./52/latrecey-ormoy-sur-aube.html","phone":"03 25 02 74 09","email":"mairie.de.latrecey@wanadoo.fr","population":"346 habitants","website":"","townhallAdress":"Rue Porte d'Ormoy - 52120 - LATRECEY-ORMOY-SUR-AUBE"},{"text":"LAVERNOY","href":"./52/lavernoy.html","phone":"03 25 90 64 61","email":"mairie-lavernoy@orange.fr","population":"80 habitants","website":"","townhallAdress":"Grande Rue - 52140 - LAVERNOY"},{"text":"LAVILLE AUX BOIS","href":"./52/laville-aux-bois.html","phone":"03 25 32 41 40","email":"mairie.de.laville.aux.bois@wanadoo.fr","population":"229 habitants","website":"","townhallAdress":"25 Grande Rue - 52000 - LAVILLE-AUX-BOIS"},{"text":"LAVILLENEUVE","href":"./52/lavilleneuve.html","phone":"03 25 90 75 66","email":"commune.lavilleneuve@orange.fr","population":"76 habitants","website":"","townhallAdress":"Place de la Mairie - 52140 - LAVILLENEUVE"},{"text":"LECEY","href":"./52/lecey.html","phone":"03 25 87 12 10","email":"commune-de-lecey@orange.fr","population":"221 habitants","website":"","townhallAdress":"Rue de l'Eglise - 52360 - LECEY"},{"text":"LE CHATELET SUR MEUSE","href":"./52/le-chatelet-sur-meuse.html","phone":"03 25 90 84 37","email":"mairie-le-chatelet-sur-meuse@wanadoo.fr","population":"159 habitants","website":"","townhallAdress":"Rue Araize Pouilly - 52400 - LE-CHATELET-SUR-MEUSE"},{"text":"LEFFONDS","href":"./52/leffonds.html","phone":"03 25 31 21 12","email":"mairie.leffonds@wanadoo.fr","population":"332 habitants","website":"","townhallAdress":"Place de la Mairie - 52210 - LEFFONDS"},{"text":"LE PAILLY","href":"./52/le-pailly.html","phone":"03 25 88 19 83","email":"mairiedupailly@wanadoo.fr","population":"294 habitants","website":"","townhallAdress":"Rue Nouette - 52600 - LE-PAILLY"},{"text":"LESCHERES SUR LE BLAISERON","href":"./52/lescheres-sur-le-blaiseron.html","phone":"03 25 55 94 88","email":"mairie.lescheres52@wanadoo.fr","population":"109 habitants","website":"","townhallAdress":"Grande Rue - 52110 - LESCHERES-SUR-LE-BLAISERON"},{"text":"LES LOGES","href":"./52/les-loges.html","phone":"03 25 88 14 36","email":"mairiedelesloges@wanadoo.fr","population":"142 habitants","website":"","townhallAdress":"Rue des Chênes - 52500 - LES-LOGES"},{"text":"LEUCHEY","href":"./52/leuchey.html","phone":"03 25 87 02 38","email":"mairie.de.leuchey@wanadoo.fr","population":"57 habitants","website":"","townhallAdress":"Route Prangey - 52190 - LEUCHEY"},{"text":"LEURVILLE","href":"./52/leurville.html","phone":"03 25 31 23 26","email":"mairie.leurville@wanadoo.fr","population":"93 habitants","website":"","townhallAdress":"5Bis rue Saint Martin - 52700 - LEURVILLE"},{"text":"LE VAL D ESNOMS","href":"./52/le-val-d-esnoms.html","phone":"03 25 84 82 34","email":"mairie.valdesnoms@wanadoo.fr","population":"386 habitants","website":"","townhallAdress":"Rue Jean Bouilly - 52190 - LE-VAL-D'ESNOMS"},{"text":"LEVECOURT","href":"./52/levecourt.html","phone":"03 25 02 75 16","email":"","population":"97 habitants","website":"","townhallAdress":"Rue de l'Eglise - 52150 - LEVECOURT"},{"text":"LEZEVILLE","href":"./52/lezeville.html","phone":"03 25 94 55 19","email":"communedelezeville@orange.fr","population":"122 habitants","website":"","townhallAdress":"Route Chassey - 52230 - LEZEVILLE"},{"text":"LIFFOL LE PETIT","href":"./52/liffol-le-petit.html","phone":"03 25 31 55 21","email":"mairie.liffollepetit@wanadoo.fr","population":"358 habitants","website":"","townhallAdress":"Rue de Eglise - 52700 - LIFFOL-LE-PETIT"},{"text":"LONGCHAMP","href":"./52/longchamp.html","phone":null,"email":null,"population":null,"website":null,"townhallAdress":null},{"text":"LONGEAU PERCEY","href":"./52/longeau-percey.html","phone":"03 25 88 42 57","email":"longeau-percey@wanadoo.fr","population":"731 habitants","website":"","townhallAdress":"8 rue Champagne - 52250 - LONGEAU-PERCEY"},{"text":"LONGEVILLE SUR LA LAINES","href":"./52/longeville-sur-la-laines.html","phone":"03 25 04 65 36","email":"longevillesurlalaines@wanadoo.fr","population":"443 habitants","website":"","townhallAdress":"1 Grande Rue - 52220 - LONGEVILLE-SUR-LA-LAINES"},{"text":"LOUVEMONT","href":"./52/louvemont.html","phone":"03 25 55 08 18","email":"commune.louvemont@wanadoo.fr","population":"803 habitants","website":"","townhallAdress":"3 rue du Four - 52130 - LOUVEMONT"},{"text":"LOUVIERES","href":"./52/louvieres.html","phone":"03 25 31 22 55","email":"mairiedelouvieres@orange.fr","population":"111 habitants","website":"","townhallAdress":"Place du Village - 52800 - LOUVIERES"},{"text":"LOUZE","href":"./52/louze.html","phone":"03 25 04 26 14","email":"mairie.louze@wanadoo.fr","population":"323 habitants","website":"","townhallAdress":"Grande Rue - 52220 - LOUZE"},{"text":"LUZY SUR MARNE","href":"./52/luzy-sur-marne.html","phone":"03 25 31 15 54","email":"mairie.luzy52@wanadoo.fr","population":"288 habitants","website":"","townhallAdress":"12 rue Haute - 52000 - LUZY-SUR-MARNE"},{"text":"MAATZ","href":"./52/maatz.html","phone":"03 25 88 54 26","email":"","population":"86 habitants","website":"","townhallAdress":"Place de la Mairie - 52500 - MAATZ"},{"text":"MAGNEUX","href":"./52/magneux.html","phone":"03 25 55 77 33","email":"mairie.magneuxhauterive@wanadoo.fr","population":"154 habitants","website":"","townhallAdress":"Mairie - 52130 - MAGNEUX"},{"text":"MAISONCELLES","href":"./52/maisoncelles.html","phone":"03 25 03 74 06","email":"mairie.maisoncelles@wanadoo.fr","population":"61 habitants","website":"","townhallAdress":"Rue Camp - 52240 - MAISONCELLES"},{"text":"MAIZIERES","href":"./52/maizieres.html","phone":null,"email":null,"population":null,"website":null,"townhallAdress":null},{"text":"MAIZIERES SUR AMANCE","href":"./52/maizieres-sur-amance.html","phone":"03 25 88 00 40","email":"mairie.maizieresamance@wanadoo.fr","population":"114 habitants","website":"","townhallAdress":"8 Grande Rue - 52500 - MAIZIERES-SUR-AMANCE"},{"text":"MALAINCOURT SUR MEUSE","href":"./52/malaincourt-sur-meuse.html","phone":"03 25 01 89 77","email":"mairie.malaincourt.sur.meuse@wanadoo.fr","population":"59 habitants","website":"","townhallAdress":"Mairie - 52150 - MALAINCOURT-SUR-MEUSE"},{"text":"MANDRES LA COTE","href":"./52/mandres-la-cote.html","phone":"03 25 31 97 79","email":"mairiedemandres@wanadoo.fr","population":"532 habitants","website":"","townhallAdress":"Rue de Bourgogne - 52800 - MANDRES-LA-COTE"},{"text":"MANOIS","href":"./52/manois.html","phone":"03 25 02 81 34","email":"mairie.manois@wanadoo.fr","population":"466 habitants","website":"","townhallAdress":"Grande Rue - 52700 - MANOIS"},{"text":"MARAC","href":"./52/marac.html","phone":"03 25 84 71 13","email":"mairie.de.marac@wanadoo.fr","population":"228 habitants","website":"","townhallAdress":"Place Colombier - 52260 - MARAC"},{"text":"MARANVILLE","href":"./52/maranville.html","phone":"03 25 31 02 20","email":"commune-de-maranville@orange.fr","population":"472 habitants","website":"","townhallAdress":"Rue Demongeot-Tissot - 52370 - MARANVILLE"},{"text":"MARBEVILLE","href":"./52/marbeville.html","phone":"03 25 03 03 63","email":"mairiemarbeville@orange.fr","population":"108 habitants","website":"","townhallAdress":"Chemin Départemental 40 - 52320 - MARBEVILLE"},{"text":"MARCILLY EN BASSIGNY","href":"./52/marcilly-en-bassigny.html","phone":"03 25 90 65 44","email":"cmarcilly@wanadoo.fr","population":"234 habitants","website":"","townhallAdress":"12 rue du Coin - 52360 - MARCILLY-EN-BASSIGNY"},{"text":"MARDOR","href":"./52/mardor.html","phone":"03 25 88 55 87","email":"mairiemardor@nordnet.fr","population":"66 habitants","website":"","townhallAdress":"Rue de la Mairie - 52200 - MARDOR"},{"text":"MAREILLES","href":"./52/mareilles.html","phone":"03 25 32 36 70","email":"commune-de-mareilles@orange.fr","population":"145 habitants","website":"","townhallAdress":"2 rue des Charmilles - 52700 - MAREILLES"},{"text":"MARNAY SUR MARNE","href":"./52/marnay-sur-marne.html","phone":"03 25 31 52 34","email":"marnay-52@wanadoo.fr","population":"293 habitants","website":"","townhallAdress":"1 rue Fontaine - 52800 - MARNAY-SUR-MARNE"},{"text":"MATHONS","href":"./52/mathons.html","phone":"03 25 94 18 93","email":"mairie@mathons.fr","population":"58 habitants","website":"","townhallAdress":"Grande Rue - 52300 - MATHONS"},{"text":"MELAY","href":"./52/melay.html","phone":"03 25 88 02 70","email":"mairiemelay@wanadoo.fr","population":"299 habitants","website":"","townhallAdress":"Rue Moges - 52400 - MELAY"},{"text":"MENNOUVEAUX","href":"./52/mennouveaux.html","phone":"03 25 31 38 39","email":"","population":"72 habitants","website":"","townhallAdress":"Rue Principale - 52240 - MENNOUVEAUX"},{"text":"MERREY","href":"./52/merrey.html","phone":"03 25 31 33 58","email":"mairie.merrey@orange.fr","population":"139 habitants","website":"","townhallAdress":"Rue Saint Pierre - 52240 - MERREY"},{"text":"MERTRUD","href":"./52/mertrud.html","phone":"03 25 55 46 52","email":"commune.mertrud@wanadoo.fr","population":"204 habitants","website":"","townhallAdress":"Grande Rue - 52110 - MERTRUD"},{"text":"MEURES","href":"./52/meures.html","phone":"03 25 32 22 03","email":"mairie-de-meures@wanadoo.fr","population":"107 habitants","website":"","townhallAdress":"Grande Rue - 52310 - MEURES"},{"text":"MILLIERES","href":"./52/millieres.html","phone":"03 25 01 24 81","email":"mairie.millieres@wanadoo.fr","population":"129 habitants","website":"","townhallAdress":"Rue de l'Eglise - 52240 - MILLIERES"},{"text":"MIRBEL","href":"./52/mirbel.html","phone":"03 25 02 41 59","email":"mairiemirbel@wanadoo.fr","population":"55 habitants","website":"","townhallAdress":"Mairie - 52320 - MIRBEL"},{"text":"MOESLAINS","href":"./52/moeslains.html","phone":"03 25 05 40 91","email":"mairie.moeslains@wanadoo.fr","population":"492 habitants","website":"","townhallAdress":"14 rue de la République - 52100 - MOESLAINS"},{"text":"MONTCHARVOT","href":"./52/montcharvot.html","phone":"03 25 84 43 93","email":"","population":"39 habitants","website":"","townhallAdress":"Grande Rue - 52400 - MONTCHARVOT"},{"text":"MONTHERIES","href":"./52/montheries.html","phone":"03 25 32 62 51","email":"mairie.montherie@viveole.com","population":"74 habitants","website":"","townhallAdress":"Rue Charmotte - 52330 - MONTHERIES"},{"text":"MONTIER EN DER","href":"./52/montier-en-der.html","phone":"03 25 04 22 62","email":"ville-montierender52@wanadoo.fr","population":"2176 habitants","website":"","townhallAdress":"Place de l'Hôtel de Ville - 52220 - MONTIER-EN-DER"},{"text":"MONTOT SUR ROGNON","href":"./52/montot-sur-rognon.html","phone":"03 25 01 31 02","email":"mairie.montot-sur-rognon@wanadoo.fr","population":"116 habitants","website":"","townhallAdress":"1 place de la Mairie - 52700 - MONTOT-SUR-ROGNON"},{"text":"MONTREUIL SUR BLAISE","href":"./52/montreuil-sur-blaise.html","phone":"03 25 55 35 00","email":"communedemontreuilsurblaise@wanadoo.fr","population":"161 habitants","website":"","townhallAdress":"Place des Tilleuls - 52130 - MONTREUIL-SUR-BLAISE"},{"text":"MONTREUIL SUR THONNANCE","href":"./52/montreuil-sur-thonnance.html","phone":"03 25 04 93 45","email":"mairie.montreuil.thonnance@numeo.fr","population":"70 habitants","website":"","townhallAdress":"Place de la Mairie - 52230 - MONTREUIL-SUR-THONNANCE"},{"text":"MONTSAUGEON","href":"./52/montsaugeon.html","phone":"03 25 88 37 43","email":"mairie.montsaugeon@wanadoo.fr","population":"72 habitants","website":"","townhallAdress":"Place de la Mairie - 52190 - MONTSAUGEON"},{"text":"MORANCOURT","href":"./52/morancourt.html","phone":"03 25 94 10 25","email":"communedemorancourt@wanadoo.fr","population":"132 habitants","website":"","townhallAdress":"Place de la Mairie - 52110 - MORANCOURT"},{"text":"MORIONVILLIERS","href":"./52/morionvilliers.html","phone":"0325028279","email":"","population":"29 habitants","website":"","townhallAdress":"Mairie - 52700 - MORIONVILLIERS"},{"text":"MOUILLERON","href":"./52/mouilleron.html","phone":"03 25 90 77 26","email":"mairie.arbot@wanadoo.fr","population":"36 habitants","website":"","townhallAdress":"Grande Rue - 52160 - MOUILLERON"},{"text":"MUSSEY SUR MARNE","href":"./52/mussey-sur-marne.html","phone":"03 25 94 66 62","email":"commune.musseysurmarne@wanadoo.fr","population":"337 habitants","website":"","townhallAdress":"12 Grande Rue - 52300 - MUSSEY-SUR-MARNE"},{"text":"NARCY","href":"./52/narcy.html","phone":"03 25 55 50 57","email":"narcy.mairie007@orange.fr","population":"241 habitants","website":"","townhallAdress":"53 Grande Rue - 52170 - NARCY"},{"text":"NEUILLY L EVEQUE","href":"./52/neuilly-l-eveque.html","phone":"03 25 84 01 45","email":"mairie.neuillyleveque@orange.fr","population":"665 habitants","website":"","townhallAdress":"2 place de la Mairie - 52360 - NEUILLY-L'EVEQUE"},{"text":"NEUILLY SUR SUIZE","href":"./52/neuilly-sur-suize.html","phone":"03 25 32 40 33","email":"mairieneuillysuize@nordnet.fr","population":"361 habitants","website":"","townhallAdress":"Rue de l'Eglise - 52000 - NEUILLY-SUR-SUIZE"},{"text":"NEUVELLE LES VOISEY","href":"./52/neuvelle-les-voisey.html","phone":"03 25 90 76 40","email":"mairieneuvelle@wanadoo.fr","population":"96 habitants","website":"","townhallAdress":"Rue Vernois - 52400 - NEUVELLE-LES-VOISEY"},{"text":"NIJON","href":"./52/nijon.html","phone":"03 25 31 51 30","email":"mairie.nijon@wanadoo.fr","population":"76 habitants","website":"","townhallAdress":"Place Communale - 52150 - NIJON"},{"text":"NINVILLE","href":"./52/ninville.html","phone":"03 25 31 09 74","email":"mairie.ninville@wanadoo.fr","population":"79 habitants","website":"","townhallAdress":"Grande Rue - 52800 - NINVILLE"},{"text":"NOGENT","href":"./52/nogent.html","phone":"03 25 31 85 77","email":"mairie@villedenogent52.com","population":"4112 habitants","website":"","townhallAdress":"Place du Général de Gaulle - 52800 - NOGENT"},{"text":"NOIDANT CHATENOY","href":"./52/noidant-chatenoy.html","phone":"03 25 88 01 22","email":"mairie.noidant.le.rocheux@wanadoo.fr","population":"93 habitants","website":"","townhallAdress":"Grande Rue - 52600 - NOIDANT-CHATENOY"},{"text":"NOIDANT LE ROCHEUX","href":"./52/noidant-le-rocheux.html","phone":"03 25 87 19 73","email":"mairie.noidant.le.rocheux@wanadoo.fr","population":"219 habitants","website":"","townhallAdress":"Grande Rue - 52200 - NOIDANT-LE-ROCHEUX"},{"text":"NOMECOURT","href":"./52/nomecourt.html","phone":"03 25 94 18 92","email":"commune.nomecourt@orange.fr","population":"108 habitants","website":"","townhallAdress":"Route départementale 60 - 52300 - NOMECOURT"},{"text":"NONCOURT SUR LE RONGEANT","href":"./52/noncourt-sur-le-rongeant.html","phone":"03 25 94 52 11","email":"noncourt.mairie@wanadoo.fr","population":"178 habitants","website":"","townhallAdress":"Place de la Mairie - 52230 - NONCOURT-SUR-LE-RONGEANT"},{"text":"NOYERS","href":"./52/noyers.html","phone":"03 25 01 46 49","email":"","population":"86 habitants","website":"","townhallAdress":"Rue Grand Puits - 52240 - NOYERS"},{"text":"NULLY","href":"./52/nully.html","phone":"03 25 55 99 13","email":"communenully@wanadoo.fr","population":"181 habitants","website":"","townhallAdress":"12 Grande Rue - 52110 - NULLY"},{"text":"OCCEY","href":"./52/occey.html","phone":"03 25 88 39 84","email":"mairie.occey0023@orange.fr","population":"151 habitants","website":"","townhallAdress":"Rue Principale - 52190 - OCCEY"},{"text":"ORBIGNY AU MONT","href":"./52/orbigny-au-mont.html","phone":"03 25 84 00 61","email":"mairie.orbignyaumont@orange.fr","population":"168 habitants","website":"","townhallAdress":"Rue Coneu - 52360 - ORBIGNY-AU-MONT"},{"text":"ORBIGNY AU VAL","href":"./52/orbigny-au-val.html","phone":"03 25 87 35 06","email":"mairie.orbignyauval@orange.fr","population":"99 habitants","website":"","townhallAdress":"Rue Carrossier - 52360 - ORBIGNY-AU-VAL"},{"text":"ORCEVAUX","href":"./52/orcevaux.html","phone":"03 25 88 82 99","email":"mairieorcevaux@orange.fr","population":"112 habitants","website":"","townhallAdress":"Rue Principale - 52250 - ORCEVAUX"},{"text":"ORGES","href":"./52/orges.html","phone":"03 25 31 00 64","email":"commune-de-orges@orange.fr","population":"406 habitants","website":"","townhallAdress":"5 rue de l'Eglise - 52120 - ORGES"},{"text":"ORMANCEY","href":"./52/ormancey.html","phone":"03 25 84 75 82","email":"mairie.ormancey@orange.fr","population":"78 habitants","website":"","townhallAdress":"Mairie - 52200 - ORMANCEY"},{"text":"ORMOY LES SEXFONTAINES","href":"./52/ormoy-les-sexfontaines.html","phone":"03 25 02 26 19","email":"","population":"44 habitants","website":"","townhallAdress":"Route Oudincourt - 52310 - ORMOY-LES-SEXFONTAINES"},{"text":"ORQUEVAUX","href":"./52/orquevaux.html","phone":"03 25 02 81 69","email":"commune.orquevaux@orange.fr","population":"88 habitants","website":"","townhallAdress":"Grande Rue - 52700 - ORQUEVAUX"},{"text":"OSNE LE VAL","href":"./52/osne-le-val.html","phone":"03 25 04 48 57","email":"mairieosne-le-val@wanadoo.fr","population":"288 habitants","website":"","townhallAdress":"Place Renouveau - 52300 - OSNE-LE-VAL"},{"text":"OUDINCOURT","href":"./52/oudincourt.html","phone":"03 25 01 48 30","email":"mairie.oudincourt@wanadoo.fr","population":"165 habitants","website":"","townhallAdress":"7 rue du Château - 52310 - OUDINCOURT"},{"text":"OUTREMECOURT","href":"./52/outremecourt.html","phone":"03 25 01 73 43","email":"mairie.outremecourt@wanadoo.fr","population":"94 habitants","website":"","townhallAdress":"Rue Pesery - 52150 - OUTREMECOURT"},{"text":"OZIERES","href":"./52/ozieres.html","phone":"03 25 01 26 08","email":"","population":"58 habitants","website":"","townhallAdress":"Rue de l'Eglise - 52700 - OZIERES"},{"text":"PALAISEUL","href":"./52/palaiseul.html","phone":"03 25 84 44 60","email":"","population":"55 habitants","website":"","townhallAdress":"Mairie - 52600 - PALAISEUL"},{"text":"PANCEY","href":"./52/pancey.html","phone":"03 25 04 25 01","email":"mairie.pansey@orange.fr","population":"74 habitants","website":"","townhallAdress":"Chemin Montreuil - 52230 - PANCEY"},{"text":"PARNOY EN BASSIGNY","href":"./52/parnoy-en-bassigny.html","phone":"03 25 90 80 41","email":"mairiedeparnoy@wanadoo.fr","population":"317 habitants","website":"","townhallAdress":"Rue des Saules - 52400 - PARNOY-EN-BASSIGNY"},{"text":"PAROY SUR SAULX","href":"./52/paroy-sur-saulx.html","phone":"03 25 04 14 01","email":"mairieparoy@wanadoo.fr","population":"44 habitants","website":"","townhallAdress":"Route Montier - 52300 - PAROY-SUR-SAULX"},{"text":"PAUTAINES AUGEVILLE","href":"./52/pautaines-augeville.html","phone":"03 25 06 95 29","email":"mairie.pautaines@wanadoo.fr","population":"25 habitants","website":"","townhallAdress":"Grande Rue - 52270 - PAUTAINES-AUGEVILLE"},{"text":"PEIGNEY","href":"./52/peigney.html","phone":"03 25 87 00 74","email":"mairiedepeigney@wanadoo.fr","population":"362 habitants","website":"","townhallAdress":"Rue Constance Chlore - 52200 - PEIGNEY"},{"text":"PERRANCEY LES VIEUX MOULINS","href":"./52/perrancey-les-vieux-moulins.html","phone":"03 25 87 39 88","email":"mairie.perrancey52@wanadoo.fr","population":"292 habitants","website":"","townhallAdress":"Place de l'Eglise - 52200 - PERRANCEY-LES-VIEUX-MOULINS"},{"text":"PERROGNEY LES FONTAINES","href":"./52/perrogney-les-fontaines.html","phone":"03 25 84 40 73","email":"mairie-perrogney@orange.fr","population":"117 habitants","website":"","townhallAdress":"Rue de Verdun - 52160 - PERROGNEY-LES-FONTAINES"},{"text":"PERRUSSE","href":"./52/perrusse.html","phone":"03 25 32 53 20","email":"mairie.perrusse@orange.fr","population":"51 habitants","website":"","townhallAdress":"Chemin départemental 146 - 52240 - PERRUSSE"},{"text":"PERTHES","href":"./52/perthes.html","phone":"03 25 56 40 06","email":"mairie.perthes52@wanadoo.fr","population":"575 habitants","website":"","townhallAdress":"Grande Rue - 52100 - PERTHES"},{"text":"PIERREMONT SUR AMANCE","href":"./52/pierremont-sur-amance.html","phone":"03 25 88 87 30","email":"mairie-pierrefaites@orange.fr","population":"180 habitants","website":"","townhallAdress":"2 route Charmoy - 52500 - PIERREMONT-SUR-AMANCE"},{"text":"PISSELOUP","href":"./52/pisseloup.html","phone":"03 25 88 05 19","email":"mairie.pisseloup@wanadoo.fr","population":"52 habitants","website":"","townhallAdress":"Rue Principale - 52500 - PISSELOUP"},{"text":"PLANRUPT","href":"./52/planrupt.html","phone":"03 25 04 67 56","email":"mairie.planrupt@wanadoo.fr","population":"303 habitants","website":"","townhallAdress":"11 rue de l'Eglise - 52220 - PLANRUPT"},{"text":"PLESNOY","href":"./52/plesnoy.html","phone":"03 25 90 63 73","email":"mairie.plesnoy@wanadoo.fr","population":"105 habitants","website":"","townhallAdress":"Grande Rue - 52360 - PLESNOY"},{"text":"POINSENOT","href":"./52/poinsenot.html","phone":"03 25 84 23 95","email":"mairiepoinsenot@orange.fr","population":"52 habitants","website":"","townhallAdress":"Rue Champagne - 52160 - POINSENOT"},{"text":"POINSON LES FAYL","href":"./52/poinson-les-fayl.html","phone":"03 25 88 00 92","email":"mairie.poinson_les_fayl@cegetel.net","population":"206 habitants","website":"","townhallAdress":"2 place de la Mairie - 52500 - POINSON-LES-FAYL"},{"text":"POINSON LES GRANCEY","href":"./52/poinson-les-grancey.html","phone":"03 25 88 04 48","email":"mairie.poinsonlesgrancey@corio.fr","population":"64 habitants","website":"","townhallAdress":"Grande Rue - 52160 - POINSON-LES-GRANCEY"},{"text":"POINSON LES NOGENT","href":"./52/poinson-les-nogent.html","phone":"03 25 32 24 97","email":"mairie.poinsonlesnogent@viveole.com","population":"155 habitants","website":"","townhallAdress":"Rue de l'Eglise - 52800 - POINSON-LES-NOGENT"},{"text":"POISEUL","href":"./52/poiseul.html","phone":"03 25 84 06 64","email":"mairie.poiseul@nordnet.fr","population":"76 habitants","website":"","townhallAdress":"Grande Rue - 52360 - POISEUL"},{"text":"POISSONS","href":"./52/poissons.html","phone":"03 25 94 51 78","email":"mairie@poissons52.fr","population":"750 habitants","website":"","townhallAdress":"11 rue Saint Amand - 52230 - POISSONS"},{"text":"PONT LA VILLE","href":"./52/pont-la-ville.html","phone":"03 25 32 90 61","email":"mairiepontlaville@wanadoo.fr","population":"153 habitants","website":"","townhallAdress":"8 place Eugéne Pocard - 52120 - PONT-LA-VILLE"},{"text":"POULANGY","href":"./52/poulangy.html","phone":"03 25 31 10 39","email":"mairie-poulangy@wanadoo.fr","population":"409 habitants","website":"","townhallAdress":"Place de la Mairie - 52800 - POULANGY"},{"text":"PRASLAY","href":"./52/praslay.html","phone":"03 25 84 81 44","email":"mairie-de-praslay@wanadoo.fr","population":"69 habitants","website":"","townhallAdress":"Rue de la Mairie - 52160 - PRASLAY"},{"text":"PRAUTHOY","href":"./52/prauthoy.html","phone":"03 25 88 32 23","email":"mairie.prauthoy@wanadoo.fr","population":"519 habitants","website":"","townhallAdress":"Rue de la Fontaine - 52190 - PRAUTHOY"},{"text":"PRESSIGNY","href":"./52/pressigny.html","phone":"03 25 88 75 74","email":"mairie-pressigny-52@wanadoo.fr","population":"244 habitants","website":"","townhallAdress":"Rue de la Mairie - 52500 - PRESSIGNY"},{"text":"PREZ SOUS LAFAUCHE","href":"./52/prez-sous-lafauche.html","phone":"03 25 31 55 03","email":"mairie.prezsouslafauche@wanadoo.fr","population":"350 habitants","website":"","townhallAdress":"11 route Nationale - 52700 - PREZ-SOUS-LAFAUCHE"},{"text":"PUELLEMONTIER","href":"./52/puellemontier.html","phone":"03 25 04 62 36","email":"mairiepuell@orange.fr","population":"207 habitants","website":"","townhallAdress":"Rue de l'Eglise - 52220 - PUELLEMONTIER"},{"text":"RACHECOURT SUR MARNE","href":"./52/rachecourt-sur-marne.html","phone":"03 25 04 40 55","email":"mairierachecourt.s.m@wanadoo.fr","population":"853 habitants","website":"","townhallAdress":"65 avenue de Belgique - 52170 - RACHECOURT-SUR-MARNE"},{"text":"RACHECOURT SUZEMONT","href":"./52/rachecourt-suzemont.html","phone":"03 25 04 49 69","email":"rachecourtsuzemont@orange.fr","population":"109 habitants","website":"","townhallAdress":"Grande Rue - 52130 - RACHECOURT-SUZEMONT"},{"text":"RANCONNIERES","href":"./52/ranconnieres.html","phone":"03 25 90 63 39","email":"mairie.ranconniere@wanadoo.fr","population":"115 habitants","website":"","townhallAdress":"12 rue de la Libération - 52140 - RANCONNIERES"},{"text":"RANGECOURT","href":"./52/rangecourt.html","phone":"03 25 90 76 37","email":"mairie.rangecourt@wanadoo.fr","population":"77 habitants","website":"","townhallAdress":"Rue Viot - 52140 - RANGECOURT"},{"text":"RENNEPONT","href":"./52/rennepont.html","phone":"03 25 31 42 22","email":"mairie.de.rennepont@orange.fr","population":"184 habitants","website":"","townhallAdress":"Rue Derrière l'Eglise - 52370 - RENNEPONT"},{"text":"REYNEL","href":"./52/reynel.html","phone":"03 25 01 34 76","email":"mairie-reynel52@orange.fr","population":"135 habitants","website":"","townhallAdress":"Grande Rue - 52700 - REYNEL"},{"text":"RIAUCOURT","href":"./52/riaucourt.html","phone":"03 25 01 49 32","email":"mairie-riaucourt@wanadoo.fr","population":"491 habitants","website":"","townhallAdress":"Grande Rue - 52000 - RIAUCOURT"},{"text":"RICHEBOURG","href":"./52/richebourg.html","phone":"03 25 32 03 83","email":"richebourg52@wanadoo.fr","population":"285 habitants","website":"","townhallAdress":"2 place de la Mairie - 52120 - RICHEBOURG"},{"text":"RIMAUCOURT","href":"./52/rimaucourt.html","phone":"03 25 01 35 65","email":"communederimaucourt@wanadoo.fr","population":"780 habitants","website":"","townhallAdress":"1 rue du 14 Juillet - 52700 - RIMAUCOURT"},{"text":"RIVIERE LES FOSSES","href":"./52/riviere-les-fosses.html","phone":"03 25 84 85 11","email":"mairie.rivierelesfosses@wanadoo.fr","population":"228 habitants","website":"","townhallAdress":"Rue Charrières - 52190 - RIVIERE-LES-FOSSES"},{"text":"RIVIERES LE BOIS","href":"./52/rivieres-le-bois.html","phone":"03 25 90 77 12","email":"mairiederiviereslebois@wanadoo.fr","population":"64 habitants","website":"","townhallAdress":"Impasse Coin - 52600 - RIVIERES-LE-BOIS"},{"text":"RIZAUCOURT BUCHEY","href":"./52/rizaucourt-buchey.html","phone":"03 25 01 52 87","email":"commune-de-rizaucourt-buchey@wanadoo.fr","population":"121 habitants","website":"","townhallAdress":"Ruelle de la Mairie - 52330 - RIZAUCOURT-BUCHEY"},{"text":"ROBERT MAGNY LANEUVILLE A REMY","href":"./52/robert-magny-laneuville-a-remy.html","phone":"03 25 04 20 88","email":"mairie.de.robert.magny@orange.fr","population":"286 habitants","website":"","townhallAdress":"1 rue Saint Barthélémy - 52220 - ROBERT-MAGNY-LANEUVILLE-A-REMY"},{"text":"ROCHEFORT SUR LA COTE","href":"./52/rochefort-sur-la-cote.html","phone":"03 25 31 52 57","email":"","population":"67 habitants","website":"","townhallAdress":"Grande Rue - 52700 - ROCHEFORT-SUR-LA-COTE"},{"text":"ROCHES BETTAINCOURT","href":"./52/roches-bettaincourt.html","phone":"03 25 01 30 33","email":"mairie-roches-bettaincourt@9business.fr","population":"638 habitants","website":"","townhallAdress":"45 avenue de Verdun - 52270 - ROCHES-BETTAINCOURT"},{"text":"ROCHES SUR MARNE","href":"./52/roches-sur-marne.html","phone":"03 25 55 59 90","email":"mairie.rochessurmarne@wanadoo.fr","population":"614 habitants","website":"","townhallAdress":"Rue Auguste Peschaud - 52410 - ROCHES-SUR-MARNE"},{"text":"ROCHETAILLEE","href":"./52/rochetaillee.html","phone":"03 25 84 41 67","email":"m.rochetaillee@laposte.net","population":"152 habitants","website":"","townhallAdress":"Rue Haute - 52210 - ROCHETAILLEE"},{"text":"ROLAMPONT","href":"./52/rolampont.html","phone":"03 25 84 71 28","email":"rolampont@online.fr","population":"1644 habitants","website":"","townhallAdress":"Place de la Mairie - 52260 - ROLAMPONT"},{"text":"ROMAIN SUR MEUSE","href":"./52/romain-sur-meuse.html","phone":"03 25 01 10 77","email":"mairie.romainsurmeuse@wanadoo.fr","population":"136 habitants","website":"","townhallAdress":"Chemin départemental 119 - 52150 - ROMAIN-SUR-MEUSE"},{"text":"ROUECOURT","href":"./52/rouecourt.html","phone":"03 25 02 01 68","email":"mairie.rouecourt@wanadoo.fr","population":"55 habitants","website":"","townhallAdress":"2 rue de l'Eglise - 52320 - ROUECOURT"},{"text":"ROUELLES","href":"./52/rouelles.html","phone":"","email":"","population":"36 habitants","website":"","townhallAdress":"Mairie - 52160 - ROUELLES"},{"text":"ROUGEUX","href":"./52/rougeux.html","phone":"03 25 88 70 98","email":"mairie.rougeux@wanadoo.fr","population":"140 habitants","website":"","townhallAdress":"Rue de la Mairie - 52500 - ROUGEUX"},{"text":"ROUVRES SUR AUBE","href":"./52/rouvres-sur-aube.html","phone":"03 25 84 22 13","email":"mairie-de-rouvres-sur-aube@wanadoo.fr","population":"104 habitants","website":"","townhallAdress":"Grande Rue - 52160 - ROUVRES-SUR-AUBE"},{"text":"ROUVROY SUR MARNE","href":"./52/rouvroy-sur-marne.html","phone":"03 25 94 75 69","email":"mairie.rouvroy52@wanadoo.fr","population":"367 habitants","website":"","townhallAdress":"1 rue des Marronniers - 52300 - ROUVROY-SUR-MARNE"},{"text":"RUPT","href":"./52/rupt.html","phone":"03 25 94 04 80","email":"rupt52.mairie@wanadoo.fr","population":"317 habitants","website":"","townhallAdress":"Rue de l'Eglise - 52300 - RUPT"},{"text":"SAILLY","href":"./52/sailly.html","phone":"03 25 55 79 78","email":"mairie@sailly.fr","population":"51 habitants","website":"","townhallAdress":"Rue Principale - 52230 - SAILLY"},{"text":"SAINT BLIN","href":"./52/saint-blin.html","phone":"03 25 02 20 15","email":"mairie.stblin@wanadoo.fr","population":"387 habitants","website":"","townhallAdress":"13 rue de l'Hôtel de Ville - 52700 - SAINT-BLIN"},{"text":"SAINT BROINGT LE BOIS","href":"./52/saint-broingt-le-bois.html","phone":"03 25 87 62 77","email":"sivom-resaigne@wanadoo.fr","population":"126 habitants","website":"","townhallAdress":"5 rue Seigniere - 52190 - SAINT-BROINGT-LE-BOIS"},{"text":"SAINT BROINGT LES FOSSES","href":"./52/saint-broingt-les-fosses.html","phone":"03 25 90 00 52","email":"saintbroingtlesfosses.mairie@sfr.fr","population":"199 habitants","website":"","townhallAdress":"Place de La Fontaine - 52190 - SAINT-BROINGT-LES-FOSSES"},{"text":"SAINT CIERGUES","href":"./52/saint-ciergues.html","phone":"03 25 87 58 57","email":"mairie.saint.ciergues@wanadoo.fr","population":"179 habitants","website":"","townhallAdress":"6 rue de la Mairie - 52200 - SAINT-CIERGUES"},{"text":"SAINT DIZIER","href":"./52/saint-dizier.html","phone":"03 25 07 31 31","email":"f2dehebouville@mairie-stdizier.fr","population":"27912 habitants","website":"","townhallAdress":"Place Aristide Briand - 52115 - SAINT-DIZIER"},{"text":"SAINT LOUP SUR AUJON","href":"./52/saint-loup-sur-aujon.html","phone":"03 25 87 26 15","email":"mairie.saintloup@hotmail.fr","population":"165 habitants","website":"","townhallAdress":"Route Courcelles - 52210 - SAINT-LOUP-SUR-AUJON"},{"text":"SAINT MARTIN LES LANGRES","href":"./52/saint-martin-les-langres.html","phone":"03 25 87 37 36","email":"mairie.st.martin.les.langres@wanadoo.fr","population":"74 habitants","website":"","townhallAdress":"Haut du Village - 52200 - SAINT-MARTIN-LES-LANGRES"},{"text":"SAINT MAURICE","href":"./52/saint-maurice.html","phone":"03 25 87 61 15","email":"mairie.stmaurice@wanadoo.fr","population":"138 habitants","website":"","townhallAdress":"Rue Ement - 52200 - SAINT-MAURICE"},{"text":"SAINTS GEOSMES","href":"./52/saints-geosmes.html","phone":"03 25 87 03 37","email":"mairie.saints.geosmes@wanadoo.fr","population":"1005 habitants","website":"","townhallAdress":"11 route Auberive - 52200 - SAINTS-GEOSMES"},{"text":"SAINT THIEBAULT","href":"./52/saint-thiebault.html","phone":"03 25 01 13 65","email":"mairie.saintthiebault@wanadoo.fr","population":"304 habitants","website":"","townhallAdress":"Place de la Liberté - 52150 - SAINT-THIEBAULT"},{"text":"SAINT URBAIN MACONCOURT","href":"./52/saint-urbain-maconcourt.html","phone":"03 25 94 32 89","email":"mairie.sturbain-maconcourt@wanadoo.fr","population":"658 habitants","website":"","townhallAdress":"Rue de l'Eglise - 52300 - SAINT-URBAIN-MACONCOURT"},{"text":"SAINT VALLIER SUR MARNE","href":"./52/saint-vallier-sur-marne.html","phone":"03 25 87 49 32","email":"mairie.stvallier@wanadoo.fr","population":"187 habitants","website":"","townhallAdress":"Place de l'Eglise - 52200 - SAINT-VALLIER-SUR-MARNE"},{"text":"SARCEY","href":"./52/sarcey.html","phone":"03 25 31 60 51","email":"mairie.sarcey@wanadoo.fr","population":"113 habitants","website":"","townhallAdress":"Rue du Château - 52800 - SARCEY"},{"text":"SARREY","href":"./52/sarrey.html","phone":"03 25 90 37 39","email":"mairie.de.sarrey@wanadoo.fr","population":"381 habitants","website":"","townhallAdress":"3 rue du Pont - 52140 - SARREY"},{"text":"SAUDRON","href":"./52/saudron.html","phone":"03 25 94 95 52","email":"mairiedesaudron@wanadoo.fr","population":"40 habitants","website":"","townhallAdress":"Chemin Echenay - 52230 - SAUDRON"},{"text":"SAULLES","href":"./52/saulles.html","phone":"03 25 84 08 36","email":"mairiedesaulles@wanadoo.fr","population":"53 habitants","website":"","townhallAdress":"Route Frettes - 52500 - SAULLES"},{"text":"SAVIGNY","href":"./52/savigny.html","phone":"03 25 88 06 50","email":"mairie-de-savigny@wanadoo.fr","population":"56 habitants","website":"","townhallAdress":"1 rue Antoine Aubert - 52500 - SAVIGNY"},{"text":"SEMILLY","href":"./52/semilly.html","phone":"03 25 02 91 82","email":"mairiesemilly@orange.fr","population":"99 habitants","website":"","townhallAdress":"Rue Clinchamp - 52700 - SEMILLY"},{"text":"SEMOUTIERS MONTSAON","href":"./52/semoutiers-montsaon.html","phone":"03 25 31 04 44","email":"mairie.semoutiers@wanadoo.fr","population":"884 habitants","website":"","townhallAdress":"2 rue de Neuilly - 52000 - SEMOUTIERS-MONTSAON"},{"text":"SERQUEUX","href":"./52/serqueux.html","phone":"03 25 90 05 45","email":"mairieserqueux@wanadoo.fr","population":"478 habitants","website":"","townhallAdress":"1 place de l'Eglise - 52400 - SERQUEUX"},{"text":"SEXFONTAINES","href":"./52/sexfontaines.html","phone":"03 25 01 29 85","email":"mairie.sexfontaines@wanadoo.fr","population":"109 habitants","website":"","townhallAdress":"Grande Rue - 52330 - SEXFONTAINES"},{"text":"SIGNEVILLE","href":"./52/signeville.html","phone":"03 25 01 05 06","email":"mairie.signeville@wanadoo.fr","population":"101 habitants","website":"","townhallAdress":"Rue de l'Eglise - 52700 - SIGNEVILLE"},{"text":"SILVAROUVRES","href":"./52/silvarouvres.html","phone":"03 25 02 57 94","email":"mairie.silvarouvres@wanadoo.fr","population":"49 habitants","website":"","townhallAdress":"Grande Rue - 52120 - SILVAROUVRES"},{"text":"SOMMANCOURT","href":"./52/sommancourt.html","phone":"03 25 55 91 95","email":"commune.de.sommancourt@wanadoo.fr","population":"53 habitants","website":"","townhallAdress":"Grande Rue - 52130 - SOMMANCOURT"},{"text":"SOMMERECOURT","href":"./52/sommerecourt.html","phone":"03 25 01 71 07","email":"","population":"88 habitants","website":"","townhallAdress":"14 rue du Souvenir - 52150 - SOMMERECOURT"},{"text":"SOMMEVOIRE","href":"./52/sommevoire.html","phone":null,"email":null,"population":null,"website":null,"townhallAdress":null},{"text":"SONCOURT SUR MARNE","href":"./52/soncourt-sur-marne.html","phone":"03 25 02 44 92","email":"mairie.soncourt@wanadoo.fr","population":"418 habitants","website":"","townhallAdress":"2 rue de la Mairie - 52320 - SONCOURT-SUR-MARNE"},{"text":"SOULAUCOURT SUR MOUZON","href":"./52/soulaucourt-sur-mouzon.html","phone":"03 25 01 70 30","email":"commune.soulaucourt-sur-mouzon@orange.fr","population":"105 habitants","website":"","townhallAdress":"Rue Principale - 52150 - SOULAUCOURT-SUR-MOUZON"},{"text":"SOYERS","href":"./52/soyers.html","phone":"03 25 88 02 74","email":"mairie.soyers@wanadoo.fr","population":"79 habitants","website":"","townhallAdress":"47 rue Saint Valbert - 52400 - SOYERS"},{"text":"SUZANNECOURT","href":"./52/suzannecourt.html","phone":"03 25 94 67 81","email":"Mairie.Suzannecourt@wanadoo.fr","population":"367 habitants","website":"","townhallAdress":"Rue des Ecoles - 52300 - SUZANNECOURT"},{"text":"TERNAT","href":"./52/ternat.html","phone":"03 25 87 63 80","email":"mairieternat@wanadoo.fr","population":"58 habitants","website":"","townhallAdress":"Rue Saint Claude - 52210 - TERNAT"},{"text":"TERRE NATALE","href":"./52/terre-natale.html","phone":"03 25 88 83 29","email":"mairie-de-terre-natale@wanadoo.fr","population":"391 habitants","website":"","townhallAdress":"1 place de la Mairie - 52400 - TERRE-NATALE"},{"text":"THILLEUX","href":"./52/thilleux.html","phone":"03 25 04 68 91","email":"mairie.thilleux52@wanadoo.fr","population":"92 habitants","website":"","townhallAdress":"Rue Bois Lassus - 52220 - THILLEUX"},{"text":"THIVET","href":"./52/thivet.html","phone":"03 25 31 28 03","email":"mairie-de-thivet@wanadoo.fr","population":"302 habitants","website":"","townhallAdress":"16 rue des Lettres - 52800 - THIVET"},{"text":"THOL LES MILLIERES","href":"./52/thol-les-millieres.html","phone":"03 25 31 21 78","email":"mairie-thollesmilleres@nordnet.fr","population":"39 habitants","website":"","townhallAdress":"Rue En Haut - 52240 - THOL-LES-MILLIERES"},{"text":"THONNANCE LES JOINVILLE","href":"./52/thonnance-les-joinville.html","phone":"03 25 94 02 07","email":"mairie.thonnanceles-join@wanadoo.fr","population":"844 habitants","website":"","townhallAdress":"86 rue Général de Gaulle - 52300 - THONNANCE-LES-JOINVILLE"},{"text":"THONNANCE LES MOULINS","href":"./52/thonnance-les-moulins.html","phone":"03 25 94 51 31","email":"mairie.thonnancelesmoulins@wanadoo.fr","population":"121 habitants","website":"","townhallAdress":"Grande Rue - 52230 - THONNANCE-LES-MOULINS"},{"text":"TORCENAY","href":"./52/torcenay.html","phone":"03 25 88 52 26","email":"mairie-torcenay@wanadoo.fr","population":"537 habitants","website":"","townhallAdress":"7 place de la Mairie - 52600 - TORCENAY"},{"text":"TORNAY","href":"./52/tornay.html","phone":"03 25 88 71 58","email":"mairie.tornay@wanadoo.fr","population":"47 habitants","website":"","townhallAdress":"Grande Rue - 52500 - TORNAY"},{"text":"TREIX","href":"./52/treix.html","phone":"03 25 02 04 36","email":"mairie-treix@wanadoo.fr","population":"249 habitants","website":"","townhallAdress":"28 rue Principale - 52000 - TREIX"},{"text":"TROISFONTAINES LA VILLE","href":"./52/troisfontaines-la-ville.html","phone":"03 25 55 99 30","email":"mairie.troisfontainelaville@orange.fr","population":"391 habitants","website":"","townhallAdress":"Grand Rue - 52130 - TROISFONTAINES-LA-VILLE"},{"text":"VAILLANT","href":"./52/vaillant.html","phone":"03 25 84 29 91","email":"mairie.vaillant@wanadoo.fr","population":"60 habitants","website":"","townhallAdress":"Grande Rue - 52160 - VAILLANT"},{"text":"VALCOURT","href":"./52/valcourt.html","phone":"03 25 05 05 72","email":"commune-valcourt@wanadoo.fr","population":"665 habitants","website":"","townhallAdress":"2 rue Hoericourt - 52100 - VALCOURT"},{"text":"VAL DE MEUSE","href":"./52/val-de-meuse.html","phone":"03 25 90 31 50","email":"mairie.val.de.meuse@wanadoo.fr","population":"2243 habitants","website":"","townhallAdress":"Place de l'Hôtel de ville - BP 13 - 52140 - VAL-DE-MEUSE"},{"text":"VALLERET","href":"./52/valleret.html","phone":"03 25 04 90 54","email":"le-maire0122@orange.fr","population":"53 habitants","website":"","townhallAdress":"Grande Rue - 52130 - VALLERET"},{"text":"VALLEROY","href":"./52/valleroy.html","phone":"03 25 88 75 70","email":"mairie.valleroy@gmail.com","population":"30 habitants","website":"","townhallAdress":"4 rue de la Côte - 52500 - VALLEROY"},{"text":"VALS DES TILLES","href":"./52/vals-des-tilles.html","phone":"03 25 84 23 54","email":"valsdestilles@numeo.fr","population":"163 habitants","website":"","townhallAdress":"Mairie - 52160 - VALS-DES-TILLES"},{"text":"VAUDRECOURT","href":"./52/vaudrecourt.html","phone":"03 25 01 74 41","email":"mairie.vaudrecourt@wanadoo.fr","population":"37 habitants","website":"","townhallAdress":"Rue Principale - 52150 - VAUDRECOURT"},{"text":"VAUDREMONT","href":"./52/vaudremont.html","phone":"03 25 31 42 83","email":"mairie.vaudremont@orange.fr","population":"114 habitants","website":"","townhallAdress":"Grande Rue - 52330 - VAUDREMONT"},{"text":"VAUXBONS","href":"./52/vauxbons.html","phone":"03 25 90 22 26","email":"mairie.vauxbons@numeo.fr","population":"63 habitants","website":"","townhallAdress":"Chemin départemental 288 - 52200 - VAUXBONS"},{"text":"VAUX SOUS AUBIGNY","href":"./52/vaux-sous-aubigny.html","phone":"03 25 88 30 41","email":"mairie.vauxsousaubigny@wanadoo.fr","population":"687 habitants","website":"","townhallAdress":"20 rue de Verdun - 52190 - VAUX-SOUS-AUBIGNY"},{"text":"VAUX SUR BLAISE","href":"./52/vaux-sur-blaise.html","phone":"03 25 55 92 21","email":"communevauxsurblaise@wanadoo.fr","population":"410 habitants","website":"","townhallAdress":"Place de la Mairie - 52130 - VAUX-SUR-BLAISE"},{"text":"VAUX SUR SAINT URBAIN","href":"./52/vaux-sur-saint-urbain.html","phone":"03 25 94 64 48","email":"info@vauxsursainturbain.com","population":"55 habitants","website":"","townhallAdress":"Grande Rue - 52300 - VAUX-SUR-SAINT-URBAIN"},{"text":"VECQUEVILLE","href":"./52/vecqueville.html","phone":"03 25 94 01 41","email":"mairiedevecqueville@wanadoo.fr","population":"645 habitants","website":"","townhallAdress":"4 place Georges Pompidou - 52300 - VECQUEVILLE"},{"text":"VELLES","href":"./52/velles.html","phone":"03 25 84 72 46","email":"mairie.velles52500@orange.fr","population":"87 habitants","website":"","townhallAdress":"Mairie - 52500 - VELLES"},{"text":"VERBIESLES","href":"./52/verbiesles.html","phone":"03 25 31 14 32","email":"mairie.verbiesles@wanadoo.fr","population":"297 habitants","website":"","townhallAdress":"2 rue de Marne - 52000 - VERBIESLES"},{"text":"VERSEILLES LE BAS","href":"./52/verseilles-le-bas.html","phone":"03 25 87 29 60","email":"mairie.verseilleslebas@wanadoo.fr","population":"108 habitants","website":"","townhallAdress":"1Bis rue de l'Eglise - 52250 - VERSEILLES-LE-BAS"},{"text":"VERSEILLES LE HAUT","href":"./52/verseilles-le-haut.html","phone":"","email":"","population":"52 habitants","website":"","townhallAdress":"Mairie - 52250 - VERSEILLES-LE-HAUT"},{"text":"VESAIGNES SOUS LAFAUCHE","href":"./52/vesaignes-sous-lafauche.html","phone":"03 25 02 82 17","email":"","population":"137 habitants","website":"","townhallAdress":"Rue de la Croix Rouge - 52700 - VESAIGNES-SOUS-LAFAUCHE"},{"text":"VESAIGNES SUR MARNE","href":"./52/vesaignes-sur-marne.html","phone":"03 25 32 29 90","email":"mairie-vesaignessurmarne@wanadoo.fr","population":"132 habitants","website":"","townhallAdress":"Place de la Mairie - 52800 - VESAIGNES-SUR-MARNE"},{"text":"VESVRES SOUS CHALANCEY","href":"./52/vesvres-sous-chalancey.html","phone":"03 25 84 25 78","email":"mairie.vesvressouschalancey@wanadoo.fr","population":"57 habitants","website":"","townhallAdress":"Grande Rue - 52190 - VESVRES-SOUS-CHALANCEY"},{"text":"VICQ","href":"./52/vicq.html","phone":"03 25 90 62 37","email":"mairie-vicq@wanadoo.fr","population":"180 habitants","website":"","townhallAdress":"Place de la Mairie - 52400 - VICQ"},{"text":"VIEVILLE","href":"./52/vieville.html","phone":"03 25 01 48 59","email":"mairie.vieville@laposte.net","population":"325 habitants","website":"","townhallAdress":"Place de Verdun - 52310 - VIEVILLE"},{"text":"VIGNES LA COTE","href":"./52/vignes-la-cote.html","phone":"03 25 03 76 33","email":"thomas.francis@orange.fr","population":"54 habitants","website":"","townhallAdress":"Grande Rue - 52700 - VIGNES-LA-COTE"},{"text":"VIGNORY","href":"./52/vignory.html","phone":"03 25 02 44 53","email":"commune.de.vignory@wanadoo.fr","population":"303 habitants","website":"","townhallAdress":"Rue Général Leclerc - 52320 - VIGNORY"},{"text":"VILLARS EN AZOIS","href":"./52/villars-en-azois.html","phone":"03 25 02 78 09","email":"mairie.villars-en-azois@wanadoo.fr","population":"77 habitants","website":"","townhallAdress":"Rue du Tertre - 52120 - VILLARS-EN-AZOIS"},{"text":"VILLARS SANTENOGE","href":"./52/villars-santenoge.html","phone":"03 25 84 24 03","email":"mairie.villars-santenoge@wanadoo.fr","population":"107 habitants","website":"","townhallAdress":"Rue Principale Santenoge - 52160 - VILLARS-SANTENOGE"},{"text":"VILLE EN BLAISOIS","href":"./52/ville-en-blaisois.html","phone":"03 25 55 62 77","email":"","population":"180 habitants","website":"","townhallAdress":"Rue Grand Mont - 52130 - VILLE-EN-BLAISOIS"},{"text":"VILLEGUSIEN LE LAC","href":"./52/villegusien-le-lac.html","phone":"03 25 88 47 25","email":"mairie.villegusienlelac@wanadoo.fr","population":"738 habitants","website":"","townhallAdress":"Rue de l'Eglise - 52190 - VILLEGUSIEN-LE-LAC"},{"text":"VILLIERS EN LIEU","href":"./52/villiers-en-lieu.html","phone":"03 25 05 42 17","email":"com.villiers-en-lieu52@wanadoo.fr","population":"1619 habitants","website":"","townhallAdress":"Place de la Mairie - 52100 - VILLIERS-EN-LIEU"},{"text":"VILLIERS LES APREY","href":"./52/villiers-les-aprey.html","phone":"03 25 88 02 48","email":"mairie.villiers-les-aprey@orange.fr","population":"35 habitants","website":"","townhallAdress":"Rue de l'Eglise - 52190 - VILLIERS-LES-APREY"},{"text":"VILLIERS LE SEC","href":"./52/villiers-le-sec.html","phone":"03 25 03 25 11","email":"mairie.villierslesec52@wanadoo.fr","population":"619 habitants","website":"","townhallAdress":"32 Grande Rue - 52000 - VILLIERS-LE-SEC"},{"text":"VILLIERS SUR SUIZE","href":"./52/villiers-sur-suize.html","phone":"03 25 31 22 23","email":"mairie.villierssursuize@wanadoo.fr","population":"244 habitants","website":"","townhallAdress":"Rue Léon Mougeot - 52210 - VILLIERS-SUR-SUIZE"},{"text":"VIOLOT","href":"./52/violot.html","phone":"03 25 88 01 92","email":"","population":"86 habitants","website":"","townhallAdress":"Grande Rue - 52600 - VIOLOT"},{"text":"VITRY EN MONTAGNE","href":"./52/vitry-en-montagne.html","phone":"03 25 87 58 02","email":"vitry-en-montagne@wanadoo.fr","population":"40 habitants","website":"","townhallAdress":"Grande Rue - 52160 - VITRY-EN-MONTAGNE"},{"text":"VITRY LES NOGENT","href":"./52/vitry-les-nogent.html","phone":"03 25 31 85 78","email":"mairie.vitrylesnogent@wanadoo.fr","population":"171 habitants","website":"","townhallAdress":"Place Marcellin Bachelard - 52800 - VITRY-LES-NOGENT"},{"text":"VIVEY","href":"./52/vivey.html","phone":"03 25 84 81 97","email":"commune-de-vivey@orange.fr","population":"60 habitants","website":"","townhallAdress":"Rue Haute - 52160 - VIVEY"},{"text":"VOILLECOMTE","href":"./52/voillecomte.html","phone":"03 25 55 96 06","email":"communevoillecomte@wanadoo.fr","population":"472 habitants","website":"","townhallAdress":"1 rue Croix - 52130 - VOILLECOMTE"},{"text":"VOISEY","href":"./52/voisey.html","phone":"03 25 90 72 49","email":"mairie.voisey@wanadoo.fr","population":"375 habitants","website":"","townhallAdress":"2 place Lamartine - 52400 - VOISEY"},{"text":"VOISINES","href":"./52/voisines.html","phone":"03 25 90 31 64","email":"mairievoisines@wanadoo.fr","population":"97 habitants","website":"","townhallAdress":"Rue Enverse - 52200 - VOISINES"},{"text":"VONCOURT","href":"./52/voncourt.html","phone":"03 25 88 26 30","email":"mairie.voncourt@wanadoo.fr","population":"21 habitants","website":"","townhallAdress":"8 rue de la Mairie - 52500 - VONCOURT"},{"text":"VOUECOURT","href":"./52/vouecourt.html","phone":"03 25 02 44 46","email":"mairie.vouecourt@bbox.fr","population":"237 habitants","website":"","townhallAdress":"2 rue de Verdun - 52320 - VOUECOURT"},{"text":"VRAINCOURT","href":"./52/vraincourt.html","phone":"03 25 01 45 27","email":"mairie.vraincourt@wanadoo.fr","population":"97 habitants","website":"","townhallAdress":"1 rue de l'Ecole - 52310 - VRAINCOURT"},{"text":"VRONCOURT LA COTE","href":"./52/vroncourt-la-cote.html","phone":"","email":"","population":"25 habitants","website":"","townhallAdress":"Mairie - 52240 - VRONCOURT-LA-COTE"},{"text":"WASSY","href":"./52/wassy.html","phone":"03 25 55 31 90","email":"mairie.wassy@wanadoo.fr","population":"3229 habitants","website":"","townhallAdress":"Rue Notre Dame - 52130 - WASSY"}]}