{"text":"87 | Haute-Vienne","href":"haute-vienne.html","townships":[{"text":"AIXE SUR VIENNE","href":"./87/aixe-sur-vienne.html","phone":"05 55 70 77 00","email":"a-dumas@mairie-aixesurvienne.fr","population":"5608 habitants","website":"","townhallAdress":"44 avenue du Président Wilson - 87700 - AIXE-SUR-VIENNE"},{"text":"AMBAZAC","href":"./87/ambazac.html","phone":"05 55 56 61 45","email":"secretariat@mairie-ambazac.fr","population":"5350 habitants","website":"","townhallAdress":"Place de l'Hôtel de Ville - 87240 - AMBAZAC"},{"text":"ARNAC LA POSTE","href":"./87/arnac-la-poste.html","phone":"05 55 76 81 30","email":"mairiearnaclaposte2@wanadoo.fr","population":"1045 habitants","website":"","townhallAdress":"2 place Champ de Foire - 87160 - ARNAC-LA-POSTE"},{"text":"AUGNE","href":"./87/augne.html","phone":"05 55 69 16 22","email":"mairie.augne@wanadoo.fr","population":"113 habitants","website":"","townhallAdress":"Le Bourg - 87120 - AUGNE"},{"text":"AUREIL","href":"./87/aureil.html","phone":"05 55 00 28 11","email":"mairie.aureil@wanadoo.fr","population":"865 habitants","website":"","townhallAdress":"Le Bourg - 87220 - AUREIL"},{"text":"AZAT LE RIS","href":"./87/azat-le-ris.html","phone":"05 55 68 21 58","email":"mairie.azat@wanadoo.fr","population":"286 habitants","website":"","townhallAdress":"23 rue du pré du moulin - 87360 - AZAT-LE-RIS"},{"text":"BALLEDENT","href":"./87/balledent.html","phone":"05 55 68 11 51","email":"mairieballedent@wanadoo.fr","population":"214 habitants","website":"","townhallAdress":"Le Bourg - 87290 - BALLEDENT"},{"text":"BEAUMONT DU LAC","href":"./87/beaumont-du-lac.html","phone":"05 55 69 15 62","email":"mairie.beaumontdulac@wanadoo.fr","population":"161 habitants","website":"","townhallAdress":"Le Bourg - 87120 - BEAUMONT-DU-LAC"},{"text":"BELLAC","href":"./87/bellac.html","phone":"05 55 68 10 61","email":"bellac@mairie-bellac.fr","population":"4642 habitants","website":"","townhallAdress":"14 place de la République - 87300 - BELLAC"},{"text":"BERNEUIL","href":"./87/berneuil.html","phone":"05 55 68 08 03","email":"mairieberneuil@wanadoo.fr","population":"427 habitants","website":"","townhallAdress":"2 route de Poitiers - 87300 - BERNEUIL"},{"text":"BERSAC SUR RIVALIER","href":"./87/bersac-sur-rivalier.html","phone":"05 55 71 43 69","email":"mairiebersac@wanadoo.fr","population":"633 habitants","website":"","townhallAdress":"Le Bourg - 87370 - BERSAC-SUR-RIVALIER"},{"text":"BESSINES SUR GARTEMPE","href":"./87/bessines-sur-gartempe.html","phone":"05 55 76 05 09","email":"commune.de.bessines@wanadoo.fr","population":"2977 habitants","website":"","townhallAdress":"1 place de la Liberté - 87250 - BESSINES-SUR-GARTEMPE"},{"text":"BEYNAC","href":"./87/beynac.html","phone":"05 55 70 24 92","email":"beynac.mairie@wanadoo.fr","population":"694 habitants","website":"","townhallAdress":"11 rue de la Mairie - 87700 - BEYNAC"},{"text":"BLANZAC","href":"./87/blanzac.html","phone":"05 55 68 10 04","email":"mairie.blanzac@gmail.com","population":"463 habitants","website":"","townhallAdress":"Le Bourg - 87300 - BLANZAC"},{"text":"BLOND","href":"./87/blond.html","phone":"05 55 68 14 02","email":"","population":"763 habitants","website":"","townhallAdress":"2 rue du 7 Août 1944 - 87300 - BLOND"},{"text":"BOISSEUIL","href":"./87/boisseuil.html","phone":"05 55 06 91 06","email":"boisseuilnet@wanadoo.fr","population":"2545 habitants","website":"","townhallAdress":"Le Bourg - 87220 - BOISSEUIL"},{"text":"BONNAC LA COTE","href":"./87/bonnac-la-cote.html","phone":"05 55 39 93 01","email":"mairie.bonnac@wanadoo.fr","population":"1441 habitants","website":"","townhallAdress":"10 rue Mazelle - 87270 - BONNAC-LA-COTE"},{"text":"BOSMIE L AIGUILLE","href":"./87/bosmie-l-aiguille.html","phone":"05 55 39 00 49","email":"secretariat@mairie-bosmie.fr","population":"2322 habitants","website":"","townhallAdress":"Boucheron - 87110 - BOSMIE-L'AIGUILLE"},{"text":"BREUILAUFA","href":"./87/breuilaufa.html","phone":"05 55 53 30 90","email":"mairie.breuilaufa@wanadoo.fr","population":"146 habitants","website":"","townhallAdress":"30 rue Saint Jean - 87300 - BREUILAUFA"},{"text":"BUJALEUF","href":"./87/bujaleuf.html","phone":"05 55 69 50 04","email":"mairie@bujaleuf.fr","population":"914 habitants","website":"","townhallAdress":"1 place de la Mairie - 87460 - BUJALEUF"},{"text":"BURGNAC","href":"./87/burgnac.html","phone":"05 55 58 11 52","email":"mairie.burgnac@wanadoo.fr","population":"728 habitants","website":"","townhallAdress":"4 place de l'Eglise - 87800 - BURGNAC"},{"text":"BUSSIERE BOFFY","href":"./87/bussiere-boffy.html","phone":"05 55 68 34 64","email":"info@webcommune.org","population":"351 habitants","website":"","townhallAdress":"Le Bourg - 87330 - BUSSIERE-BOFFY"},{"text":"BUSSIERE GALANT","href":"./87/bussiere-galant.html","phone":"05 55 78 80 26","email":"mairie.bussiere.galant@wanadoo.fr","population":"1423 habitants","website":"","townhallAdress":"Place de la Mairie - 87230 - BUSSIERE-GALANT"},{"text":"BUSSIERE POITEVINE","href":"./87/bussiere-poitevine.html","phone":"05 55 68 40 83","email":"mairie.bussiere.poitevine@wanadoo.fr","population":"979 habitants","website":"","townhallAdress":"9 rue Eugène Gailledrat - 87320 - BUSSIERE-POITEVINE"},{"text":"CHAILLAC SUR VIENNE","href":"./87/chaillac-sur-vienne.html","phone":"05 55 02 13 16","email":"chaillacsurvienne.mairie@wanadoo.fr","population":"1098 habitants","website":"","townhallAdress":"1 rue des Mimosas - 87200 - CHAILLAC-SUR-VIENNE"},{"text":"CHALUS","href":"./87/chalus.html","phone":"05 55 31 88 88","email":"mairie.chalus87@wanadoo.fr","population":"1708 habitants","website":"","townhallAdress":"32 avenue François Mitterrand - 87230 - CHALUS"},{"text":"CHAMBORET","href":"./87/chamboret.html","phone":"05 55 53 45 05","email":"mairie.chamboret@wanadoo.fr","population":"775 habitants","website":"","townhallAdress":"28 avenue du 8 Mai 1945 - 87140 - CHAMBORET"},{"text":"CHAMPAGNAC LA RIVIERE","href":"./87/champagnac-la-riviere.html","phone":"05 55 78 17 72","email":"mairiechampagnelariviere@wanadoo.fr","population":"560 habitants","website":"","townhallAdress":"4 place de la Mairie - 87150 - CHAMPAGNAC-LA-RIVIERE"},{"text":"CHAMPNETERY","href":"./87/champnetery.html","phone":"05 55 56 01 54","email":"mairie.champnetery@wanadoo.fr","population":"521 habitants","website":"","townhallAdress":"Le Bourg - 87400 - CHAMPNETERY"},{"text":"CHAMPSAC","href":"./87/champsac.html","phone":"05 55 78 43 33","email":"mairie.champsac@wanadoo.fr","population":"600 habitants","website":"","townhallAdress":"Le Bourg - 87230 - CHAMPSAC"},{"text":"CHAPTELAT","href":"./87/chaptelat.html","phone":"05 55 39 94 52","email":"chaptelat.limousin@wanadoo.fr","population":"1575 habitants","website":"","townhallAdress":"54 rue Saint Eloi - 87270 - CHAPTELAT"},{"text":"CHATEAU CHERVIX","href":"./87/chateau-chervix.html","phone":"05 55 00 80 45","email":"mairie.chateau-chervix@wanadoo.fr","population":"790 habitants","website":"","townhallAdress":"Le Bourg - 87380 - CHATEAU-CHERVIX"},{"text":"CHATEAUNEUF LA FORET","href":"./87/chateauneuf-la-foret.html","phone":"05 55 69 30 27","email":"mairie.chateauneuf-la-foret@wanadoo.fr","population":"1646 habitants","website":"","townhallAdress":"Place du 8 Mai 1945 - 87130 - CHATEAUNEUF-LA-FORET"},{"text":"CHATEAUPONSAC","href":"./87/chateauponsac.html","phone":"05 55 76 31 55","email":"mairie.chateauponsac@wanadoo.fr","population":"2236 habitants","website":"","townhallAdress":"1 place de la République - 87290 - CHATEAUPONSAC"},{"text":"CHEISSOUX","href":"./87/cheissoux.html","phone":"05 55 69 50 54","email":"mairiecheissoux@wanadoo.fr","population":"213 habitants","website":"","townhallAdress":"Le Bourg - 87460 - CHEISSOUX"},{"text":"CHERONNAC","href":"./87/cheronnac.html","phone":"05 55 48 60 80","email":"mairie.cheronnac@wanadoo.fr","population":"309 habitants","website":"","townhallAdress":"Mairie - 87600 - CHERONNAC"},{"text":"CIEUX","href":"./87/cieux.html","phone":"05 55 03 30 28","email":"mairie.cieux@wanadoo.fr","population":"1008 habitants","website":"","townhallAdress":"6 avenue du Lac - 87520 - CIEUX"},{"text":"COGNAC LA FORET","href":"./87/cognac-la-foret.html","phone":"05 55 03 81 67","email":"mairie.de.cognac.la.foret@wanadoo.fr","population":"1123 habitants","website":"","townhallAdress":"8 rue Jules Ferry - 87310 - COGNAC-LA-FORET"},{"text":"COMPREIGNAC","href":"./87/compreignac.html","phone":"05 55 71 00 23","email":"mairiedecompreignac@wanadoo.fr","population":"1680 habitants","website":"","townhallAdress":"4 place du 11 Novembre 1918 - 87140 - COMPREIGNAC"},{"text":"CONDAT SUR VIENNE","href":"./87/condat-sur-vienne.html","phone":"05 55 30 20 00","email":"contact@condatsurvienne.fr","population":"4767 habitants","website":"","townhallAdress":"2 place de la Mairie - 87920 - CONDAT-SUR-VIENNE"},{"text":"COUSSAC BONNEVAL","href":"./87/coussac-bonneval.html","phone":"05 55 75 20 29","email":"mairie.coussac.bonneval@wanadoo.fr","population":"1394 habitants","website":"","townhallAdress":"1 place Daniel Lamazière - 87500 - COUSSAC-BONNEVAL"},{"text":"COUZEIX","href":"./87/couzeix.html","phone":"05 55 39 34 09","email":"mairie@couzeix.fr","population":"7709 habitants","website":"","townhallAdress":"176 avenue de Limoges - 87270 - COUZEIX"},{"text":"CROMAC","href":"./87/cromac.html","phone":"05 55 76 72 03","email":"mairie.cromac@wanadoo.fr","population":"285 habitants","website":"","townhallAdress":"Le Bourg - 87160 - CROMAC"},{"text":"CUSSAC","href":"./87/cussac.html","phone":"05 55 70 94 35","email":"mairie-cussac@wanadoo.fr","population":"1244 habitants","website":"","townhallAdress":"1 place de la Mairie - 87150 - CUSSAC"},{"text":"DARNAC","href":"./87/darnac.html","phone":"05 55 68 40 14","email":"mairiedarnac@wanadoo.fr","population":"392 habitants","website":"","townhallAdress":"Le Bourg - 87320 - DARNAC"},{"text":"DINSAC","href":"./87/dinsac.html","phone":"05 55 60 75 02","email":"mairie.dinsac@wanadoo.fr","population":"270 habitants","website":"","townhallAdress":"Le Bourg - 87210 - DINSAC"},{"text":"DOMPIERRE LES EGLISES","href":"./87/dompierre-les-eglises.html","phone":"05 55 68 53 78","email":"mairie.dompierreleseglises@wanadoo.fr","population":"371 habitants","website":"","townhallAdress":"Le Bourg - 87190 - DOMPIERRE-LES-EGLISES"},{"text":"DOMPS","href":"./87/domps.html","phone":"05 55 69 60 29","email":"mairie-domps@orange.fr","population":"152 habitants","website":"","townhallAdress":"Le Bourg - 87120 - DOMPS"},{"text":"DOURNAZAC","href":"./87/dournazac.html","phone":"05 55 78 43 08","email":"mairie-dournazac@orange.fr","population":"704 habitants","website":"","townhallAdress":"1 rue du 11 Novembre 1918 - 87230 - DOURNAZAC"},{"text":"DROUX","href":"./87/droux.html","phone":"05 55 68 51 81","email":"mairie.droux@wanadoo.fr","population":"435 habitants","website":"","townhallAdress":"Le Bourg - 87190 - DROUX"},{"text":"EYBOULEUF","href":"./87/eybouleuf.html","phone":"05 55 09 72 35","email":"mairie.eybouleuf@wanadoo.fr","population":"365 habitants","website":"","townhallAdress":"Le Bourg - 87400 - EYBOULEUF"},{"text":"EYJEAUX","href":"./87/eyjeaux.html","phone":"05 55 00 27 81","email":"mairie.eyjeaux@orange.fr","population":"1220 habitants","website":"","townhallAdress":"Le Bourg - 87220 - EYJEAUX"},{"text":"EYMOUTIERS","href":"./87/eymoutiers.html","phone":"05 55 69 10 21","email":"mairie-eymoutiers@wanadoo.fr","population":"2098 habitants","website":"","townhallAdress":"8 rue Collégiale - 87120 - EYMOUTIERS"},{"text":"FEYTIAT","href":"./87/feytiat.html","phone":"05 55 48 43 00","email":"mairie@feytiat.fr","population":"5755 habitants","website":"","townhallAdress":"Château Mas Cerise, place Leun - 87220 - FEYTIAT"},{"text":"FLAVIGNAC","href":"./87/flavignac.html","phone":"05 55 39 11 14","email":"mairie-flavignac@wanadoo.fr","population":"1033 habitants","website":"","townhallAdress":"19 place du 8 Mai 1945 - 87230 - FLAVIGNAC"},{"text":"FOLLES","href":"./87/folles.html","phone":"05 55 71 48 83","email":"mairie.folles@wanadoo.fr","population":"544 habitants","website":"","townhallAdress":"Le Bourg - 87250 - FOLLES"},{"text":"FROMENTAL","href":"./87/fromental.html","phone":"05 55 76 01 88","email":"mairiefromental@wanadoo.fr","population":"542 habitants","website":"","townhallAdress":"1 rue Jean Cacaud - 87250 - FROMENTAL"},{"text":"GAJOUBERT","href":"./87/gajoubert.html","phone":"05 55 68 31 97","email":"mairie.gajoubert@wanadoo.fr","population":"177 habitants","website":"","townhallAdress":"Le Bourg - 87330 - GAJOUBERT"},{"text":"GLANDON","href":"./87/glandon.html","phone":"05 55 75 08 07","email":"mairie.glandon@wanadoo.fr","population":"838 habitants","website":"","townhallAdress":"Lotissement Jean Moulin - 87500 - GLANDON"},{"text":"GLANGES","href":"./87/glanges.html","phone":"05 55 75 52 01","email":"mairie-de-glanges@wanadoo.fr","population":"509 habitants","website":"","townhallAdress":"Le Bourg - 87380 - GLANGES"},{"text":"GORRE","href":"./87/gorre.html","phone":"05 55 00 01 07","email":"mairie.gorre@wanadoo.fr","population":"394 habitants","website":"","townhallAdress":"Le Bourg - 87310 - GORRE"},{"text":"ISLE","href":"./87/isle.html","phone":"05 55 01 56 15","email":"mairie.isle87@wanadoo.fr","population":"7698 habitants","website":"","townhallAdress":"15 rue Joseph Cazautets - 87170 - ISLE"},{"text":"JABREILLES LES BORDES","href":"./87/jabreilles-les-bordes.html","phone":"05 55 39 81 02","email":"mairie.jabreilles@wanadoo.fr","population":"266 habitants","website":"","townhallAdress":"Les Bordes - 87370 - JABREILLES-LES-BORDES"},{"text":"JANAILHAC","href":"./87/janailhac.html","phone":"05 55 00 71 06","email":"mairie.janailhac@wanadoo.fr","population":"445 habitants","website":"","townhallAdress":"Le Bourg - 87800 - JANAILHAC"},{"text":"JAVERDAT","href":"./87/javerdat.html","phone":"05 55 03 10 56","email":"mairiedejaverdat@wanadoo.fr","population":"617 habitants","website":"","townhallAdress":"Le Bourg - 87520 - JAVERDAT"},{"text":"JOUAC","href":"./87/jouac.html","phone":"05 55 68 22 40","email":"mairiejouac@viveole.com","population":"209 habitants","website":"","townhallAdress":"Le Bourg - 87890 - JOUAC"},{"text":"JOURGNAC","href":"./87/jourgnac.html","phone":"05 55 58 11 41","email":"mairie.jourgnac@wanadoo.fr","population":"984 habitants","website":"","townhallAdress":"Le Bourg - 87800 - JOURGNAC"},{"text":"LA BAZEUGE","href":"./87/la-bazeuge.html","phone":"05 55 60 73 84","email":"mairielabazeuge@wanadoo.fr","population":"176 habitants","website":"","townhallAdress":"Le Bourg - 87210 - LA-BAZEUGE"},{"text":"LA CHAPELLE MONTBRANDEIX","href":"./87/la-chapelle-montbrandeix.html","phone":"05 55 78 70 87","email":"chapelle-montbrandeix@orange.fr","population":"257 habitants","website":"","townhallAdress":"Le Bourg - 87440 - LA-CHAPELLE-MONTBRANDEIX"},{"text":"LA CROISILLE SUR BRIANCE","href":"./87/la-croisille-sur-briance.html","phone":"05 55 71 70 55","email":"mairie.lacroisille@orange.fr","population":"731 habitants","website":"","townhallAdress":"22 route Mont Gargan - 87130 - LA-CROISILLE-SUR-BRIANCE"},{"text":"LA CROIX SUR GARTEMPE","href":"./87/la-croix-sur-gartempe.html","phone":"05 55 60 01 20","email":"mairie.croix.gartempe@wanadoo.fr","population":"178 habitants","website":"","townhallAdress":"Le Bourg - 87210 - LA-CROIX-SUR-GARTEMPE"},{"text":"LADIGNAC LE LONG","href":"./87/ladignac-le-long.html","phone":"05 55 09 30 02","email":"mairie.ladignac@wanadoo.fr","population":"1134 habitants","website":"","townhallAdress":"Le Bourg - 87500 - LADIGNAC-LE-LONG"},{"text":"LA GENEYTOUSE","href":"./87/la-geneytouse.html","phone":"05 55 09 70 12","email":"mairie.lageneytouse@wanadoo.fr","population":"827 habitants","website":"","townhallAdress":"Le Bourg - 87400 - LA-GENEYTOUSE"},{"text":"LA JONCHERE SAINT MAURICE","href":"./87/la-jonchere-saint-maurice.html","phone":"05 55 39 80 18","email":"mairiedelajonchere@wanadoo.fr","population":"796 habitants","website":"","townhallAdress":"14 rue de Limoges - 87340 - LA-JONCHERE-SAINT-MAURICE"},{"text":"LA MEYZE","href":"./87/la-meyze.html","phone":"05 55 00 70 21","email":"mairie.la.meyze@wanadoo.fr","population":"859 habitants","website":"","townhallAdress":"1 square Pittem - 87800 - LA-MEYZE"},{"text":"LA PORCHERIE","href":"./87/la-porcherie.html","phone":"05 55 71 82 13","email":"mairie.laporcherie@wanadoo.fr","population":"615 habitants","website":"","townhallAdress":"Le Bourg - 87380 - LA-PORCHERIE"},{"text":"LA ROCHE L ABEILLE","href":"./87/la-roche-l-abeille.html","phone":"05 55 00 71 21","email":"larochelabeille.mairie@wanadoo.fr","population":"605 habitants","website":"","townhallAdress":"10 place du 11 Novembre 1918 - 87800 - LA-ROCHE-L'ABEILLE"},{"text":"LAURIERE","href":"./87/lauriere.html","phone":"05 55 71 40 44","email":"mairie.lauriere@wanadoo.fr","population":"642 habitants","website":"","townhallAdress":"3 place du Général Thoumas - 87370 - LAURIERE"},{"text":"LAVIGNAC","href":"./87/lavignac.html","phone":"05 55 36 94 36","email":"mairie.lavignac@orange.fr","population":"144 habitants","website":"","townhallAdress":"Le Bourg - 87230 - LAVIGNAC"},{"text":"LE BUIS","href":"./87/le-buis.html","phone":"05 55 53 43 83","email":"mairie.le-buisson@wanadoo.fr","population":"197 habitants","website":"","townhallAdress":"2 impasse des Ecoliers - 87140 - LE-BUIS"},{"text":"LE CHALARD","href":"./87/le-chalard.html","phone":"05 55 09 31 14","email":"mairieduchalard@wanadoo.fr","population":"301 habitants","website":"","townhallAdress":"Place de la mairie - 87500 - LE-CHALARD"},{"text":"LE CHATENET EN DOGNON","href":"./87/le-chatenet-en-dognon.html","phone":"05 55 57 10 19","email":"mairie-du-chatenet-en-dognon@orange.fr","population":"419 habitants","website":"","townhallAdress":"Le Bourg - 87400 - LE-CHATENET-EN-DOGNON"},{"text":"LE DORAT","href":"./87/le-dorat.html","phone":"05 55 60 72 20","email":"mairie.ledorat@wanadoo.fr","population":"1992 habitants","website":"","townhallAdress":"11 avenue Louis Ricoux - 87210 - LE-DORAT"},{"text":"LE PALAIS SUR VIENNE","href":"./87/le-palais-sur-vienne.html","phone":"05 55 04 34 00","email":"affairesgenerales@lepalaissurvienne.fr","population":"5856 habitants","website":"","townhallAdress":"20 rue Jules Ferry - 87410 - LE-PALAIS-SUR-VIENNE"},{"text":"LES BILLANGES","href":"./87/les-billanges.html","phone":"05 55 56 56 24","email":"mairiedesbillanges@aliceadsl.fr","population":"306 habitants","website":"","townhallAdress":"Le Bourg - 87340 - LES-BILLANGES"},{"text":"LES CARS","href":"./87/les-cars.html","phone":"05 55 36 90 22","email":"mairie.les-cars87@wanadoo.fr","population":"612 habitants","website":"","townhallAdress":"Le Bourg - 87230 - LES-CARS"},{"text":"LES GRANDS CHEZEAUX","href":"./87/les-grands-chezeaux.html","phone":"05 55 76 73 25","email":"mairie-les-grands-chezeaux@wanadoo.fr","population":"267 habitants","website":"","townhallAdress":"14 place de la Fontaine - 87160 - LES-GRANDS-CHEZEAUX"},{"text":"LES SALLES LAVAUGUYON","href":"./87/les-salles-lavauguyon.html","phone":"05 55 00 30 68","email":"mairiedessalleslavauguyon@wanadoo.fr","population":"178 habitants","website":"","townhallAdress":"Le Bourg - 87440 - LES-SALLES-LAVAUGUYON"},{"text":"LE VIGEN","href":"./87/le-vigen.html","phone":"05 55 00 51 17","email":"mairie-le-vigen@wanadoo.fr","population":"2078 habitants","website":"","townhallAdress":"Le Bourg - 87110 - LE-VIGEN"},{"text":"LIMOGES","href":"./87/limoges.html","phone":"05 55 45 60 00","email":"lemaire@ville-limoges.fr","population":"141287 habitants","website":"","townhallAdress":"9 place Léon Betoulle - 87000 - LIMOGES"},{"text":"LINARDS","href":"./87/linards.html","phone":"05 55 75 51 15","email":"mairie.linards@wanadoo.fr","population":"1140 habitants","website":"","townhallAdress":"9 rue Docteur Touraille - 87130 - LINARDS"},{"text":"LUSSAC LES EGLISES","href":"./87/lussac-les-eglises.html","phone":"05 55 68 21 10","email":"mairie.lussac.les.eglises@wanadoo.fr","population":"522 habitants","website":"","townhallAdress":"Le Bourg - 87360 - LUSSAC-LES-EGLISES"},{"text":"MAGNAC BOURG","href":"./87/magnac-bourg.html","phone":"05 55 00 80 28","email":"mairie.magnac-bourg@wanadoo.fr","population":"981 habitants","website":"","townhallAdress":"4 route Nationale 20 - 87380 - MAGNAC-BOURG"},{"text":"MAGNAC LAVAL","href":"./87/magnac-laval.html","phone":"05 55 68 52 54","email":"mairie.magnaclaval@wanadoo.fr","population":"2105 habitants","website":"","townhallAdress":"Rue Camille Grellier - 87190 - MAGNAC-LAVAL"},{"text":"MAILHAC SUR BENAIZE","href":"./87/mailhac-sur-benaize.html","phone":"05 55 76 75 74","email":"secretariat.mairiemailhac@wanadoo.fr","population":"318 habitants","website":"","townhallAdress":"Le Bourg - 87160 - MAILHAC-SUR-BENAIZE"},{"text":"MAISONNAIS SUR TARDOIRE","href":"./87/maisonnais-sur-tardoire.html","phone":"05 55 00 31 37","email":"mairie.maisonnais.sur.tardoire@wanadoo.fr","population":"463 habitants","website":"","townhallAdress":"Le Bourg - 87440 - MAISONNAIS-SUR-TARDOIRE"},{"text":"MARVAL","href":"./87/marval.html","phone":"05 55 78 71 04","email":"mairie-marval@wanadoo.fr","population":"582 habitants","website":"","townhallAdress":"Le Bourg - 87440 - MARVAL"},{"text":"MASLEON","href":"./87/masleon.html","phone":"05 55 57 02 10","email":"mairiedemasleon@orange.fr","population":"350 habitants","website":"","townhallAdress":"Le Bourg - 87130 - MASLEON"},{"text":"MEILHAC","href":"./87/meilhac.html","phone":"05 55 58 10 63","email":"mairie.meilhac@wanadoo.fr","population":"475 habitants","website":"","townhallAdress":"Le Bourg - 87800 - MEILHAC"},{"text":"MEUZAC","href":"./87/meuzac.html","phone":"05 55 09 97 12","email":"mairie.meuzac@wanadoo.fr","population":"739 habitants","website":"","townhallAdress":"Le Bourg - 87380 - MEUZAC"},{"text":"MEZIERES SUR ISSOIRE","href":"./87/mezieres-sur-issoire.html","phone":"05 55 68 31 82","email":"mezieres-issoire@wanadoo.fr","population":"893 habitants","website":"","townhallAdress":"2 avenue Seltz - 87330 - MEZIERES-SUR-ISSOIRE"},{"text":"MOISSANNES","href":"./87/moissannes.html","phone":"05 55 75 32 06","email":"mairie-de-moissannes@wanadoo.fr","population":"359 habitants","website":"","townhallAdress":"Le Bourg - 87400 - MOISSANNES"},{"text":"MONTROL SENARD","href":"./87/montrol-senard.html","phone":"05 55 68 12 06","email":"mairie.montrolsenard@wanadoo.fr","population":"238 habitants","website":"","townhallAdress":"Le Bourg - 87330 - MONTROL-SENARD"},{"text":"MORTEMART","href":"./87/mortemart.html","phone":"05 55 68 12 11","email":"mairiemortemart@wanadoo.fr","population":"134 habitants","website":"","townhallAdress":"1 rue des Augustins - 87330 - MORTEMART"},{"text":"NANTIAT","href":"./87/nantiat.html","phone":"05 55 53 42 43","email":"commune.nantiat@wanadoo.fr","population":"1680 habitants","website":"","townhallAdress":"14 rue de l'Hôtel de Ville - 87140 - NANTIAT"},{"text":"NEDDE","href":"./87/nedde.html","phone":"05 55 69 98 09","email":"mairie.nedde@wanadoo.fr","population":"550 habitants","website":"","townhallAdress":"Le Bourg - 87120 - NEDDE"},{"text":"NEUVIC ENTIER","href":"./87/neuvic-entier.html","phone":"05 55 69 31 13","email":"mairie.neuvic-entier@wanadoo.fr","population":"991 habitants","website":"","townhallAdress":"Le Bourg - 87130 - NEUVIC-ENTIER"},{"text":"NEXON","href":"./87/nexon.html","phone":"05 55 58 10 19","email":"mairie.nexon@wanadoo.fr","population":"2451 habitants","website":"","townhallAdress":"6 place de l'Eglise - 87800 - NEXON"},{"text":"NIEUL","href":"./87/nieul.html","phone":"05 55 75 80 23","email":"mairie.nieul@wanadoo.fr","population":"1571 habitants","website":"","townhallAdress":"12 rue du 8 Mai 1945 - 87510 - NIEUL"},{"text":"NOUIC","href":"./87/nouic.html","phone":"05 55 68 32 72","email":"mairie.nieul@wanadoo.fr","population":"535 habitants","website":"","townhallAdress":"1 place du Docteur Justin Labuze - 87330 - NOUIC"},{"text":"ORADOUR SAINT GENEST","href":"./87/oradour-saint-genest.html","phone":"05 55 60 70 19","email":"oradour.st.genest@wanadoo.fr","population":"465 habitants","website":"","townhallAdress":"Le Bourg - 87210 - ORADOUR-SAINT-GENEST"},{"text":"ORADOUR SUR GLANE","href":"./87/oradour-sur-glane.html","phone":"05 55 03 10 01","email":"accueil.mairie.osg@wanadoo.fr","population":"2241 habitants","website":"","townhallAdress":"1 place Charles de Gaulle - 87520 - ORADOUR-SUR-GLANE"},{"text":"ORADOUR SUR VAYRES","href":"./87/oradour-sur-vayres.html","phone":"05 55 31 92 92","email":"villeoradoursurvayres@wanadoo.fr","population":"1551 habitants","website":"","townhallAdress":"Rue Général De Gaulle - 87150 - ORADOUR-SUR-VAYRES"},{"text":"PAGEAS","href":"./87/pageas.html","phone":"05 55 78 41 86","email":"communedepageas@wanadoo.fr","population":"631 habitants","website":"","townhallAdress":"Le Bourg - 87230 - PAGEAS"},{"text":"PANAZOL","href":"./87/panazol.html","phone":"05 55 06 47 70","email":"mairie@mairie-panazol.fr","population":"10315 habitants","website":"","townhallAdress":"Rue Jean Monnet - 87350 - PANAZOL"},{"text":"PENSOL","href":"./87/pensol.html","phone":"05 55 78 71 06","email":"mairie.de.pensol@wanadoo.fr","population":"183 habitants","website":"","townhallAdress":"Maziéras - 87440 - PENSOL"},{"text":"PEYRAT DE BELLAC","href":"./87/peyrat-de-bellac.html","phone":"05 55 68 11 08","email":"mairiedepeyratdebellac@wanadoo.fr","population":"1151 habitants","website":"","townhallAdress":"Rue de la Colline - 87300 - PEYRAT-DE-BELLAC"},{"text":"PEYRAT LE CHATEAU","href":"./87/peyrat-le-chateau.html","phone":"05 55 69 40 23","email":"mairie-peyratlechateau87@wanadoo.fr","population":"1034 habitants","website":"","townhallAdress":"Le Bourg - 87470 - PEYRAT-LE-CHATEAU"},{"text":"PEYRILHAC","href":"./87/peyrilhac.html","phone":"05 55 75 84 15","email":"mairie-de-peyrilhac@wanadoo.fr","population":"1180 habitants","website":"","townhallAdress":"Le Bourg - 87510 - PEYRILHAC"},{"text":"PIERRE BUFFIERE","href":"./87/pierre-buffiere.html","phone":"05 55 00 60 07","email":"mairie.pierrebuffiere@wanadoo.fr","population":"1145 habitants","website":"","townhallAdress":"Place de la Libération - 87260 - PIERRE-BUFFIERE"},{"text":"RANCON","href":"./87/rancon.html","phone":"05 55 68 15 15","email":"mairie.rancon@wanadoo.fr","population":"565 habitants","website":"","townhallAdress":"4 place de la Mairie - 87290 - RANCON"},{"text":"RAZES","href":"./87/razes.html","phone":"05 55 38 91 00","email":"mairie.raze@wanadoo.fr","population":"1109 habitants","website":"","townhallAdress":"Le Bourg - 87640 - RAZES"},{"text":"REMPNAT","href":"./87/rempnat.html","phone":"05 55 69 98 54","email":"mairie.rempnat@wanadoo.fr","population":"172 habitants","website":"","townhallAdress":"Le Bourg - 87120 - REMPNAT"},{"text":"RILHAC LASTOURS","href":"./87/rilhac-lastours.html","phone":"05 55 58 12 35","email":"rilhac-lastours87@orange.fr","population":"345 habitants","website":"","townhallAdress":"Rilhac - 87800 - RILHAC-LASTOURS"},{"text":"RILHAC RANCON","href":"./87/rilhac-rancon.html","phone":"05 55 36 70 10","email":"mairie.rilhac-rancon-87@wanadoo.fr","population":"4116 habitants","website":"","townhallAdress":"2 rue du Pérou - 87570 - RILHAC-RANCON"},{"text":"ROCHECHOUART","href":"./87/rochechouart.html","phone":"05 55 43 00 80","email":"mairie@rochechouart.com","population":"3958 habitants","website":"","townhallAdress":"Place du Chateau - 87600 - ROCHECHOUART"},{"text":"ROUSSAC","href":"./87/roussac.html","phone":"05 55 60 21 21","email":"mairie.roussac@wanadoo.fr","population":"471 habitants","website":"","townhallAdress":"30 place Roger Couegnas - 87140 - ROUSSAC"},{"text":"ROYERES","href":"./87/royeres.html","phone":"05 55 56 00 63","email":"mairieroyeres@orange.fr","population":"856 habitants","website":"","townhallAdress":"2 place de la Mairie - 87400 - ROYERES"},{"text":"ROZIERS SAINT GEORGES","href":"./87/roziers-saint-georges.html","phone":"05 55 57 02 39","email":"mairiederoziersstgeorges@wanadoo.fr","population":"203 habitants","website":"","townhallAdress":"Le Bourg - 87130 - ROZIERS-SAINT-GEORGES"},{"text":"SAILLAT SUR VIENNE","href":"./87/saillat-sur-vienne.html","phone":"05 55 03 41 82","email":"saillat-mairie@wanadoo.fr","population":"832 habitants","website":"","townhallAdress":"1 place de la Mairie - 87720 - SAILLAT-SUR-VIENNE"},{"text":"SAINT AMAND LE PETIT","href":"./87/saint-amand-le-petit.html","phone":"05 55 69 15 31","email":"mairie.stamandlepetit@wanadoo.fr","population":"116 habitants","website":"","townhallAdress":"Le Bourg - 87120 - SAINT-AMAND-LE-PETIT"},{"text":"SAINT AMAND MAGNAZEIX","href":"./87/saint-amand-magnazeix.html","phone":"05 55 76 00 87","email":"mairie.st.amand.magnx@wanadoo.fr","population":"561 habitants","website":"","townhallAdress":"Le Bourg - 87290 - SAINT-AMAND-MAGNAZEIX"},{"text":"SAINT AUVENT","href":"./87/saint-auvent.html","phone":"05 55 00 00 82","email":"mairie.de.saint-auvent@wanadoo.fr","population":"931 habitants","website":"","townhallAdress":"Le Bourg - 87310 - SAINT-AUVENT"},{"text":"SAINT BARBANT","href":"./87/saint-barbant.html","phone":"05 55 68 32 14","email":"saint-barbant.commune@wanadoo.fr","population":"356 habitants","website":"","townhallAdress":"Le Bourg - 87330 - SAINT-BARBANT"},{"text":"SAINT BAZILE","href":"./87/saint-bazile.html","phone":"05 55 78 22 20","email":"","population":"141 habitants","website":"","townhallAdress":"Le Bourg - 87150 - SAINT-BAZILE"},{"text":"SAINT BONNET BRIANCE","href":"./87/saint-bonnet-briance.html","phone":"05 55 75 50 16","email":"st-bonnet-briance.mairie@orange.fr","population":"531 habitants","website":"","townhallAdress":"Le Bourg - 87260 - SAINT-BONNET-BRIANCE"},{"text":"SAINT BONNET DE BELLAC","href":"./87/saint-bonnet-de-bellac.html","phone":"05 55 60 02 03","email":"mairie.stbonnetdebellac@wanadoo.fr","population":"548 habitants","website":"","townhallAdress":"Le Bourg - 87300 - SAINT-BONNET-DE-BELLAC"},{"text":"SAINT BRICE SUR VIENNE","href":"./87/saint-brice-sur-vienne.html","phone":"05 55 02 18 13","email":"mairiest.brice@wanadoo.fr","population":"1565 habitants","website":"","townhallAdress":"1 place Maisondieu - 87200 - SAINT-BRICE-SUR-VIENNE"},{"text":"SAINT CYR","href":"./87/saint-cyr.html","phone":"05 55 00 00 58","email":"mairie.stcyr@wanadoo.fr","population":"708 habitants","website":"","townhallAdress":"Le Bourg - 87310 - SAINT-CYR"},{"text":"SAINT DENIS DES MURS","href":"./87/saint-denis-des-murs.html","phone":"05 55 57 00 59","email":"saintdenisdesmurs@free.fr","population":"502 habitants","website":"","townhallAdress":"Le Bourg - 87400 - SAINT-DENIS-DES-MURS"},{"text":"SAINTE ANNE SAINT PRIEST","href":"./87/sainte-anne-saint-priest.html","phone":"05 55 69 16 78","email":"mairie.sainte.anne.saint.priest@wanadoo.fr","population":"162 habitants","website":"","townhallAdress":"Le Bourg - 87120 - SAINTE-ANNE-SAINT-PRIEST"},{"text":"SAINTE MARIE DE VAUX","href":"./87/sainte-marie-de-vaux.html","phone":"05 55 03 82 35","email":"commune.saintemariedevaux@wanadoo.fr","population":"165 habitants","website":"","townhallAdress":"Le Bourg - 87420 - SAINTE-MARIE-DE-VAUX"},{"text":"SAINT GENCE","href":"./87/saint-gence.html","phone":"05 55 75 86 05","email":"mairie.saintgence@wanadoo.fr","population":"1937 habitants","website":"","townhallAdress":"4 rue Frédéric Mistral - 87510 - SAINT-GENCE"},{"text":"SAINT GENEST SUR ROSELLE","href":"./87/saint-genest-sur-roselle.html","phone":"05 55 75 53 03","email":"mairiestgenest@wanadoo.fr","population":"445 habitants","website":"","townhallAdress":"Le Bourg - 87260 - SAINT-GENEST-SUR-ROSELLE"},{"text":"SAINT GEORGES LES LANDES","href":"./87/saint-georges-les-landes.html","phone":"05 55 76 75 56","email":"mairies.sgll@wanadoo.fr","population":"263 habitants","website":"","townhallAdress":"Le Bourg - 87160 - SAINT-GEORGES-LES-LANDES"},{"text":"SAINT GERMAIN LES BELLES","href":"./87/saint-germain-les-belles.html","phone":"05 55 71 80 09","email":"mairiedesaintgermainlesbelles@wanadoo.fr","population":"1173 habitants","website":"","townhallAdress":"3 place de l'Eglise - 87380 - SAINT-GERMAIN-LES-BELLES"},{"text":"SAINT GILLES LES FORETS","href":"./87/saint-gilles-les-forets.html","phone":"05 55 69 62 55","email":"mairie-st-gilles-les-forets@wanadoo.fr","population":"56 habitants","website":"","townhallAdress":"Le Bourg - 87130 - SAINT-GILLES-LES-FORETS"},{"text":"SAINT HILAIRE BONNEVAL","href":"./87/saint-hilaire-bonneval.html","phone":"05 55 00 61 65","email":"mairiesainthilairebonneval@orange.fr","population":"806 habitants","website":"","townhallAdress":"Le Bourg - 87260 - SAINT-HILAIRE-BONNEVAL"},{"text":"SAINT HILAIRE LA TREILLE","href":"./87/saint-hilaire-la-treille.html","phone":"05 55 76 82 33","email":"mairie.saint.hilaire.la.treille@wanadoo.fr","population":"440 habitants","website":"","townhallAdress":"1 rue des Rochers - 87190 - SAINT-HILAIRE-LA-TREILLE"},{"text":"SAINT HILAIRE LES PLACES","href":"./87/saint-hilaire-les-places.html","phone":"05 55 58 12 08","email":"mairie-saint.hilaire@wanadoo.fr","population":"861 habitants","website":"","townhallAdress":"5 rue des Places - 87800 - SAINT-HILAIRE-LES-PLACES"},{"text":"SAINT JEAN LIGOURE","href":"./87/saint-jean-ligoure.html","phone":"05 55 00 61 83","email":"mairiesaintjeanligoure@orange.fr","population":"416 habitants","website":"","townhallAdress":"Avenue des Tilleuls - 87260 - SAINT-JEAN-LIGOURE"},{"text":"SAINT JOUVENT","href":"./87/saint-jouvent.html","phone":"05 55 75 81 01","email":"mairie.stjouvent@wanadoo.fr","population":"1610 habitants","website":"","townhallAdress":"30 rue des Ecoles - 87510 - SAINT-JOUVENT"},{"text":"SAINT JULIEN LE PETIT","href":"./87/saint-julien-le-petit.html","phone":"05 55 69 41 56","email":"mairie.saintjulien@free.fr","population":"310 habitants","website":"","townhallAdress":"Le Bourg - 87460 - SAINT-JULIEN-LE-PETIT"},{"text":"SAINT JUNIEN","href":"./87/saint-junien.html","phone":"05 55 43 06 80","email":"nlavergne@saint-junien.fr","population":"12060 habitants","website":"","townhallAdress":"Place Auguste Roche - 87200 - SAINT-JUNIEN"},{"text":"SAINT JUNIEN LES COMBES","href":"./87/saint-junien-les-combes.html","phone":"05 55 68 13 53","email":"mairie.junien@orange.fr","population":"214 habitants","website":"","townhallAdress":"1 rue du 8 Mai 1945 - 87300 - SAINT-JUNIEN-LES-COMBES"},{"text":"SAINT JUST LE MARTEL","href":"./87/saint-just-le-martel.html","phone":"05 55 09 20 19","email":"mairie.stjustlemartel@wanadoo.fr","population":"2393 habitants","website":"","townhallAdress":"Rue de la Mairie - 87590 - SAINT-JUST-LE-MARTEL"},{"text":"SAINT LAURENT LES EGLISES","href":"./87/saint-laurent-les-eglises.html","phone":"05 55 56 56 13","email":"mairie-st-laurent-les-eglises@wanadoo.fr","population":"823 habitants","website":"","townhallAdress":"Le Bourg - 87240 - SAINT-LAURENT-LES-EGLISES"},{"text":"SAINT LAURENT SUR GORRE","href":"./87/saint-laurent-sur-gorre.html","phone":"05 55 00 00 21","email":"mairie.stlaurent.gorre@wanadoo.fr","population":"1553 habitants","website":"","townhallAdress":"3 place de la Mairie - 87310 - SAINT-LAURENT-SUR-GORRE"},{"text":"SAINT LEGER LA MONTAGNE","href":"./87/saint-leger-la-montagne.html","phone":"05 55 39 80 83","email":"commune.saintlegerlamontagne@wanadoo.fr","population":"321 habitants","website":"","townhallAdress":"Le Bourg - 87340 - SAINT-LEGER-LA-MONTAGNE"},{"text":"SAINT LEGER MAGNAZEIX","href":"./87/saint-leger-magnazeix.html","phone":"05 55 68 20 39","email":"mairiestleger@wanadoo.fr","population":"530 habitants","website":"","townhallAdress":"Le Bourg - 87190 - SAINT-LEGER-MAGNAZEIX"},{"text":"SAINT LEONARD DE NOBLAT","href":"./87/saint-leonard-de-noblat.html","phone":"05 55 56 00 13","email":"accueil@ville-saint-leonard.fr","population":"4759 habitants","website":"","townhallAdress":"Place du 14 Juillet - 87400 - SAINT-LEONARD-DE-NOBLAT"},{"text":"SAINT MARTIAL SUR ISOP","href":"./87/saint-martial-sur-isop.html","phone":"05 55 68 30 48","email":"mairiestmartials.isop@wanadoo.fr","population":"139 habitants","website":"","townhallAdress":"Le Bourg - 87330 - SAINT-MARTIAL-SUR-ISOP"},{"text":"SAINT MARTIN DE JUSSAC","href":"./87/saint-martin-de-jussac.html","phone":"05 55 02 18 15","email":"commune.saintmartindejussac@wanadoo.fr","population":"497 habitants","website":"","townhallAdress":"Le Bourg - 87200 - SAINT-MARTIN-DE-JUSSAC"},{"text":"SAINT MARTIN LE MAULT","href":"./87/saint-martin-le-mault.html","phone":"05 55 68 20 53","email":"mairie.smlm@wanadoo.fr","population":"134 habitants","website":"","townhallAdress":"Le Bourg - 87360 - SAINT-MARTIN-LE-MAULT"},{"text":"SAINT MARTIN LE VIEUX","href":"./87/saint-martin-le-vieux.html","phone":"05 55 39 10 85","email":"mairie.smlv@wanadoo.fr","population":"833 habitants","website":"","townhallAdress":"Le Bourg - 87700 - SAINT-MARTIN-LE-VIEUX"},{"text":"SAINT MARTIN TERRESSUS","href":"./87/saint-martin-terressus.html","phone":"05 55 39 74 12","email":"mairie@st-martin-terressus.fr","population":"560 habitants","website":"","townhallAdress":"Le Bourg - 87400 - SAINT-MARTIN-TERRESSUS"},{"text":"SAINT MATHIEU","href":"./87/saint-mathieu.html","phone":"05 55 00 30 26","email":"mairie.saint.mathieu@wanadoo.fr","population":"1194 habitants","website":"","townhallAdress":"1 place Docteur Hugonneau - 87440 - SAINT-MATHIEU"},{"text":"SAINT MAURICE LES BROUSSES","href":"./87/saint-maurice-les-brousses.html","phone":"05 55 57 50 72","email":"mairie.stmaurice87@free.fr","population":"797 habitants","website":"","townhallAdress":"29 avenue de Limoges - 87800 - SAINT-MAURICE-LES-BROUSSES"},{"text":"SAINT MEARD","href":"./87/saint-meard.html","phone":"05 55 71 70 58","email":"mairie-de-saint-meard@wanadoo.fr","population":"379 habitants","website":"","townhallAdress":"Le Bourg - 87130 - SAINT-MEARD"},{"text":"SAINT OUEN SUR GARTEMPE","href":"./87/saint-ouen-sur-gartempe.html","phone":"05 55 68 10 12","email":"mairie-st-ouen-sur-gartempe@wanadoo.fr","population":"233 habitants","website":"","townhallAdress":"Le Bourg - 87300 - SAINT-OUEN-SUR-GARTEMPE"},{"text":"SAINT PARDOUX","href":"./87/saint-pardoux.html","phone":"05 55 76 33 82","email":"commune.saint.pardoux@orange.fr","population":"540 habitants","website":"","townhallAdress":"Le Bourg - 87250 - SAINT-PARDOUX"},{"text":"SAINT PAUL","href":"./87/saint-paul.html","phone":"05 55 09 71 25","email":"mairie-stpaul87@wanadoo.fr","population":"1206 habitants","website":"","townhallAdress":"48 avenue de Limoges - 87260 - SAINT-PAUL"},{"text":"SAINT PRIEST LIGOURE","href":"./87/saint-priest-ligoure.html","phone":"05 55 00 62 17","email":"stpriestligoure.mairie@wanadoo.fr","population":"643 habitants","website":"","townhallAdress":"Le Bourg - 87800 - SAINT-PRIEST-LIGOURE"},{"text":"SAINT PRIEST SOUS AIXE","href":"./87/saint-priest-sous-aixe.html","phone":"05 55 70 00 58","email":"mairie-de-st-priest-sous-aixe@wanadoo.fr","population":"1623 habitants","website":"","townhallAdress":"Le Bourg - 87700 - SAINT-PRIEST-SOUS-AIXE"},{"text":"SAINT PRIEST TAURION","href":"./87/saint-priest-taurion.html","phone":"05 55 39 70 38","email":"st-priest-taurion@wanadoo.fr","population":"2750 habitants","website":"","townhallAdress":"Le Bourg - 87480 - SAINT-PRIEST-TAURION"},{"text":"SAINT SORNIN LA MARCHE","href":"./87/saint-sornin-la-marche.html","phone":"05 55 60 02 96","email":"st.sornin.marche@wanadoo.fr","population":"244 habitants","website":"","townhallAdress":"Le Bourg - 87210 - SAINT-SORNIN-LA-MARCHE"},{"text":"SAINT SORNIN LEULAC","href":"./87/saint-sornin-leulac.html","phone":"05 55 76 30 55","email":"mairie.st-sornin-leulac@wanadoo.fr","population":"665 habitants","website":"","townhallAdress":"4 rue de l'Ancien Abreuvoir - 87290 - SAINT-SORNIN-LEULAC"},{"text":"SAINT SULPICE LAURIERE","href":"./87/saint-sulpice-lauriere.html","phone":"05 55 71 46 46","email":"mairie-de-stsulpice-lauriere@wanadoo.fr","population":"969 habitants","website":"","townhallAdress":"Le Bourg - 87370 - SAINT-SULPICE-LAURIERE"},{"text":"SAINT SULPICE LES FEUILLES","href":"./87/saint-sulpice-les-feuilles.html","phone":"05 55 76 73 32","email":"st.sulpice.les.feuilles@wanadoo.fr","population":"1280 habitants","website":"","townhallAdress":"Rue Reine - 87160 - SAINT-SULPICE-LES-FEUILLES"},{"text":"SAINT SYLVESTRE","href":"./87/saint-sylvestre.html","phone":"05 55 71 33 66","email":"mairie.stsylv@wanadoo.fr","population":"906 habitants","website":"","townhallAdress":"Le Bourg - 87240 - SAINT-SYLVESTRE"},{"text":"SAINT SYMPHORIEN SUR COUZE","href":"./87/saint-symphorien-sur-couze.html","phone":"05 55 53 45 75","email":"commune-st-symphorien@orange.fr","population":"210 habitants","website":"","townhallAdress":"Le Bourg - 87140 - SAINT-SYMPHORIEN-SUR-COUZE"},{"text":"SAINT VICTURNIEN","href":"./87/saint-victurnien.html","phone":"05 55 03 81 27","email":"mairie.stvicturnien@wanadoo.fr","population":"1699 habitants","website":"","townhallAdress":"13 rue Alluaud - 87420 - SAINT-VICTURNIEN"},{"text":"SAINT VITTE SUR BRIANCE","href":"./87/saint-vitte-sur-briance.html","phone":"05 55 71 70 28","email":"mairiestvittesurbriance@orange.fr","population":"343 habitants","website":"","townhallAdress":"Le Bourg - 87380 - SAINT-VITTE-SUR-BRIANCE"},{"text":"SAINT YRIEIX LA PERCHE","href":"./87/saint-yrieix-la-perche.html","phone":"05 55 08 88 88","email":"secretariat@saint-yrieix.fr","population":"7443 habitants","website":"","townhallAdress":"45 boulevard de l'Hôtel de Ville - 87500 - SAINT-YRIEIX-LA-PERCHE"},{"text":"SAINT YRIEIX SOUS AIXE","href":"./87/saint-yrieix-sous-aixe.html","phone":"05 55 03 81 86","email":"mairie.saint-yrieix-sous-aixe@wanadoo.fr","population":"391 habitants","website":"","townhallAdress":"Le Bourg - 87700 - SAINT-YRIEIX-SOUS-AIXE"},{"text":"SAUVIAT SUR VIGE","href":"./87/sauviat-sur-vige.html","phone":"05 55 75 30 28","email":"mairie.sauviat@wanadoo.fr","population":"968 habitants","website":"","townhallAdress":"Rue Docteur  Emile Dourdet - 87400 - SAUVIAT-SUR-VIGE"},{"text":"SEREILHAC","href":"./87/sereilhac.html","phone":"05 55 39 10 33","email":"mairie.sereilhac@wanadoo.fr","population":"1756 habitants","website":"","townhallAdress":"Le Bourg - 87620 - SEREILHAC"},{"text":"SOLIGNAC","href":"./87/solignac.html","phone":"05 55 00 50 09","email":"mairie-solignac@wanadoo.fr","population":"1497 habitants","website":"","townhallAdress":"57 avenue Saint Eloi - 87110 - SOLIGNAC"},{"text":"SURDOUX","href":"./87/surdoux.html","phone":"05 55 69 61 22","email":"mairie.surdoux@orange.fr","population":"44 habitants","website":"","townhallAdress":"Le Bourg - 87130 - SURDOUX"},{"text":"SUSSAC","href":"./87/sussac.html","phone":"05 55 69 62 41","email":"mairiesussac@wanadoo.fr","population":"367 habitants","website":"","townhallAdress":"Le Bourg - 87130 - SUSSAC"},{"text":"TERSANNES","href":"./87/tersannes.html","phone":"05 55 68 20 79","email":"mairie.tersannes@wanadoo.fr","population":"174 habitants","website":"","townhallAdress":"Le Bourg - 87360 - TERSANNES"},{"text":"THIAT","href":"./87/thiat.html","phone":"05 55 68 43 87","email":"mairie.thiat@wanadoo.fr","population":"200 habitants","website":"","townhallAdress":"Le Bourg - 87320 - THIAT"},{"text":"THOURON","href":"./87/thouron.html","phone":"05 55 53 48 49","email":"mairie.thouron@wanadoo.fr","population":"481 habitants","website":"","townhallAdress":"Le Bourg - 87140 - THOURON"},{"text":"VAULRY","href":"./87/vaulry.html","phone":"05 55 53 31 91","email":"mairie.vaulry@wanadoo.fr","population":"415 habitants","website":"","townhallAdress":"5 rue du 19 Mars 1962 - 87140 - VAULRY"},{"text":"VAYRES","href":"./87/vayres.html","phone":"05 55 78 11 12","email":"mairie-vayres@wanadoo.fr","population":"923 habitants","website":"","townhallAdress":"Le Bourg - 87600 - VAYRES"},{"text":"VERNEUIL MOUSTIERS","href":"./87/verneuil-moustiers.html","phone":"05 55 68 21 62","email":"mairie.verneuil-moustiers@wanadoo.fr","population":"164 habitants","website":"","townhallAdress":"Le Bourg - 87360 - VERNEUIL-MOUSTIERS"},{"text":"VERNEUIL SUR VIENNE","href":"./87/verneuil-sur-vienne.html","phone":"05 55 48 03 00","email":"mairie-verneuil-vienne@wanadoo.fr","population":"4064 habitants","website":"","townhallAdress":"2 place de l'Eglise - 87430 - VERNEUIL-SUR-VIENNE"},{"text":"VEYRAC","href":"./87/veyrac.html","phone":"05 55 03 50 76","email":"mairie.de.veyrac@wanadoo.fr","population":"1956 habitants","website":"","townhallAdress":"1 place de la Mairie - 87520 - VEYRAC"},{"text":"VICQ SUR BREUILH","href":"./87/vicq-sur-breuilh.html","phone":"05 55 00 61 03","email":"mairie.vicq@wanadoo.fr","population":"1267 habitants","website":"","townhallAdress":"Le Bourg - 87260 - VICQ-SUR-BREUILH"},{"text":"VIDEIX","href":"./87/videix.html","phone":"05 55 48 62 62","email":"commune-de-videix@wanadoo.fr","population":"256 habitants","website":"","townhallAdress":"Le Bourg - 87600 - VIDEIX"},{"text":"VILLEFAVARD","href":"./87/villefavard.html","phone":"05 55 76 50 13","email":"mairie.villefavard@wanadoo.fr","population":"168 habitants","website":"","townhallAdress":"Le Bourg - 87190 - VILLEFAVARD"}]}