{"text":"05 | Hautes Alpes","href":"hautes-alpes.html","townships":[{"text":"ABRIES","href":"./05/abries.html","phone":"0492467103","email":"mairie.abries@wanadoo.fr","population":"391 habitants","website":"","townhallAdress":"Le bourg - 05460 - ABRIES"},{"text":"AGNIERES EN DEVOLUY","href":"./05/agnieres-en-devoluy.html","phone":"0492588027","email":"mairie.agnieres@orange.fr","population":"272 habitants","website":"","townhallAdress":"Le village - 05250 - AGNIERES-EN-DEVOLUY"},{"text":"AIGUILLES","href":"./05/aiguilles.html","phone":"0492467017","email":"","population":"422 habitants","website":"","townhallAdress":"Place Jean LEA - 05470 - AIGUILLES"},{"text":"ANCELLE","href":"./05/ancelle.html","phone":"0492508305","email":"","population":"821 habitants","website":"","townhallAdress":"Le village - 05260 - ANCELLE"},{"text":"ANTONAVES","href":"./05/antonaves.html","phone":"0492651938","email":"mairie.antonaves@wanadoo.fr","population":"177 habitants","website":"","townhallAdress":"Le village - 05300 - ANTONAVES"},{"text":"ARVIEUX","href":"./05/arvieux.html","phone":"0492467281","email":"mairie.arvieux@wanadoo.fr","population":"369 habitants","website":"","townhallAdress":"Le village - 05350 - ARVIEUX"},{"text":"ASPREMONT","href":"./05/aspremont.html","phone":"04 92 58 64 27","email":"aspremont@wanadoo.fr","population":"328 habitants","website":"","townhallAdress":"RD 1075 - 05140 - ASPREMONT"},{"text":"ASPRES LES CORPS","href":"./05/aspres-les-corps.html","phone":"04 92 55 20 67","email":"mairie.aspres-les-corps@wanadoo.fr","population":"136 habitants","website":"","townhallAdress":"Le Faux - 05800 - ASPRES-LES-CORPS"},{"text":"ASPRES SUR BUECH","href":"./05/aspres-sur-buech.html","phone":"04 92 58 60 34","email":"mairie.aspres-sur-buech@wanadoo.fr","population":"768 habitants","website":"","townhallAdress":"Grand' Rue - 05140 - ASPRES-SUR-BUECH"},{"text":"AVANCON","href":"./05/avancon.html","phone":"0492503014","email":"commune.avancon@wanadoo.fr","population":"349 habitants","website":"","townhallAdress":"Le village - 05230 - AVANCON"},{"text":"BARATIER","href":"./05/baratier.html","phone":"0492432586","email":"mairie.baratier@wanadoo.fr","population":"528 habitants","website":"","townhallAdress":"Place du village - 05200 - BARATIER"},{"text":"BARCILLONNETTE","href":"./05/barcillonnette.html","phone":"0492542580","email":"mairie-barci05@wanadoo.fr","population":"128 habitants","website":"","townhallAdress":"Le village - 05110 - BARCILLONNETTE"},{"text":"BARRET SUR MEOUGE","href":"./05/barret-sur-meouge.html","phone":"0492651093","email":"mairie.barretsurmeouge@wanadoo.fr","population":"220 habitants","website":"","townhallAdress":"Le village - 05300 - BARRET-SUR-MEOUGE"},{"text":"BENEVENT ET CHARBILLAC","href":"./05/benevent-et-charbillac.html","phone":"0492500171","email":"benevent-charbillac@wanadoo.fr","population":"295 habitants","website":"","townhallAdress":"Les Gentillons - 05500 - BENEVENT-ET-CHARBILLAC"},{"text":"BREZIERS","href":"./05/breziers.html","phone":"0492551810","email":"mairie.breziers392@orange.fr","population":"144 habitants","website":"","townhallAdress":"Le village - 05190 - BREZIERS"},{"text":"BRIANCON","href":"./05/briancon.html","phone":"04 92 21 20 72","email":"communication@mairie-briancon.fr","population":"11961 habitants","website":"","townhallAdress":"\"\"\"Les Cordeliers\"\"  - Rue Aspirant Jan\" - 05100 - BRIANCON"},{"text":"BRUIS","href":"./05/bruis.html","phone":"0492660309","email":"mairie.bruis@orange.fr","population":"67 habitants","website":"","townhallAdress":"Le village - 05150 - BRUIS"},{"text":"BUISSARD","href":"./05/buissard.html","phone":"0492504228","email":"mairie.buissard05@orange.fr","population":"166 habitants","website":"","townhallAdress":"Le village - 05500 - BUISSARD"},{"text":"CEILLAC","href":"./05/ceillac.html","phone":"0492451517","email":"mairie.ceillac@wanadoo.fr","population":"305 habitants","website":"","townhallAdress":"Place Philippe Lamour - 05600 - CEILLAC"},{"text":"CERVIERES","href":"./05/cervieres.html","phone":"0492204242","email":"cervieres@ccbrianconnais.fr","population":"149 habitants","website":"","townhallAdress":"Le village - 05100 - CERVIERES"},{"text":"CHABESTAN","href":"./05/chabestan.html","phone":"0492572677","email":"mairie.chabestan@wanadoo.fr","population":"130 habitants","website":"","townhallAdress":"Le village - 05400 - CHABESTAN"},{"text":"CHABOTTES","href":"./05/chabottes.html","phone":"0492504070","email":"mairiechabottes@wanadoo.fr","population":"768 habitants","website":"","townhallAdress":"Route des écrins, La Haute Plaine - 05260 - CHABOTTES"},{"text":"CHAMPCELLA","href":"./05/champcella.html","phone":"0492209375","email":"mairie-champcella@wanadoo.fr","population":"170 habitants","website":"","townhallAdress":"Le village - 05310 - CHAMPCELLA"},{"text":"CHAMPOLEON","href":"./05/champoleon.html","phone":"0492559032","email":"mairie.champoleon05@wanadoo.fr","population":"127 habitants","website":"","townhallAdress":"Les Borels - 05260 - CHAMPOLEON"},{"text":"CHANOUSSE","href":"./05/chanousse.html","phone":"0492662159","email":"","population":"44 habitants","website":"","townhallAdress":"Le village - 05700 - CHANOUSSE"},{"text":"CHATEAUNEUF DE CHABRE","href":"./05/chateauneuf-de-chabre.html","phone":"0492650041","email":"mairie.chateauneuf-de-chabre@wanadoo.fr","population":"308 habitants","website":"","townhallAdress":"Le village - 05300 - CHATEAUNEUF-DE-CHABRE"},{"text":"CHATEAUNEUF D OZE","href":"./05/chateauneuf-d-oze.html","phone":"0492571189","email":"mairie.chateauneufdoze.1@wanadoo.fr","population":"28 habitants","website":"","townhallAdress":"Les Aubergeries - 05400 - CHATEAUNEUF-D'OZE"},{"text":"CHATEAUROUX LES ALPES","href":"./05/chateauroux-les-alpes.html","phone":"0492432204","email":"mairie.05380@wanadoo.fr","population":"1129 habitants","website":"","townhallAdress":"Les Rougiers - 05380 - CHATEAUROUX-LES-ALPES"},{"text":"CHATEAUVIEUX","href":"./05/chateauvieux.html","phone":"0492541213","email":"mairie.chateauvieux05@wanadoo.fr","population":"459 habitants","website":"","townhallAdress":"Le village - 05000 - CHATEAUVIEUX"},{"text":"CHATEAU VILLE VIEILLE","href":"./05/chateau-ville-vieille.html","phone":"0492467070","email":"mairie.chavivi@wanadoo.fr","population":"327 habitants","website":"","townhallAdress":"Le village - 05350 - CHATEAU-VILLE-VIEILLE"},{"text":"CHAUFFAYER","href":"./05/chauffayer.html","phone":"0492552243","email":"mairie.chauffayer@orange.fr","population":"389 habitants","website":"","townhallAdress":"Quartier le Serre - 05800 - CHAUFFAYER"},{"text":"CHORGES","href":"./05/chorges.html","phone":"0492506030","email":"mairie.chorges@wanadoo.fr","population":"2475 habitants","website":"","townhallAdress":"Grand Rue - 05230 - CHORGES"},{"text":"CREVOUX","href":"./05/crevoux.html","phone":"0492431811","email":"mairie.crevoux@live.fr","population":"131 habitants","website":"","townhallAdress":"Le village - 05200 - CREVOUX"},{"text":"CROTS","href":"./05/crots.html","phone":"0492431305","email":"mairie.crots@wanadoo.fr","population":"935 habitants","website":"","townhallAdress":"Place des Ballerins - 05200 - CROTS"},{"text":"EMBRUN","href":"./05/embrun.html","phone":"0492446600","email":"info@ville-embrun.fr","population":"6720 habitants","website":"","townhallAdress":"Place Barthelon - 05200 - EMBRUN"},{"text":"EOURRES","href":"./05/eourres.html","phone":"0492652049","email":"mairie.eourres@wanadoo.fr","population":"85 habitants","website":"","townhallAdress":"Le village - 26560 - EOURRES"},{"text":"ESPARRON","href":"./05/esparron.html","phone":"0492542487","email":"mairie.esparron@wanadoo.fr","population":"36 habitants","website":"","townhallAdress":"Le village - 05110 - ESPARRON"},{"text":"ESPINASSES","href":"./05/espinasses.html","phone":"0492544455","email":"mairie.espinasses@wanadoo.fr","population":"675 habitants","website":"","townhallAdress":"Avenue de l'Espine - 05190 - ESPINASSES"},{"text":"ETOILE SAINT CYRICE","href":"./05/etoile-saint-cyrice.html","phone":"0492663047","email":"mairie.etoile05@wanadoo.fr","population":"39 habitants","website":"","townhallAdress":"Le village - 05700 - ETOILE-SAINT-CYRICE"},{"text":"EYGLIERS","href":"./05/eygliers.html","phone":"0492450324","email":"mairie.eygliers@wanadoo.fr","population":"752 habitants","website":"","townhallAdress":"Immeuble les Blanches - 05600 - EYGLIERS"},{"text":"EYGUIANS","href":"./05/eyguians.html","phone":"0492662369","email":"mairie.eyguians@laposte.net","population":"252 habitants","website":"","townhallAdress":"Le village - 05300 - EYGUIANS"},{"text":"FOREST SAINT JULIEN","href":"./05/forest-saint-julien.html","phone":"0492504384","email":"mairie.forest.st.julien@wanadoo.fr","population":"272 habitants","website":"","townhallAdress":"Manse - 05260 - FOREST-SAINT-JULIEN"},{"text":"FOUILLOUSE","href":"./05/fouillouse.html","phone":"0492541423","email":"mairie.fouillouse@wanadoo.fr","population":"188 habitants","website":"","townhallAdress":"Le village - 05130 - FOUILLOUSE"},{"text":"FREISSINIERES","href":"./05/freissinieres.html","phone":"0492209287","email":"mairie@freissinieres.fr","population":"191 habitants","website":"","townhallAdress":"Le village - 05310 - FREISSINIERES"},{"text":"FURMEYER","href":"./05/furmeyer.html","phone":"0492581138","email":"mairie.furmeyer@wanadoo.fr","population":"152 habitants","website":"","townhallAdress":"Les Savoyons - 05400 - FURMEYER"},{"text":"GAP","href":"./05/gap.html","phone":"0492532424","email":"mairie@ville-gap.fr","population":"39557 habitants","website":"","townhallAdress":"3, rue Colonel Roux - BP 92 - 05000 - GAP"},{"text":"GUILLESTRE","href":"./05/guillestre.html","phone":"04 92 45 04 03","email":"ville.guillestre@wanadoo.fr","population":"2362 habitants","website":"","townhallAdress":"Place des droits de l'homme - 05600 - GUILLESTRE"},{"text":"JARJAYES","href":"./05/jarjayes.html","phone":"0492543132","email":"mairie.jarjayes@wanadoo.fr","population":"428 habitants","website":"","townhallAdress":"Le village - 05130 - JARJAYES"},{"text":"LA BATIE MONTSALEON","href":"./05/la-batie-montsaleon.html","phone":"0492571510","email":"Mairie.labatie-montsaleon@orange.fr","population":"194 habitants","website":"","townhallAdress":"Le village - 05700 - LA-BATIE-MONTSALEON"},{"text":"LA BATIE NEUVE","href":"./05/la-batie-neuve.html","phone":"0492503223","email":"commune.de.la.batie.neuve@wanadoo.fr","population":"2095 habitants","website":"","townhallAdress":"Le village - 05230 - LA-BATIE-NEUVE"},{"text":"LA BATIE VIEILLE","href":"./05/la-batie-vieille.html","phone":"0492514973","email":"mairie.labatie-vieille@wanadoo.fr","population":"276 habitants","website":"","townhallAdress":"Le village - 05000 - LA-BATIE-VIEILLE"},{"text":"LA BEAUME","href":"./05/la-beaume.html","phone":"0492586561","email":"la.beaume@wanadoo.fr","population":"163 habitants","website":"","townhallAdress":"Le village - 05140 - LA-BEAUME"},{"text":"LA CHAPELLE EN VALGAUDEMAR","href":"./05/la-chapelle-en-valgaudemar.html","phone":"0492552317","email":"la.chapelle.en.valgaudemar@wanadoo.fr","population":"125 habitants","website":"","townhallAdress":"Le village - 05800 - LA-CHAPELLE-EN-VALGAUDEMAR"},{"text":"LA CLUSE","href":"./05/la-cluse.html","phone":"0492580536","email":"lacluseendevoluy@wanadoo.fr","population":"54 habitants","website":"","townhallAdress":"Le village - 05250 - LA-CLUSE"},{"text":"LA FARE EN CHAMPSAUR","href":"./05/la-fare-en-champsaur.html","phone":"0492501035","email":"la-fare.mairie@wanadoo.fr","population":"440 habitants","website":"","townhallAdress":"Les Barraques - 05500 - LA-FARE-EN-CHAMPSAUR"},{"text":"LA FAURIE","href":"./05/la-faurie.html","phone":"0492581784","email":"la.faurie@wanadoo.fr","population":"325 habitants","website":"","townhallAdress":"Route des écoles - 05140 - LA-FAURIE"},{"text":"LA FREISSINOUSE","href":"./05/la-freissinouse.html","phone":"0492578008","email":"mairie.lafreissinouse@wanadoo.fr","population":"511 habitants","website":"","townhallAdress":"Les écoles - 05000 - LA-FREISSINOUSE"},{"text":"LAGRAND","href":"./05/lagrand.html","phone":"0492662535","email":"Commune.lagrand@orange.fr","population":"304 habitants","website":"","townhallAdress":"Le village - 05300 - LAGRAND"},{"text":"LA GRAVE","href":"./05/la-grave.html","phone":"0476799029","email":"mairie.la.grave@wanadoo.fr","population":"506 habitants","website":"","townhallAdress":"Le village - 05320 - LA-GRAVE"},{"text":"LA HAUTE BEAUME","href":"./05/la-haute-beaume.html","phone":"0492587395","email":"mairie.hautebeaume@orange.fr","population":"9 habitants","website":"","townhallAdress":"Le village - 05140 - LA-HAUTE-BEAUME"},{"text":"LA MOTTE EN CHAMPSAUR","href":"./05/la-motte-en-champsaur.html","phone":"04 92 50 09 66","email":"motte.en.champsaur@orange.fr","population":"181 habitants","website":"","townhallAdress":"Place Jean Hyppolyte Gondre - 05500 - LA-MOTTE-EN-CHAMPSAUR"},{"text":"LA PIARRE","href":"./05/la-piarre.html","phone":"0492671482","email":"mairie-de-lapiarre@alsatis.net","population":"92 habitants","website":"","townhallAdress":"Le petit Mas - 05700 - LA-PIARRE"},{"text":"LARAGNE MONTEGLIN","href":"./05/laragne-monteglin.html","phone":"04 92 65 11 90","email":"info@mairie-laragne.fr","population":"3607 habitants","website":"","townhallAdress":"Avenue Arthur Audibert - 05300 - LARAGNE-MONTEGLIN"},{"text":"LARDIER ET VALENCA","href":"./05/lardier-et-valenca.html","phone":"04 92 54 20 49","email":"mairie.de.lardier@wanadoo.fr","population":"266 habitants","website":"","townhallAdress":"Le Collet - 05110 - LARDIER-ET-VALENCA"},{"text":"L ARGENTIERE LA BESSEE","href":"./05/l-argentiere-la-bessee.html","phone":"0492231003","email":"mairie@ville-argentiere.fr","population":"2377 habitants","website":"","townhallAdress":"Avenue Charles de Gaulle - 05120 - L'ARGENTIERE-LA-BESSEE"},{"text":"LA ROCHE DE RAME","href":"./05/la-roche-de-rame.html","phone":"0492209010","email":"mairie.rochederame@wanadoo.fr","population":"827 habitants","website":"","townhallAdress":"Le Clot - 05310 - LA-ROCHE-DE-RAME"},{"text":"LA ROCHE DES ARNAUDS","href":"./05/la-roche-des-arnauds.html","phone":"0492578234","email":"mairie.larochea@wanadoo.fr","population":"1334 habitants","website":"","townhallAdress":"Place de la mairie - 05400 - LA-ROCHE-DES-ARNAUDS"},{"text":"LA ROCHETTE","href":"./05/la-rochette.html","phone":"0492523759","email":"villagedelarochette@wanadoo.fr","population":"378 habitants","website":"","townhallAdress":"Les Férauds - 05000 - LA-ROCHETTE"},{"text":"LA SALLE LES ALPES","href":"./05/la-salle-les-alpes.html","phone":"0492255400","email":"mairie.lasalle@wanadoo.fr","population":"942 habitants","website":"","townhallAdress":"Rue de la Guisane - 05240 - LA-SALLE-LES-ALPES"},{"text":"LA SAULCE","href":"./05/la-saulce.html","phone":"0492542013","email":"mairie.la.saulce@wanadoo.fr","population":"1275 habitants","website":"","townhallAdress":"Le village - 05110 - LA-SAULCE"},{"text":"LAYE","href":"./05/laye.html","phone":"0492500895","email":"Communedelaye@wanadoo.fr","population":"231 habitants","website":"","townhallAdress":"Brutinel - 05500 - LAYE"},{"text":"LAZER","href":"./05/lazer.html","phone":"0492650630","email":"mairie.lazer@wanadoo.fr","population":"350 habitants","website":"","townhallAdress":"Le village - 05300 - LAZER"},{"text":"LE BERSAC","href":"./05/le-bersac.html","phone":"0492670806","email":"mairie@lebersac.fr","population":"154 habitants","website":"","townhallAdress":"Le village - 05700 - LE-BERSAC"},{"text":"LE GLAIZIL","href":"./05/le-glaizil.html","phone":"0492552287","email":"le-glaizil.mairie@orange.fr","population":"176 habitants","website":"","townhallAdress":"Le village - 05800 - LE-GLAIZIL"},{"text":"LE MONETIER LES BAINS","href":"./05/le-monetier-les-bains.html","phone":"04 92 24 40 04","email":"monetier@monetier.com","population":"1097 habitants","website":"","townhallAdress":"Le Village - 05220 - LE-MONETIER-LES-BAINS"},{"text":"LE NOYER","href":"./05/le-noyer.html","phone":"0492501145","email":"lenoyer@wanadoo.fr","population":"258 habitants","website":"","townhallAdress":"Le village - 05500 - LE-NOYER"},{"text":"L EPINE","href":"./05/l-epine.html","phone":"0492660024","email":"mairie.de.lepine@wanadoo.fr","population":"188 habitants","website":"","townhallAdress":"Le village - 05700 - L'EPINE"},{"text":"LE POET","href":"./05/le-poet.html","phone":"0492657011","email":"mairiedupoet@wanadoo.fr","population":"767 habitants","website":"","townhallAdress":"Le village - 05300 - LE-POET"},{"text":"LE SAIX","href":"./05/le-saix.html","phone":"0492572903","email":"mairie.lesaix@wanadoo.fr","population":"89 habitants","website":"","townhallAdress":"Le village - 05400 - LE-SAIX"},{"text":"LE SAUZE DU LAC","href":"./05/le-sauze-du-lac.html","phone":"0492442534","email":"mairie-du-sauze-du-lac-05@orange.fr","population":"129 habitants","website":"","townhallAdress":"Le village - 05160 - LE-SAUZE-DU-LAC"},{"text":"LES COSTES","href":"./05/les-costes.html","phone":"0492500172","email":"mairiedescostes@wanadoo.fr","population":"145 habitants","website":"","townhallAdress":"Le village - 05500 - LES-COSTES"},{"text":"LES INFOURNAS","href":"./05/les-infournas.html","phone":"0492501814","email":"mairie.les.infournas@wanadoo.fr","population":"26 habitants","website":"","townhallAdress":"Place de la Mairie - 05500 - LES-INFOURNAS"},{"text":"LES ORRES","href":"./05/les-orres.html","phone":"04 92 44 0040","email":"mairie-des-orres@wanadoo.fr","population":"548 habitants","website":"","townhallAdress":"Le chef-lieu - 05200 - LES-ORRES"},{"text":"LES VIGNEAUX","href":"./05/les-vigneaux.html","phone":"0492231339","email":"communevigneaux@wanadoo.fr","population":"482 habitants","website":"","townhallAdress":"Le village - 05120 - LES-VIGNEAUX"},{"text":"LETTRET","href":"./05/lettret.html","phone":"0492540257","email":"Mairie.lettret@wanadoo.fr","population":"160 habitants","website":"","townhallAdress":"Le village - 05130 - LETTRET"},{"text":"MANTEYER","href":"./05/manteyer.html","phone":"0492578073","email":"mairie.manteyer@wanadoo.fr","population":"416 habitants","website":"","townhallAdress":"Le village - 05400 - MANTEYER"},{"text":"MEREUIL","href":"./05/mereuil.html","phone":"0492670958","email":"mairie.mereuil@wanadoo.fr","population":"83 habitants","website":"","townhallAdress":"Le village - 05700 - MEREUIL"},{"text":"MOLINES EN QUEYRAS","href":"./05/molines-en-queyras.html","phone":"0492458337","email":"mairie.molinesenqueyras@wanadoo.fr","population":"333 habitants","website":"","townhallAdress":"Le village - 05350 - MOLINES-EN-QUEYRAS"},{"text":"MONETIER ALLEMONT","href":"./05/monetier-allemont.html","phone":"0492664058","email":"mairie.monetier@laposte.net","population":"331 habitants","website":"","townhallAdress":"Le village - 05110 - MONETIER-ALLEMONT"},{"text":"MONTBRAND","href":"./05/montbrand.html","phone":"0492572990","email":"montbrand@wanadoo.fr","population":"53 habitants","website":"","townhallAdress":"Le Forest - 05140 - MONTBRAND"},{"text":"MONTCLUS","href":"./05/montclus.html","phone":"0492670551","email":"mairie.montclus@wanadoo.fr","population":"48 habitants","website":"","townhallAdress":"Le village - 05700 - MONTCLUS"},{"text":"MONT DAUPHIN","href":"./05/mont-dauphin.html","phone":"0492451834","email":"mairie@montdauphin-vauban.fr","population":"141 habitants","website":"","townhallAdress":"Rue Catinat - 05600 - MONT-DAUPHIN"},{"text":"MONTGARDIN","href":"./05/montgardin.html","phone":"0492503781","email":"mairiemontgardin@free.fr","population":"425 habitants","website":"","townhallAdress":"Le village - 05230 - MONTGARDIN"},{"text":"MONTGENEVRE","href":"./05/montgenevre.html","phone":"0492219288","email":"mairie.montgenevre@wanadoo.fr","population":"481 habitants","website":"","townhallAdress":"BP 13 Route d'Italie - 05100 - MONTGENEVRE"},{"text":"MONTJAY","href":"./05/montjay.html","phone":"0492662603","email":"mairie-de-montjay@alsatis.net","population":"99 habitants","website":"","townhallAdress":"Le village - 05150 - MONTJAY"},{"text":"MONTMAUR","href":"./05/montmaur.html","phone":"0492580559","email":"mairie.montmaur@wanadoo.fr","population":"521 habitants","website":"","townhallAdress":"Le village - 05400 - MONTMAUR"},{"text":"MONTMORIN","href":"./05/montmorin.html","phone":"0492660250","email":"mairie.montmorin@orange.fr","population":"89 habitants","website":"","townhallAdress":"Le village - 05150 - MONTMORIN"},{"text":"MONTROND","href":"./05/montrond.html","phone":"0492671288","email":"mairie.montrond@wanadoo.fr","population":"50 habitants","website":"","townhallAdress":"Le village - 05700 - MONTROND"},{"text":"MOYDANS","href":"./05/moydans.html","phone":"0492666251","email":"mairie.moydans@wanadoo.fr","population":"52 habitants","website":"","townhallAdress":"Le village - 05150 - MOYDANS"},{"text":"NEFFES","href":"./05/neffes.html","phone":"0492578087","email":"mairie.neffes@wanadoo.fr","population":"726 habitants","website":"","townhallAdress":"Le village - 05000 - NEFFES"},{"text":"NEVACHE","href":"./05/nevache.html","phone":"0492211919","email":"mairie.nevache@orange.fr","population":"336 habitants","website":"","townhallAdress":"Place de l'église - 05100 - NEVACHE"},{"text":"NOSSAGE ET BENEVENT","href":"./05/nossage-et-benevent.html","phone":"0492663819","email":"","population":"12 habitants","website":"","townhallAdress":"Le village - 05700 - NOSSAGE-ET-BENEVENT"},{"text":"ORCIERES","href":"./05/orcieres.html","phone":"0492557026","email":"br-mairie.orcieres@wanadoo.fr","population":"721 habitants","website":"","townhallAdress":"Le village - 05170 - ORCIERES"},{"text":"ORPIERRE","href":"./05/orpierre.html","phone":"0492662136","email":"mairie.orpierre@wanadoo.fr","population":"372 habitants","website":"","townhallAdress":"Le village - 05700 - ORPIERRE"},{"text":"OZE","href":"./05/oze.html","phone":"0492572997","email":"mairie.oze@wanadoo.fr","population":"92 habitants","website":"","townhallAdress":"Le village - 05400 - OZE"},{"text":"PELLEAUTIER","href":"./05/pelleautier.html","phone":"0492578742","email":"communedepelleautier@wanadoo.fr","population":"556 habitants","website":"","townhallAdress":"Le village - 05000 - PELLEAUTIER"},{"text":"PELVOUX","href":"./05/pelvoux.html","phone":"0492233107","email":"mairie-pelvoux@wanadoo.fr","population":"454 habitants","website":"","townhallAdress":"Saint-Antoine - 05340 - PELVOUX"},{"text":"POLIGNY","href":"./05/poligny.html","phone":"0492505066","email":"poligny_commune@orange.fr","population":"300 habitants","website":"","townhallAdress":"Le village - 05500 - POLIGNY"},{"text":"PRUNIERES","href":"./05/prunieres.html","phone":"0492506589","email":"mairiedeprunieres@wanadoo.fr","population":"291 habitants","website":"","townhallAdress":"Les Clots - 05230 - PRUNIERES"},{"text":"PUY SAINT ANDRE","href":"./05/puy-saint-andre.html","phone":"0492202426","email":"mairie.puysaintandre@wanadoo.fr","population":"485 habitants","website":"","townhallAdress":"Le village - 05100 - PUY-SAINT-ANDRE"},{"text":"PUY SAINT EUSEBE","href":"./05/puy-saint-eusebe.html","phone":"0492432881","email":"mairie@puysainteusebe.com","population":"126 habitants","website":"","townhallAdress":"Le Villard - 05200 - PUY-SAINT-EUSEBE"},{"text":"PUY SAINT PIERRE","href":"./05/puy-saint-pierre.html","phone":"0492210945","email":"mairie-puy-saint-pierre@wanadoo.fr","population":"520 habitants","website":"","townhallAdress":"Le Pinet - 05100 - PUY-SAINT-PIERRE"},{"text":"PUY SAINT VINCENT","href":"./05/puy-saint-vincent.html","phone":"0492233066","email":"mairie-puystvincent@wanadoo.fr","population":"297 habitants","website":"","townhallAdress":"Les Alberts - 05290 - PUY-SAINT-VINCENT"},{"text":"PUY SANIERES","href":"./05/puy-sanieres.html","phone":"0492433888","email":"mairiedepuysanieres@wanadoo.fr","population":"221 habitants","website":"","townhallAdress":"Les Truchets - 05200 - PUY-SANIERES"},{"text":"RABOU","href":"./05/rabou.html","phone":"0492579216","email":"","population":"83 habitants","website":"","townhallAdress":"Le village - 05400 - RABOU"},{"text":"RAMBAUD","href":"./05/rambaud.html","phone":"0492522596","email":"mairierambaud@wanadoo.fr","population":"366 habitants","website":"","townhallAdress":"Le village - 05000 - RAMBAUD"},{"text":"REALLON","href":"./05/reallon.html","phone":"0492442393","email":"reallon.mairie@wanadoo.fr","population":"232 habitants","website":"","townhallAdress":"La Place - 05160 - REALLON"},{"text":"REMOLLON","href":"./05/remollon.html","phone":"0492546298","email":"mairie.remollon@wanadoo.fr","population":"433 habitants","website":"","townhallAdress":"Route des Trois Alpes - 05190 - REMOLLON"},{"text":"REOTIER","href":"./05/reotier.html","phone":"0492453200","email":"mairie@reotier.fr","population":"191 habitants","website":"","townhallAdress":"Le village - 05600 - REOTIER"},{"text":"RIBEYRET","href":"./05/ribeyret.html","phone":"0492660243","email":"mairie.ribeyret@wanadoo.fr","population":"111 habitants","website":"","townhallAdress":"Le village - 05150 - RIBEYRET"},{"text":"RIBIERS","href":"./05/ribiers.html","phone":"0492632016","email":"mairieribiers@hotmail.com","population":"794 habitants","website":"","townhallAdress":"Le village - 05300 - RIBIERS"},{"text":"RISOUL","href":"./05/risoul.html","phone":"0492450107","email":"mairierisoul@wanadoo.fr","population":"675 habitants","website":"","townhallAdress":"La Rua - 05600 - RISOUL"},{"text":"RISTOLAS","href":"./05/ristolas.html","phone":"0492467632","email":"mairie.ristolas@wanadoo.fr","population":"96 habitants","website":"","townhallAdress":"L'Oratoire - 05460 - RISTOLAS"},{"text":"ROCHEBRUNE","href":"./05/rochebrune.html","phone":"0492544546","email":"mairie.rochebrune@wanadoo.fr","population":"152 habitants","website":"","townhallAdress":"20, place de la république - 05190 - ROCHEBRUNE"},{"text":"ROSANS","href":"./05/rosans.html","phone":"0492666014","email":"mairie@rosans.fr","population":"536 habitants","website":"","townhallAdress":"Le village - 05150 - ROSANS"},{"text":"ROUSSET","href":"./05/rousset.html","phone":"0492544550","email":"communederousset@free.fr","population":"173 habitants","website":"","townhallAdress":"Rue de la mairie - 05190 - ROUSSET"},{"text":"SAINT ANDRE D EMBRUN","href":"./05/saint-andre-d-embrun.html","phone":"0492430384","email":"mairie.standreembrun@wanadoo.fr","population":"676 habitants","website":"","townhallAdress":"Le village - 05200 - SAINT-ANDRE-D'EMBRUN"},{"text":"SAINT ANDRE DE ROSANS","href":"./05/saint-andre-de-rosans.html","phone":"0492666144","email":"st-andre.mairie@wanadoo.fr","population":"153 habitants","website":"","townhallAdress":"Le village - 05150 - SAINT-ANDRE-DE-ROSANS"},{"text":"SAINT APOLLINAIRE","href":"./05/saint-apollinaire.html","phone":"0492442233","email":"commune.stapollinaire@wanadoo.fr","population":"117 habitants","website":"","townhallAdress":"Le village - 05160 - SAINT-APOLLINAIRE"},{"text":"SAINT AUBAN D OZE","href":"./05/saint-auban-d-oze.html","phone":"0492580975","email":"mairie.staubandoze@wanadoo.fr","population":"69 habitants","website":"","townhallAdress":"Mairie - 05400 - SAINT-AUBAN-D'OZE"},{"text":"SAINT BONNET EN CHAMPSAUR","href":"./05/saint-bonnet-en-champsaur.html","phone":"0492500053","email":"mairie@saint-bonnet-en-champsaur.net","population":"2069 habitants","website":"","townhallAdress":"Place Waldems - 05500 - SAINT-BONNET-EN-CHAMPSAUR"},{"text":"SAINT CHAFFREY","href":"./05/saint-chaffrey.html","phone":"0492241570","email":"mairie-st-chaffrey@wanadoo.fr","population":"1756 habitants","website":"","townhallAdress":"Route du Pont-Levis - 05330 - SAINT-CHAFFREY"},{"text":"SAINT CLEMENT SUR DURANCE","href":"./05/saint-clement-sur-durance.html","phone":"0492451091","email":"mairie-stclement-d@wanadoo.fr","population":"281 habitants","website":"","townhallAdress":"RN 94 - 05600 - SAINT-CLEMENT-SUR-DURANCE"},{"text":"SAINT CREPIN","href":"./05/saint-crepin.html","phone":"0492450271","email":"stcrepin.mairie@orange.fr","population":"616 habitants","website":"","townhallAdress":"Le village - 05600 - SAINT-CREPIN"},{"text":"SAINT DISDIER","href":"./05/saint-disdier.html","phone":"04 92 58 81 02","email":"mairie.st.disdier@wanadoo.fr","population":"140 habitants","website":"","townhallAdress":"Les Roures - 05250 - SAINT-DISDIER"},{"text":"SAINTE COLOMBE","href":"./05/sainte-colombe.html","phone":"0492662354","email":"mairie.stecolombe05@orange.fr","population":"53 habitants","website":"","townhallAdress":"Le chef-lieu - 05700 - SAINTE-COLOMBE"},{"text":"SAINTE MARIE","href":"./05/sainte-marie.html","phone":"04 92 66 03 66","email":"mairie.saintemarie@orange.fr","population":"42 habitants","website":"","townhallAdress":"Le Village - 05150 - SAINTE-MARIE"},{"text":"SAINT ETIENNE EN DEVOLUY","href":"./05/saint-etienne-en-devoluy.html","phone":"0492588226","email":"mairie.devoluy@wanadoo.fr","population":"600 habitants","website":"","townhallAdress":"Le village - 05250 - SAINT-ETIENNE-EN-DEVOLUY"},{"text":"SAINT ETIENNE LE LAUS","href":"./05/saint-etienne-le-laus.html","phone":"0492543196","email":"mairiestetiennelelaus@wanadoo.fr","population":"289 habitants","website":"","townhallAdress":"Le village - 05130 - SAINT-ETIENNE-LE-LAUS"},{"text":"SAINT EUSEBE EN CHAMPSAUR","href":"./05/saint-eusebe-en-champsaur.html","phone":"0492500339","email":"mairiesainteusebe@wanadoo.fr","population":"137 habitants","website":"","townhallAdress":"Le village - 05500 - SAINT-EUSEBE-EN-CHAMPSAUR"},{"text":"SAINT FIRMIN","href":"./05/saint-firmin.html","phone":"0492552030","email":"mairiesaintfirmin@wanadoo.fr","population":"460 habitants","website":"","townhallAdress":"Le village - 05800 - SAINT-FIRMIN"},{"text":"SAINT GENIS","href":"./05/saint-genis.html","phone":"0492671265","email":"ecrire@mairie-saintgenislaval.fr","population":"61 habitants","website":"","townhallAdress":"Le village - 05300 - SAINT-GENIS"},{"text":"SAINT JACQUES EN VALGODEMARD","href":"./05/saint-jacques-en-valgodemard.html","phone":"04 92 55 25 15","email":"mairie.stjacques@wanadoo.fr","population":"164 habitants","website":"","townhallAdress":"Le Moulin Bas Sechier - 05800 - SAINT-JACQUES-EN-VALGODEMARD"},{"text":"SAINT JEAN SAINT NICOLAS","href":"./05/saint-jean-saint-nicolas.html","phone":"0492559280","email":"comstjeanstnicolas@wanadoo.fr","population":"1025 habitants","website":"","townhallAdress":"Mairie - 05260 - SAINT-JEAN-SAINT-NICOLAS"},{"text":"SAINT JULIEN EN BEAUCHENE","href":"./05/saint-julien-en-beauchene.html","phone":"0492581645","email":"stjulien05@alsatis.net","population":"124 habitants","website":"","townhallAdress":"Le village - 05140 - SAINT-JULIEN-EN-BEAUCHENE"},{"text":"SAINT JULIEN EN CHAMPSAUR","href":"./05/saint-julien-en-champsaur.html","phone":"0492507069","email":"mairie.st-julien-en-champsaur@wanadoo.fr","population":"307 habitants","website":"","townhallAdress":"Pont du Fossé - 05500 - SAINT-JULIEN-EN-CHAMPSAUR"},{"text":"SAINT LAURENT DU CROS","href":"./05/saint-laurent-du-cros.html","phone":"0492504287","email":"mairie.st-laurent-du-cros@wanadoo.fr","population":"532 habitants","website":"","townhallAdress":"Le village - 05500 - SAINT-LAURENT-DU-CROS"},{"text":"SAINT LEGER LES MELEZES","href":"./05/saint-leger-les-melezes.html","phone":"0492504074","email":"mairie.stleger05@wanadoo.fr","population":"320 habitants","website":"","townhallAdress":"Le village - 05260 - SAINT-LEGER-LES-MELEZES"},{"text":"SAINT MARTIN DE QUEYRIERE","href":"./05/saint-martin-de-queyriere.html","phone":"04 92 21 04 06","email":"mairie.stmartindequeyrieres@wanadoo.fr","population":"936 habitants","website":"","townhallAdress":"Le Serre - 05120 - SAINT-MARTIN-DE-QUEYRIERE"},{"text":"SAINT MAURICE EN VALGODEMARD","href":"./05/saint-maurice-en-valgodemard.html","phone":"04 92 55 28 09","email":"","population":"138 habitants","website":"","townhallAdress":"Le Village - 05800 - SAINT-MAURICE-EN-VALGODEMARD"},{"text":"SAINT MICHEL DE CHAILLOL","href":"./05/saint-michel-de-chaillol.html","phone":"0492504857","email":"chaillol.mairie@wanadoo.fr","population":"339 habitants","website":"","townhallAdress":"Le Serre - 05260 - SAINT-MICHEL-DE-CHAILLOL"},{"text":"SAINT PIERRE AVEZ","href":"./05/saint-pierre-avez.html","phone":"0492652136","email":"stpierreavez@wanadoo.fr","population":"24 habitants","website":"","townhallAdress":"Le village - 05300 - SAINT-PIERRE-AVEZ"},{"text":"SAINT PIERRE D ARGENCON","href":"./05/saint-pierre-d-argencon.html","phone":"0492586581","email":"saintpierre.argencon@orange.fr","population":"169 habitants","website":"","townhallAdress":"Le village - 05140 - SAINT-PIERRE-D'ARGENCON"},{"text":"SAINT SAUVEUR","href":"./05/saint-sauveur.html","phone":"0492431839","email":"mairie.saintsauveur@wanadoo.fr","population":"448 habitants","website":"","townhallAdress":"Le village - 05200 - SAINT-SAUVEUR"},{"text":"SAINT VERAN","href":"./05/saint-veran.html","phone":"0492458391","email":"mairie.stveran@wanadoo.fr","population":"303 habitants","website":"","townhallAdress":"Le village - 05350 - SAINT-VERAN"},{"text":"SALEON","href":"./05/saleon.html","phone":"0492662992","email":"mairie.saleon@wanadoo.fr","population":"78 habitants","website":"","townhallAdress":"- 05300 - SALEON"},{"text":"SALERANS","href":"./05/salerans.html","phone":"0492652413","email":"mairie.salerans@wanadoo.fr","population":"77 habitants","website":"","townhallAdress":"Le village - 05300 - SALERANS"},{"text":"SAVINES LE LAC","href":"./05/savines-le-lac.html","phone":"0492442003","email":"mairie.savines@wanadoo.fr","population":"1176 habitants","website":"","townhallAdress":"Place de l'église - 05160 - SAVINES-LE-LAC"},{"text":"SAVOURNON","href":"./05/savournon.html","phone":"0492670314","email":"mairie-de-savournon@alsatis.net","population":"265 habitants","website":"","townhallAdress":"Chef-lieu - 05700 - SAVOURNON"},{"text":"SERRES","href":"./05/serres.html","phone":"0492670350","email":"mairie.serres05@wanadoo.fr","population":"1352 habitants","website":"","townhallAdress":"1, rue du portail - 05700 - SERRES"},{"text":"SIGOTTIER","href":"./05/sigottier.html","phone":"0492671356","email":"mairiedesigottier@wanadoo.fr","population":"67 habitants","website":"","townhallAdress":"Le village - 05700 - SIGOTTIER"},{"text":"SIGOYER","href":"./05/sigoyer.html","phone":"0492578331","email":"mairie.sigoyer@wanadoo.fr","population":"676 habitants","website":"","townhallAdress":"Le village - 05130 - SIGOYER"},{"text":"SORBIERS","href":"./05/sorbiers.html","phone":"0492662187","email":"","population":"38 habitants","website":"","townhallAdress":"Le village - 05150 - SORBIERS"},{"text":"TALLARD","href":"./05/tallard.html","phone":"0492541014","email":"mairie@ville-tallard.fr","population":"1931 habitants","website":"","townhallAdress":"1, place Charles De Gaulle - 05130 - TALLARD"},{"text":"THEUS","href":"./05/theus.html","phone":"0492546472","email":"Mairietheus@orange.fr","population":"181 habitants","website":"","townhallAdress":"Le village - 05190 - THEUS"},{"text":"TRESCLEOUX","href":"./05/trescleoux.html","phone":"0492662201","email":"mairie.trescleoux@orange.fr","population":"328 habitants","website":"","townhallAdress":"Le village - 05700 - TRESCLEOUX"},{"text":"UPAIX","href":"./05/upaix.html","phone":"0492657026","email":"mairie.upaix@freesbee.fr","population":"418 habitants","website":"","townhallAdress":"Rourebeau - 05300 - UPAIX"},{"text":"VAL DES PRES","href":"./05/val-des-pres.html","phone":"0492210616","email":"mairie@valdespres.fr","population":"521 habitants","website":"","townhallAdress":"Le Serre - 05100 - VAL-DES-PRES"},{"text":"VALLOUISE","href":"./05/vallouise.html","phone":"0492233019","email":"mairie.vallouise@wanadoo.fr","population":"747 habitants","website":"","townhallAdress":"Place de l'église - 05290 - VALLOUISE"},{"text":"VALSERRES","href":"./05/valserres.html","phone":"0492543001","email":"mairie.valserres@wanadoo.fr","population":"217 habitants","website":"","townhallAdress":"Le village - 05130 - VALSERRES"},{"text":"VARS","href":"./05/vars.html","phone":"0492465009","email":"mairie.vars@wanadoo.fr","population":"607 habitants","website":"","townhallAdress":"Saint-Marie - 05560 - VARS"},{"text":"VENTAVON","href":"./05/ventavon.html","phone":"0492664054","email":"mairie.ventavon@gmail.com","population":"564 habitants","website":"","townhallAdress":"Le village - 05300 - VENTAVON"},{"text":"VEYNES","href":"./05/veynes.html","phone":"0492581022","email":"mairie.veynes@free.fr","population":"3333 habitants","website":"","townhallAdress":"Place de la République - 05400 - VEYNES"},{"text":"VILLAR D ARENE","href":"./05/villar-d-arene.html","phone":"0476799055","email":"villardarene@free.fr","population":"280 habitants","website":"","townhallAdress":"Rue de la Mairie - 05480 - VILLAR-D'ARENE"},{"text":"VILLAR LOUBIERE","href":"./05/villar-loubiere.html","phone":"04 92 55 27 72","email":"villarloubiere@wanadoo.fr","population":"51 habitants","website":"","townhallAdress":"Le Village - 05800 - VILLAR-LOUBIERE"},{"text":"VILLAR SAINT PANCRACE","href":"./05/villar-saint-pancrace.html","phone":"04 92 21 05 27","email":"mairie.vsp@wanadoo.fr","population":"1518 habitants","website":"","townhallAdress":"9 rue de l'Ecole - 05100 - VILLAR-SAINT-PANCRACE"},{"text":"VITROLLES","href":"./05/vitrolles.html","phone":"0492542566","email":"mairievitrolles05@wanadoo.fr","population":"206 habitants","website":"","townhallAdress":"Le plan de Vitrolles - 05110 - VITROLLES"}]}