{"text":"35 | Ille-et-Vilaine","href":"ille-et-vilaine.html","townships":[{"text":"ACIGNE","href":"./35/acigne.html","phone":"02 99 04 30 00","email":"mairie@ville-acigne.fr","population":"6078 habitants","website":"","townhallAdress":"Place de la Mairie - 35690 - ACIGNE"},{"text":"AMANLIS","href":"./35/amanlis.html","phone":"02 99 44 44 98","email":"secretariat@mairie-amanlis.fr","population":"1600 habitants","website":"","townhallAdress":"Place Centrale - 35150 - AMANLIS"},{"text":"ANDOUILLE NEUVILLE","href":"./35/andouille-neuville.html","phone":"02 99 55 21 05","email":"andouilleneuville@free.fr","population":"718 habitants","website":"","townhallAdress":"1 place Croisettes - 35250 - ANDOUILLE-NEUVILLE"},{"text":"ANTRAIN","href":"./35/antrain.html","phone":"02 99 98 31 09","email":"antrain@wanadoo.fr","population":"1463 habitants","website":"","townhallAdress":"Rue de l'Eglise - 35560 - ANTRAIN"},{"text":"ARBRISSEL","href":"./35/arbrissel.html","phone":"02 99 96 22 45","email":"mairiearbrissel@laposte.net","population":"262 habitants","website":"","townhallAdress":"Le Bourg - 35130 - ARBRISSEL"},{"text":"ARGENTRE DU PLESSIS","href":"./35/argentre-du-plessis.html","phone":"02 99 96 61 27","email":"mairie@argentre-du-plessis.fr","population":"4188 habitants","website":"","townhallAdress":"21Bis rue Alain d'Argentré - 35370 - ARGENTRE-DU-PLESSIS"},{"text":"AUBIGNE","href":"./35/aubigne.html","phone":"02 99 55 26 49","email":"mairie.aubigne@wanadoo.fr","population":"480 habitants","website":"","townhallAdress":"Rue de la Mairie - 35250 - AUBIGNE"},{"text":"AVAILLES SUR SEICHE","href":"./35/availles-sur-seiche.html","phone":"02 99 96 22 92","email":"availles.mairie@wanadoo.fr","population":"683 habitants","website":"","townhallAdress":"4 rue du Moulin - 35130 - AVAILLES-SUR-SEICHE"},{"text":"BAGUER MORVAN","href":"./35/baguer-morvan.html","phone":"02 99 48 09 01","email":"mairie.baguermorvan@wanadoo.fr","population":"1564 habitants","website":"","townhallAdress":"1 rue Commandant Lecossois - 35120 - BAGUER-MORVAN"},{"text":"BAGUER PICAN","href":"./35/baguer-pican.html","phone":"02 99 48 09 53","email":"mairie.baguer.pican@wanadoo.fr","population":"1259 habitants","website":"","townhallAdress":"21 rue de Paris - 35120 - BAGUER-PICAN"},{"text":"BAILLE","href":"./35/baille.html","phone":"02 99 95 04 15","email":"mairie.de.baille@wanadoo.fr","population":"331 habitants","website":"","townhallAdress":"Le Bourg - 35460 - BAILLE"},{"text":"BAIN DE BRETAGNE","href":"./35/bain-de-bretagne.html","phone":"02 99 43 70 24","email":"mairie.bain@wanadoo.fr","population":"7197 habitants","website":"","townhallAdress":"21 rue de l'Hôtel de Ville - 35470 - BAIN-DE-BRETAGNE"},{"text":"BAINS SUR OUST","href":"./35/bains-sur-oust.html","phone":"02 99 91 70 87","email":"bains-sur-oust@wanadoo.fr","population":"3450 habitants","website":"","townhallAdress":"2 place de la Mairie - 35600 - BAINS-SUR-OUST"},{"text":"BAIS","href":"./35/bais.html","phone":"02 99 76 30 26","email":"mairie-de-bais@wanadoo.fr","population":"2053 habitants","website":"","townhallAdress":"10 rue Chanvre - 35680 - BAIS"},{"text":"BALAZE","href":"./35/balaze.html","phone":"02 99 76 97 18","email":"commune.balaze@wanadoo.fr","population":"2129 habitants","website":"","townhallAdress":"6 place de la Mairie - 35500 - BALAZE"},{"text":"BAULON","href":"./35/baulon.html","phone":"02 99 85 37 63","email":"mairie.baulon@wanadoo.fr","population":"1880 habitants","website":"","townhallAdress":"1 rue Neuve - 35580 - BAULON"},{"text":"BAZOUGES LA PEROUSE","href":"./35/bazouges-la-perouse.html","phone":"02 99 97 44 11","email":"mairie.bazouges@wanadoo.fr","population":"1891 habitants","website":"","townhallAdress":"2 place de l'Hôtel de Ville - 35560 - BAZOUGES-LA-PEROUSE"},{"text":"BEAUCE","href":"./35/beauce.html","phone":"02 99 99 13 33","email":"mairie.de.beauce@orange.fr","population":"1209 habitants","website":"","townhallAdress":"2 rue de Paris - 35133 - BEAUCE"},{"text":"BECHEREL","href":"./35/becherel.html","phone":"02 99 66 80 55","email":"mairie-de-becherel@wanadoo.fr","population":"747 habitants","website":"","townhallAdress":"Place de la Mairie - 35190 - BECHEREL"},{"text":"BEDEE","href":"./35/bedee.html","phone":"02 99 06 18 20","email":"mairie.bedee@wanadoo.fr","population":"3780 habitants","website":"","townhallAdress":"2 rue de Rennes - 35137 - BEDEE"},{"text":"BETTON","href":"./35/betton.html","phone":"02 99 55 81 01","email":"mairie-info@ville-betton.fr","population":"9910 habitants","website":"","townhallAdress":"Place Charles De Gaulle BP 83129 - 35830 - BETTON"},{"text":"BILLE","href":"./35/bille.html","phone":"02 99 97 60 33","email":"communedebille@wanadoo.fr","population":"1023 habitants","website":"","townhallAdress":"5 rue des Fougères - 35133 - BILLE"},{"text":"BLERUAIS","href":"./35/bleruais.html","phone":"02 99 07 58 37","email":"mairiebleruais@wanadoo.fr","population":"101 habitants","website":"","townhallAdress":"Le Bourg - 35750 - BLERUAIS"},{"text":"BOISGERVILLY","href":"./35/boisgervilly.html","phone":"02 99 06 42 05","email":"mairie-deboisgervilly@wanadoo.fr","population":"1445 habitants","website":"","townhallAdress":"21 rue Théodore Botrel - 35360 - BOISGERVILLY"},{"text":"BOISTRUDAN","href":"./35/boistrudan.html","phone":"02 99 44 47 13","email":"mairieboistrudan@wanadoo.fr","population":"675 habitants","website":"","townhallAdress":"2 place de la Mairie - 35150 - BOISTRUDAN"},{"text":"BONNEMAIN","href":"./35/bonnemain.html","phone":"02 99 73 46 39","email":"mairiebonnemain@wanadoo.fr","population":"1253 habitants","website":"","townhallAdress":"Le Bourg - 35270 - BONNEMAIN"},{"text":"BOURGBARRE","href":"./35/bourgbarre.html","phone":"02 99 57 66 96","email":"mairie@bourgbarre.fr","population":"3092 habitants","website":"","townhallAdress":"1 rue des Sports - 35230 - BOURGBARRE"},{"text":"BOURG DES COMPTES","href":"./35/bourg-des-comptes.html","phone":"02 99 05 62 62","email":"mairie@bourgdescomptes.com","population":"2316 habitants","website":"","townhallAdress":"3 rue de la Mairie - 35890 - BOURG-DES-COMPTES"},{"text":"BOVEL","href":"./35/bovel.html","phone":"02 99 92 00 34","email":"mairiedebovel@wanadoo.fr","population":"526 habitants","website":"","townhallAdress":"Le Bourg - 35330 - BOVEL"},{"text":"BREAL SOUS MONTFORT","href":"./35/breal-sous-montfort.html","phone":"02 99 60 41 58","email":"mairie@brealsousmontfort.fr","population":"4648 habitants","website":"","townhallAdress":"2 rue Bruz - 35310 - BREAL-SOUS-MONTFORT"},{"text":"BREAL SOUS VITRE","href":"./35/breal-sous-vitre.html","phone":"02 99 49 42 10","email":"mairie.brealsv@wanadoo.fr","population":"654 habitants","website":"","townhallAdress":"5 rue de la Mairie - 35370 - BREAL-SOUS-VITRE"},{"text":"BRECE","href":"./35/brece.html","phone":"02 99 00 10 09","email":"accueil@mairie-brece.fr","population":"1793 habitants","website":"","townhallAdress":"Rue Rennes - 35530 - BRECE"},{"text":"BRETEIL","href":"./35/breteil.html","phone":"02 99 06 01 01","email":"mairie@breteil.fr","population":"3398 habitants","website":"","townhallAdress":"16 rue de Montfort - 35160 - BRETEIL"},{"text":"BRIE","href":"./35/brie.html","phone":"02 99 47 02 85","email":"mairiebrie@wanadoo.fr","population":"798 habitants","website":"","townhallAdress":"22 rue Bretagne - 35150 - BRIE"},{"text":"BRIELLES","href":"./35/brielles.html","phone":"02 99 96 94 58","email":"brielles.mairie@wanadoo.fr","population":"649 habitants","website":"","townhallAdress":"Rue de la Mairie - 35370 - BRIELLES"},{"text":"BROUALAN","href":"./35/broualan.html","phone":"02 99 80 03 08","email":"mairie.broualan@wanadoo.fr","population":"308 habitants","website":"","townhallAdress":"Le Bourg - 35120 - BROUALAN"},{"text":"BRUC SUR AFF","href":"./35/bruc-sur-aff.html","phone":"02 99 34 45 91","email":"mairie.bruc-sur-aff@wanadoo.fr","population":"854 habitants","website":"","townhallAdress":"Le Bourg - 35550 - BRUC-SUR-AFF"},{"text":"BRUZ","href":"./35/bruz.html","phone":"02 99 05 86 86","email":"mairie@ville-bruz.fr","population":"15330 habitants","website":"","townhallAdress":"12 place du Docteur Joly - BP 7109 - 35170 - BRUZ"},{"text":"CAMPEL","href":"./35/campel.html","phone":"02 99 34 94 14","email":"mairie.campel@wanadoo.fr","population":"518 habitants","website":"","townhallAdress":"Le Bourg - 35330 - CAMPEL"},{"text":"CANCALE","href":"./35/cancale.html","phone":"02 99 89 60 15","email":"mairie@ville-cancale.fr","population":"5439 habitants","website":"","townhallAdress":"48 rue du Port - 35260 - CANCALE"},{"text":"CARDROC","href":"./35/cardroc.html","phone":"02 99 45 86 04","email":"mairiecardroc@wanadoo.fr","population":"494 habitants","website":"","townhallAdress":"Le Bourg - 35190 - CARDROC"},{"text":"CESSON SEVIGNE","href":"./35/cesson-sevigne.html","phone":"02 99 83 52 00","email":"michel.bihan@ville-cesson-sevigne.fr","population":"15853 habitants","website":"","townhallAdress":"1 esplanade de l'Hôtel de Ville - 35510 - CESSON-SEVIGNE"},{"text":"CHAMPEAUX","href":"./35/champeaux.html","phone":"02 99 49 82 99","email":"champeau3@wanadoo.fr","population":"473 habitants","website":"","townhallAdress":"1 place du Cloitre - 35500 - CHAMPEAUX"},{"text":"CHANCE","href":"./35/chance.html","phone":"02 99 00 05 38","email":"mairie.chance@wanadoo.fr","population":"311 habitants","website":"","townhallAdress":"2 Place Alexandre Bricet - 35680 - CHANCE"},{"text":"CHANTELOUP","href":"./35/chanteloup.html","phone":"02 99 44 03 36","email":"mairie.chanteloup35@wanadoo.fr","population":"1494 habitants","website":"","townhallAdress":"Place de la Mairie - 35150 - CHANTELOUP"},{"text":"CHANTEPIE","href":"./35/chantepie.html","phone":"02 99 41 42 33","email":"communication@ville-chantepie.fr","population":"8284 habitants","website":"","townhallAdress":"44 avenue André Bonnin - 35135 - CHANTEPIE"},{"text":"CHARTRES DE BRETAGNE","href":"./35/chartres-de-bretagne.html","phone":"02 99 77 13 00","email":"commune@ville-chartresdebretagne.fr","population":"7099 habitants","website":"","townhallAdress":"Esplanade des Droits de l'Homme - 35131 - CHARTRES-DE-BRETAGNE"},{"text":"CHASNE SUR ILLET","href":"./35/chasne-sur-illet.html","phone":"02 99 55 22 79","email":"mairiechasnesurillet@wanadoo.fr","population":"1415 habitants","website":"","townhallAdress":"La Porte Pilet - 35250 - CHASNE-SUR-ILLET"},{"text":"CHATEAUBOURG","href":"./35/chateaubourg.html","phone":"02 99 00 31 47","email":"mairie@chateaubourg.fr","population":"5785 habitants","website":"","townhallAdress":"4 place de l'Hôtel de Ville - 35220 - CHATEAUBOURG"},{"text":"CHATEAUGIRON","href":"./35/chateaugiron.html","phone":"02 99 37 41 69","email":"contact@ville-chateaugiron.fr","population":"6466 habitants","website":"","townhallAdress":"Le Château - 35410 - CHATEAUGIRON"},{"text":"CHATEAUNEUF D ILLE ET VILAINE","href":"./35/chateauneuf-d-ille-et-vilaine.html","phone":"02 99 58 41 32","email":"mairie.chateauneuf35@fr.oleane.com","population":"1079 habitants","website":"","townhallAdress":"Rue Pavé Saint Charles - 35430 - CHATEAUNEUF-D'ILLE-ET-VILAINE"},{"text":"CHATILLON EN VENDELAIS","href":"./35/chatillon-en-vendelais.html","phone":"02 99 76 06 22","email":"secretariat.mairie@chatillon-en-vendelais.fr","population":"1704 habitants","website":"","townhallAdress":"4 impasse de l'Ancien Château - 35210 - CHATILLON-EN-VENDELAIS"},{"text":"CHAUVIGNE","href":"./35/chauvigne.html","phone":"02 99 95 05 12","email":"mairie.chauvigne@wanadoo.fr","population":"744 habitants","website":"","townhallAdress":"Le Bourg - 35490 - CHAUVIGNE"},{"text":"CHAVAGNE","href":"./35/chavagne.html","phone":"02 99 64 24 11","email":"mairie@ville-chavagne.fr","population":"3764 habitants","website":"","townhallAdress":"1 rue de l'Avenir - 35310 - CHAVAGNE"},{"text":"CHELUN","href":"./35/chelun.html","phone":"02 99 47 92 64","email":"mairie.chelun@wanadoo.fr","population":"324 habitants","website":"","townhallAdress":"Le Bourg - 35640 - CHELUN"},{"text":"CHERRUEIX","href":"./35/cherrueix.html","phone":"02 99 48 95 79","email":"mairie.cherrueix@wanadoo.fr","population":"1166 habitants","website":"","townhallAdress":"1 rue Théophile Blin - 35120 - CHERRUEIX"},{"text":"CHEVAIGNE","href":"./35/chevaigne.html","phone":"02 99 55 82 17","email":"info@ville-chevaigne.fr","population":"1892 habitants","website":"","townhallAdress":"7 rue de la Mairie - 35250 - CHEVAIGNE"},{"text":"CINTRE","href":"./35/cintre.html","phone":"02 99 64 16 31","email":"mairie.cintre@ville-cintre.fr","population":"2110 habitants","website":"","townhallAdress":"7 place du Chêne Vert - 35310 - CINTRE"},{"text":"CLAYES","href":"./35/clayes.html","phone":"02 99 61 20 30","email":"mairie-de-clayes@wanadoo.fr","population":"734 habitants","website":"","townhallAdress":"Place de la Mairie - 35590 - CLAYES"},{"text":"COESMES","href":"./35/coesmes.html","phone":"02 99 47 72 04","email":"mairiecoesmes@wanadoo.fr","population":"1355 habitants","website":"","townhallAdress":"14 Haute Rue - 35134 - COESMES"},{"text":"COGLES","href":"./35/cogles.html","phone":"02 99 98 60 68","email":"mairie.de.cogles@wanadoo.fr","population":"650 habitants","website":"","townhallAdress":"7 rue Saint Jean - 35460 - COGLES"},{"text":"COMBLESSAC","href":"./35/comblessac.html","phone":"02 99 34 96 09","email":"mairie.comblessac@wanadoo.fr","population":"620 habitants","website":"","townhallAdress":"Le Bourg - 35330 - COMBLESSAC"},{"text":"COMBOURG","href":"./35/combourg.html","phone":"02 99 73 00 18","email":"contact@combourg.com","population":"5532 habitants","website":"","townhallAdress":"Rue de la Mairie - 35270 - COMBOURG"},{"text":"COMBOURTILLE","href":"./35/combourtille.html","phone":"02 99 97 61 50","email":"mairie.combourtille35@wanadoo.fr","population":"542 habitants","website":"","townhallAdress":"Le Bourg - 35210 - COMBOURTILLE"},{"text":"CORNILLE","href":"./35/cornille.html","phone":"02 99 49 52 59","email":"commune.cornille@orange.fr","population":"847 habitants","website":"","townhallAdress":"1 place de l'Eglise - 35500 - CORNILLE"},{"text":"CORPS NUDS","href":"./35/corps-nuds.html","phone":"02 99 44 00 11","email":"mairie@corps-nuds.fr","population":"2917 habitants","website":"","townhallAdress":"31 rue Trois Marie - 35150 - CORPS-NUDS"},{"text":"CREVIN","href":"./35/crevin.html","phone":"02 99 42 41 65","email":"mairie.crevin@wanadoo.fr","population":"2493 habitants","website":"","townhallAdress":"10 rue de la Mairie - 35320 - CREVIN"},{"text":"CUGUEN","href":"./35/cuguen.html","phone":"02 99 73 01 15","email":"mairie.cuguen@wanadoo.fr","population":"812 habitants","website":"","townhallAdress":"1 place de la Mairie - 35270 - CUGUEN"},{"text":"DINARD","href":"./35/dinard.html","phone":"02 99 16 00 00","email":"communication@ville-dinard.fr","population":"11178 habitants","website":"","townhallAdress":"47 boulevard Féart - 35801 - DINARD"},{"text":"DINGE","href":"./35/dinge.html","phone":"02 99 45 01 62","email":"mairie@dinge.fr","population":"1515 habitants","website":"","townhallAdress":"Le Bourg - 35440 - DINGE"},{"text":"DOL DE BRETAGNE","href":"./35/dol-de-bretagne.html","phone":"02 99 48 00 17","email":"mairie-dol@wanadoo.fr","population":"5260 habitants","website":"","townhallAdress":"1 Grande Rue des Stuarts - 35120 - DOL-DE-BRETAGNE"},{"text":"DOMAGNE","href":"./35/domagne.html","phone":"02 99 00 01 19","email":"mairie.domagne@wanadoo.fr","population":"2014 habitants","website":"","townhallAdress":"4 rue Hyacinthe Roinson - 35113 - DOMAGNE"},{"text":"DOMALAIN","href":"./35/domalain.html","phone":"02 99 76 35 07","email":"mairie@domalain.fr","population":"1909 habitants","website":"","townhallAdress":"22 rue Notre Dame de Lourdes - 35680 - DOMALAIN"},{"text":"DOMLOUP","href":"./35/domloup.html","phone":"02 99 37 42 09","email":"mairie@domloup.fr","population":"2866 habitants","website":"","townhallAdress":"Allée de l'Etang - 35410 - DOMLOUP"},{"text":"DOMPIERRE DU CHEMIN","href":"./35/dompierre-du-chemin.html","phone":"02 99 97 92 63","email":"mairiedompierreduchemin@wanadoo.fr","population":"548 habitants","website":"","townhallAdress":"9 rue Mairie - 35210 - DOMPIERRE-DU-CHEMIN"},{"text":"DOURDAIN","href":"./35/dourdain.html","phone":"02 99 39 06 57","email":"mairie.dourdain@wanadoo.fr","population":"1003 habitants","website":"","townhallAdress":"4 rue Jean Joseph Chevrel - 35450 - DOURDAIN"},{"text":"DROUGES","href":"./35/drouges.html","phone":"02 99 96 20 91","email":"mairiededrouge@wanadoo.fr","population":"476 habitants","website":"","townhallAdress":"Place de la Mairie - 35130 - DROUGES"},{"text":"EANCE","href":"./35/eance.html","phone":"02 99 47 92 08","email":"mairie.eance@wanadoo.fr","population":"399 habitants","website":"","townhallAdress":"1 place de la Mairie - 35640 - EANCE"},{"text":"EPINIAC","href":"./35/epiniac.html","phone":"02 99 80 00 34","email":"mairie.epiniac@wanadoo.fr","population":"1242 habitants","website":"","townhallAdress":"10 rue de la Mairie - 35120 - EPINIAC"},{"text":"ERBREE","href":"./35/erbree.html","phone":"02 99 49 40 17","email":"mairie.erbree@wanadoo.fr","population":"1727 habitants","website":"","townhallAdress":"12 rue de Bretagne - 35500 - ERBREE"},{"text":"ERCE EN LAMEE","href":"./35/erce-en-lamee.html","phone":"02 99 44 30 16","email":"mairie.erce@wanadoo.fr","population":"1381 habitants","website":"","townhallAdress":"2 route Ajoncs d'Or - 35620 - ERCE-EN-LAMEE"},{"text":"ERCE PRES LIFFRE","href":"./35/erce-pres-liffre.html","phone":"02 99 68 30 64","email":"mairie@ercepresliffre.fr","population":"1830 habitants","website":"","townhallAdress":"Rue des Tilleuls - 35340 - ERCE-PRES-LIFFRE"},{"text":"ESSE","href":"./35/esse.html","phone":"02 99 47 06 01","email":"mairie.esse35@megalis.org","population":"1047 habitants","website":"","townhallAdress":"1 rue Seiche - 35150 - ESSE"},{"text":"ETRELLES","href":"./35/etrelles.html","phone":"02 99 96 62 11","email":"mairie.etrelles@wanadoo.fr","population":"2557 habitants","website":"","townhallAdress":"2 rue Julien Caillel - 35370 - ETRELLES"},{"text":"FEINS","href":"./35/feins.html","phone":"02 99 69 70 52","email":"feins@wanadoo.fr","population":"797 habitants","website":"","townhallAdress":"4 rue des Ecoles - 35440 - FEINS"},{"text":"FLEURIGNE","href":"./35/fleurigne.html","phone":"02 99 95 20 46","email":"mairie.fleurigne35@wanadoo.fr","population":"1040 habitants","website":"","townhallAdress":"29 avenue de Bretagne - 35133 - FLEURIGNE"},{"text":"FORGES LA FORET","href":"./35/forges-la-foret.html","phone":"02 99 47 97 10","email":"mairie.forgeslaforet@orange.fr","population":"275 habitants","website":"","townhallAdress":"Le Bourg - 35640 - FORGES-LA-FORET"},{"text":"FOUGERES","href":"./35/fougeres.html","phone":"02 99 94 88 00","email":"mairie@fougeres.fr","population":"21535 habitants","website":"","townhallAdress":"2 rue Porte Saint Léonard - 35300 - FOUGERES"},{"text":"GAEL","href":"./35/gael.html","phone":"02 99 07 72 20","email":"mairie.gael@wanadoo.fr","population":"1570 habitants","website":"","townhallAdress":"1 rue de la Libération - 35290 - GAEL"},{"text":"GAHARD","href":"./35/gahard.html","phone":"02 99 39 50 16","email":"gahard@wanadoo.fr","population":"1158 habitants","website":"","townhallAdress":"7 place de la Mairie - 35490 - GAHARD"},{"text":"GENNES SUR SEICHE","href":"./35/gennes-sur-seiche.html","phone":"02 99 96 95 11","email":"","population":"803 habitants","website":"","townhallAdress":"Rue Jean de Gennes - 35370 - GENNES-SUR-SEICHE"},{"text":"GEVEZE","href":"./35/geveze.html","phone":"02 99 69 90 22","email":"mairie.de.geveze@wanadoo.fr","population":"3666 habitants","website":"","townhallAdress":"18 place de l'Eglise - 35850 - GEVEZE"},{"text":"GOSNE","href":"./35/gosne.html","phone":"02 99 66 32 08","email":"mairie-de-gosne@wanadoo.fr","population":"1647 habitants","website":"","townhallAdress":"Place du Calvaire - 35140 - GOSNE"},{"text":"GOVEN","href":"./35/goven.html","phone":"02 99 42 03 03","email":"mairie@mairie-goven.fr","population":"3888 habitants","website":"","townhallAdress":"21 rue de la Mairie - 35580 - GOVEN"},{"text":"GRAND FOUGERAY","href":"./35/grand-fougeray.html","phone":"02 99 08 40 19","email":"mairie-grand-fougeray@wanadoo.fr","population":"2282 habitants","website":"","townhallAdress":"10 rue Féart - 35390 - GRAND-FOUGERAY"},{"text":"GUICHEN","href":"./35/guichen.html","phone":"02 99 05 75 75","email":"accueil@ville-guichenpontrean.fr","population":"7294 habitants","website":"","townhallAdress":"Place Georges Le Cornec - 35580 - GUICHEN"},{"text":"GUIGNEN","href":"./35/guignen.html","phone":"02 99 92 20 63","email":"mairie.guignen@wanadoo.fr","population":"3147 habitants","website":"","townhallAdress":"4 rue de la Mairie - 35580 - GUIGNEN"},{"text":"GUIPEL","href":"./35/guipel.html","phone":"02 99 69 74 74","email":"mairie.guipel@wanadoo.fr","population":"1600 habitants","website":"","townhallAdress":"Rue de la Liberté - 35440 - GUIPEL"},{"text":"GUIPRY","href":"./35/guipry.html","phone":"02 99 34 72 90","email":"mairie.guipry@fr.oleane.com","population":"3474 habitants","website":"","townhallAdress":"15 avenue du Port - 35480 - GUIPRY"},{"text":"HEDE","href":"./35/hede.html","phone":"02 99 45 46 18","email":"mairie-de-hede@wanadoo.fr","population":"1779 habitants","website":"","townhallAdress":"7 place de la Mairie - 35630 - HEDE"},{"text":"HIREL","href":"./35/hirel.html","phone":"02 99 48 93 93","email":"mairie.hirel@wanadoo.fr","population":"1362 habitants","website":"","townhallAdress":"2 rue des Ecoles - 35120 - HIREL"},{"text":"IFFENDIC","href":"./35/iffendic.html","phone":"02 99 09 70 16","email":"mairie@iffendic.com","population":"4004 habitants","website":"","townhallAdress":"Place de l'Eglise - 35750 - IFFENDIC"},{"text":"IRODOUER","href":"./35/irodouer.html","phone":"02 99 39 81 56","email":"commune.irodouer@wanadoo.fr","population":"1922 habitants","website":"","townhallAdress":"Rue de la Mairie - 35850 - IRODOUER"},{"text":"JANZE","href":"./35/janze.html","phone":"02 99 47 00 54","email":"mairie-janze@megalis.org","population":"7874 habitants","website":"","townhallAdress":"Place de l'Hôtel de Ville - 35150 - JANZE"},{"text":"JAVENE","href":"./35/javene.html","phone":"02 99 99 15 08","email":"mairie-javene@wanadoo.fr","population":"1860 habitants","website":"","townhallAdress":"2 place de l'Eglise - 35133 - JAVENE"},{"text":"LA BAUSSAINE","href":"./35/la-baussaine.html","phone":"02 99 66 80 27","email":"mairie-labaussaine@wanadoo.fr","population":"598 habitants","website":"","townhallAdress":"22 rue de la Libération - 35190 - LA-BAUSSAINE"},{"text":"LA BAZOUGE DU DESERT","href":"./35/la-bazouge-du-desert.html","phone":"02 99 97 37 49","email":"mairie.bazougedudesert@wanadoo.fr","population":"1069 habitants","website":"","townhallAdress":"11 rue Chanoine Helesbeux - 35420 - LA-BAZOUGE-DU-DESERT"},{"text":"LA BOSSE DE BRETAGNE","href":"./35/la-bosse-de-bretagne.html","phone":"02 99 44 62 03","email":"mairie.labosse@wanadoo.fr","population":"562 habitants","website":"","townhallAdress":"Le Bourg - 35320 - LA-BOSSE-DE-BRETAGNE"},{"text":"LA BOUEXIERE","href":"./35/la-bouexiere.html","phone":"02 99 62 62 95","email":"mairie.la.bouexiere@wanadoo.fr","population":"3943 habitants","website":"","townhallAdress":"5 rue Théophile Rémond - 35340 - LA-BOUEXIERE"},{"text":"LA BOUSSAC","href":"./35/la-boussac.html","phone":"02 99 80 01 23","email":"mairie.boussac@wanadoo.fr","population":"1134 habitants","website":"","townhallAdress":"Le Bourg - 35120 - LA-BOUSSAC"},{"text":"LA CHAPELLE AUX FILTZMEENS","href":"./35/la-chapelle-aux-filtzmeens.html","phone":"02 99 45 21 35","email":"mairie.chapelle-filtzmeens@wanadoo.fr","population":"635 habitants","website":"","townhallAdress":"1 place de la Mairie - 35190 - LA-CHAPELLE-AUX-FILTZMEENS"},{"text":"LA CHAPELLE BOUEXIC","href":"./35/la-chapelle-bouexic.html","phone":"02 99 92 01 15","email":"mairie.de.la.chapelle.bouexic@wanadoo.fr","population":"1139 habitants","website":"","townhallAdress":"Le Bourg - 35330 - LA-CHAPELLE-BOUEXIC"},{"text":"LA CHAPELLE CHAUSSEE","href":"./35/la-chapelle-chaussee.html","phone":"02 99 45 88 18","email":"mairie@lachapellechaussee.com","population":"1066 habitants","website":"","townhallAdress":"1 place de la Mairie - 35630 - LA-CHAPELLE-CHAUSSEE"},{"text":"LA CHAPELLE DE BRAIN","href":"./35/la-chapelle-de-brain.html","phone":"02 99 70 20 03","email":"mairie.la-chapelle-de-brain@wanadoo.fr","population":"939 habitants","website":"","townhallAdress":"Rue de la Mairie - 35660 - LA-CHAPELLE-DE-BRAIN"},{"text":"LA CHAPELLE DES FOUGERETZ","href":"./35/la-chapelle-des-fougeretz.html","phone":"02 99 13 13 13","email":"mairie.la.chapelle.des.fougeretz@wanadoo.fr","population":"3671 habitants","website":"","townhallAdress":"2 rue de la Mairie - 35520 - LA-CHAPELLE-DES-FOUGERETZ"},{"text":"LA CHAPELLE DU LOU","href":"./35/la-chapelle-du-lou.html","phone":"02 99 06 52 51","email":"mairiechapellelou@wanadoo.fr","population":"591 habitants","website":"","townhallAdress":"Le Bourg - 35360 - LA-CHAPELLE-DU-LOU"},{"text":"LA CHAPELLE ERBREE","href":"./35/la-chapelle-erbree.html","phone":"02 99 49 46 53","email":"mairie.lachapelle-erbree@wanadoo.fr","population":"596 habitants","website":"","townhallAdress":"Place de la Mairie - 35500 - LA-CHAPELLE-ERBREE"},{"text":"LA CHAPELLE JANSON","href":"./35/la-chapelle-janson.html","phone":"02 99 95 20 92","email":"mairie.chapjanson@wanadoo.fr","population":"1279 habitants","website":"","townhallAdress":"15 rue Relais - 35133 - LA-CHAPELLE-JANSON"},{"text":"LA CHAPELLE SAINT AUBERT","href":"./35/la-chapelle-saint-aubert.html","phone":"02 99 98 82 44","email":"la.chapelle.saint.aubert@wanadoo.fr","population":"409 habitants","website":"","townhallAdress":"Le Bourg - 35140 - LA-CHAPELLE-SAINT-AUBERT"},{"text":"LA CHAPELLE THOUARAULT","href":"./35/la-chapelle-thouarault.html","phone":"02 99 07 61 41","email":"mairie.la.chapelle.thouarault@wanadoo.fr","population":"1993 habitants","website":"","townhallAdress":"1 rue du Commerce - 35590 - LA-CHAPELLE-THOUARAULT"},{"text":"LA COUYERE","href":"./35/la-couyere.html","phone":"02 99 43 13 93","email":"mairie.lacouyere@wanadoo.fr","population":"474 habitants","website":"","townhallAdress":"1 place de la Mairie - 35320 - LA-COUYERE"},{"text":"LA DOMINELAIS","href":"./35/la-dominelais.html","phone":"02 99 72 90 61","email":"ladominelais-mairie@wanadoo.fr","population":"1210 habitants","website":"","townhallAdress":"1 rue de l'Europe - 35390 - LA-DOMINELAIS"},{"text":"LA FONTENELLE","href":"./35/la-fontenelle.html","phone":"02 99 98 32 89","email":"mairie.lafontenelle@wanadoo.fr","population":"545 habitants","website":"","townhallAdress":"11 rue Quintaine - 35560 - LA-FONTENELLE"},{"text":"LA FRESNAIS","href":"./35/la-fresnais.html","phone":"02 99 58 74 97","email":"maire@mairie-la-fresnais.fr","population":"2250 habitants","website":"","townhallAdress":"Rue de la Gare - 35111 - LA-FRESNAIS"},{"text":"LA GOUESNIERE","href":"./35/la-gouesniere.html","phone":"02 99 58 80 80","email":"contact@lagouesniere.fr","population":"1693 habitants","website":"","townhallAdress":"5 rue Raphaël de Folligné - 35350 - LA-GOUESNIERE"},{"text":"LA GUERCHE DE BRETAGNE","href":"./35/la-guerche-de-bretagne.html","phone":"02 99 96 21 09","email":"","population":"4319 habitants","website":"","townhallAdress":"2 rue du Cheval Blanc - 35130 - LA-GUERCHE-DE-BRETAGNE"},{"text":"LAIGNELET","href":"./35/laignelet.html","phone":"02 99 94 46 08","email":"mairie-laignelet@wanadoo.fr","population":"907 habitants","website":"","townhallAdress":"32 avenue Maine - 35133 - LAIGNELET"},{"text":"LAILLE","href":"./35/laille.html","phone":"02 99 42 57 10","email":"mairie.laille@wanadoo.fr","population":"4483 habitants","website":"","townhallAdress":"Rue Halte - 35890 - LAILLE"},{"text":"LALLEU","href":"./35/lalleu.html","phone":"02 99 43 12 32","email":"mairie.lalleu@wanadoo.fr","population":"564 habitants","website":"","townhallAdress":"Rue de la Mairie - 35320 - LALLEU"},{"text":"LA MEZIERE","href":"./35/la-meziere.html","phone":"02 99 69 33 36","email":"mairie@lameziere.fr","population":"4160 habitants","website":"","townhallAdress":"1 rue de Macéria - 35520 - LA-MEZIERE"},{"text":"LANDAVRAN","href":"./35/landavran.html","phone":"02 99 49 80 63","email":"mairiedelandavran@wanadoo.fr","population":"567 habitants","website":"","townhallAdress":"Rue des Tilleuls - 35450 - LANDAVRAN"},{"text":"LANDEAN","href":"./35/landean.html","phone":"02 99 97 35 26","email":"mairie.landean@wanadoo.fr","population":"1295 habitants","website":"","townhallAdress":"6 rue Victor Hugo - 35133 - LANDEAN"},{"text":"LANDUJAN","href":"./35/landujan.html","phone":"02 99 07 20 30","email":"mairie-de-landujan@wanadoo.fr","population":"902 habitants","website":"","townhallAdress":"8 rue du Presbytère - 35360 - LANDUJAN"},{"text":"LANGAN","href":"./35/langan.html","phone":"02 99 23 22 63","email":"mairie-de-langan@wanadoo.fr","population":"903 habitants","website":"","townhallAdress":"Le Bourg - 35850 - LANGAN"},{"text":"LANGON","href":"./35/langon.html","phone":"02 99 08 76 55","email":"mairie@ville-langon.fr","population":"1450 habitants","website":"","townhallAdress":"Rue de la Brûlerie - 35660 - LANGON"},{"text":"LANGOUET","href":"./35/langouet.html","phone":"02 99 69 92 30","email":"MAIRIE-DE-LANGOUET@wanadoo.fr","population":"558 habitants","website":"","townhallAdress":"19 rue des Chênes - 35630 - LANGOUET"},{"text":"LANHELIN","href":"./35/lanhelin.html","phone":"02 99 73 85 45","email":"mairielanhelin@wanadoo.fr","population":"859 habitants","website":"","townhallAdress":"5 place du Calvaire - 35720 - LANHELIN"},{"text":"LA NOE BLANCHE","href":"./35/la-noe-blanche.html","phone":"02 99 43 20 12","email":"mairielanoeblanche@wanadoo.fr","population":"1003 habitants","website":"","townhallAdress":"Le Bourg - 35470 - LA-NOE-BLANCHE"},{"text":"LA NOUAYE","href":"./35/la-nouaye.html","phone":"02 99 09 25 35","email":"mairie.lanouaye@wanadoo.fr","population":"263 habitants","website":"","townhallAdress":"11 rue Plessis Blanc - 35137 - LA-NOUAYE"},{"text":"LANRIGAN","href":"./35/lanrigan.html","phone":"02 99 73 01 85","email":"mairiedelanrigan@wanadoo.fr","population":"122 habitants","website":"","townhallAdress":"2 Le Bourg - 35270 - LANRIGAN"},{"text":"LA RICHARDAIS","href":"./35/la-richardais.html","phone":"02 99 88 50 90","email":"info@ville-larichardais.fr","population":"2363 habitants","website":"","townhallAdress":"1 place de la République - 35780 - LA-RICHARDAIS"},{"text":"LA SELLE EN COGLES","href":"./35/la-selle-en-cogles.html","phone":"02 99 98 62 02","email":"mairie.laselle.cogles@wanadoo.fr","population":"567 habitants","website":"","townhallAdress":"2 impasse Clos aux Moines - 35460 - LA-SELLE-EN-COGLES"},{"text":"LA SELLE EN LUITRE","href":"./35/la-selle-en-luitre.html","phone":"02 99 97 91 88","email":"mairielaselleenluitre@wanadoo.fr","population":"553 habitants","website":"","townhallAdress":"Le Bourg - 35133 - LA-SELLE-EN-LUITRE"},{"text":"LA SELLE GUERCHAISE","href":"./35/la-selle-guerchaise.html","phone":"02 99 96 46 72","email":"mairie.la.selle.guerchaise@megalis.org","population":"151 habitants","website":"","townhallAdress":"Le Bourg - 35130 - LA-SELLE-GUERCHAISE"},{"text":"LASSY","href":"./35/lassy.html","phone":"02 99 42 03 33","email":"mairie.lassy@wanadoo.fr","population":"1355 habitants","website":"","townhallAdress":"Rue de la Mairie - 35580 - LASSY"},{"text":"LA VILLE ES NONAIS","href":"./35/la-ville-es-nonais.html","phone":"02 99 58 41 92","email":"mairie.es.nonais@wanadoo.fr","population":"1020 habitants","website":"","townhallAdress":"15 rue Rance - 35430 - LA-VILLE-ES-NONAIS"},{"text":"LE CHATELLIER","href":"./35/le-chatellier.html","phone":"02 99 95 45 27","email":"lechatellier.mairie@wanadoo.fr","population":"396 habitants","website":"","townhallAdress":"Le Bourg - 35133 - LE-CHATELLIER"},{"text":"LECOUSSE","href":"./35/lecousse.html","phone":"02 99 94 25 05","email":"mairie@lecousse.fr","population":"3060 habitants","website":"","townhallAdress":"1 Parvis des Droits de l'Homme - 35133 - LECOUSSE"},{"text":"LE CROUAIS","href":"./35/le-crouais.html","phone":"02 99 09 68 88","email":"mairie.lecrouais@wanadoo.fr","population":"485 habitants","website":"","townhallAdress":"Le Bourg - 35290 - LE-CROUAIS"},{"text":"LE FERRE","href":"./35/le-ferre.html","phone":"02 99 95 10 33","email":"mairie.le.ferre@wanadoo.fr","population":"606 habitants","website":"","townhallAdress":"23 rue de Bretagne - 35420 - LE-FERRE"},{"text":"LE LOROUX","href":"./35/le-loroux.html","phone":"02 99 95 21 85","email":"mairie.leloroux.35@wanadoo.fr","population":"539 habitants","website":"","townhallAdress":"27 rue Portes de Bretagne - 35133 - LE-LOROUX"},{"text":"LE LOU DU LAC","href":"./35/le-lou-du-lac.html","phone":"02 99 06 45 54","email":"mairieleloudulac@wanadoo.fr","population":"106 habitants","website":"","townhallAdress":"La Croix du Lou - 35360 - LE-LOU-DU-LAC"},{"text":"LE MINIHIC SUR RANCE","href":"./35/le-minihic-sur-rance.html","phone":"02 99 88 56 15","email":"mairie.minihic@wanadoo.fr","population":"1379 habitants","website":"","townhallAdress":"Place de l'Eglise - 35870 - LE-MINIHIC-SUR-RANCE"},{"text":"LE PERTRE","href":"./35/le-pertre.html","phone":"02 99 96 90 21","email":"mairielepertre@lepertre.fr","population":"1420 habitants","website":"","townhallAdress":"2 place de l'Eglise - 35370 - LE-PERTRE"},{"text":"LE PETIT FOUGERAY","href":"./35/le-petit-fougeray.html","phone":"02 99 44 62 60","email":"mairiepetitfougeray@orange.fr","population":"687 habitants","website":"","townhallAdress":"6 rue des Planches - 35320 - LE-PETIT-FOUGERAY"},{"text":"LE RHEU","href":"./35/le-rheu.html","phone":"02 99 60 71 31","email":"mairie@ville-lerheu.fr","population":"7423 habitants","website":"","townhallAdress":"Place de la Mairie - 35650 - LE-RHEU"},{"text":"LES BRULAIS","href":"./35/les-brulais.html","phone":"02 99 34 90 58","email":"mairie.les.brulais@wanadoo.fr","population":"465 habitants","website":"","townhallAdress":"2 rue des Bruyères - 35330 - LES-BRULAIS"},{"text":"LE SEL DE BRETAGNE","href":"./35/le-sel-de-bretagne.html","phone":"02 99 44 66 27","email":"mairie.seldebretagne@wanadoo.fr","population":"796 habitants","website":"","townhallAdress":"1 rue Chateaubriand - 35320 - LE-SEL-DE-BRETAGNE"},{"text":"LES IFFS","href":"./35/les-iffs.html","phone":"02 99 45 83 69","email":"mairielesiffs@wanadoo.fr","population":"263 habitants","website":"","townhallAdress":"Le Bourg - 35630 - LES-IFFS"},{"text":"LE THEIL DE BRETAGNE","href":"./35/le-theil-de-bretagne.html","phone":"02 99 47 74 07","email":"mairie.letheildebretagne@wanadoo.fr","population":"1517 habitants","website":"","townhallAdress":"2 place de l'Eglise - 35240 - LE-THEIL-DE-BRETAGNE"},{"text":"LE TIERCENT","href":"./35/le-tiercent.html","phone":"02 99 95 01 13","email":"mairie.letiercent@wanadoo.fr","population":"180 habitants","website":"","townhallAdress":"Le Bourg - 35460 - LE-TIERCENT"},{"text":"LE TRONCHET","href":"./35/le-tronchet.html","phone":"02 99 58 95 39","email":"mairie-du-tronchet@wanadoo.fr","population":"998 habitants","website":"","townhallAdress":"Le Baillage - 35540 - LE-TRONCHET"},{"text":"LE VERGER","href":"./35/le-verger.html","phone":"02 99 07 92 15","email":"contact@mairie-le-verger.fr","population":"1485 habitants","website":"","townhallAdress":"6 route de Talensac - 35160 - LE-VERGER"},{"text":"LE VIVIER SUR MER","href":"./35/le-vivier-sur-mer.html","phone":"02 99 48 91 92","email":"mairie.le.vivier@wanadoo.fr","population":"1057 habitants","website":"","townhallAdress":"3 rue de la Mairie - 35960 - LE-VIVIER-SUR-MER"},{"text":"L HERMITAGE","href":"./35/l-hermitage.html","phone":"02 99 78 66 66","email":"accueil@mairie-lhermitage.fr","population":"3799 habitants","website":"","townhallAdress":"Place de la Mairie - 35590 - L'HERMITAGE"},{"text":"LIEURON","href":"./35/lieuron.html","phone":"02 99 34 08 11","email":"mairie.lieuron@orange.fr","population":"690 habitants","website":"","townhallAdress":"Le Bourg - 35550 - LIEURON"},{"text":"LIFFRE","href":"./35/liffre.html","phone":"02 99 69 31 45","email":"contact@ville-liffre.fr","population":"6829 habitants","website":"","townhallAdress":"Rue de Fougères - 35340 - LIFFRE"},{"text":"LILLEMER","href":"./35/lillemer.html","phone":"02 99 58 72 78","email":"communedelillemer@orange.fr","population":"259 habitants","website":"","townhallAdress":"Le Bourg - 35111 - LILLEMER"},{"text":"LIVRE SUR CHANGEON","href":"./35/livre-sur-changeon.html","phone":"02 99 39 06 46","email":"mairie.livresurchangeon@wanadoo.fr","population":"1524 habitants","website":"","townhallAdress":"2 place Prieuré - 35450 - LIVRE-SUR-CHANGEON"},{"text":"LOHEAC","href":"./35/loheac.html","phone":"02 99 34 10 20","email":"mairie.loheac@wanadoo.fr","population":"691 habitants","website":"","townhallAdress":"30 rue de la Poste - 35550 - LOHEAC"},{"text":"LONGAULNAY","href":"./35/longaulnay.html","phone":"02 99 66 81 39","email":"communedelongaulnay@wanadoo.fr","population":"573 habitants","website":"","townhallAdress":"Le Bourg - 35190 - LONGAULNAY"},{"text":"LOURMAIS","href":"./35/lourmais.html","phone":"02 99 73 41 34","email":"mairie.lourmais@wanadoo.fr","population":"309 habitants","website":"","townhallAdress":"Le Bourg - 35270 - LOURMAIS"},{"text":"LOUTEHEL","href":"./35/loutehel.html","phone":"02 99 34 97 63","email":"mairie.loutehel@wanadoo.fr","population":"205 habitants","website":"","townhallAdress":"Le Bourg - 35330 - LOUTEHEL"},{"text":"LOUVIGNE DE BAIS","href":"./35/louvigne-de-bais.html","phone":"02 99 49 00 20","email":"mairie.louvignedebais@wanadoo.fr","population":"1769 habitants","website":"","townhallAdress":"6 place de la Mairie - 35680 - LOUVIGNE-DE-BAIS"},{"text":"LOUVIGNE DU DESERT","href":"./35/louvigne-du-desert.html","phone":"02 99 98 01 50","email":"louvigne-du-desert@wanadoo.fr","population":"3907 habitants","website":"","townhallAdress":"19 rue Lariboisière - 35420 - LOUVIGNE-DU-DESERT"},{"text":"LUITRE","href":"./35/luitre.html","phone":"02 99 97 91 26","email":"mairie.luitre@wanadoo.fr","population":"1340 habitants","website":"","townhallAdress":"14 rue de Normandie - 35133 - LUITRE"},{"text":"MARCILLE RAOUL","href":"./35/marcille-raoul.html","phone":"02 99 73 64 16","email":"marcille-raoul@wanadoo.fr","population":"821 habitants","website":"","townhallAdress":"16 rue de la Mairie - 35560 - MARCILLE-RAOUL"},{"text":"MARCILLE ROBERT","href":"./35/marcille-robert.html","phone":"02 99 43 67 34","email":"mairie.marcille-robert@wanadoo.fr","population":"955 habitants","website":"","townhallAdress":"25 Le Boulevard - 35240 - MARCILLE-ROBERT"},{"text":"MARPIRE","href":"./35/marpire.html","phone":"02 99 49 80 44","email":"marpire@wanadoo.fr","population":"1004 habitants","website":"","townhallAdress":"1 rue de la Mairie - 35220 - MARPIRE"},{"text":"MARTIGNE FERCHAUD","href":"./35/martigne-ferchaud.html","phone":"02 99 47 90 25","email":"mairie-de-martigne-ferchaud@wanadoo.fr","population":"2678 habitants","website":"","townhallAdress":"12 place de la Mairie - 35640 - MARTIGNE-FERCHAUD"},{"text":"MAURE DE BRETAGNE","href":"./35/maure-de-bretagne.html","phone":"02 99 34 91 29","email":"mairie.maure@wanadoo.fr","population":"3062 habitants","website":"","townhallAdress":"11 rue Lohéac - 35330 - MAURE-DE-BRETAGNE"},{"text":"MAXENT","href":"./35/maxent.html","phone":"02 99 06 70 15","email":"Mairie.Maxent@wanadoo.fr","population":"1252 habitants","website":"","townhallAdress":"2 rue Prélois - 35380 - MAXENT"},{"text":"MECE","href":"./35/mece.html","phone":"02 99 76 05 43","email":"mairie.mece@wanadoo.fr","population":"546 habitants","website":"","townhallAdress":"3 place de la Mairie - 35450 - MECE"},{"text":"MEDREAC","href":"./35/medreac.html","phone":"02 99 07 23 20","email":"mairie.de.medreac@wanadoo.fr","population":"1827 habitants","website":"","townhallAdress":"Place de la Mairie - 35360 - MEDREAC"},{"text":"MEILLAC","href":"./35/meillac.html","phone":"02 99 73 02 25","email":"mairie.meillac@wanadoo.fr","population":"1613 habitants","website":"","townhallAdress":"Le Bourg - 35270 - MEILLAC"},{"text":"MELESSE","href":"./35/melesse.html","phone":"02 99 13 26 26","email":"mairie.melesse@wanadoo.fr","population":"5610 habitants","website":"","townhallAdress":"20 rue de Rennes - 35520 - MELESSE"},{"text":"MELLE","href":"./35/melle.html","phone":"02 99 98 03 20","email":"melle.mairie@wanadoo.fr","population":"684 habitants","website":"","townhallAdress":"Le Bourg - 35420 - MELLE"},{"text":"MERNEL","href":"./35/mernel.html","phone":"02 99 34 91 87","email":"mairie.mernel@wanadoo.fr","population":"967 habitants","website":"","townhallAdress":"Rue Principale - 35330 - MERNEL"},{"text":"MESSAC","href":"./35/messac.html","phone":"02 99 34 61 32","email":"mairie.messac.35@wanadoo.fr","population":"2697 habitants","website":"","townhallAdress":"Rue Saint Abdon - 35480 - MESSAC"},{"text":"MEZIERES SUR COUESNON","href":"./35/mezieres-sur-couesnon.html","phone":"02 99 39 36 43","email":"commune-de-mezieres-sur-couesnon@wanadoo.fr","population":"1235 habitants","website":"","townhallAdress":"Place de la Mairie - 35140 - MEZIERES-SUR-COUESNON"},{"text":"MINIAC MORVAN","href":"./35/miniac-morvan.html","phone":"02 99 58 51 77","email":"mairie@mairie-miniac-morvan.fr","population":"3445 habitants","website":"","townhallAdress":"Place de la Mairie - 35540 - MINIAC-MORVAN"},{"text":"MINIAC SOUS BECHEREL","href":"./35/miniac-sous-becherel.html","phone":"02 99 66 82 71","email":"secretariat.miniac@wanadoo.fr","population":"673 habitants","website":"","townhallAdress":"Le Bourg - 35190 - MINIAC-SOUS-BECHEREL"},{"text":"MONDEVERT","href":"./35/mondevert.html","phone":"02 99 49 40 85","email":"commune.mondevert@laposte.net","population":"744 habitants","website":"","townhallAdress":"17 rue de la Forêt - 35370 - MONDEVERT"},{"text":"MONTAUBAN DE BRETAGNE","href":"./35/montauban-de-bretagne.html","phone":"02 99 06 42 55","email":"accueil@mairie-montaubandebretagne.fr","population":"4599 habitants","website":"","townhallAdress":"Rue Saint Eloi - 35360 - MONTAUBAN-DE-BRETAGNE"},{"text":"MONTAUTOUR","href":"./35/montautour.html","phone":"02 99 76 10 16","email":"mairie.montautour@wanadoo.fr","population":"259 habitants","website":"","townhallAdress":"Le Bourg - 35210 - MONTAUTOUR"},{"text":"MONT DOL","href":"./35/mont-dol.html","phone":"02 99 48 04 09","email":"mairie.mont.dol@wanadoo.fr","population":"1237 habitants","website":"","townhallAdress":"Le Bourg - 35120 - MONT-DOL"},{"text":"MONTERFIL","href":"./35/monterfil.html","phone":"02 99 07 90 47","email":"mairie.monterfil@wanadoo.fr","population":"1199 habitants","website":"","townhallAdress":"6 rue de la Mairie - 35160 - MONTERFIL"},{"text":"MONTFORT SUR MEU","href":"./35/montfort-sur-meu.html","phone":"02 99 09 17 00","email":"mairie@montfort-sur-meu.fr","population":"6240 habitants","website":"","townhallAdress":"Boulevard Villebois Mareuil - 35160 - MONTFORT-SUR-MEU"},{"text":"MONTGERMONT","href":"./35/montgermont.html","phone":"02 99 68 83 88","email":"mairie@ville-montgermont.fr","population":"3162 habitants","website":"","townhallAdress":"Place Jane Beusnel - 35760 - MONTGERMONT"},{"text":"MONTHAULT","href":"./35/monthault.html","phone":"02 99 98 03 47","email":"mairie.monthault@wanadoo.fr","population":"255 habitants","website":"","townhallAdress":"Le Bourg - 35420 - MONTHAULT"},{"text":"MONTOURS","href":"./35/montours.html","phone":"02 99 98 63 77","email":"mairie-de-montours@wanadoo.fr","population":"960 habitants","website":"","townhallAdress":"1 place Sainte Melaine - 35460 - MONTOURS"},{"text":"MONTREUIL DES LANDES","href":"./35/montreuil-des-landes.html","phone":"02 99 76 07 21","email":"mairie.montreuildeslandes@wanadoo.fr","population":"217 habitants","website":"","townhallAdress":"Le Bourg - 35210 - MONTREUIL-DES-LANDES"},{"text":"MONTREUIL LE GAST","href":"./35/montreuil-le-gast.html","phone":"02 99 66 90 39","email":"montreuil-le-gast@wanadoo.fr","population":"1952 habitants","website":"","townhallAdress":"3 rue de la Mairie - 35520 - MONTREUIL-LE-GAST"},{"text":"MONTREUIL SOUS PEROUSE","href":"./35/montreuil-sous-perouse.html","phone":"02 99 75 14 07","email":"mairie.montreuilperouse@wanadoo.fr","population":"1120 habitants","website":"","townhallAdress":"Place de la Mairie - 35500 - MONTREUIL-SOUS-PEROUSE"},{"text":"MONTREUIL SUR ILLE","href":"./35/montreuil-sur-ille.html","phone":"02 99 69 71 07","email":"Montreuil-sur-Ille@wanadoo.fr","population":"1957 habitants","website":"","townhallAdress":"19 avenue Alexis Rey - 35440 - MONTREUIL-SUR-ILLE"},{"text":"MORDELLES","href":"./35/mordelles.html","phone":"02 99 85 13 85","email":"Mairie@ville-mordelles.fr","population":"6928 habitants","website":"","townhallAdress":"29 avenue Maréchal Leclerc - 35310 - MORDELLES"},{"text":"MOUAZE","href":"./35/mouaze.html","phone":"02 99 55 22 11","email":"mouaze@wanadoo.fr","population":"1001 habitants","website":"","townhallAdress":"2 rue du Champ de Foire - 35250 - MOUAZE"},{"text":"MOULINS","href":"./35/moulins.html","phone":"02 99 49 01 56","email":"mairie.moulins@wanadoo.fr","population":"640 habitants","website":"","townhallAdress":"Le Bourg - 35680 - MOULINS"},{"text":"MOUSSE","href":"./35/mousse.html","phone":"02 99 96 36 02","email":"mairiemousse@orange.fr","population":"320 habitants","website":"","townhallAdress":"Le Bourg - 35130 - MOUSSE"},{"text":"MOUTIERS","href":"./35/moutiers.html","phone":"02 99 96 22 88","email":"mairie-de-moutiers@wanadoo.fr","population":"834 habitants","website":"","townhallAdress":"Le Bourg - 35130 - MOUTIERS"},{"text":"MUEL","href":"./35/muel.html","phone":"02 99 07 52 35","email":"mairie-de-muel@wanadoo.fr","population":"795 habitants","website":"","townhallAdress":"13 rue Broceliande - 35290 - MUEL"},{"text":"NOUVOITOU","href":"./35/nouvoitou.html","phone":"02 99 37 42 71","email":"commune.nouvoitou@wanadoo.fr","population":"3016 habitants","website":"","townhallAdress":"3 place de l'Eglise - 35410 - NOUVOITOU"},{"text":"NOYAL CHATILLON SUR SEICHE","href":"./35/noyal-chatillon-sur-seiche.html","phone":"02 99 05 20 00","email":"mairie@ville-noyal-chatillon.fr","population":"5912 habitants","website":"","townhallAdress":"3 rue de la Mairie - 35230 - NOYAL-CHATILLON-SUR-SEICHE"},{"text":"NOYAL SOUS BAZOUGES","href":"./35/noyal-sous-bazouges.html","phone":"02 99 73 61 07","email":"mairie.noyal@wanadoo.fr","population":"383 habitants","website":"","townhallAdress":"Le Bourg - 35560 - NOYAL-SOUS-BAZOUGES"},{"text":"NOYAL SUR VILAINE","href":"./35/noyal-sur-vilaine.html","phone":"02 99 04 13 13","email":"mairie@ville-noyalsurvilaine.fr","population":"5119 habitants","website":"","townhallAdress":"18 place de la Mairie - 35530 - NOYAL-SUR-VILAINE"},{"text":"ORGERES","href":"./35/orgeres.html","phone":"02 99 05 70 10","email":"mairie.orgeres@wanadoo.fr","population":"3663 habitants","website":"","townhallAdress":"5 rue de la Mairie - 35230 - ORGERES"},{"text":"OSSE","href":"./35/osse.html","phone":"02 99 37 66 03","email":"mairie.osse@wanadoo.fr","population":"1157 habitants","website":"","townhallAdress":"7 rue de la Mairie - 35410 - OSSE"},{"text":"PACE","href":"./35/pace.html","phone":"02 23 41 30 00","email":"mairie@ville-pace.fr","population":"9961 habitants","website":"","townhallAdress":"11 avenue Brizeux - 35740 - PACE"},{"text":"PAIMPONT","href":"./35/paimpont.html","phone":"02 99 07 81 18","email":"mairie.paimpont@wanadoo.fr","population":"1674 habitants","website":"","townhallAdress":"1 esplanade Brocéliande - 35380 - PAIMPONT"},{"text":"PANCE","href":"./35/pance.html","phone":"02 99 43 01 13","email":"mairiedepance@wanadoo.fr","population":"1138 habitants","website":"","townhallAdress":"3 rue du Tertre Gris - 35320 - PANCE"},{"text":"PARCE","href":"./35/parce.html","phone":"02 99 97 64 63","email":"mairie.parce.35@wanadoo.fr","population":"644 habitants","website":"","townhallAdress":"1 rue de la Bascule - 35210 - PARCE"},{"text":"PARIGNE","href":"./35/parigne.html","phone":"02 99 97 30 56","email":"mairie.parigne@wanadoo.fr","population":"1301 habitants","website":"","townhallAdress":"23 rue de la Mairie - 35133 - PARIGNE"},{"text":"PARTHENAY DE BRETAGNE","href":"./35/parthenay-de-bretagne.html","phone":"02 99 69 91 53","email":"mairie.parthenaybretagne@wanadoo.fr","population":"1279 habitants","website":"","townhallAdress":"2 rue Principale - 35850 - PARTHENAY-DE-BRETAGNE"},{"text":"PIPRIAC","href":"./35/pipriac.html","phone":"02 99 34 42 87","email":"mairie@mairie-pipriac.fr","population":"3341 habitants","website":"","townhallAdress":"Place de la Mairie - 35550 - PIPRIAC"},{"text":"PIRE SUR SEICHE","href":"./35/pire-sur-seiche.html","phone":"02 99 44 41 54","email":"administratif@pire-sur-seiche.fr","population":"2180 habitants","website":"","townhallAdress":"8 rue Vitrï�� - 35150 - PIRE-SUR-SEICHE"},{"text":"PLECHATEL","href":"./35/plechatel.html","phone":"02 99 57 41 68","email":"mairie.plechatel@wanadoo.fr","population":"2630 habitants","website":"","townhallAdress":"1 place de la Mairie - 35470 - PLECHATEL"},{"text":"PLEINE FOUGERES","href":"./35/pleine-fougeres.html","phone":"02 99 48 60 46","email":"mairie.pleinefougeres@wanadoo.fr","population":"1862 habitants","website":"","townhallAdress":"1 rue de Normandie - 35610 - PLEINE-FOUGERES"},{"text":"PLELAN LE GRAND","href":"./35/plelan-le-grand.html","phone":"02 99 06 81 41","email":"accueil@plelan-le-grand.fr","population":"3583 habitants","website":"","townhallAdress":"37 avenue de la Libération - 35380 - PLELAN-LE-GRAND"},{"text":"PLERGUER","href":"./35/plerguer.html","phone":"02 99 58 91 27","email":"mairie.plerguer@wanadoo.fr","population":"2212 habitants","website":"","townhallAdress":"Place de la Mairie - 35540 - PLERGUER"},{"text":"PLESDER","href":"./35/plesder.html","phone":"02 99 69 44 76","email":"mairieplesder@wanadoo.fr","population":"648 habitants","website":"","townhallAdress":"Le Bourg - 35720 - PLESDER"},{"text":"PLEUGUENEUC","href":"./35/pleugueneuc.html","phone":"02 99 69 40 47","email":"mairiepleugueneuc@wanadoo.fr","population":"1571 habitants","website":"","townhallAdress":"Place de la Mairie - 35720 - PLEUGUENEUC"},{"text":"PLEUMELEUC","href":"./35/pleumeleuc.html","phone":"02 99 06 15 60","email":"mairie.pleumeleuc@wanadoo.fr","population":"2601 habitants","website":"","townhallAdress":"14 rue de Rennes - 35137 - PLEUMELEUC"},{"text":"PLEURTUIT","href":"./35/pleurtuit.html","phone":"02 99 88 41 13","email":"secretariat@pleurtuit.com","population":"5596 habitants","website":"","townhallAdress":"2 rue Dinan - 35730 - PLEURTUIT"},{"text":"POCE LES BOIS","href":"./35/poce-les-bois.html","phone":"02 99 75 21 52","email":"pocelesbois@orange.fr","population":"1057 habitants","website":"","townhallAdress":"26 rue Petit Morin - 35500 - POCE-LES-BOIS"},{"text":"POILLEY","href":"./35/poilley.html","phone":"02 99 95 13 88","email":"mairie.poilley@wanadoo.fr","population":"406 habitants","website":"","townhallAdress":"Le Bourg - 35420 - POILLEY"},{"text":"POLIGNE","href":"./35/poligne.html","phone":"02 99 43 73 09","email":"mairie.poligne@wanadoo.fr","population":"1059 habitants","website":"","townhallAdress":"Rue du Tertre Gris - 35320 - POLIGNE"},{"text":"PONT PEAN","href":"./35/pont-pean.html","phone":"02 99 52 41 70","email":"mairie@pontpean.fr","population":"3742 habitants","website":"","townhallAdress":"2 avenue du Chemin Vert - 35230 - PONT-PEAN"},{"text":"PRINCE","href":"./35/prince.html","phone":"02 99 76 01 17","email":"mairie-prince@wanadoo.fr","population":"360 habitants","website":"","townhallAdress":"9 rue de la Mairie - 35210 - PRINCE"},{"text":"QUEBRIAC","href":"./35/quebriac.html","phone":"02 99 68 03 52","email":"quebriac@wanadoo.fr","population":"1398 habitants","website":"","townhallAdress":"Le Bourg - 35190 - QUEBRIAC"},{"text":"QUEDILLAC","href":"./35/quedillac.html","phone":"02 99 06 20 25","email":"quedillac@wanadoo.fr","population":"1103 habitants","website":"","townhallAdress":"23 rue de Rennes - 35290 - QUEDILLAC"},{"text":"RANNEE","href":"./35/rannee.html","phone":"02 99 96 23 34","email":"mairie.rannee@wanadoo.fr","population":"1192 habitants","website":"","townhallAdress":"4 avenue de l'Ardenne - 35130 - RANNEE"},{"text":"REDON","href":"./35/redon.html","phone":"02 99 71 05 27","email":"secretariatgeneral@mairie-redon.fr","population":"10376 habitants","website":"","townhallAdress":"18 place Saint Sauveur - 35600 - REDON"},{"text":"RENAC","href":"./35/renac.html","phone":"02 99 72 01 07","email":"mairie.renac@wanadoo.fr","population":"956 habitants","website":"","townhallAdress":"35 rue Colonel Du Halgouet - 35660 - RENAC"},{"text":"RENNES","href":"./35/rennes.html","phone":"02 99 28 55 55","email":"ddelaveau@ville-rennes.fr","population":"213096 habitants","website":"","townhallAdress":"BP 3126 - 35200 - RENNES"},{"text":"RETIERS","href":"./35/retiers.html","phone":"02 99 43 51 41","email":"mairie-de-retiers@wanadoo.fr","population":"3669 habitants","website":"","townhallAdress":"19Bis rue Georges Clemenceau - 35240 - RETIERS"},{"text":"RIMOU","href":"./35/rimou.html","phone":"02 99 98 25 76","email":"rimou.mairie@wanadoo.fr","population":"360 habitants","website":"","townhallAdress":"Le Bourg - 35560 - RIMOU"},{"text":"ROMAGNE","href":"./35/romagne.html","phone":"02 99 98 81 11","email":"mairie.romagne35@wanadoo.fr","population":"2004 habitants","website":"","townhallAdress":"17 rue Nationale - 35133 - ROMAGNE"},{"text":"ROMAZY","href":"./35/romazy.html","phone":"02 99 39 50 87","email":"romazy@wanadoo.fr","population":"278 habitants","website":"","townhallAdress":"Le Bourg - 35490 - ROMAZY"},{"text":"ROMILLE","href":"./35/romille.html","phone":"02 99 23 24 59","email":"commune.romille@wanadoo.fr","population":"3376 habitants","website":"","townhallAdress":"Place de la Mairie - 35850 - ROMILLE"},{"text":"ROZ LANDRIEUX","href":"./35/roz-landrieux.html","phone":"02 99 48 07 88","email":"mairie.rozlandrieux@wanadoo.fr","population":"1196 habitants","website":"","townhallAdress":"Rue de la Mairie - 35120 - ROZ-LANDRIEUX"},{"text":"ROZ SUR COUESNON","href":"./35/roz-sur-couesnon.html","phone":"02 99 80 21 79","email":"mairie.roz.sur.couesnon@wanadoo.fr","population":"1035 habitants","website":"","townhallAdress":"10 rue du Belvédère - 35610 - ROZ-SUR-COUESNON"},{"text":"SAINS","href":"./35/sains.html","phone":"02 99 48 63 18","email":"mairie-sains-35@wanadoo.fr","population":"486 habitants","website":"","townhallAdress":"Le Bourg - 35610 - SAINS"},{"text":"SAINT ARMEL","href":"./35/saint-armel.html","phone":"02 99 62 71 58","email":"mairie.saint-armel@wanadoo.fr","population":"1743 habitants","website":"","townhallAdress":"Rue de la Mairie - 35230 - SAINT-ARMEL"},{"text":"SAINT AUBIN D AUBIGNE","href":"./35/saint-aubin-d-aubigne.html","phone":"02 99 55 20 23","email":"mairie@saint-aubin-daubigne.fr","population":"3115 habitants","website":"","townhallAdress":"40 rue Chasne - 35250 - SAINT-AUBIN-D'AUBIGNE"},{"text":"SAINT AUBIN DES LANDES","href":"./35/saint-aubin-des-landes.html","phone":"02 99 49 51 10","email":"mairie-saint-aubin-des-landes@wanadoo.fr","population":"923 habitants","website":"","townhallAdress":"8 rue des Vallons - 35500 - SAINT-AUBIN-DES-LANDES"},{"text":"SAINT AUBIN DU CORMIER","href":"./35/saint-aubin-du-cormier.html","phone":"02 99 39 10 42","email":"mairie@ville-staubinducormier.fr","population":"3734 habitants","website":"","townhallAdress":"Place de la Mairie - 35140 - SAINT-AUBIN-DU-CORMIER"},{"text":"SAINT AUBIN DU PAVAIL","href":"./35/saint-aubin-du-pavail.html","phone":"02 99 37 47 76","email":"saintaubindupavail@wanadoo.fr","population":"776 habitants","website":"","townhallAdress":"4 rue de la Mairie - 35410 - SAINT-AUBIN-DU-PAVAIL"},{"text":"SAINT BENOIT DES ONDES","href":"./35/saint-benoit-des-ondes.html","phone":"02 99 58 77 06","email":"saint-benoit-des-ondes.mairie@wanadoo.fr","population":"1133 habitants","website":"","townhallAdress":"19 rue du Bord de Mer - 35114 - SAINT-BENOIT-DES-ONDES"},{"text":"SAINT BRIAC SUR MER","href":"./35/saint-briac-sur-mer.html","phone":"02 99 88 32 34","email":"saint-briac@wanadoo.fr","population":"2027 habitants","website":"","townhallAdress":"18 rue de la Mairie - 35800 - SAINT-BRIAC-SUR-MER"},{"text":"SAINT BRICE EN COGLES","href":"./35/saint-brice-en-cogles.html","phone":"02 99 98 61 04","email":"mairie.stbrice@megalis.org","population":"2739 habitants","website":"","townhallAdress":"Rue du Champ de Foire - 35460 - SAINT-BRICE-EN-COGLES"},{"text":"SAINT BRIEUC DES IFFS","href":"./35/saint-brieuc-des-iffs.html","phone":"02 99 45 87 14","email":"stbrieucdesiffs@wanadoo.fr","population":"365 habitants","website":"","townhallAdress":"Le Bourg - 35630 - SAINT-BRIEUC-DES-IFFS"},{"text":"SAINT BROLADRE","href":"./35/saint-broladre.html","phone":"02 99 80 25 69","email":"mairiestbroladre@wanadoo.fr","population":"1056 habitants","website":"","townhallAdress":"Rue de la Mairie - 35120 - SAINT-BROLADRE"},{"text":"SAINT CHRISTOPHE DES BOIS","href":"./35/saint-christophe-des-bois.html","phone":"02 99 76 01 89","email":"mairie.stchristophedesbois@wanadoo.fr","population":"545 habitants","website":"","townhallAdress":"16 rue de l'Eglise - 35210 - SAINT-CHRISTOPHE-DES-BOIS"},{"text":"SAINT CHRISTOPHE DE VALAINS","href":"./35/saint-christophe-de-valains.html","phone":"02 99 39 35 16","email":"saintchristophedevalains@wanadoo.fr","population":"166 habitants","website":"","townhallAdress":"Le Bourg - 35140 - SAINT-CHRISTOPHE-DE-VALAINS"},{"text":"SAINT COULOMB","href":"./35/saint-coulomb.html","phone":"02 99 89 00 21","email":"mairiestcoulomb@wanadoo.fr","population":"2449 habitants","website":"","townhallAdress":"16 rue de la Mairie - 35350 - SAINT-COULOMB"},{"text":"SAINT DIDIER","href":"./35/saint-didier.html","phone":"02 99 00 33 08","email":"mairie.saintdidier35@wanadoo.fr","population":"1662 habitants","website":"","townhallAdress":"12 place de l'Eglise - 35220 - SAINT-DIDIER"},{"text":"SAINT DOMINEUC","href":"./35/saint-domineuc.html","phone":"02 99 45 21 06","email":"saint.domineuc@wanadoo.fr","population":"2057 habitants","website":"","townhallAdress":"17 rue Nationale - 35190 - SAINT-DOMINEUC"},{"text":"SAINTE ANNE SUR VILAINE","href":"./35/sainte-anne-sur-vilaine.html","phone":"02 99 08 72 06","email":"mairiesteannesurvilaine@wanadoo.fr","population":"1002 habitants","website":"","townhallAdress":"1 place de L'Eglise - 35390 - SAINTE-ANNE-SUR-VILAINE"},{"text":"SAINTE COLOMBE","href":"./35/sainte-colombe.html","phone":"02 99 47 78 72","email":"saintecolombe.mairie@wanadoo.fr","population":"319 habitants","website":"","townhallAdress":"Impasse de la Mairie - 35134 - SAINTE-COLOMBE"},{"text":"SAINTE MARIE","href":"./35/sainte-marie.html","phone":"02 99 72 00 69","email":"mairie.ste-marie@laposte.net","population":"2230 habitants","website":"","townhallAdress":"1 rue Mathurin Poirier - 35600 - SAINTE-MARIE"},{"text":"SAINT ERBLON","href":"./35/saint-erblon.html","phone":"02 99 52 34 08","email":"mairie@saint-erblon.fr","population":"2561 habitants","website":"","townhallAdress":"Place des Droits de L'Homme - 35230 - SAINT-ERBLON"},{"text":"SAINT ETIENNE EN COGLES","href":"./35/saint-etienne-en-cogles.html","phone":"02 99 98 63 20","email":"st.etienne.en.cogles@wanadoo.fr","population":"1647 habitants","website":"","townhallAdress":"8 place de l'Eglise - 35460 - SAINT-ETIENNE-EN-COGLES"},{"text":"SAINT GANTON","href":"./35/saint-ganton.html","phone":"02 99 08 78 69","email":"mairie.st-ganton@wanadoo.fr","population":"417 habitants","website":"","townhallAdress":"Le Bourg - 35550 - SAINT-GANTON"},{"text":"SAINT GEORGES DE CHESNE","href":"./35/saint-georges-de-chesne.html","phone":"02 99 97 61 85","email":"mairiesgc@wanadoo.fr","population":"540 habitants","website":"","townhallAdress":"1 place de la Mairie - 35140 - SAINT-GEORGES-DE-CHESNE"},{"text":"SAINT GEORGES DE GREHAIGNE","href":"./35/saint-georges-de-grehaigne.html","phone":"02 99 48 61 06","email":"mairiestgeorgesdegrehaigne@wanadoo.fr","population":"362 habitants","website":"","townhallAdress":"Le Bourg - 35610 - SAINT-GEORGES-DE-GREHAIGNE"},{"text":"SAINT GEORGES DE REINTEMBAULT","href":"./35/saint-georges-de-reintembault.html","phone":"02 99 97 01 13","email":"mairie-stgeorgesrlt@wanadoo.fr","population":"1654 habitants","website":"","townhallAdress":"2 rue Jean Janvier - 35420 - SAINT-GEORGES-DE-REINTEMBAULT"},{"text":"SAINT GERMAIN DU PINEL","href":"./35/saint-germain-du-pinel.html","phone":"02 99 96 63 94","email":"mairie.stgermaindupinel@wanadoo.fr","population":"829 habitants","website":"","townhallAdress":"1 rue de la Mairie - 35370 - SAINT-GERMAIN-DU-PINEL"},{"text":"SAINT GERMAIN EN COGLES","href":"./35/saint-germain-en-cogles.html","phone":"02 99 95 45 25","email":"mairiestgermainencogles@wanadoo.fr","population":"2045 habitants","website":"","townhallAdress":"1 place de la Mairie - 35133 - SAINT-GERMAIN-EN-COGLES"},{"text":"SAINT GERMAIN SUR ILLE","href":"./35/saint-germain-sur-ille.html","phone":"02 99 55 22 26","email":"mairie-st.germain-sur-ille@wanadoo.fr","population":"905 habitants","website":"","townhallAdress":"2 place du Poulain - 35250 - SAINT-GERMAIN-SUR-ILLE"},{"text":"SAINT GILLES","href":"./35/saint-gilles.html","phone":"02 99 64 63 27","email":"infocom@saint-gilles35.fr","population":"3624 habitants","website":"","townhallAdress":"5 rue du Prieuré - 35590 - SAINT-GILLES"},{"text":"SAINT GONDRAN","href":"./35/saint-gondran.html","phone":"02 99 45 84 30","email":"mairiestgondran@wanadoo.fr","population":"518 habitants","website":"","townhallAdress":"3 rue Touche Mulon - 35630 - SAINT-GONDRAN"},{"text":"SAINT GONLAY","href":"./35/saint-gonlay.html","phone":"02 99 09 75 07","email":"stgonlay.mairie@wanadoo.fr","population":"339 habitants","website":"","townhallAdress":"2 Rue Louise Grignard - 35750 - SAINT-GONLAY"},{"text":"SAINT GREGOIRE","href":"./35/saint-gregoire.html","phone":"02 99 23 19 23","email":"communication@saint-gregoire.fr","population":"8677 habitants","website":"","townhallAdress":"Place de la Mairie - 35760 - SAINT-GREGOIRE"},{"text":"SAINT GUINOUX","href":"./35/saint-guinoux.html","phone":"02 99 58 80 49","email":"mairie.st.guinoux@wanadoo.fr","population":"934 habitants","website":"","townhallAdress":"1 rue Bonaban - 35430 - SAINT-GUINOUX"},{"text":"SAINT HILAIRE DES LANDES","href":"./35/saint-hilaire-des-landes.html","phone":"02 99 98 80 17","email":"mairie.st.hilaire@wanadoo.fr","population":"1011 habitants","website":"","townhallAdress":"1 square de la Mairie - 35140 - SAINT-HILAIRE-DES-LANDES"},{"text":"SAINT JACQUES DE LA LANDE","href":"./35/saint-jacques-de-la-lande.html","phone":"02 99 29 75 30","email":"mairie@ville-st-jacques-de-la-lande.fr","population":"9870 habitants","website":"","townhallAdress":"1 rue des 25 Fusillés - 35136 - SAINT-JACQUES-DE-LA-LANDE"},{"text":"SAINT JEAN SUR COUESNON","href":"./35/saint-jean-sur-couesnon.html","phone":"02 99 39 12 57","email":"mairie.st.jean@wanadoo.fr","population":"1044 habitants","website":"","townhallAdress":"Route Nationale - 35140 - SAINT-JEAN-SUR-COUESNON"},{"text":"SAINT JEAN SUR VILAINE","href":"./35/saint-jean-sur-vilaine.html","phone":"02 99 00 32 55","email":"mairie.stjean-vilaine@wanadoo.fr","population":"1100 habitants","website":"","townhallAdress":"Place de la Mairie, rue de Rennes - 35220 - SAINT-JEAN-SUR-VILAINE"},{"text":"SAINT JOUAN DES GUERETS","href":"./35/saint-jouan-des-guerets.html","phone":"02 99 19 19 00","email":"contact@saint-jouan.com","population":"2790 habitants","website":"","townhallAdress":"2 place de l'Eglise - 35430 - SAINT-JOUAN-DES-GUERETS"},{"text":"SAINT JUST","href":"./35/saint-just.html","phone":"02 99 72 00 46","email":"mairie-saintjust@orange.fr","population":"1074 habitants","website":"","townhallAdress":"1 rue de l'Abbé Corbe - 35550 - SAINT-JUST"},{"text":"SAINT LEGER DES PRES","href":"./35/saint-leger-des-pres.html","phone":"02 99 73 62 09","email":"mairie-stleger@wanadoo.fr","population":"217 habitants","website":"","townhallAdress":"Le Bourg - 35270 - SAINT-LEGER-DES-PRES"},{"text":"SAINT LUNAIRE","href":"./35/saint-lunaire.html","phone":"02 99 46 30 51","email":"mairie@saint-lunaire.fr","population":"2403 habitants","website":"","townhallAdress":"Boulevard Flusson - 35800 - SAINT-LUNAIRE"},{"text":"SAINT MALO","href":"./35/saint-malo.html","phone":"02 99 40 71 11","email":"communication@saint-malo.fr","population":"50206 habitants","website":"","townhallAdress":"Hôtel de Ville - BP 147 - 35400 - SAINT-MALO"},{"text":"SAINT MALO DE PHILY","href":"./35/saint-malo-de-phily.html","phone":"02 99 57 82 40","email":"mairie.de.st-malo.de.phily@wanadoo.fr","population":"809 habitants","website":"","townhallAdress":"Le Bourg - 35480 - SAINT-MALO-DE-PHILY"},{"text":"SAINT MALON SUR MEL","href":"./35/saint-malon-sur-mel.html","phone":"02 99 07 57 22","email":"mairie.st.malon.sur.mel@wanadoo.fr","population":"563 habitants","website":"","townhallAdress":"Le Bourg - 35750 - SAINT-MALON-SUR-MEL"},{"text":"SAINT MARCAN","href":"./35/saint-marcan.html","phone":"02 99 80 25 67","email":"mairie.saint.marcan@wanadoo.fr","population":"439 habitants","website":"","townhallAdress":"6 Le Bourg - 35120 - SAINT-MARCAN"},{"text":"SAINT MARC LE BLANC","href":"./35/saint-marc-le-blanc.html","phone":"02 99 95 05 15","email":"mairie.stmarcleblanc@wanadoo.fr","population":"1230 habitants","website":"","townhallAdress":"1 place de la Mairie - 35460 - SAINT-MARC-LE-BLANC"},{"text":"SAINT MARC SUR COUESNON","href":"./35/saint-marc-sur-couesnon.html","phone":"02 99 39 12 54","email":"mairie.st.marc@orange.fr","population":"474 habitants","website":"","townhallAdress":"Le Bourg - 35140 - SAINT-MARC-SUR-COUESNON"},{"text":"SAINT MAUGAN","href":"./35/saint-maugan.html","phone":"02 99 09 99 25","email":"mairie.saint-maugan@wanadoo.fr","population":"599 habitants","website":"","townhallAdress":"14 rue du Morbihan - 35750 - SAINT-MAUGAN"},{"text":"SAINT MEDARD SUR ILLE","href":"./35/saint-medard-sur-ille.html","phone":"02 99 55 23 53","email":"mairie.st.medard@wanadoo.fr","population":"1318 habitants","website":"","townhallAdress":"2 rue de la Mairie - 35250 - SAINT-MEDARD-SUR-ILLE"},{"text":"SAINT MEEN LE GRAND","href":"./35/saint-meen-le-grand.html","phone":"02 99 09 60 61","email":"contact@ville-st-meen-le-grand.fr","population":"4336 habitants","website":"","townhallAdress":"Place de l'Hôtel de Ville - 35290 - SAINT-MEEN-LE-GRAND"},{"text":"SAINT MELOIR DES ONDES","href":"./35/saint-meloir-des-ondes.html","phone":"02 99 89 10 78","email":"MAIRIE-ST-MELOIR-DES-ONDES@wanadoo.fr","population":"3594 habitants","website":"","townhallAdress":"Place de la Mairie - 35350 - SAINT-MELOIR-DES-ONDES"},{"text":"SAINT M HERVE","href":"./35/saint-m-herve.html","phone":"02 99 76 70 01","email":"mairiestmherve@acoll.com","population":"1374 habitants","website":"","townhallAdress":"1 rue Ernée - 35500 - SAINT-M'HERVE"},{"text":"SAINT M HERVON","href":"./35/saint-m-hervon.html","phone":"02 99 06 54 82","email":"communestmhervon@wanadoo.fr","population":"421 habitants","website":"","townhallAdress":"Le Bourg - 35360 - SAINT-M'HERVON"},{"text":"SAINT ONEN LA CHAPELLE","href":"./35/saint-onen-la-chapelle.html","phone":"02 99 09 67 20","email":"mairie.stonen@wanadoo.fr","population":"991 habitants","website":"","townhallAdress":"Place de la Mairie - 35290 - SAINT-ONEN-LA-CHAPELLE"},{"text":"SAINT OUEN DES ALLEUX","href":"./35/saint-ouen-des-alleux.html","phone":"02 99 39 38 15","email":"mairie.saint-ouen@wanadoo.fr","population":"1241 habitants","website":"","townhallAdress":"2 rue Général de Gaulle - 35140 - SAINT-OUEN-DES-ALLEUX"},{"text":"SAINT OUEN LA ROUERIE","href":"./35/saint-ouen-la-rouerie.html","phone":"02 99 98 33 07","email":"mairiestouenlarie@wanadoo.fr","population":"810 habitants","website":"","townhallAdress":"12 rue Antrain - 35460 - SAINT-OUEN-LA-ROUERIE"},{"text":"SAINT PERAN","href":"./35/saint-peran.html","phone":"02 99 06 86 91","email":"mairie-saint-peran@wanadoo.fr","population":"320 habitants","website":"","townhallAdress":"Place de l'Eglise, Le Bourg - 35380 - SAINT-PERAN"},{"text":"SAINT PERE","href":"./35/saint-pere.html","phone":"02 99 58 81 06","email":"contact@ville-saint-pere.fr","population":"2430 habitants","website":"","townhallAdress":"6 rue Jean Monnet - 35430 - SAINT-PERE"},{"text":"SAINT PERN","href":"./35/saint-pern.html","phone":"02 99 66 80 17","email":"mairie.saint.pern@wanadoo.fr","population":"914 habitants","website":"","townhallAdress":"Le Bourg - 35190 - SAINT-PERN"},{"text":"SAINT PIERRE DE PLESGUEN","href":"./35/saint-pierre-de-plesguen.html","phone":"02 99 73 90 01","email":"mairie.saintpierre@wanadoo.fr","population":"2509 habitants","website":"","townhallAdress":"6 place de la Mairie - 35720 - SAINT-PIERRE-DE-PLESGUEN"},{"text":"SAINT REMY DU PLAIN","href":"./35/saint-remy-du-plain.html","phone":"02 99 73 62 05","email":"saint.remy.mairie@wanadoo.fr","population":"717 habitants","website":"","townhallAdress":"1 rue de l'Eglise - 35560 - SAINT-REMY-DU-PLAIN"},{"text":"SAINT SAUVEUR DES LANDES","href":"./35/saint-sauveur-des-landes.html","phone":"02 99 98 81 35","email":"communesaintsauveur@wanadoo.fr","population":"1368 habitants","website":"","townhallAdress":"2 place de l'Eglise - 35133 - SAINT-SAUVEUR-DES-LANDES"},{"text":"SAINT SEGLIN","href":"./35/saint-seglin.html","phone":"02 99 34 93 78","email":"saint-seglin.mairie@wanadoo.fr","population":"466 habitants","website":"","townhallAdress":"Le Bourg - 35330 - SAINT-SEGLIN"},{"text":"SAINT SENOUX","href":"./35/saint-senoux.html","phone":"02 99 57 86 20","email":"mairiesaintsenoux@wanadoo.fr","population":"1598 habitants","website":"","townhallAdress":"16 rue des Bateliers - 35580 - SAINT-SENOUX"},{"text":"SAINT SULIAC","href":"./35/saint-suliac.html","phone":"02 99 58 41 22","email":"mairie.saintsuliac@wanadoo.fr","population":"967 habitants","website":"","townhallAdress":"Les Ruelles Guitton - 35430 - SAINT-SULIAC"},{"text":"SAINT SULPICE DES LANDES","href":"./35/saint-sulpice-des-landes.html","phone":"02 99 72 91 65","email":"mairie.stsulpicedeslandes@wanadoo.fr","population":"749 habitants","website":"","townhallAdress":"1 rue de la Mairie - 35390 - SAINT-SULPICE-DES-LANDES"},{"text":"SAINT SULPICE LA FORET","href":"./35/saint-sulpice-la-foret.html","phone":"02 99 66 23 63","email":"saint-sulpice-la-foret-mairie@wanadoo.fr","population":"1451 habitants","website":"","townhallAdress":"3 rue de l'Abbaye - 35250 - SAINT-SULPICE-LA-FORET"},{"text":"SAINT THUAL","href":"./35/saint-thual.html","phone":"02 99 66 82 02","email":"mairie.saint-thual@wanadoo.fr","population":"650 habitants","website":"","townhallAdress":"Le Bourg - 35190 - SAINT-THUAL"},{"text":"SAINT THURIAL","href":"./35/saint-thurial.html","phone":"02 99 85 32 72","email":"mairie-de-st-thurial@wanadoo.fr","population":"1843 habitants","website":"","townhallAdress":"9 rue Schiste Violet - 35310 - SAINT-THURIAL"},{"text":"SAINT UNIAC","href":"./35/saint-uniac.html","phone":"02 99 06 43 72","email":"communestuniac@wanadoo.fr","population":"491 habitants","website":"","townhallAdress":"Rue de Saint Eloi - 35360 - SAINT-UNIAC"},{"text":"SAULNIERES","href":"./35/saulnieres.html","phone":"02 99 44 60 03","email":"mairie.saulnieres@wanadoo.fr","population":"683 habitants","website":"","townhallAdress":"11 rue Saint Martin - 35320 - SAULNIERES"},{"text":"SENS DE BRETAGNE","href":"./35/sens-de-bretagne.html","phone":"02 99 39 51 33","email":"sens.bretagne@wanadoo.fr","population":"2146 habitants","website":"","townhallAdress":"9 place de la Mairie - 35490 - SENS-DE-BRETAGNE"},{"text":"SERVON SUR VILAINE","href":"./35/servon-sur-vilaine.html","phone":"02 99 00 11 85","email":"accueil@ville-servonsurvilaine.fr","population":"3473 habitants","website":"","townhallAdress":"Rue Théodore Gaudiche - 35530 - SERVON-SUR-VILAINE"},{"text":"SIXT SUR AFF","href":"./35/sixt-sur-aff.html","phone":"02 99 70 01 88","email":"contact@sixt-sur-aff.fr","population":"2107 habitants","website":"","townhallAdress":"2 rue Onffroy De La Rosière - 35550 - SIXT-SUR-AFF"},{"text":"SOUGEAL","href":"./35/sougeal.html","phone":"02 99 48 61 93","email":"mairie-sougeal@wanadoo.fr","population":"621 habitants","website":"","townhallAdress":"Le Bourg - 35610 - SOUGEAL"},{"text":"TAILLIS","href":"./35/taillis.html","phone":"02 99 76 94 02","email":"mairie-de-taillis@wanadoo.fr","population":"950 habitants","website":"","townhallAdress":"Rue de l'Eglise - 35500 - TAILLIS"},{"text":"TALENSAC","href":"./35/talensac.html","phone":"02 99 09 06 15","email":"mairie@talensac.fr","population":"2368 habitants","website":"","townhallAdress":"9B rue de Saint Péran - 35160 - TALENSAC"},{"text":"TEILLAY","href":"./35/teillay.html","phone":"02 99 44 36 14","email":"mairie.teillay@wanadoo.fr","population":"944 habitants","website":"","townhallAdress":"Rue Bain - 35620 - TEILLAY"},{"text":"THORIGNE FOUILLARD","href":"./35/thorigne-fouillard.html","phone":"02 99 04 54 54","email":"mairie@ville-thorigne-fouillard.fr","population":"7183 habitants","website":"","townhallAdress":"Esplanade des Droits de L'Homme - 35235 - THORIGNE-FOUILLARD"},{"text":"THOURIE","href":"./35/thourie.html","phone":"02 99 43 11 41","email":"mairiethourie@wanadoo.fr","population":"681 habitants","website":"","townhallAdress":"5 rue Joseph Lorée - 35134 - THOURIE"},{"text":"TINTENIAC","href":"./35/tinteniac.html","phone":"02 99 68 18 68","email":"mairie@tinteniac.fr","population":"3327 habitants","website":"","townhallAdress":"12 rue Nationale - 35190 - TINTENIAC"},{"text":"TORCE","href":"./35/torce.html","phone":"02 99 49 56 08","email":"mairietorce2@wanadoo.fr","population":"1160 habitants","website":"","townhallAdress":"5 rue de la Mairie - 35370 - TORCE"},{"text":"TRANS LA FORET","href":"./35/trans-la-foret.html","phone":"02 99 48 62 29","email":"mairie-trans-la-foret@wanadoo.fr","population":"588 habitants","website":"","townhallAdress":"19 rue de la Mairie - 35610 - TRANS-LA-FORET"},{"text":"TREFFENDEL","href":"./35/treffendel.html","phone":"02 99 61 00 71","email":"biblio-mairie-treffendel@wanadoo.fr","population":"1266 habitants","website":"","townhallAdress":"23 rue de Haute Bretagne - 35380 - TREFFENDEL"},{"text":"TREMBLAY","href":"./35/tremblay.html","phone":"02 99 98 20 05","email":"mairie.tremblay.35460@wanadoo.fr","population":"1546 habitants","website":"","townhallAdress":"5 rue du Docteur Bertin - 35460 - TREMBLAY"},{"text":"TREMEHEUC","href":"./35/tremeheuc.html","phone":"02 99 73 22 26","email":"mairie.tremeheuc@wanadoo.fr","population":"349 habitants","website":"","townhallAdress":"Le Bourg - 35270 - TREMEHEUC"},{"text":"TRESBOEUF","href":"./35/tresboeuf.html","phone":"02 99 44 63 10","email":"mairie.tresboeuf@wanadoo.fr","population":"1160 habitants","website":"","townhallAdress":"9 rue des Merisiers - 35320 - TRESBOEUF"},{"text":"TRESSE","href":"./35/tresse.html","phone":"02 99 73 87 57","email":"tresse@wanadoo.fr","population":"339 habitants","website":"","townhallAdress":"Le Bourg - 35720 - TRESSE"},{"text":"TREVERIEN","href":"./35/treverien.html","phone":"02 99 45 60 02","email":"mairie-treverien@orange.fr","population":"759 habitants","website":"","townhallAdress":"Le Bourg - 35190 - TREVERIEN"},{"text":"TRIMER","href":"./35/trimer.html","phone":"02 99 68 00 78","email":"communedetrimer@orange.fr","population":"176 habitants","website":"","townhallAdress":"Le Bourg - 35190 - TRIMER"},{"text":"VAL D IZE","href":"./35/val-d-ize.html","phone":"02 99 49 83 06","email":"mairie.valdize@wanadoo.fr","population":"2425 habitants","website":"","townhallAdress":"2 place de la Mairie - 35450 - VAL-D'IZE"},{"text":"VENDEL","href":"./35/vendel.html","phone":"02 99 97 62 39","email":"mairie.vendel@wanadoo.fr","population":"426 habitants","website":"","townhallAdress":"Le Bourg - 35140 - VENDEL"},{"text":"VERGEAL","href":"./35/vergeal.html","phone":"02 99 49 56 40","email":"mairie.vergeal@wanadoo.fr","population":"716 habitants","website":"","townhallAdress":"9 rue de la Mairie - 35680 - VERGEAL"},{"text":"VERN SUR SEICHE","href":"./35/vern-sur-seiche.html","phone":"02 99 04 82 04","email":"secretariat.elus@ville-vern-sur-seiche.fr","population":"8063 habitants","website":"","townhallAdress":"22 rue Chateaubriant - 35770 - VERN-SUR-SEICHE"},{"text":"VEZIN LE COQUET","href":"./35/vezin-le-coquet.html","phone":"02 99 64 52 78","email":"mairie.vezin.le.coquet@wanadoo.fr","population":"3959 habitants","website":"","townhallAdress":"8 rue de Rennes - 35132 - VEZIN-LE-COQUET"},{"text":"VIEUX VIEL","href":"./35/vieux-viel.html","phone":"02 99 48 62 78","email":"mairie-vieux-viel@wanadoo.fr","population":"290 habitants","website":"","townhallAdress":"Le Bourg - 35610 - VIEUX-VIEL"},{"text":"VIEUX VY SUR COUESNON","href":"./35/vieux-vy-sur-couesnon.html","phone":"02 99 39 50 49","email":"vieux.vy@wanadoo.fr","population":"1074 habitants","website":"","townhallAdress":"12 rue Zacharie Roussin - 35490 - VIEUX-VY-SUR-COUESNON"},{"text":"VIGNOC","href":"./35/vignoc.html","phone":"02 99 69 82 46","email":"mairie.vignoc@wanadoo.fr","population":"1739 habitants","website":"","townhallAdress":"14 rue des Ecoles - 35630 - VIGNOC"},{"text":"VILLAMEE","href":"./35/villamee.html","phone":"02 99 95 14 83","email":"mairie.villamee@wanadoo.fr","population":"323 habitants","website":"","townhallAdress":"Le Bourg - 35420 - VILLAMEE"},{"text":"VISSEICHE","href":"./35/visseiche.html","phone":"02 99 76 38 48","email":"visseiche.mairie35@orange.fr","population":"829 habitants","website":"","townhallAdress":"1 route Marcillé Robert - 35130 - VISSEICHE"},{"text":"VITRE","href":"./35/vitre.html","phone":"02 99 75 05 21","email":"info@mairie-vitre.fr","population":"17301 habitants","website":"","townhallAdress":"4 place du Château - 35500 - VITRE"}]}