{"text":"36 | Indre","href":"indre.html","townships":[{"text":"AIGURANDE","href":"./36/aigurande.html","phone":"02 54 06 30 56","email":"mairie.aigurande@wanadoo.fr","population":"1669 habitants","website":"","townhallAdress":"1 place de la Promenade - 36140 - AIGURANDE"},{"text":"AIZE","href":"./36/aize.html","phone":"02 54 49 80 73","email":"mairie.aize@wanadoo.fr","population":"130 habitants","website":"","townhallAdress":"Le Bourg - 36150 - AIZE"},{"text":"AMBRAULT","href":"./36/ambrault.html","phone":"02 54 49 03 16","email":"mairie.ambrault@wanadoo.fr","population":"851 habitants","website":"","townhallAdress":"1 place de l'Eglise - 36120 - AMBRAULT"},{"text":"ANJOUIN","href":"./36/anjouin.html","phone":"02 54 40 63 69","email":"mairieanjouin@wanadoo.fr","population":"354 habitants","website":"","townhallAdress":"Le Bourg - 36210 - ANJOUIN"},{"text":"ARDENTES","href":"./36/ardentes.html","phone":"02 54 36 21 33","email":"mairie-ardentes@wanadoo.fr","population":"3706 habitants","website":"","townhallAdress":"2 rue de la Gare - 36120 - ARDENTES"},{"text":"ARGENTON SUR CREUSE","href":"./36/argenton-sur-creuse.html","phone":"02 54 24 12 50","email":"contact@mairie-argenton-sur-creuse.fr","population":"5431 habitants","website":"","townhallAdress":"69 rue Auclert Descottes - 36200 - ARGENTON-SUR-CREUSE"},{"text":"ARGY","href":"./36/argy.html","phone":"02 54 84 14 97","email":"mairie.argy36@orange.fr","population":"629 habitants","website":"","townhallAdress":"11 place de la Mairie - 36500 - ARGY"},{"text":"ARPHEUILLES","href":"./36/arpheuilles.html","phone":"02 54 38 42 17","email":"com.arph36@wanadoo.fr","population":"263 habitants","website":"","townhallAdress":"Le Bourg - 36700 - ARPHEUILLES"},{"text":"ARTHON","href":"./36/arthon.html","phone":"02 54 36 14 09","email":"arthon.mairie@wanadoo.fr","population":"1115 habitants","website":"","townhallAdress":"7 place de la Mairie - 36330 - ARTHON"},{"text":"AZAY LE FERRON","href":"./36/azay-le-ferron.html","phone":"02 54 39 21 91","email":"","population":"969 habitants","website":"","townhallAdress":"7 place de Verdun - 36290 - AZAY-LE-FERRON"},{"text":"BADECON LE PIN","href":"./36/badecon-le-pin.html","phone":"02 54 47 80 27","email":"mairie.badeconlepin@wanadoo.fr","population":"736 habitants","website":"","townhallAdress":"4 place de la Mairie - 36200 - BADECON-LE-PIN"},{"text":"BAGNEUX","href":"./36/bagneux.html","phone":"02 54 40 63 53","email":"mairie5@wanadoo.fr","population":"191 habitants","website":"","townhallAdress":"5 rue de la Fontaine Saint Clair - 36210 - BAGNEUX"},{"text":"BARAIZE","href":"./36/baraize.html","phone":"02 54 25 42 83","email":"mairie.baraize@wanadoo.fr","population":"329 habitants","website":"","townhallAdress":"1 rue de la Fontaine Saint Cloud - 36270 - BARAIZE"},{"text":"BAUDRES","href":"./36/baudres.html","phone":"02 54 40 82 11","email":"mairie-de-baudres@wanadoo.fr","population":"518 habitants","website":"","townhallAdress":"29 rue de la Mairie - 36110 - BAUDRES"},{"text":"BAZAIGES","href":"./36/bazaiges.html","phone":"02 54 25 32 59","email":"mairiedebazaiges@wanadoo.fr","population":"239 habitants","website":"","townhallAdress":"1 route de Celon - 36270 - BAZAIGES"},{"text":"BEAULIEU","href":"./36/beaulieu.html","phone":"02 54 25 73 46","email":"mairie-beaulieu-36@wanadoo.fr","population":"86 habitants","website":"","townhallAdress":"Le Bourg - 36310 - BEAULIEU"},{"text":"BELABRE","href":"./36/belabre.html","phone":"02 54 37 61 80","email":"mairie.belabre@wanadoo.fr","population":"991 habitants","website":"","townhallAdress":"8 avenue Jean Jaurès - 36370 - BELABRE"},{"text":"BOMMIERS","href":"./36/bommiers.html","phone":"02 54 49 09 15","email":"mairie.bommiers@wanadoo.fr","population":"287 habitants","website":"","townhallAdress":"17 rue Ouche - 36120 - BOMMIERS"},{"text":"BONNEUIL","href":"./36/bonneuil.html","phone":"02 54 25 74 80","email":"mairie-bonneuil36@wanadoo.fr","population":"90 habitants","website":"","townhallAdress":"Le Bourg - 36310 - BONNEUIL"},{"text":"BOUESSE","href":"./36/bouesse.html","phone":"02 54 25 10 71","email":"mairie.bouesse@wanadoo.fr","population":"402 habitants","website":"","townhallAdress":"12 route Arthon - 36200 - BOUESSE"},{"text":"BOUGES LE CHATEAU","href":"./36/bouges-le-chateau.html","phone":"02 54 35 88 17","email":"mairie.bouges-le-chateau-indre@wanadoo.fr","population":"272 habitants","website":"","townhallAdress":"1 place de la Mairie - 36110 - BOUGES-LE-CHATEAU"},{"text":"BRETAGNE","href":"./36/bretagne.html","phone":"02 54 35 61 28","email":"bretagne.mairie@wanadoo.fr","population":"101 habitants","website":"","townhallAdress":"Le Bourg - 36110 - BRETAGNE"},{"text":"BRIANTES","href":"./36/briantes.html","phone":"02 54 48 09 06","email":"mairie.de.briantes@wanadoo.fr","population":"612 habitants","website":"","townhallAdress":"4 place Jean Moulin - 36400 - BRIANTES"},{"text":"BRION","href":"./36/brion.html","phone":"02 54 35 86 32","email":"biblio.brion@wanadoo.fr","population":"494 habitants","website":"","townhallAdress":"1 route Issoudun - 36110 - BRION"},{"text":"BRIVES","href":"./36/brives.html","phone":"02 54 49 03 05","email":"mairie.brives@wanadoo.fr","population":"273 habitants","website":"","townhallAdress":"Le Bourg - 36100 - BRIVES"},{"text":"BUXEUIL","href":"./36/buxeuil.html","phone":"02 54 40 93 88","email":"mairie.buxeuil@wanadoo.fr","population":"226 habitants","website":"","townhallAdress":"Le Bourg - 36150 - BUXEUIL"},{"text":"BUXIERES D AILLAC","href":"./36/buxieres-d-aillac.html","phone":"02 54 36 22 59","email":"mairie.buxieres.d.aillac@wanadoo.fr","population":"221 habitants","website":"","townhallAdress":"Le Bourg - 36230 - BUXIERES-D'AILLAC"},{"text":"BUZANCAIS","href":"./36/buzancais.html","phone":"02 54 84 19 33","email":"mairie.buzancais@buzancais.fr","population":"4601 habitants","website":"","townhallAdress":"10 avenue de la République - 36500 - BUZANCAIS"},{"text":"CEAULMONT","href":"./36/ceaulmont.html","phone":"02 54 25 42 32","email":"mairie.ceaulmont@wanadoo.fr","population":"717 habitants","website":"","townhallAdress":"20 avenue Rollinat Les Granges - 36200 - CEAULMONT"},{"text":"CELON","href":"./36/celon.html","phone":"02 54 25 32 91","email":"mairie.de.celon@wanadoo.fr","population":"387 habitants","website":"","townhallAdress":"11 rue de l'Eglise - 36200 - CELON"},{"text":"CHABRIS","href":"./36/chabris.html","phone":"02 54 40 03 32","email":"ville.chabris@wanadoo.fr","population":"2793 habitants","website":"","townhallAdress":"9 place Albert Boivin - 36210 - CHABRIS"},{"text":"CHAILLAC","href":"./36/chaillac.html","phone":"02 54 25 74 26","email":"chaillac.mairie@wanadoo.fr","population":"1184 habitants","website":"","townhallAdress":"Place Fernand Portier - 36310 - CHAILLAC"},{"text":"CHALAIS","href":"./36/chalais.html","phone":"02 54 37 61 63","email":"chalais.mairie@wanadoo.fr","population":"175 habitants","website":"","townhallAdress":"17 rue Désiré Gourdin - 36370 - CHALAIS"},{"text":"CHAMPILLET","href":"./36/champillet.html","phone":"02 54 31 41 01","email":"champillet-mairie@wanadoo.fr","population":"162 habitants","website":"","townhallAdress":"1 rue de l'Etang - 36160 - CHAMPILLET"},{"text":"CHASSENEUIL","href":"./36/chasseneuil.html","phone":"02 54 25 80 20","email":"","population":"674 habitants","website":"","townhallAdress":"Le Bourg - 36800 - CHASSENEUIL"},{"text":"CHASSIGNOLLES","href":"./36/chassignolles.html","phone":"02 54 48 07 02","email":"mairie.chassignolles36@orange.fr","population":"583 habitants","website":"","townhallAdress":"Le Bourg - 36400 - CHASSIGNOLLES"},{"text":"CHATEAUROUX","href":"./36/chateauroux.html","phone":"02 54 08 33 00","email":"communication@ville-chateauroux.fr","population":"49282 habitants","website":"","townhallAdress":"Place de la République - 36000 - CHATEAUROUX"},{"text":"CHATILLON SUR INDRE","href":"./36/chatillon-sur-indre.html","phone":"02 54 38 75 44","email":"ville.de.chatillon.sur.indre@wanadoo.fr","population":"2947 habitants","website":"","townhallAdress":"50 rue Grande - 36700 - CHATILLON-SUR-INDRE"},{"text":"CHAVIN","href":"./36/chavin.html","phone":"02 54 47 83 01","email":"mairie.chavin@wanadoo.fr","population":"298 habitants","website":"","townhallAdress":"5 rue Commerce - 36200 - CHAVIN"},{"text":"CHAZELET","href":"./36/chazelet.html","phone":"02 54 25 50 55","email":"chazelet-mairie@wanadoo.fr","population":"127 habitants","website":"","townhallAdress":"10 rue Chêne Vert - 36170 - CHAZELET"},{"text":"CHEZELLES","href":"./36/chezelles.html","phone":"02 54 36 66 09","email":"mairie.chezelles@wanadoo.fr","population":"402 habitants","website":"","townhallAdress":"Rue de l'Eglise - 36500 - CHEZELLES"},{"text":"CHITRAY","href":"./36/chitray.html","phone":"02 54 47 10 94","email":"commune.chitray@wanadoo.fr","population":"171 habitants","website":"","townhallAdress":"13 rue de la Mairie - 36800 - CHITRAY"},{"text":"CHOUDAY","href":"./36/chouday.html","phone":"02 54 21 18 13","email":"mairie.chouday.36@wanadoo.fr","population":"166 habitants","website":"","townhallAdress":"Le Bourg - 36100 - CHOUDAY"},{"text":"CIRON","href":"./36/ciron.html","phone":"02 54 37 95 92","email":"mairie.ciron@wanadoo.fr","population":"560 habitants","website":"","townhallAdress":"51 route Nationale - 36300 - CIRON"},{"text":"CLERE DU BOIS","href":"./36/clere-du-bois.html","phone":"02 54 38 70 74","email":"mairie.clere.du.bois@orange.fr","population":"294 habitants","website":"","townhallAdress":"Le Bourg - 36700 - CLERE-DU-BOIS"},{"text":"CLION","href":"./36/clion.html","phone":"02 54 38 64 27","email":"mairie.clion-indre@wanadoo.fr","population":"1148 habitants","website":"","townhallAdress":"Place de la Mairie - 36700 - CLION"},{"text":"CLUIS","href":"./36/cluis.html","phone":"02 54 31 21 06","email":"mairie.cluis@wanadoo.fr","population":"1061 habitants","website":"","townhallAdress":"12 rue du Château - 36340 - CLUIS"},{"text":"COINGS","href":"./36/coings.html","phone":"02 54 22 27 39","email":"mairie-de-coings@wanadoo.fr","population":"887 habitants","website":"","townhallAdress":"Le Bourg - 36130 - COINGS"},{"text":"CONCREMIERS","href":"./36/concremiers.html","phone":"02 54 37 40 80","email":"concremiers-mairie@wanadoo.fr","population":"652 habitants","website":"","townhallAdress":"4 place des Combattants - 36300 - CONCREMIERS"},{"text":"CONDE","href":"./36/conde.html","phone":"02 54 21 17 54","email":"mairie-conde@wanadoo.fr","population":"237 habitants","website":"","townhallAdress":"12 rue des Marronniers - 36100 - CONDE"},{"text":"CREVANT","href":"./36/crevant.html","phone":"02 54 30 20 77","email":"mairie-de-crevant@wanadoo.fr","population":"731 habitants","website":"","townhallAdress":"4 route de La Châtre - 36140 - CREVANT"},{"text":"CROZON SUR VAUVRE","href":"./36/crozon-sur-vauvre.html","phone":"02 54 30 71 17","email":"mairie.crozon-vauvre@wanadoo.fr","population":"376 habitants","website":"","townhallAdress":"Le Bourg - 36140 - CROZON-SUR-VAUVRE"},{"text":"CUZION","href":"./36/cuzion.html","phone":"02 54 47 24 51","email":"mairiedecuzion@wanadoo.fr","population":"465 habitants","website":"","townhallAdress":"35 rue Pré Brégory - 36190 - CUZION"},{"text":"DEOLS","href":"./36/deols.html","phone":"02 54 34 19 14","email":"le.maire@ville-deols.fr","population":"8964 habitants","website":"","townhallAdress":"2 avenue du Général de Gaulle - 36130 - DEOLS"},{"text":"DIORS","href":"./36/diors.html","phone":"02 54 26 01 61","email":"mairie.diors@wanadoo.fr","population":"785 habitants","website":"","townhallAdress":"2 rue des Ecoles - 36130 - DIORS"},{"text":"DIOU","href":"./36/diou.html","phone":"02 54 49 23 58","email":"mairie-diou2@wanadoo.fr","population":"280 habitants","website":"","townhallAdress":"302 place François Brûlé - 36260 - DIOU"},{"text":"DOUADIC","href":"./36/douadic.html","phone":"02 54 37 11 92","email":"douadic.mairie@wanadoo.fr","population":"438 habitants","website":"","townhallAdress":"1 place de la Mairie - 36300 - DOUADIC"},{"text":"DUNET","href":"./36/dunet.html","phone":"02 54 25 71 01","email":"mairie.dunet@orange.fr","population":"113 habitants","website":"","townhallAdress":"Le Bourg - 36310 - DUNET"},{"text":"DUN LE POELIER","href":"./36/dun-le-poelier.html","phone":"02 54 40 61 47","email":"dun-le-poelier.mairie@wanadoo.fr","population":"494 habitants","website":"","townhallAdress":"1 place de la Mairie - 36210 - DUN-LE-POELIER"},{"text":"ECUEILLE","href":"./36/ecueille.html","phone":"02 54 40 21 10","email":"mairie.ecueille@wanadoo.fr","population":"1358 habitants","website":"","townhallAdress":"Place du 8ème Cuirassiers - 36240 - ECUEILLE"},{"text":"EGUZON CHANTOME","href":"./36/eguzon-chantome.html","phone":"02 54 47 43 04","email":"eguzon-chantome@wanadoo.fr","population":"1435 habitants","website":"","townhallAdress":"2 rue de la Gare - 36270 - EGUZON-CHANTOME"},{"text":"ETRECHET","href":"./36/etrechet.html","phone":"02 54 26 98 17","email":"mairie.etrechet@wanadoo.fr","population":"876 habitants","website":"","townhallAdress":"2 rue Sully - 36120 - ETRECHET"},{"text":"FAVEROLLES","href":"./36/faverolles.html","phone":"02 54 40 42 11","email":"mairiefav@wanadoo.fr","population":"352 habitants","website":"","townhallAdress":"2 rue de la Mairie - 36360 - FAVEROLLES"},{"text":"FEUSINES","href":"./36/feusines.html","phone":"02 54 31 43 42","email":"mairie-feusines@wanadoo.fr","population":"203 habitants","website":"","townhallAdress":"Le Bourg - 36160 - FEUSINES"},{"text":"FLERE LA RIVIERE","href":"./36/flere-la-riviere.html","phone":"02 54 39 31 01","email":"mairie.flerelariviere@wanadoo.fr","population":"613 habitants","website":"","townhallAdress":"2 rue Nationale - 36700 - FLERE-LA-RIVIERE"},{"text":"FONTENAY","href":"./36/fontenay.html","phone":"02 54 49 73 93","email":"mairie-fontenay@wanadoo.fr","population":"80 habitants","website":"","townhallAdress":"Le Bourg - 36150 - FONTENAY"},{"text":"FONTGOMBAULT","href":"./36/fontgombault.html","phone":"02 54 37 10 45","email":"fontgombault-mairie@orange.fr","population":"277 habitants","website":"","townhallAdress":"36 rue de l'Abbaye - 36220 - FONTGOMBAULT"},{"text":"FONTGUENAND","href":"./36/fontguenand.html","phone":"02 54 00 13 88","email":"mairie.fontguenand@wanadoo.fr","population":"247 habitants","website":"","townhallAdress":"19 rue Principale - 36600 - FONTGUENAND"},{"text":"FOUGEROLLES","href":"./36/fougerolles.html","phone":"02 54 31 30 55","email":"mairie-fougerolles@orange.fr","population":"325 habitants","website":"","townhallAdress":"Le Bourg - 36230 - FOUGEROLLES"},{"text":"FRANCILLON","href":"./36/francillon.html","phone":"02 54 35 60 24","email":"mairie-francillon@wanadoo.fr","population":"76 habitants","website":"","townhallAdress":"12 rue du Muguet - 36110 - FRANCILLON"},{"text":"FREDILLE","href":"./36/fredille.html","phone":"02 54 35 62 52","email":"mairie.fredille@wanadoo.fr","population":"65 habitants","website":"","townhallAdress":"3 route Pellevoisin - 36180 - FREDILLE"},{"text":"GARGILESSE DAMPIERRE","href":"./36/gargilesse-dampierre.html","phone":"02 54 47 83 11","email":"mairie.gargilesse-dampierre@wanadoo.fr","population":"331 habitants","website":"","townhallAdress":"Le Bourg - 36190 - GARGILESSE-DAMPIERRE"},{"text":"GEHEE","href":"./36/gehee.html","phone":"02 54 40 82 07","email":"mairie.gehee@wanadoo.fr","population":"307 habitants","website":"","townhallAdress":"4 route Valençay - 36240 - GEHEE"},{"text":"GIROUX","href":"./36/giroux.html","phone":"02 54 49 73 82","email":"mairie.giroux@wanadoo.fr","population":"119 habitants","website":"","townhallAdress":"8 route Graçay - 36150 - GIROUX"},{"text":"GOURNAY","href":"./36/gournay.html","phone":"02 54 30 84 11","email":"","population":"342 habitants","website":"","townhallAdress":"Le Bourg - 36230 - GOURNAY"},{"text":"GUILLY","href":"./36/guilly.html","phone":"02 54 49 74 85","email":"mairieguilly36@wanadoo.fr","population":"247 habitants","website":"","townhallAdress":"4 place Ferdinand de Lesseps - 36150 - GUILLY"},{"text":"HEUGNES","href":"./36/heugnes.html","phone":"02 54 39 01 85","email":"mairie.heugnes@wanadoo.fr","population":"421 habitants","website":"","townhallAdress":"1 route Ecueillé - 36180 - HEUGNES"},{"text":"INGRANDES","href":"./36/ingrandes.html","phone":"02 54 37 42 11","email":"ingrandes-mairie@wanadoo.fr","population":"341 habitants","website":"","townhallAdress":"3 route Nationale - 36300 - INGRANDES"},{"text":"ISSOUDUN","href":"./36/issoudun.html","phone":"02 54 03 36 36","email":"mairie@issoudun.fr","population":"14007 habitants","website":"","townhallAdress":"Place des Droits de l'Homme - 36105 - ISSOUDUN"},{"text":"JEU LES BOIS","href":"./36/jeu-les-bois.html","phone":"02 54 36 21 65","email":"mairie.jeu-les-bois@wanadoo.fr","population":"365 habitants","website":"","townhallAdress":"1 place Bellevue - 36120 - JEU-LES-BOIS"},{"text":"JEU MALOCHES","href":"./36/jeu-maloches.html","phone":"02 54 40 83 45","email":"mairie.jeu-maloches@wanadoo.fr","population":"137 habitants","website":"","townhallAdress":"5 route Levroux - 36240 - JEU-MALOCHES"},{"text":"LA BERTHENOUX","href":"./36/la-berthenoux.html","phone":"02 54 30 01 85","email":"mairie-la-berthenoux@wanadoo.fr","population":"483 habitants","website":"","townhallAdress":"15 rue de la Mairie - 36400 - LA-BERTHENOUX"},{"text":"LA BUXERETTE","href":"./36/la-buxerette.html","phone":"02 54 30 72 75","email":"mairie.la-buxerette@wanadoo.fr","population":"113 habitants","website":"","townhallAdress":"Le Bourg - 36140 - LA-BUXERETTE"},{"text":"LA CHAMPENOISE","href":"./36/la-champenoise.html","phone":"02 54 35 69 00","email":"mairie-la-champenoise@orange.fr","population":"307 habitants","website":"","townhallAdress":"22 rue de la Mairie - 36100 - LA-CHAMPENOISE"},{"text":"LA CHAPELLE ORTHEMALE","href":"./36/la-chapelle-orthemale.html","phone":"02 54 84 21 06","email":"chapelleorthemale.mairie@wanadoo.fr","population":"121 habitants","website":"","townhallAdress":"2 route Neuillay les Bois - 36500 - LA-CHAPELLE-ORTHEMALE"},{"text":"LA CHAPELLE SAINT LAURIAN","href":"./36/la-chapelle-saint-laurian.html","phone":"02 54 49 71 02","email":"mairie.lachapellesaintlaurian@wanadoo.fr","population":"147 habitants","website":"","townhallAdress":"Le Bourg - 36150 - LA-CHAPELLE-SAINT-LAURIAN"},{"text":"LA CHATRE","href":"./36/la-chatre.html","phone":"02 54 06 26 06","email":"contact@mairie-lachatre.fr","population":"4627 habitants","website":"","townhallAdress":"Place de l'Hôtel de Ville - 36400 - LA-CHATRE"},{"text":"LA CHATRE LANGLIN","href":"./36/la-chatre-langlin.html","phone":"02 54 47 54 01","email":"mairie-lachatrelanglin@wanadoo.fr","population":"576 habitants","website":"","townhallAdress":"Le Bourg - 36170 - LA-CHATRE-LANGLIN"},{"text":"LACS","href":"./36/lacs.html","phone":"02 54 48 10 04","email":"mairie.de.lacs.36@orange.fr","population":"673 habitants","website":"","townhallAdress":"52 rue Henri Prieuré - 36400 - LACS"},{"text":"LA MOTTE FEUILLY","href":"./36/la-motte-feuilly.html","phone":"02 54 31 41 87","email":"mairie.lamottefeuilly@wanadoo.fr","population":"34 habitants","website":"","townhallAdress":"Le Bourg - 36160 - LA-MOTTE-FEUILLY"},{"text":"LANGE","href":"./36/lange.html","phone":"02 54 40 80 09","email":"mairie.lange@wanadoo.fr","population":"304 habitants","website":"","townhallAdress":"8 rue de la Mairie - 36600 - LANGE"},{"text":"LA PEROUILLE","href":"./36/la-perouille.html","phone":"02 54 36 12 60","email":"laperouille-mairie@wanadoo.fr","population":"414 habitants","website":"","townhallAdress":"Le Bourg - 36350 - LA-PEROUILLE"},{"text":"LA VERNELLE","href":"./36/la-vernelle.html","phone":"02 54 97 58 64","email":"mairie.vernelle@wanadoo.fr","population":"797 habitants","website":"","townhallAdress":"50 route Valençay - 36600 - LA-VERNELLE"},{"text":"LE BLANC","href":"./36/le-blanc.html","phone":"02 54 28 36 36","email":"maire@ville-leblanc.fr","population":"7322 habitants","website":"","townhallAdress":"22 place de la  Libération - 36300 - LE-BLANC"},{"text":"LE MAGNY","href":"./36/le-magny.html","phone":"02 54 62 10 00","email":"mairie.lemagny36@wanadoo.fr","population":"1008 habitants","website":"","townhallAdress":"15 rue Principale - 36400 - LE-MAGNY"},{"text":"LE MENOUX","href":"./36/le-menoux.html","phone":"02 54 47 87 47","email":"mairie.lemenoux@wanadoo.fr","population":"464 habitants","website":"","townhallAdress":"8 route Moulin Neuf - 36200 - LE-MENOUX"},{"text":"LE PECHEREAU","href":"./36/le-pechereau.html","phone":"02 54 24 04 97","email":"mairie.dupechereau@orange.fr","population":"2048 habitants","website":"","townhallAdress":"Château Courbat - 36200 - LE-PECHEREAU"},{"text":"LE POINCONNET","href":"./36/le-poinconnet.html","phone":"02 54 60 55 35","email":"mairie.lepoinconnet@wanadoo.fr","population":"5883 habitants","website":"","townhallAdress":"Place du 1er Mai - 36330 - LE-POINCONNET"},{"text":"LE PONT CHRETIEN CHABENET","href":"./36/le-pont-chretien-chabenet.html","phone":"02 54 25 81 40","email":"commune.pontchretien@wanadoo.fr","population":"977 habitants","website":"","townhallAdress":"20 allée Broutet - 36800 - LE-PONT-CHRETIEN-CHABENET"},{"text":"LES BORDES","href":"./36/les-bordes.html","phone":"02 54 21 04 16","email":"mairielesbordes@orange.fr","population":"971 habitants","website":"","townhallAdress":"19 rue Davignons - 36100 - LES-BORDES"},{"text":"LE TRANGER","href":"./36/le-tranger.html","phone":"02 54 38 64 91","email":"mairie-le-tranger@wanadoo.fr","population":"191 habitants","website":"","townhallAdress":"5 route de Châtillon - 36700 - LE-TRANGER"},{"text":"LEVROUX","href":"./36/levroux.html","phone":"02 54 35 70 54","email":"Mairie-Levroux@wanadoo.fr","population":"2891 habitants","website":"","townhallAdress":"10 place de l'Hôtel de Ville - 36110 - LEVROUX"},{"text":"LIGNAC","href":"./36/lignac.html","phone":"02 54 25 74 75","email":"lignac.mairie@wanadoo.fr","population":"602 habitants","website":"","townhallAdress":"4 place Saint Christophe - 36370 - LIGNAC"},{"text":"LIGNEROLLES","href":"./36/lignerolles.html","phone":"02 54 30 54 53","email":"lignerolles-mairie@orange.fr","population":"112 habitants","website":"","townhallAdress":"Le Bourg - 36160 - LIGNEROLLES"},{"text":"LINGE","href":"./36/linge.html","phone":"02 54 28 02 07","email":"mairie.linge@wanadoo.fr","population":"284 habitants","website":"","townhallAdress":"4 route Rosnay - 36220 - LINGE"},{"text":"LINIEZ","href":"./36/liniez.html","phone":"02 54 49 76 12","email":"mairie-de-liniez@wanadoo.fr","population":"318 habitants","website":"","townhallAdress":"4 route Vatan - 36150 - LINIEZ"},{"text":"LIZERAY","href":"./36/lizeray.html","phone":"02 54 49 40 82","email":"mairie.lizeray@wanadoo.fr","population":"111 habitants","website":"","townhallAdress":"Le Bourg - 36100 - LIZERAY"},{"text":"LOURDOUEIX SAINT MICHEL","href":"./36/lourdoueix-saint-michel.html","phone":"02 54 06 34 84","email":"mairie.lourdoueix@wanadoo.fr","population":"388 habitants","website":"","townhallAdress":"Le Bourg - 36140 - LOURDOUEIX-SAINT-MICHEL"},{"text":"LOUROUER SAINT LAURENT","href":"./36/lourouer-saint-laurent.html","phone":"02 54 48 06 53","email":"mairie.lourouer@free.fr","population":"232 habitants","website":"","townhallAdress":"Le Bourg - 36400 - LOUROUER-SAINT-LAURENT"},{"text":"LUANT","href":"./36/luant.html","phone":"02 54 36 18 06","email":"mairie.luant@wanadoo.fr","population":"1401 habitants","website":"","townhallAdress":"2 rue du 11 Novembre - 36350 - LUANT"},{"text":"LUCAY LE LIBRE","href":"./36/lucay-le-libre.html","phone":"02 54 49 72 95","email":"mairielucaylelibre@wanadoo.fr","population":"109 habitants","website":"","townhallAdress":"Le Bourg - 36150 - LUCAY-LE-LIBRE"},{"text":"LUCAY LE MALE","href":"./36/lucay-le-male.html","phone":"02 54 40 43 31","email":"mairie@ville-lucaylemale.fr","population":"1570 habitants","website":"","townhallAdress":"Rue du Docteur Réau - 36360 - LUCAY-LE-MALE"},{"text":"LURAIS","href":"./36/lurais.html","phone":"02 54 37 51 17","email":"lurais-mairie@wanadoo.fr","population":"239 habitants","website":"","townhallAdress":"7 place des Tilleuls - 36220 - LURAIS"},{"text":"LUREUIL","href":"./36/lureuil.html","phone":"02 54 28 00 95","email":"commune.lureuil@orange.fr","population":"278 habitants","website":"","townhallAdress":"6 rue de la Mairie - 36220 - LUREUIL"},{"text":"LUZERET","href":"./36/luzeret.html","phone":"02 54 25 04 99","email":"luzeret-mairie@wanadoo.fr","population":"156 habitants","website":"","townhallAdress":"Le Bourg - 36800 - LUZERET"},{"text":"LYE","href":"./36/lye.html","phone":"02 54 41 05 13","email":"mairielye@wanadoo.fr","population":"844 habitants","website":"","townhallAdress":"1 route Saint Aignan - 36600 - LYE"},{"text":"LYS SAINT GEORGES","href":"./36/lys-saint-georges.html","phone":"02 54 30 81 52","email":"mairie.lys-st-georges@wanadoo.fr","population":"257 habitants","website":"","townhallAdress":"19 rue du château - 36230 - LYS-SAINT-GEORGES"},{"text":"MAILLET","href":"./36/maillet.html","phone":"02 54 24 04 24","email":"mairie-maillet@wanadoo.fr","population":"263 habitants","website":"","townhallAdress":"Le Bourg - 36340 - MAILLET"},{"text":"MALICORNAY","href":"./36/malicornay.html","phone":"02 54 24 11 72","email":"mairie.malicornay@wanadoo.fr","population":"188 habitants","website":"","townhallAdress":"Le Bourg - 36340 - MALICORNAY"},{"text":"MARON","href":"./36/maron.html","phone":"02 54 26 01 06","email":"mairiedemaron@orange.fr","population":"752 habitants","website":"","townhallAdress":"Le Bourg - 36120 - MARON"},{"text":"MARTIZAY","href":"./36/martizay.html","phone":"02 54 28 01 32","email":"mairie-martizay@mcom.fr","population":"1069 habitants","website":"","townhallAdress":"6 rue de l'Europe - 36220 - MARTIZAY"},{"text":"MAUVIERES","href":"./36/mauvieres.html","phone":"02 54 37 08 93","email":"mairiemauvieres@orange.fr","population":"332 habitants","website":"","townhallAdress":"9 place Saint Léger - 36370 - MAUVIERES"},{"text":"MENETOU SUR NAHON","href":"./36/menetou-sur-nahon.html","phone":"02 54 41 15 00","email":"mairie.menetousurnahon@wanadoo.fr","population":"110 habitants","website":"","townhallAdress":"Le Bourg - 36210 - MENETOU-SUR-NAHON"},{"text":"MENETREOLS SOUS VATAN","href":"./36/menetreols-sous-vatan.html","phone":"02 54 49 40 67","email":"mairie-menetreols.indre@wanadoo.fr","population":"127 habitants","website":"","townhallAdress":"9 rue Principale - 36150 - MENETREOLS-SOUS-VATAN"},{"text":"MEOBECQ","href":"./36/meobecq.html","phone":"02 54 39 43 15","email":"mairie@meobecqbrenne.com","population":"372 habitants","website":"","townhallAdress":"15 route Buzançais - 36500 - MEOBECQ"},{"text":"MERIGNY","href":"./36/merigny.html","phone":"02 54 37 42 71","email":"merigny-mairie@wanadoo.fr","population":"575 habitants","website":"","townhallAdress":"5 rue de la Mairie - 36220 - MERIGNY"},{"text":"MERS SUR INDRE","href":"./36/mers-sur-indre.html","phone":"02 54 31 06 52","email":"mairie-mers.sur.indre@wanadoo.fr","population":"600 habitants","website":"","townhallAdress":"1 place Saint Martin - 36230 - MERS-SUR-INDRE"},{"text":"MEUNET PLANCHES","href":"./36/meunet-planches.html","phone":"02 54 49 02 05","email":"mairie.meunet.planches@wanadoo.fr","population":"199 habitants","website":"","townhallAdress":"Le Bourg - 36100 - MEUNET-PLANCHES"},{"text":"MEUNET SUR VATAN","href":"./36/meunet-sur-vatan.html","phone":"02 54 49 77 03","email":"mairie.meunetsurvatan@wanadoo.fr","population":"200 habitants","website":"","townhallAdress":"Le Bourg - 36150 - MEUNET-SUR-VATAN"},{"text":"MEZIERES EN BRENNE","href":"./36/mezieres-en-brenne.html","phone":"02 54 38 04 23","email":"mairie@mezieres-en-brenne.fr","population":"1110 habitants","website":"","townhallAdress":"Place Jean Moulin - 36290 - MEZIERES-EN-BRENNE"},{"text":"MIGNE","href":"./36/migne.html","phone":"02 54 37 86 10","email":"mairie-migne@mcom.fr","population":"284 habitants","website":"","townhallAdress":"14 rue des Dames - 36800 - MIGNE"},{"text":"MIGNY","href":"./36/migny.html","phone":"02 54 04 01 46","email":"mignyberry@wanadoo.fr","population":"122 habitants","website":"","townhallAdress":"1 route d'Issoudun - 36260 - MIGNY"},{"text":"MONTCHEVRIER","href":"./36/montchevrier.html","phone":"02 54 06 35 15","email":"commune.montchevrier@orange.fr","population":"532 habitants","website":"","townhallAdress":"Le Bourg - 36140 - MONTCHEVRIER"},{"text":"MONTGIVRAY","href":"./36/montgivray.html","phone":"02 54 06 10 36","email":"mairie.montgivray@wanadoo.fr","population":"1719 habitants","website":"","townhallAdress":"Rue du Pont - 36400 - MONTGIVRAY"},{"text":"MONTIERCHAUME","href":"./36/montierchaume.html","phone":"02 54 26 00 14","email":"mairie-montierchaume@wanadoo.fr","population":"1729 habitants","website":"","townhallAdress":"1 rue de la Gare - 36130 - MONTIERCHAUME"},{"text":"MONTIPOURET","href":"./36/montipouret.html","phone":"02 54 31 03 27","email":"mairie.montipouret@wanadoo.fr","population":"576 habitants","website":"","townhallAdress":"14 rue de la République - 36230 - MONTIPOURET"},{"text":"MONTLEVICQ","href":"./36/montlevicq.html","phone":"02 54 48 20 28","email":"mairie.montlevicq@wanadoo.fr","population":"107 habitants","website":"","townhallAdress":"Le Bourg - 36400 - MONTLEVICQ"},{"text":"MOSNAY","href":"./36/mosnay.html","phone":"02 54 24 05 05","email":"mosnay.mairie@wanadoo.fr","population":"473 habitants","website":"","townhallAdress":"30 route du Tendu - 36200 - MOSNAY"},{"text":"MOUHERS","href":"./36/mouhers.html","phone":"02 54 30 81 28","email":"mairie.mouhers@wanadoo.fr","population":"251 habitants","website":"","townhallAdress":"Le Bourg - 36340 - MOUHERS"},{"text":"MOUHET","href":"./36/mouhet.html","phone":"02 54 47 55 12","email":"mairie.mouhet@wanadoo.fr","population":"519 habitants","website":"","townhallAdress":"1 route Azerables - 36170 - MOUHET"},{"text":"MOULINS SUR CEPHONS","href":"./36/moulins-sur-cephons.html","phone":"02 54 35 61 39","email":"mairie.moulins.sur.cephons@wanadoo.fr","population":"349 habitants","website":"","townhallAdress":"1 rue Amable Vivier - 36110 - MOULINS-SUR-CEPHONS"},{"text":"MURS","href":"./36/murs.html","phone":"02 54 38 77 42","email":"mairie.murs@wanadoo.fr","population":"131 habitants","website":"","townhallAdress":"5 place Saint Hilaire - 36700 - MURS"},{"text":"NEONS SUR CREUSE","href":"./36/neons-sur-creuse.html","phone":"02 54 37 53 56","email":"neons-mairie@wanadoo.fr","population":"408 habitants","website":"","townhallAdress":"1 place des Marronniers - 36220 - NEONS-SUR-CREUSE"},{"text":"NERET","href":"./36/neret.html","phone":"02 54 31 41 67","email":"mairiedeneret@orange.fr","population":"215 habitants","website":"","townhallAdress":"Le Bourg - 36400 - NERET"},{"text":"NEUILLAY LES BOIS","href":"./36/neuillay-les-bois.html","phone":"02 54 39 40 12","email":"mairie-neuillaylesbois@wanadoo.fr","population":"652 habitants","website":"","townhallAdress":"19 rue Principale - 36500 - NEUILLAY-LES-BOIS"},{"text":"NEUVY PAILLOUX","href":"./36/neuvy-pailloux.html","phone":"02 54 49 52 24","email":"mairie-neuvy-pailloux@wanadoo.fr","population":"1310 habitants","website":"","townhallAdress":"16 place de la Mairie - 36100 - NEUVY-PAILLOUX"},{"text":"NEUVY SAINT SEPULCHRE","href":"./36/neuvy-saint-sepulchre.html","phone":"02 54 30 80 27","email":"mairie.neuvysaintsepulchre@wanadoo.fr","population":"1699 habitants","website":"","townhallAdress":"1 place Clemenceau - 36230 - NEUVY-SAINT-SEPULCHRE"},{"text":"NIHERNE","href":"./36/niherne.html","phone":"02 54 29 89 15","email":"mairie.niherne@wanadoo.fr","population":"1754 habitants","website":"","townhallAdress":"Place de l'Eglise - 36250 - NIHERNE"},{"text":"NOHANT VIC","href":"./36/nohant-vic.html","phone":"02 54 31 01 07","email":"nohant.vic.mairie@wanadoo.fr","population":"488 habitants","website":"","townhallAdress":"Vic - 36400 - NOHANT-VIC"},{"text":"NURET LE FERRON","href":"./36/nuret-le-ferron.html","phone":"02 54 47 05 05","email":"nuret.mairie@wanadoo.fr","population":"329 habitants","website":"","townhallAdress":"Le Bourg - 36800 - NURET-LE-FERRON"},{"text":"OBTERRE","href":"./36/obterre.html","phone":"02 54 39 21 66","email":"mairie.obterre@wanadoo.fr","population":"241 habitants","website":"","townhallAdress":"Le Bourg - 36290 - OBTERRE"},{"text":"ORSENNES","href":"./36/orsennes.html","phone":"02 54 47 23 21","email":"mairie-dorsennes@wanadoo.fr","population":"822 habitants","website":"","townhallAdress":"Le Bourg - 36190 - ORSENNES"},{"text":"ORVILLE","href":"./36/orville.html","phone":"02 54 40 60 33","email":"communeorville@orange.fr","population":"128 habitants","website":"","townhallAdress":"Mairie - 36210 - ORVILLE"},{"text":"OULCHES","href":"./36/oulches.html","phone":"02 54 37 95 10","email":"oulches-mairie@wanadoo.fr","population":"427 habitants","website":"","townhallAdress":"1 place Menneton - 36800 - OULCHES"},{"text":"PALLUAU SUR INDRE","href":"./36/palluau-sur-indre.html","phone":"02 54 38 45 55","email":"mairie.palluau-indre@wanadoo.fr","population":"808 habitants","website":"","townhallAdress":"32 rue de Verdun - 36500 - PALLUAU-SUR-INDRE"},{"text":"PARNAC","href":"./36/parnac.html","phone":"02 54 47 52 06","email":"parnac.mairie@wanadoo.fr","population":"545 habitants","website":"","townhallAdress":"Le Bourg - 36170 - PARNAC"},{"text":"PARPECAY","href":"./36/parpecay.html","phone":"02 54 41 16 00","email":"parpecay@wanadoo.fr","population":"250 habitants","website":"","townhallAdress":"1 place Léon Valin - 36210 - PARPECAY"},{"text":"PAUDY","href":"./36/paudy.html","phone":"02 54 49 41 75","email":"mairie.de.paudy@wanadoo.fr","population":"469 habitants","website":"","townhallAdress":"3 place de la Mairie - 36260 - PAUDY"},{"text":"PAULNAY","href":"./36/paulnay.html","phone":"02 54 38 02 25","email":"mairie.paulnay@wanadoo.fr","population":"371 habitants","website":"","townhallAdress":"3 rue Georges Clemenceau - 36290 - PAULNAY"},{"text":"PELLEVOISIN","href":"./36/pellevoisin.html","phone":"02 54 39 00 68","email":"pellevoisin@wanadoo.fr","population":"940 habitants","website":"","townhallAdress":"3 avenue de la République - 36180 - PELLEVOISIN"},{"text":"PERASSAY","href":"./36/perassay.html","phone":"02 54 30 53 56","email":"mairie.perassay@wanadoo.fr","population":"402 habitants","website":"","townhallAdress":"Le Bourg - 36160 - PERASSAY"},{"text":"POMMIERS","href":"./36/pommiers.html","phone":"02 54 47 85 05","email":"mairie.de.pommiers@wanadoo.fr","population":"273 habitants","website":"","townhallAdress":"27 rue Grande - 36190 - POMMIERS"},{"text":"POULAINES","href":"./36/poulaines.html","phone":"02 54 40 93 14","email":"mairie.poulaines@wanadoo.fr","population":"893 habitants","website":"","townhallAdress":"13 rue de la République - 36210 - POULAINES"},{"text":"POULIGNY NOTRE DAME","href":"./36/pouligny-notre-dame.html","phone":"02 54 30 21 15","email":"poulignynotredamemairie@wanadoo.fr","population":"637 habitants","website":"","townhallAdress":"2 rue Golf - 36160 - POULIGNY-NOTRE-DAME"},{"text":"POULIGNY SAINT MARTIN","href":"./36/pouligny-saint-martin.html","phone":"02 54 30 22 88","email":"mairie.poulignystmartin@wanadoo.fr","population":"252 habitants","website":"","townhallAdress":"Le Bourg - 36160 - POULIGNY-SAINT-MARTIN"},{"text":"POULIGNY SAINT PIERRE","href":"./36/pouligny-saint-pierre.html","phone":"02 54 37 10 01","email":"communedepoulignystpierre@wanadoo.fr","population":"1057 habitants","website":"","townhallAdress":"1 place des Combattants d'AFN - 36300 - POULIGNY-SAINT-PIERRE"},{"text":"PREAUX","href":"./36/preaux.html","phone":"02 54 38 75 00","email":"mairiepreaux@wanadoo.fr","population":"167 habitants","website":"","townhallAdress":"6 route de Châtillon - 36240 - PREAUX"},{"text":"PREUILLY LA VILLE","href":"./36/preuilly-la-ville.html","phone":"02 54 37 53 11","email":"mairie.preuilly.laville@orange.fr","population":"172 habitants","website":"","townhallAdress":"1 rue Campanile - 36220 - PREUILLY-LA-VILLE"},{"text":"PRISSAC","href":"./36/prissac.html","phone":"02 54 25 00 10","email":"mairiedeprissac@orange.fr","population":"714 habitants","website":"","townhallAdress":"1 place du 8 Mai - 36370 - PRISSAC"},{"text":"PRUNIERS","href":"./36/pruniers.html","phone":"02 54 49 03 02","email":"commune.pruniers@wanadoo.fr","population":"527 habitants","website":"","townhallAdress":"1 place de la Mairie - 36120 - PRUNIERS"},{"text":"REBOURSIN","href":"./36/reboursin.html","phone":"02 54 49 72 02","email":"mairiereboursin@free.fr","population":"116 habitants","website":"","townhallAdress":"Le Bourg - 36150 - REBOURSIN"},{"text":"REUILLY","href":"./36/reuilly.html","phone":"02 54 03 49 00","email":"mairie.reuilly@wanadoo.fr","population":"2016 habitants","website":"","townhallAdress":"6 place des Ecoles - 36260 - REUILLY"},{"text":"RIVARENNES","href":"./36/rivarennes.html","phone":"02 54 47 04 69","email":"rivarennes-mairie@wanadoo.fr","population":"593 habitants","website":"","townhallAdress":"4 place Valéry Gilbert Tournois - 36800 - RIVARENNES"},{"text":"ROSNAY","href":"./36/rosnay.html","phone":"02 54 37 80 17","email":"rosnay-mairie@wanadoo.fr","population":"639 habitants","website":"","townhallAdress":"4 place de la Mairie - 36300 - ROSNAY"},{"text":"ROUSSINES","href":"./36/roussines.html","phone":"02 54 47 56 03","email":"mairie.roussines@wanadoo.fr","population":"408 habitants","website":"","townhallAdress":"Le Bourg - 36170 - ROUSSINES"},{"text":"ROUVRES LES BOIS","href":"./36/rouvres-les-bois.html","phone":"02 54 35 62 05","email":"rouvres.les.bois@wanadoo.fr","population":"349 habitants","website":"","townhallAdress":"22 rue Principale - 36110 - ROUVRES-LES-BOIS"},{"text":"RUFFEC","href":"./36/ruffec.html","phone":"02 54 37 70 11","email":"ruffec-mairie@wanadoo.fr","population":"679 habitants","website":"","townhallAdress":"12 rue de la Mairie - 36300 - RUFFEC"},{"text":"SACIERGES SAINT MARTIN","href":"./36/sacierges-saint-martin.html","phone":"02 54 47 55 04","email":"sacierges-mairie@wanadoo.fr","population":"336 habitants","website":"","townhallAdress":"Le Bourg - 36170 - SACIERGES-SAINT-MARTIN"},{"text":"SAINT AIGNY","href":"./36/saint-aigny.html","phone":"02 54 37 09 02","email":"saint-aigny.mairie@wanadoo.fr","population":"293 habitants","website":"","townhallAdress":"Le Bourg - 36300 - SAINT-AIGNY"},{"text":"SAINT AOUSTRILLE","href":"./36/saint-aoustrille.html","phone":"02 54 21 25 66","email":"mairie.saint-aoustrille@wanadoo.fr","population":"163 habitants","website":"","townhallAdress":"1 place des Tilleuls - 36100 - SAINT-AOUSTRILLE"},{"text":"SAINT AOUT","href":"./36/saint-aout.html","phone":"02 54 36 28 19","email":"mairie.saint-aout@wanadoo.fr","population":"859 habitants","website":"","townhallAdress":"21 route d'Issoudun - 36120 - SAINT-AOUT"},{"text":"SAINT AUBIN","href":"./36/saint-aubin.html","phone":"02 54 21 20 74","email":"mairie.saint-aubin.36100@orange.fr","population":"179 habitants","website":"","townhallAdress":"2 rue du Bois Chevet - 36100 - SAINT-AUBIN"},{"text":"SAINT BENOIT DU SAULT","href":"./36/saint-benoit-du-sault.html","phone":"02 54 47 51 44","email":"saint.benoit.du.sault@wanadoo.fr","population":"732 habitants","website":"","townhallAdress":"Rue Joseph Besges - 36170 - SAINT-BENOIT-DU-SAULT"},{"text":"SAINT CHARTIER","href":"./36/saint-chartier.html","phone":"02 54 31 02 51","email":"mairie.saintchartier@orange.fr","population":"608 habitants","website":"","townhallAdress":"Le Bourg - 36400 - SAINT-CHARTIER"},{"text":"SAINT CHRISTOPHE EN BAZELLE","href":"./36/saint-christophe-en-bazelle.html","phone":"02 54 40 61 12","email":"mairie.stchristopheenbazelle@wanadoo.fr","population":"388 habitants","website":"","townhallAdress":"6 rue de la Mairie - 36210 - SAINT-CHRISTOPHE-EN-BAZELLE"},{"text":"SAINT CHRISTOPHE EN BOUCHERIE","href":"./36/saint-christophe-en-boucherie.html","phone":"02 54 30 01 10","email":"st.christophe36.mairie@wanadoo.fr","population":"257 habitants","website":"","townhallAdress":"Le Bourg - 36400 - SAINT-CHRISTOPHE-EN-BOUCHERIE"},{"text":"SAINT CIVRAN","href":"./36/saint-civran.html","phone":"02 54 47 53 14","email":"saintcivran-mairie@wanadoo.fr","population":"184 habitants","website":"","townhallAdress":"21 rue de la République - 36170 - SAINT-CIVRAN"},{"text":"SAINT CYRAN DU JAMBOT","href":"./36/saint-cyran-du-jambot.html","phone":"02 54 39 30 57","email":"mairie.stcyrandujambot@orange.fr","population":"429 habitants","website":"","townhallAdress":"6 route Chatillon - 36700 - SAINT-CYRAN-DU-JAMBOT"},{"text":"SAINT DENIS DE JOUHET","href":"./36/saint-denis-de-jouhet.html","phone":"02 54 30 70 19","email":"mairie.sd.jouhet@wanadoo.fr","population":"966 habitants","website":"","townhallAdress":"4 place de l'Eglise - 36230 - SAINT-DENIS-DE-JOUHET"},{"text":"SAINTE CECILE","href":"./36/sainte-cecile.html","phone":"02 54 40 63 11","email":"mairiedesaintececile@wanadoo.fr","population":"108 habitants","website":"","townhallAdress":"Le Bourg - 36210 - SAINTE-CECILE"},{"text":"SAINTE FAUSTE","href":"./36/sainte-fauste.html","phone":"02 54 49 51 08","email":"mairie.sainte-fauste@wanadoo.fr","population":"276 habitants","website":"","townhallAdress":"24 rue des Pommiers - 36100 - SAINTE-FAUSTE"},{"text":"SAINTE GEMME","href":"./36/sainte-gemme.html","phone":"02 54 38 01 59","email":"mairie.ste.gemme@wanadoo.fr","population":"273 habitants","website":"","townhallAdress":"10 place de l'Eglise - 36500 - SAINTE-GEMME"},{"text":"SAINTE LIZAIGNE","href":"./36/sainte-lizaigne.html","phone":"02 54 04 00 16","email":"mairie.stelizaigne@wanadoo.fr","population":"1256 habitants","website":"","townhallAdress":"1 route Paudy - 36260 - SAINTE-LIZAIGNE"},{"text":"SAINTE SEVERE SUR INDRE","href":"./36/sainte-severe-sur-indre.html","phone":"02 54 30 50 28","email":"mairie.stesevere@wanadoo.fr","population":"883 habitants","website":"","townhallAdress":"31 avenue d'Auvergne - 36160 - SAINTE-SEVERE-SUR-INDRE"},{"text":"SAINT FLORENTIN","href":"./36/saint-florentin.html","phone":"02 54 49 78 53","email":"mairie-stflorentin@wanadoo.fr","population":"485 habitants","website":"","townhallAdress":"2 rue Bruyère - 36150 - SAINT-FLORENTIN"},{"text":"SAINT GAULTIER","href":"./36/saint-gaultier.html","phone":"02 54 01 66 00","email":"st-gaultier.mairie@wanadoo.fr","population":"2042 habitants","website":"","townhallAdress":"9 place de l'Hôtel de Ville - 36800 - SAINT-GAULTIER"},{"text":"SAINT GENOU","href":"./36/saint-genou.html","phone":"02 54 38 45 95","email":"mairie.saintgenou@wanadoo.fr","population":"1014 habitants","website":"","townhallAdress":"6 boulevard Rabelais - 36500 - SAINT-GENOU"},{"text":"SAINT GEORGES SUR ARNON","href":"./36/saint-georges-sur-arnon.html","phone":"02 54 04 01 05","email":"mairie-st.georges.sur.arnon@wanadoo.fr","population":"526 habitants","website":"","townhallAdress":"5 route des Tilleuls - 36100 - SAINT-GEORGES-SUR-ARNON"},{"text":"SAINT GILLES","href":"./36/saint-gilles.html","phone":"02 54 25 50 57","email":"saintgilles.mairie@wanadoo.fr","population":"95 habitants","website":"","townhallAdress":"Abloux - 36170 - SAINT-GILLES"},{"text":"SAINT HILAIRE SUR BENAIZE","href":"./36/saint-hilaire-sur-benaize.html","phone":"02 54 37 08 66","email":"mairie.sthilaire.benaize@wanadoo.fr","population":"358 habitants","website":"","townhallAdress":"Route Le Blanc - 36370 - SAINT-HILAIRE-SUR-BENAIZE"},{"text":"SAINT LACTENCIN","href":"./36/saint-lactencin.html","phone":"02 54 84 15 78","email":"mairiestlactencin@voila.fr","population":"404 habitants","website":"","townhallAdress":"11 rue de la Mairie - 36500 - SAINT-LACTENCIN"},{"text":"SAINT MARCEL","href":"./36/saint-marcel.html","phone":"02 54 24 15 07","email":"mairiestmarcel@wanadoo.fr","population":"1718 habitants","website":"","townhallAdress":"Rue du Point du Jour - 36200 - SAINT-MARCEL"},{"text":"SAINT MARTIN DE LAMPS","href":"./36/saint-martin-de-lamps.html","phone":"02 54 35 84 50","email":"mairie-st-martin-de-lamps@wanadoo.fr","population":"148 habitants","website":"","townhallAdress":"15 route Frédille - 36110 - SAINT-MARTIN-DE-LAMPS"},{"text":"SAINT MAUR","href":"./36/saint-maur.html","phone":"02 54 28 26 30","email":"contact@saint-maur36.com","population":"3492 habitants","website":"","townhallAdress":"Place de la Mairie - 36250 - SAINT-MAUR"},{"text":"SAINT MEDARD","href":"./36/saint-medard.html","phone":"02 54 38 75 47","email":"mairie.stmedard@orange.fr","population":"44 habitants","website":"","townhallAdress":"Le Bourg - 36700 - SAINT-MEDARD"},{"text":"SAINT MICHEL EN BRENNE","href":"./36/saint-michel-en-brenne.html","phone":"02 54 38 00 69","email":"mairie-stmichel@mcom.fr","population":"324 habitants","website":"","townhallAdress":"1 rue du Prieuré - 36290 - SAINT-MICHEL-EN-BRENNE"},{"text":"SAINT PIERRE DE JARDS","href":"./36/saint-pierre-de-jards.html","phone":"02 54 49 24 17","email":"mairie-stpierre.de.jards@wanadoo.fr","population":"129 habitants","website":"","townhallAdress":"Le Bourg - 36260 - SAINT-PIERRE-DE-JARDS"},{"text":"SAINT PIERRE DE LAMPS","href":"./36/saint-pierre-de-lamps.html","phone":"02 54 35 84 81","email":"mairie.st.pierre.de.lamps@orange.fr","population":"44 habitants","website":"","townhallAdress":"4 route Landais - 36110 - SAINT-PIERRE-DE-LAMPS"},{"text":"SAINT PLANTAIRE","href":"./36/saint-plantaire.html","phone":"02 54 47 21 18","email":"mairie.stplantaire@wanadoo.fr","population":"557 habitants","website":"","townhallAdress":"Le Bourg - 36190 - SAINT-PLANTAIRE"},{"text":"SAINT VALENTIN","href":"./36/saint-valentin.html","phone":"02 54 21 22 11","email":"info@village-saint-valentin.com","population":"273 habitants","website":"","townhallAdress":"1 place de la Mairie - 36100 - SAINT-VALENTIN"},{"text":"SARZAY","href":"./36/sarzay.html","phone":"02 54 31 31 02","email":"mairie.sarzay@wanadoo.fr","population":"325 habitants","website":"","townhallAdress":"3 place Raymond Plique - 36230 - SARZAY"},{"text":"SASSIERGES SAINT GERMAIN","href":"./36/sassierges-saint-germain.html","phone":"02 54 36 22 09","email":"com.sassierges@orange.fr","population":"465 habitants","website":"","townhallAdress":"4 place de la Mairie - 36120 - SASSIERGES-SAINT-GERMAIN"},{"text":"SAULNAY","href":"./36/saulnay.html","phone":"02 54 38 47 45","email":"mairie-saulnay@orange.fr","population":"191 habitants","website":"","townhallAdress":"Le Bourg - 36290 - SAULNAY"},{"text":"SAUZELLES","href":"./36/sauzelles.html","phone":"02 54 37 02 97","email":"sauzelles-mairie@wanadoo.fr","population":"260 habitants","website":"","townhallAdress":"4 rue Mijault - 36220 - SAUZELLES"},{"text":"SAZERAY","href":"./36/sazeray.html","phone":"02 54 30 51 04","email":"mairie.sazeray@orange.fr","population":"339 habitants","website":"","townhallAdress":"19 avenue de La Marche - 36160 - SAZERAY"},{"text":"SEGRY","href":"./36/segry.html","phone":"02 54 21 21 47","email":"mairie.segry@wanadoo.fr","population":"516 habitants","website":"","townhallAdress":"1 rue de la Mairie - 36100 - SEGRY"},{"text":"SELLES SUR NAHON","href":"./36/selles-sur-nahon.html","phone":"02 54 40 84 25","email":"mairie.selles-sur-nahon@wanadoo.fr","population":"56 habitants","website":"","townhallAdress":"10 route Frédille - 36180 - SELLES-SUR-NAHON"},{"text":"SEMBLECAY","href":"./36/semblecay.html","phone":"02 54 40 65 88","email":"semblecay.mairie@wanadoo.fr","population":"118 habitants","website":"","townhallAdress":"Le Bourg - 36210 - SEMBLECAY"},{"text":"SOUGE","href":"./36/souge.html","phone":"02 54 35 84 40","email":"mairie.souge.36@wanadoo.fr","population":"167 habitants","website":"","townhallAdress":"12 route Chézelles - 36500 - SOUGE"},{"text":"TENDU","href":"./36/tendu.html","phone":"02 54 24 13 56","email":"mairie.tendu@wanadoo.fr","population":"560 habitants","website":"","townhallAdress":"Place des Anciens Combattants - 36200 - TENDU"},{"text":"THENAY","href":"./36/thenay.html","phone":"02 54 47 02 27","email":"thenay-mairie@wanadoo.fr","population":"899 habitants","website":"","townhallAdress":"12Bis rue de la Paix - 36800 - THENAY"},{"text":"THEVET SAINT JULIEN","href":"./36/thevet-saint-julien.html","phone":"02 54 30 00 09","email":"mairie.thevetsaintjulien.36@wanadoo.fr","population":"485 habitants","website":"","townhallAdress":"14 place de la Mairie - 36400 - THEVET-SAINT-JULIEN"},{"text":"THIZAY","href":"./36/thizay.html","phone":"02 54 21 31 30","email":"mairie.thizay36@orange.fr","population":"257 habitants","website":"","townhallAdress":"1 place de l'Eglise - 36100 - THIZAY"},{"text":"TILLY","href":"./36/tilly.html","phone":"02 54 25 71 90","email":"commune.tilly@orange.fr","population":"175 habitants","website":"","townhallAdress":"Le Bourg - 36310 - TILLY"},{"text":"TOURNON SAINT MARTIN","href":"./36/tournon-saint-martin.html","phone":"02 54 37 50 60","email":"tournon-mairie@wanadoo.fr","population":"1250 habitants","website":"","townhallAdress":"23 rue de la Mairie - 36220 - TOURNON-SAINT-MARTIN"},{"text":"TRANZAULT","href":"./36/tranzault.html","phone":"02 54 30 81 05","email":"mairie.tranzault@wanadoo.fr","population":"330 habitants","website":"","townhallAdress":"1 route Chassin - 36230 - TRANZAULT"},{"text":"URCIERS","href":"./36/urciers.html","phone":"02 54 31 42 40","email":"mairie.urciers@wanadoo.fr","population":"269 habitants","website":"","townhallAdress":"Le Bourg - 36160 - URCIERS"},{"text":"VALENCAY","href":"./36/valencay.html","phone":"02 54 00 32 32","email":"commune@mairie-valencay.fr","population":"2761 habitants","website":"","townhallAdress":"4 rue Talleyrand - 36600 - VALENCAY"},{"text":"VARENNES SUR FOUZON","href":"./36/varennes-sur-fouzon.html","phone":"02 54 41 13 26","email":"mairievarennes2@wanadoo.fr","population":"709 habitants","website":"","townhallAdress":"3 place Saint Jean - 36210 - VARENNES-SUR-FOUZON"},{"text":"VATAN","href":"./36/vatan.html","phone":"02 54 49 76 31","email":"vatan.mairie1@wanadoo.fr","population":"2058 habitants","website":"","townhallAdress":"Place de la République - 36150 - VATAN"},{"text":"VELLES","href":"./36/velles.html","phone":"02 54 36 16 13","email":"velles.mairie@wanadoo.fr","population":"878 habitants","website":"","townhallAdress":"11 rue des Anciens Combattants - 36330 - VELLES"},{"text":"VENDOEUVRES","href":"./36/vendoeuvres.html","phone":"02 54 38 31 01","email":"vendoeuvresmairie@wanadoo.fr","population":"1125 habitants","website":"","townhallAdress":"57Bis rue Grande - 36500 - VENDOEUVRES"},{"text":"VERNEUIL SUR IGNERAIE","href":"./36/verneuil-sur-igneraie.html","phone":"02 54 31 02 19","email":"mairie.verneuilsurigneraie@wanadoo.fr","population":"350 habitants","website":"","townhallAdress":"Le Bourg - 36400 - VERNEUIL-SUR-IGNERAIE"},{"text":"VEUIL","href":"./36/veuil.html","phone":"02 54 40 32 71","email":"mairie.veuil@wanadoo.fr","population":"373 habitants","website":"","townhallAdress":"Le Bourg - 36600 - VEUIL"},{"text":"VICQ EXEMPLET","href":"./36/vicq-exemplet.html","phone":"02 54 30 02 11","email":"mairie.vicq-exemplet@wanadoo.fr","population":"344 habitants","website":"","townhallAdress":"Le Bourg - 36400 - VICQ-EXEMPLET"},{"text":"VICQ SUR NAHON","href":"./36/vicq-sur-nahon.html","phone":"02 54 40 31 35","email":"mairie.vicqsurnahon@wanadoo.fr","population":"762 habitants","website":"","townhallAdress":"2 rue de l'Eglise - 36600 - VICQ-SUR-NAHON"},{"text":"VIGOULANT","href":"./36/vigoulant.html","phone":"02 54 30 51 40","email":"mairie.vigoulant@wanadoo.fr","population":"132 habitants","website":"","townhallAdress":"Le Bourg - 36160 - VIGOULANT"},{"text":"VIGOUX","href":"./36/vigoux.html","phone":"02 54 25 31 54","email":"vigoux-mairie@wanadoo.fr","population":"470 habitants","website":"","townhallAdress":"12 rue de la République - 36170 - VIGOUX"},{"text":"VIJON","href":"./36/vijon.html","phone":"02 54 30 53 05","email":"vijon.mairie@wanadoo.fr","population":"321 habitants","website":"","townhallAdress":"Le Bourg - 36160 - VIJON"},{"text":"VILLEDIEU SUR INDRE","href":"./36/villedieu-sur-indre.html","phone":"02 54 26 50 27","email":"villedieu-sur-indre@wanadoo.fr","population":"2761 habitants","website":"","townhallAdress":"Place Jean Jaurès - 36320 - VILLEDIEU-SUR-INDRE"},{"text":"VILLEGONGIS","href":"./36/villegongis.html","phone":"02 54 36 63 50","email":"mairie.villegongis@orange.fr","population":"143 habitants","website":"","townhallAdress":"4 place de la Mairie - 36110 - VILLEGONGIS"},{"text":"VILLEGOUIN","href":"./36/villegouin.html","phone":"02 54 38 47 50","email":"mairie.villegouin@wanadoo.fr","population":"409 habitants","website":"","townhallAdress":"1 place de la Mairie - 36500 - VILLEGOUIN"},{"text":"VILLENTROIS","href":"./36/villentrois.html","phone":"02 54 41 03 70","email":"mairievillentrois@wanadoo.fr","population":"638 habitants","website":"","townhallAdress":"6 rue Delalande - 36600 - VILLENTROIS"},{"text":"VILLERS LES ORMES","href":"./36/villers-les-ormes.html","phone":"02 54 36 68 08","email":"villerslesormes@wanadoo.fr","population":"409 habitants","website":"","townhallAdress":"3 rue de la Mairie - 36250 - VILLERS-LES-ORMES"},{"text":"VILLIERS","href":"./36/villiers.html","phone":"02 54 38 03 95","email":"","population":"199 habitants","website":"","townhallAdress":"4 rue de la Mairie - 36290 - VILLIERS"},{"text":"VINEUIL","href":"./36/vineuil.html","phone":"02 54 36 60 17","email":"vineuil.36110@wanadoo.fr","population":"1179 habitants","website":"","townhallAdress":"Rue de la Poste - 36110 - VINEUIL"},{"text":"VOUILLON","href":"./36/vouillon.html","phone":"02 54 49 03 09","email":"mairie.vouillon@wanadoo.fr","population":"272 habitants","website":"","townhallAdress":"11 Grand'Rue - 36100 - VOUILLON"}]}