{"text":"40 | Landes","href":"landes.html","townships":[{"text":"AIRE SUR L ADOUR","href":"./40/aire-sur-l-adour.html","phone":"05 58 71 47 00","email":"mairie@aire-sur-adour.fr","population":"6633 habitants","website":"","townhallAdress":"Place de l'Hôtel de Ville - 40800 - AIRE-SUR-L'ADOUR"},{"text":"AMOU","href":"./40/amou.html","phone":"05 58 89 00 22","email":"commune-amou@wanadoo.fr","population":"1629 habitants","website":"","townhallAdress":"Place Saint Pierre - 40330 - AMOU"},{"text":"ANGOUME","href":"./40/angoume.html","phone":"05 58 97 57 36","email":"mairie.angoume@wanadoo.fr","population":"244 habitants","website":"","townhallAdress":"11 avenue Alphonse Louis - 40990 - ANGOUME"},{"text":"ANGRESSE","href":"./40/angresse.html","phone":"05 58 43 51 94","email":"mairie.angresse@wanadoo.fr","population":"1416 habitants","website":"","townhallAdress":"Place de la Mairie - 40150 - ANGRESSE"},{"text":"ARBOUCAVE","href":"./40/arboucave.html","phone":"05 58 44 57 43","email":"mairie.arboucave@wanadoo.fr","population":"196 habitants","website":"","townhallAdress":"Le Bourg - 40320 - ARBOUCAVE"},{"text":"ARENGOSSE","href":"./40/arengosse.html","phone":"05 58 51 72 97","email":"mairie.arengosse@wanadoo.fr","population":"735 habitants","website":"","townhallAdress":"Chd 14 - 40110 - ARENGOSSE"},{"text":"ARGELOS","href":"./40/argelos.html","phone":"05 58 79 00 51","email":"argelos.mairie@wanadoo.fr","population":"168 habitants","website":"","townhallAdress":"Le Bourg - 40700 - ARGELOS"},{"text":"ARGELOUSE","href":"./40/argelouse.html","phone":"05 58 07 66 43","email":"mairie.argelouse@wanadoo.fr","population":"86 habitants","website":"","townhallAdress":"RN Bordeaux - Mont de Marsan - 40430 - ARGELOUSE"},{"text":"ARJUZANX","href":"./40/arjuzanx.html","phone":"05 58 07 83 17","email":"mairie.arjuzanx@fr.oleane.com","population":"205 habitants","website":"","townhallAdress":"Le Bourg - 40110 - ARJUZANX"},{"text":"ARSAGUE","href":"./40/arsague.html","phone":"05 58 89 31 90","email":"mairie.arsague@wanadoo.fr","population":"312 habitants","website":"","townhallAdress":"Le Bourg - 40330 - ARSAGUE"},{"text":"ARTASSENX","href":"./40/artassenx.html","phone":"05 58 44 03 99","email":"mairie-artassenx@wanadoo.fr","population":"250 habitants","website":"","townhallAdress":"Le Bourg - 40090 - ARTASSENX"},{"text":"ARTHEZ D ARMAGNAC","href":"./40/arthez-d-armagnac.html","phone":"05 58 45 25 02","email":"mairie.arthez-darmagnac@wanadoo.fr","population":"140 habitants","website":"","townhallAdress":"Le Bourg - 40190 - ARTHEZ-D'ARMAGNAC"},{"text":"ARUE","href":"./40/arue.html","phone":"05 58 45 64 88","email":"mairiearue@wanadoo.fr","population":"315 habitants","website":"","townhallAdress":"Le Bourg - 40120 - ARUE"},{"text":"ARX","href":"./40/arx.html","phone":"05 58 93 63 20","email":"arx.mairie@wanadoo.fr","population":"67 habitants","website":"","townhallAdress":"Le Bourg - 40310 - ARX"},{"text":"AUBAGNAN","href":"./40/aubagnan.html","phone":"05 58 79 12 61","email":"mairieaubagnan@wanadoo.fr","population":"244 habitants","website":"","townhallAdress":"25 route de Tursan - 40700 - AUBAGNAN"},{"text":"AUDIGNON","href":"./40/audignon.html","phone":"05 58 76 29 40","email":"mairie.audignon@wanadoo.fr","population":"344 habitants","website":"","townhallAdress":"28 place Compostelle - 40500 - AUDIGNON"},{"text":"AUDON","href":"./40/audon.html","phone":"05 58 73 44 19","email":"mairie.audon@wanadoo.fr","population":"343 habitants","website":"","townhallAdress":"2 place de la mairie - 40400 - AUDON"},{"text":"AUREILHAN","href":"./40/aureilhan.html","phone":"05 58 09 03 39","email":"aureilhan40@free.fr","population":"889 habitants","website":"","townhallAdress":"Le Bourg - 40200 - AUREILHAN"},{"text":"AURICE","href":"./40/aurice.html","phone":"05 58 76 06 50","email":"mairie.aurice@wanadoo.fr","population":"681 habitants","website":"","townhallAdress":"Le Bourg - 40500 - AURICE"},{"text":"AZUR","href":"./40/azur.html","phone":"05 58 48 13 06","email":"mairie.azur@wanadoo.fr","population":"526 habitants","website":"","townhallAdress":"Le Bourg - 40140 - AZUR"},{"text":"BAHUS SOUBIRAN","href":"./40/bahus-soubiran.html","phone":"05 58 51 15 20","email":"mairie.bahussoubiran@wanadoo.fr","population":"364 habitants","website":"","townhallAdress":"2 place de la Mairie - 40320 - BAHUS-SOUBIRAN"},{"text":"BAIGTS","href":"./40/baigts.html","phone":"05 58 98 63 17","email":"commune-de-baigts@wanadoo.fr","population":"355 habitants","website":"","townhallAdress":"Route de Montfort - 40380 - BAIGTS"},{"text":"BANOS","href":"./40/banos.html","phone":"05 58 76 11 21","email":"banos.mairie@wanadoo.fr","population":"241 habitants","website":"","townhallAdress":"Chemin Vicinal 03 - 40500 - BANOS"},{"text":"BASCONS","href":"./40/bascons.html","phone":"05 58 44 00 31","email":"secretariat@mairie-bascons.fr","population":"967 habitants","website":"","townhallAdress":"76 rue Docteur Dupouy - 40090 - BASCONS"},{"text":"BAS MAUCO","href":"./40/bas-mauco.html","phone":"05 58 76 07 35","email":"mairie.basmauco@wanadoo.fr","population":"314 habitants","website":"","townhallAdress":"180 place du 23 Septembre 1989 - 40500 - BAS-MAUCO"},{"text":"BASSERCLES","href":"./40/bassercles.html","phone":"05 58 79 05 01","email":"mairie.bassercles@wanadoo.fr","population":"110 habitants","website":"","townhallAdress":"Chemin Départemental 450 - 40700 - BASSERCLES"},{"text":"BASTENNES","href":"./40/bastennes.html","phone":"05 58 89 84 74","email":"mairie.bastennes@wanadoo.fr","population":"258 habitants","website":"","townhallAdress":"Le Bourg - 40360 - BASTENNES"},{"text":"BATS","href":"./40/bats.html","phone":"05 58 79 18 71","email":"mairie.bats@wanadoo.fr","population":"272 habitants","website":"","townhallAdress":"Le Bourg - 40320 - BATS"},{"text":"BAUDIGNAN","href":"./40/baudignan.html","phone":"05 58 93 60 64","email":"mairiebaudignan@orange.fr","population":"49 habitants","website":"","townhallAdress":"Chemin Départemental 59 - 40310 - BAUDIGNAN"},{"text":"BEGAAR","href":"./40/begaar.html","phone":"05 58 73 42 35","email":"mairie.begaar@wanadoo.fr","population":"1061 habitants","website":"","townhallAdress":"196 route du Bourg - 40400 - BEGAAR"},{"text":"BELHADE","href":"./40/belhade.html","phone":"05 58 08 20 72","email":"mairie.belhade@wanadoo.fr","population":"161 habitants","website":"","townhallAdress":"Le Bourg - 40410 - BELHADE"},{"text":"BELIS","href":"./40/belis.html","phone":"05 58 51 40 48","email":"communebelis@neuf.fr","population":"144 habitants","website":"","townhallAdress":"Le Bourg - 40120 - BELIS"},{"text":"BELUS","href":"./40/belus.html","phone":"05 58 73 10 28","email":"belus.mairie@wanadoo.fr","population":"600 habitants","website":"","townhallAdress":"Le Bourg - 40300 - BELUS"},{"text":"BENESSE LES DAX","href":"./40/benesse-les-dax.html","phone":"05 58 98 74 38","email":"mairie-benesse-les-dax@wanadoo.fr","population":"518 habitants","website":"","townhallAdress":"44 avenue Auguste Duhau - 40180 - BENESSE-LES-DAX"},{"text":"BENESSE MAREMNE","href":"./40/benesse-maremne.html","phone":"05 58 72 51 38","email":"jean-francois.dussin@wanadoo.fr","population":"2133 habitants","website":"","townhallAdress":"19 route de Bayonne - 40230 - BENESSE-MAREMNE"},{"text":"BENQUET","href":"./40/benquet.html","phone":"05 58 71 00 73","email":"communedebenquet@orange.fr","population":"1478 habitants","website":"","townhallAdress":"199 avenue d'Alsace - 40280 - BENQUET"},{"text":"BERGOUEY","href":"./40/bergouey.html","phone":"05 58 98 44 40","email":"mairie.bergouey@wanadoo.fr","population":"120 habitants","website":"","townhallAdress":"Le Bourg - 40250 - BERGOUEY"},{"text":"BETBEZER D ARMAGNAC","href":"./40/betbezer-d-armagnac.html","phone":"05 58 44 86 79","email":"mairie.betbezer40@wanadoo.fr","population":"138 habitants","website":"","townhallAdress":"Le Bourg - 40240 - BETBEZER-D'ARMAGNAC"},{"text":"BEYLONGUE","href":"./40/beylongue.html","phone":"05 58 57 11 92","email":"mairie.beylongue@wanadoo.fr","population":"338 habitants","website":"","townhallAdress":"Le Bourg - 40370 - BEYLONGUE"},{"text":"BEYRIES","href":"./40/beyries.html","phone":"05 58 79 04 69","email":"mairie.beyries@wanadoo.fr","population":"97 habitants","website":"","townhallAdress":"Le Bourg - 40700 - BEYRIES"},{"text":"BIAROTTE","href":"./40/biarotte.html","phone":null,"email":null,"population":null,"website":null,"townhallAdress":null},{"text":"BIAS","href":"./40/bias.html","phone":"05 58 09 03 02","email":"mairie-de-bias@bias40.fr","population":"712 habitants","website":"","townhallAdress":"Le Bourg - 40170 - BIAS"},{"text":"BIAUDOS","href":"./40/biaudos.html","phone":"05 59 56 72 19","email":"mairie-biaudos@wanadoo.fr","population":"731 habitants","website":"","townhallAdress":"562 Route du Bourg - 40390 - BIAUDOS"},{"text":"BISCARROSSE","href":"./40/biscarrosse.html","phone":"05 58 83 40 40","email":"biscarrosse@wanadoo.fr","population":"12487 habitants","website":"","townhallAdress":"149 avenue du 14 Juillet - 40600 - BISCARROSSE"},{"text":"BONNEGARDE","href":"./40/bonnegarde.html","phone":"05 58 89 24 29","email":"bonnegarde.mairie@wanadoo.fr","population":"275 habitants","website":"","townhallAdress":"50 route du Bourg - 40330 - BONNEGARDE"},{"text":"BOOS","href":"./40/boos.html","phone":"05 58 57 22 91","email":"mairie.boos@wanadoo.fr","population":"256 habitants","website":"","townhallAdress":"21 place de la Liberté - 40370 - BOOS"},{"text":"BORDERES ET LAMENSANS","href":"./40/borderes-et-lamensans.html","phone":"05 58 45 90 27","email":"mairie.borderes@wanadoo.fr","population":"355 habitants","website":"","townhallAdress":"168 chemin Pebon - 40270 - BORDERES-ET-LAMENSANS"},{"text":"BOSTENS","href":"./40/bostens.html","phone":"05 58 93 92 69","email":"mairie-bostens@wanadoo.fr","population":"180 habitants","website":"","townhallAdress":"1 Impasse de la Mairie - 40090 - BOSTENS"},{"text":"BOUGUE","href":"./40/bougue.html","phone":"05 58 52 92 13","email":"commune.bougue@wanadoo.fr","population":"594 habitants","website":"","townhallAdress":"20 rue Docteur Laffite - 40090 - BOUGUE"},{"text":"BOURDALAT","href":"./40/bourdalat.html","phone":"05 58 03 25 10","email":"mairiedebourdalat@wanadoo.fr","population":"223 habitants","website":"","townhallAdress":"Rue Bas Armagnac - 40190 - BOURDALAT"},{"text":"BOURRIOT BERGONCE","href":"./40/bourriot-bergonce.html","phone":"05 58 93 36 53","email":"communebourriot@wanadoo.fr","population":"321 habitants","website":"","townhallAdress":"Route Maillas - 40120 - BOURRIOT-BERGONCE"},{"text":"BRASSEMPOUY","href":"./40/brassempouy.html","phone":"05 58 89 02 47","email":"Mairie.Brassempouy@wanadoo.fr","population":"305 habitants","website":"","townhallAdress":"23 route du Duc - 40330 - BRASSEMPOUY"},{"text":"BRETAGNE DE MARSAN","href":"./40/bretagne-de-marsan.html","phone":"05 58 71 00 58","email":"mairie.bretagne@wanadoo.fr","population":"1470 habitants","website":"","townhallAdress":"2 place de la Mairie - 40280 - BRETAGNE-DE-MARSAN"},{"text":"BROCAS","href":"./40/brocas.html","phone":"05 58 51 40 68","email":"mairie.brocas@wanadoo.fr","population":"809 habitants","website":"","townhallAdress":"Le Bourg - 40420 - BROCAS"},{"text":"BUANES","href":"./40/buanes.html","phone":"05 58 51 15 55","email":"mairie-buanes@wanadoo.fr","population":"271 habitants","website":"","townhallAdress":"Le Bourg - 40320 - BUANES"},{"text":"CACHEN","href":"./40/cachen.html","phone":"05 58 93 00 36","email":"mairie.cachen@orange.fr","population":"223 habitants","website":"","townhallAdress":"Chemin Vicinal - 40120 - CACHEN"},{"text":"CAGNOTTE","href":"./40/cagnotte.html","phone":"05 58 73 02 47","email":"mairie-cagnotte@wanadoo.fr","population":"670 habitants","website":"","townhallAdress":"3 route Dax - 40300 - CAGNOTTE"},{"text":"CALLEN","href":"./40/callen.html","phone":"05 58 08 02 96","email":"mairie.callen@wanadoo.fr","population":"145 habitants","website":"","townhallAdress":"Le Bourg - 40430 - CALLEN"},{"text":"CAMPAGNE","href":"./40/campagne.html","phone":"05 58 44 76 37","email":"mairie-de-campagne@wanadoo.fr","population":"945 habitants","website":"","townhallAdress":"54 avenue Catm - 40090 - CAMPAGNE"},{"text":"CAMPET ET LAMOLERE","href":"./40/campet-et-lamolere.html","phone":"05 58 52 05 27","email":"mairie.campet-lamolere@orange.fr","population":"343 habitants","website":"","townhallAdress":"Chemin Départemental 38 - 40090 - CAMPET-ET-LAMOLERE"},{"text":"CANDRESSE","href":"./40/candresse.html","phone":"05 58 74 53 97","email":"mairie.candresse@wanadoo.fr","population":"835 habitants","website":"","townhallAdress":"Rue des Ecoles - 40180 - CANDRESSE"},{"text":"CANENX ET REAUT","href":"./40/canenx-et-reaut.html","phone":"05 58 51 60 30","email":"mairie.canenx@wanadoo.fr","population":"162 habitants","website":"","townhallAdress":"Canenx - 40090 - CANENX-ET-REAUT"},{"text":"CAPBRETON","href":"./40/capbreton.html","phone":"05 58 72 10 09","email":"communication@capbreton.fr","population":"7941 habitants","website":"","townhallAdress":"Place Saint Nicolas - 40130 - CAPBRETON"},{"text":"CARCARES SAINTE CROIX","href":"./40/carcares-sainte-croix.html","phone":"05 58 73 46 13","email":"carcares-ste-croix@wanadoo.fr","population":"494 habitants","website":"","townhallAdress":"Le Bourg - 40400 - CARCARES-SAINTE-CROIX"},{"text":"CARCEN PONSON","href":"./40/carcen-ponson.html","phone":"05 58 73 44 03","email":"mairie.carcen-ponson@wanadoo.fr","population":"612 habitants","website":"","townhallAdress":"Le Bourg - 40400 - CARCEN-PONSON"},{"text":"CASSEN","href":"./40/cassen.html","phone":"05 58 98 92 06","email":"mairie.cassen@wanadoo.fr","population":"472 habitants","website":"","townhallAdress":"2 promenade Marnière - 40380 - CASSEN"},{"text":"CASTAIGNOS SOUSLENS","href":"./40/castaignos-souslens.html","phone":"05 58 89 01 90","email":"mairie.castaignos@wanadoo.fr","population":"355 habitants","website":"","townhallAdress":"Place Victor Ducla - 40700 - CASTAIGNOS-SOUSLENS"},{"text":"CASTANDET","href":"./40/castandet.html","phone":"05 58 44 06 68","email":"mairiedecastandet@wanadoo.fr","population":"420 habitants","website":"","townhallAdress":"16 place Hombourg - 40270 - CASTANDET"},{"text":"CASTELNAU CHALOSSE","href":"./40/castelnau-chalosse.html","phone":"05 58 89 31 86","email":"mairie-castelnau@wanadoo.fr","population":"534 habitants","website":"","townhallAdress":"Route Pomarez - 40360 - CASTELNAU-CHALOSSE"},{"text":"CASTELNAU TURSAN","href":"./40/castelnau-tursan.html","phone":"05 58 44 52 60","email":"mairie.castelnautursan@wanadoo.fr","population":"185 habitants","website":"","townhallAdress":"1 place de l'Eglise - 40320 - CASTELNAU-TURSAN"},{"text":"CASTELNER","href":"./40/castelner.html","phone":"05 58 79 04 45","email":"mairie.castelner@wanadoo.fr","population":"138 habitants","website":"","townhallAdress":"Chemin Départemental 56 - 40700 - CASTELNER"},{"text":"CASTEL SARRAZIN","href":"./40/castel-sarrazin.html","phone":"05 58 89 31 05","email":"mairie.castelsarrazin@wanadoo.fr","population":"476 habitants","website":"","townhallAdress":"Le Bourg - 40330 - CASTEL-SARRAZIN"},{"text":"CASTETS","href":"./40/castets.html","phone":"05 58 89 40 09","email":"mairie@ville-castets.fr","population":"1940 habitants","website":"","townhallAdress":"40 place Edouard Landouat - 40260 - CASTETS"},{"text":"CAUNA","href":"./40/cauna.html","phone":"05 58 76 11 80","email":"mairie.cauna@wanadoo.fr","population":"412 habitants","website":"","townhallAdress":"25 avenue Saint Sever - 40500 - CAUNA"},{"text":"CAUNEILLE","href":"./40/cauneille.html","phone":"05 58 73 02 31","email":"mairie.cauneille@libertysurf.fr","population":"797 habitants","website":"","townhallAdress":"Le Bourg - 40300 - CAUNEILLE"},{"text":"CAUPENNE","href":"./40/caupenne.html","phone":"05 58 98 63 87","email":"caupenne.mairie@wanadoo.fr","population":"404 habitants","website":"","townhallAdress":"Le Bourg - 40250 - CAUPENNE"},{"text":"CAZALIS","href":"./40/cazalis.html","phone":"05 58 79 37 31","email":"mairie.cazalis40@wanadoo.fr","population":"140 habitants","website":"","townhallAdress":"Chemin vicinal 03 - 40700 - CAZALIS"},{"text":"CAZERES SUR L ADOUR","href":"./40/cazeres-sur-l-adour.html","phone":"05 58 52 25 80","email":"mairie.cazeres@wanadoo.fr","population":"1162 habitants","website":"","townhallAdress":"146 avenue Comte de Dampierre - 40270 - CAZERES-SUR-L'ADOUR"},{"text":"CERE","href":"./40/cere.html","phone":"05 58 51 42 86","email":"mairiecere@orange.fr","population":"413 habitants","website":"","townhallAdress":"75, place de la Mairie - 40090 - CERE"},{"text":"CLASSUN","href":"./40/classun.html","phone":"05 58 51 14 82","email":"mairie-classun@wanadoo.fr","population":"232 habitants","website":"","townhallAdress":"22 route de Buanes - 40320 - CLASSUN"},{"text":"CLEDES","href":"./40/cledes.html","phone":"05 58 44 52 03","email":"mairie.cledes@wanadoo.fr","population":"127 habitants","website":"","townhallAdress":"Le Bourg - 40320 - CLEDES"},{"text":"CLERMONT","href":"./40/clermont.html","phone":"05 58 89 80 38","email":"mairieclermont@wanadoo.fr","population":"858 habitants","website":"","townhallAdress":"22 place de la Mairie - 40180 - CLERMONT"},{"text":"COMMENSACQ","href":"./40/commensacq.html","phone":"05 58 07 05 04","email":"mairie.bernadette@wanadoo.fr","population":"386 habitants","website":"","townhallAdress":"Le Bourg - 40210 - COMMENSACQ"},{"text":"COUDURES","href":"./40/coudures.html","phone":"05 58 79 14 53","email":"mairie-coudures@cegetel.net","population":"430 habitants","website":"","townhallAdress":"2 rue Jean Chicoy - 40500 - COUDURES"},{"text":"CREON D ARMAGNAC","href":"./40/creon-d-armagnac.html","phone":"05 58 44 81 07","email":"mairie.creon-armagnac@wanadoo.fr","population":"308 habitants","website":"","townhallAdress":"Rue Raoul Follereau - 40240 - CREON-D'ARMAGNAC"},{"text":"DAX","href":"./40/dax.html","phone":"05 58 56 80 00","email":"information@dax.fr","population":"21874 habitants","website":"","townhallAdress":"Rue Saint Pierre - 40100 - DAX"},{"text":"DOAZIT","href":"./40/doazit.html","phone":"05 58 79 40 66","email":"mairie.doazit@wanadoo.fr","population":"959 habitants","website":"","townhallAdress":"70 rue Georges Clémenceau - 40700 - DOAZIT"},{"text":"DONZACQ","href":"./40/donzacq.html","phone":"05 58 89 31 47","email":"mairie.donzacq@wanadoo.fr","population":"446 habitants","website":"","townhallAdress":"Le Bourg - 40360 - DONZACQ"},{"text":"DUHORT BACHEN","href":"./40/duhort-bachen.html","phone":"05 58 71 81 13","email":"mairie.duhort.bachen@wanadoo.fr","population":"636 habitants","website":"","townhallAdress":"2 place de la Mairie - 40800 - DUHORT-BACHEN"},{"text":"DUMES","href":"./40/dumes.html","phone":"05 58 76 12 96","email":"mairie.dumes@wanadoo.fr","population":"260 habitants","website":"","townhallAdress":"100 rue de l'Eglise - 40500 - DUMES"},{"text":"ESCALANS","href":"./40/escalans.html","phone":"05 58 44 32 90","email":"commune.escalans@orange.fr","population":"254 habitants","website":"","townhallAdress":"Chemin Départemental 59 - 40310 - ESCALANS"},{"text":"ESCOURCE","href":"./40/escource.html","phone":"05 58 04 20 06","email":"mairie.escource@wanadoo.fr","population":"616 habitants","website":"","townhallAdress":"Chemin départemental 44 - 40210 - ESCOURCE"},{"text":"ESTIBEAUX","href":"./40/estibeaux.html","phone":"05 58 98 01 75","email":"mairieestibeaux@wanadoo.fr","population":"573 habitants","website":"","townhallAdress":"29 place de la Mairie - 40290 - ESTIBEAUX"},{"text":"ESTIGARDE","href":"./40/estigarde.html","phone":"05 58 44 87 84","email":"mairie.estigarde40@wanadoo.fr","population":"79 habitants","website":"","townhallAdress":"Le Bourg - 40240 - ESTIGARDE"},{"text":"EUGENIE LES BAINS","href":"./40/eugenie-les-bains.html","phone":"05 58 51 15 37","email":"mairie.eugenie@wanadoo.fr","population":"502 habitants","website":"","townhallAdress":"167 rue René Vielle - 40320 - EUGENIE-LES-BAINS"},{"text":"EYRES MONCUBE","href":"./40/eyres-moncube.html","phone":"05 58 76 08 72","email":"mairie.eyres@wanadoo.fr","population":"381 habitants","website":"","townhallAdress":"27 route Cap de Gascogne - 40500 - EYRES-MONCUBE"},{"text":"FARGUES","href":"./40/fargues.html","phone":"05 58 03 57 82","email":"mairie.fargues@wanadoo.fr","population":"317 habitants","website":"","townhallAdress":"4 place Folgensbourg - 40500 - FARGUES"},{"text":"GAAS","href":"./40/gaas.html","phone":"05 58 98 30 51","email":"mairie.gaas@wanadoo.fr","population":"475 habitants","website":"","townhallAdress":"18 place de la Mairie - 40350 - GAAS"},{"text":"GABARRET","href":"./40/gabarret.html","phone":"05 58 44 90 03","email":"mairie.gabarret@wanadoo.fr","population":"1352 habitants","website":"","townhallAdress":"124 rue d'Armagnac - 40310 - GABARRET"},{"text":"GAILLERES","href":"./40/gailleres.html","phone":"05 58 93 90 84","email":"mairie.gailleres@wanadoo.fr","population":"587 habitants","website":"","townhallAdress":"Le Bourg - 40090 - GAILLERES"},{"text":"GAMARDE LES BAINS","href":"./40/gamarde-les-bains.html","phone":"05 58 98 60 86","email":"mairie.gamarde@wanadoo.fr","population":"1018 habitants","website":"","townhallAdress":"75 rue Abbé Bordes - 40380 - GAMARDE-LES-BAINS"},{"text":"GAREIN","href":"./40/garein.html","phone":"05 58 51 41 65","email":"mairie.garein@wanadoo.fr","population":"431 habitants","website":"","townhallAdress":"Le Bourg - 40420 - GAREIN"},{"text":"GARREY","href":"./40/garrey.html","phone":"05 58 89 50 42","email":"mairie.garrey@wanadoo.fr","population":"189 habitants","website":"","townhallAdress":"2 côte Quiller - 40180 - GARREY"},{"text":"GARROSSE","href":"./40/garrosse.html","phone":"05 58 07 82 68","email":"mairiegarrosse@fr.oleane.com","population":"337 habitants","website":"","townhallAdress":"1 rue des Platanes - 40110 - GARROSSE"},{"text":"GASTES","href":"./40/gastes.html","phone":"05 58 09 75 03","email":"gastes.mairie@wanadoo.fr","population":"595 habitants","website":"","townhallAdress":"1 avenue du Lac - 40160 - GASTES"},{"text":"GAUJACQ","href":"./40/gaujacq.html","phone":"05 58 89 01 07","email":"mairie.gaujacq@wanadoo.fr","population":"454 habitants","website":"","townhallAdress":"35 place de la Mairie - 40330 - GAUJACQ"},{"text":"GEAUNE","href":"./40/geaune.html","phone":"05 58 44 50 27","email":"commune.de.geaune@wanadoo.fr","population":"749 habitants","website":"","townhallAdress":"4 place de l'Hôtel de Ville - 40320 - GEAUNE"},{"text":"GELOUX","href":"./40/geloux.html","phone":"05 58 52 02 55","email":"mairie.geloux@orange.fr","population":"681 habitants","website":"","townhallAdress":"2 place de la Mairie - 40090 - GELOUX"},{"text":"GIBRET","href":"./40/gibret.html","phone":"05 58 98 60 66","email":"mairie.gibret@wanadoo.fr","population":"102 habitants","website":"","townhallAdress":"349 route de Baigts - 40380 - GIBRET"},{"text":"GOOS","href":"./40/goos.html","phone":"05 58 98 64 89","email":"mairie.goos@wanadoo.fr","population":"536 habitants","website":"","townhallAdress":"97 rue du Bourg - 40180 - GOOS"},{"text":"GOURBERA","href":"./40/gourbera.html","phone":"05 58 91 54 55","email":"mairie.gourbera@wanadoo.fr","population":"265 habitants","website":"","townhallAdress":"Le Bourg - 40990 - GOURBERA"},{"text":"GOUSSE","href":"./40/gousse.html","phone":"05 58 57 96 37","email":"mairie.gousse@wanadoo.fr","population":"255 habitants","website":"","townhallAdress":"11 chemin Arrepiart - 40465 - GOUSSE"},{"text":"GOUTS","href":"./40/gouts.html","phone":"05 58 73 59 04","email":"mairie.gouts@wanadoo.fr","population":"245 habitants","website":"","townhallAdress":"Le Bourg - 40400 - GOUTS"},{"text":"GRENADE SUR L ADOUR","href":"./40/grenade-sur-l-adour.html","phone":"05 58 45 91 14","email":"mairie@grenadesuradour.fr","population":"2498 habitants","website":"","townhallAdress":"2 rue de Verdun - 40270 - GRENADE-SUR-L'ADOUR"},{"text":"HABAS","href":"./40/habas.html","phone":"05 58 98 01 13","email":"mairiehabas@wanadoo.fr","population":"1510 habitants","website":"","townhallAdress":"56 place de l'Eglise - 40290 - HABAS"},{"text":"HAGETMAU","href":"./40/hagetmau.html","phone":"05 58 05 77 77","email":"cabinet@hagetmau.fr","population":"4699 habitants","website":"","townhallAdress":"Allée de Turré - 40700 - HAGETMAU"},{"text":"HASTINGUES","href":"./40/hastingues.html","phone":"05 58 73 68 66","email":"mairie.hastingue@orange.fr","population":"557 habitants","website":"","townhallAdress":"Place Publique - 40300 - HASTINGUES"},{"text":"HAURIET","href":"./40/hauriet.html","phone":"05 58 97 91 08","email":"mairie.hauriet@wanadoo.fr","population":"246 habitants","website":"","townhallAdress":"Le Bourg - 40250 - HAURIET"},{"text":"HAUT MAUCO","href":"./40/haut-mauco.html","phone":"05 58 71 13 80","email":"mairie.haut-mauco@wanadoo.fr","population":"806 habitants","website":"","townhallAdress":"Le Bourg - 40280 - HAUT-MAUCO"},{"text":"HERM","href":"./40/herm.html","phone":"05 58 91 52 20","email":"mairie.herm@wanadoo.fr","population":"1008 habitants","website":"","townhallAdress":"70 Jardins de la Mairie - 40990 - HERM"},{"text":"HERRE","href":"./40/herre.html","phone":"05 58 44 34 56","email":"commune.herre@wanadoo.fr","population":"138 habitants","website":"","townhallAdress":"Le Bourg - 40310 - HERRE"},{"text":"HEUGAS","href":"./40/heugas.html","phone":"05 58 57 81 77","email":"mairie.heugas@wanadoo.fr","population":"1274 habitants","website":"","townhallAdress":"80 route Pouillon - 40180 - HEUGAS"},{"text":"HINX","href":"./40/hinx.html","phone":"05 58 89 50 24","email":"service-administratif-hinx@wanadoo.fr","population":"1408 habitants","website":"","townhallAdress":"51 route Gamarde - 40180 - HINX"},{"text":"HONTANX","href":"./40/hontanx.html","phone":"05 58 03 23 17","email":"mairie.hontanx@wanadoo.fr","population":"567 habitants","website":"","townhallAdress":"1 place Antoine Dubon - 40190 - HONTANX"},{"text":"HORSARRIEU","href":"./40/horsarrieu.html","phone":"05 58 79 54 53","email":"mairie.horsarrieu@wanadoo.fr","population":"651 habitants","website":"","townhallAdress":"30 place Vernay - 40700 - HORSARRIEU"},{"text":"JOSSE","href":"./40/josse.html","phone":"05 58 77 70 88","email":"mairie.josse@wanadoo.fr","population":"742 habitants","website":"","townhallAdress":"Le Bourg - 40230 - JOSSE"},{"text":"LABASTIDE CHALOSSE","href":"./40/labastide-chalosse.html","phone":"05 58 79 01 24","email":"mairie.labastide-chalosse@wanadoo.fr","population":"126 habitants","website":"","townhallAdress":"15 route de la Fontaine - 40700 - LABASTIDE-CHALOSSE"},{"text":"LABASTIDE D ARMAGNAC","href":"./40/labastide-d-armagnac.html","phone":"05 58 44 81 06","email":"commune-la-bastide-armagnac@wanadoo.fr","population":"711 habitants","website":"","townhallAdress":"Rue de la Mairie - 40240 - LABASTIDE-D'ARMAGNAC"},{"text":"LABATUT","href":"./40/labatut.html","phone":"05 58 98 18 14","email":"mairie.labatut40@wanadoo.fr","population":"1296 habitants","website":"","townhallAdress":"1 parvis des Droits de l'Homme - 40300 - LABATUT"},{"text":"LABENNE","href":"./40/labenne.html","phone":"05 59 45 46 60","email":"ville.labenne@wanadoo.fr","population":"4539 habitants","website":"","townhallAdress":"Place de la République - 40530 - LABENNE"},{"text":"LABOUHEYRE","href":"./40/labouheyre.html","phone":"05 58 04 45 00","email":"accueilmairie@labouheyre.fr","population":"2607 habitants","website":"","townhallAdress":"42 rue de l'Hotel de Ville - 40210 - LABOUHEYRE"},{"text":"LABRIT","href":"./40/labrit.html","phone":"05 58 51 01 01","email":"mairie.de.labrit@cc-paysalbret.fr","population":"894 habitants","website":"","townhallAdress":"23 route de Roquefort - 40420 - LABRIT"},{"text":"LACAJUNTE","href":"./40/lacajunte.html","phone":"05 58 44 58 63","email":"mairie.lacajunte@wanadoo.fr","population":"135 habitants","website":"","townhallAdress":"Le Bourg - 40320 - LACAJUNTE"},{"text":"LACQUY","href":"./40/lacquy.html","phone":"05 58 03 80 26","email":"mairie.lacquy@wanadoo.fr","population":"229 habitants","website":"","townhallAdress":"19 place Clément Dulon - 40120 - LACQUY"},{"text":"LACRABE","href":"./40/lacrabe.html","phone":"05 58 79 04 44","email":"mairiedelacrabe@orange.fr","population":"242 habitants","website":"","townhallAdress":"Au Bourg - 40700 - LACRABE"},{"text":"LAGLORIEUSE","href":"./40/laglorieuse.html","phone":"05 58 52 90 04","email":"laglorieuse@wanadoo.fr","population":"589 habitants","website":"","townhallAdress":"Le Bourg - 40090 - LAGLORIEUSE"},{"text":"LAGRANGE","href":"./40/lagrange.html","phone":"05 58 44 81 36","email":"mairie.lagrange40@wanadoo.fr","population":"210 habitants","website":"","townhallAdress":"11 route de la Mairie - 40240 - LAGRANGE"},{"text":"LAHOSSE","href":"./40/lahosse.html","phone":"05 58 98 64 39","email":"mairie.lahosse@wanadoo.fr","population":"278 habitants","website":"","townhallAdress":"Le Bourg - 40250 - LAHOSSE"},{"text":"LALUQUE","href":"./40/laluque.html","phone":"05 58 57 22 13","email":"mairie.laluque@wanadoo.fr","population":"732 habitants","website":"","townhallAdress":"1 place de la Mairie - 40465 - LALUQUE"},{"text":"LAMOTHE","href":"./40/lamothe.html","phone":"05 58 76 13 00","email":"mairie-de-lamothe@wanadoo.fr","population":"302 habitants","website":"","townhallAdress":"25 impasse des Erables - 40250 - LAMOTHE"},{"text":"LARBEY","href":"./40/larbey.html","phone":"05 58 97 77 26","email":"mairie.larbey@wanadoo.fr","population":"249 habitants","website":"","townhallAdress":"Loustaou - 40250 - LARBEY"},{"text":"LARRIVIERE","href":"./40/larriviere.html","phone":"05 58 45 92 79","email":"mairie.larriviere@wanadoo.fr","population":"577 habitants","website":"","townhallAdress":"24 avenue des Arènes - 40270 - LARRIVIERE"},{"text":"LATRILLE","href":"./40/latrille.html","phone":"05 58 79 94 15","email":"mairiedelatrille@orange.fr","population":"174 habitants","website":"","townhallAdress":"6 route Saint Agnet - 40800 - LATRILLE"},{"text":"LAUREDE","href":"./40/laurede.html","phone":"05 58 97 71 93","email":"mairie.laurede@wanadoo.fr","population":"371 habitants","website":"","townhallAdress":"Le Bourg - 40250 - LAUREDE"},{"text":"LAURET","href":"./40/lauret.html","phone":"05 58 44 49 43","email":"mairie.lauret@wanadoo.fr","population":"78 habitants","website":"","townhallAdress":"Bourg chemin Vicinal 01 - 40320 - LAURET"},{"text":"LE FRECHE","href":"./40/le-freche.html","phone":"05 58 45 24 14","email":"mairie.lefreche@wanadoo.fr","population":"405 habitants","website":"","townhallAdress":"Le Bourg - 40190 - LE-FRECHE"},{"text":"LE LEUY","href":"./40/le-leuy.html","phone":"05 58 44 14 29","email":"leleuy.mairie@wanadoo.fr","population":"213 habitants","website":"","townhallAdress":"Place Ortolan - 40250 - LE-LEUY"},{"text":"LENCOUACQ","href":"./40/lencouacq.html","phone":"05 58 93 04 27","email":"mairie.lencouacq@wanadoo.fr","population":"407 habitants","website":"","townhallAdress":"Le Bourg - 40120 - LENCOUACQ"},{"text":"LEON","href":"./40/leon.html","phone":"05 58 49 20 00","email":"mairieleon@orange.fr","population":"1733 habitants","website":"","townhallAdress":"83 Grand Rue - 40550 - LEON"},{"text":"LE SEN","href":"./40/le-sen.html","phone":"05 58 51 00 15","email":"mairie.le-sen@wanadoo.fr","population":"213 habitants","website":"","townhallAdress":"Chemin Vicinal 01 - 40420 - LE-SEN"},{"text":"LESGOR","href":"./40/lesgor.html","phone":"05 58 57 21 86","email":"mairielesgor@wanadoo.fr","population":"411 habitants","website":"","townhallAdress":"Route Pontonx - 40400 - LESGOR"},{"text":"LESPERON","href":"./40/lesperon.html","phone":"05 58 89 60 08","email":"commune.lesperon@wanadoo.fr","population":"1003 habitants","website":"","townhallAdress":"54 place Saint Pierre - 40260 - LESPERON"},{"text":"LEVIGNACQ","href":"./40/levignacq.html","phone":"05 58 42 82 37","email":"mairie.levignacq@wanadoo.fr","population":"367 habitants","website":"","townhallAdress":"Le Bourg - 40170 - LEVIGNACQ"},{"text":"LE VIGNAU","href":"./40/le-vignau.html","phone":"05 58 52 20 58","email":"mairie.le-vignau@wanadoo.fr","population":"463 habitants","website":"","townhallAdress":"117 avenue Chalampe - 40270 - LE-VIGNAU"},{"text":"LINXE","href":"./40/linxe.html","phone":"05 58 42 92 27","email":"mairie.linxe@wanadoo.fr","population":"1196 habitants","website":"","townhallAdress":"2 place de l'Eglise - 40260 - LINXE"},{"text":"LIPOSTHEY","href":"./40/liposthey.html","phone":"05 58 82 30 06","email":"mairie.liposthey@wanadoo.fr","population":"404 habitants","website":"","townhallAdress":"Le Bourg - 40410 - LIPOSTHEY"},{"text":"LIT ET MIXE","href":"./40/lit-et-mixe.html","phone":"05 58 42 83 10","email":"mairie@lit-et-mixe.com","population":"1494 habitants","website":"","townhallAdress":"93 rue de l'Hôtel de Ville - 40170 - LIT-ET-MIXE"},{"text":"LOSSE","href":"./40/losse.html","phone":"05 58 93 60 02","email":"mairiede.losse@wanadoo.fr","population":"279 habitants","website":"","townhallAdress":"Le Bourg - 40240 - LOSSE"},{"text":"LOUER","href":"./40/louer.html","phone":"05 58 57 96 08","email":"mairiedelouer@wanadoo.fr","population":"243 habitants","website":"","townhallAdress":"33 route du Pont Louts - 40380 - LOUER"},{"text":"LOURQUEN","href":"./40/lourquen.html","phone":"05 58 97 96 32","email":"mairie.lourquen@wanadoo.fr","population":"221 habitants","website":"","townhallAdress":"45 route Mugron - 40250 - LOURQUEN"},{"text":"LUBBON","href":"./40/lubbon.html","phone":"05 58 93 60 41","email":"lubbon.mairie@wanadoo.fr","population":"105 habitants","website":"","townhallAdress":"Route de Losse - 40240 - LUBBON"},{"text":"LUCBARDEZ ET BARGUES","href":"./40/lucbardez-et-bargues.html","phone":"05 58 93 90 74","email":"mairie.lucbardez@wanadoo.fr","population":"400 habitants","website":"","townhallAdress":"Le Bourg - 40090 - LUCBARDEZ-ET-BARGUES"},{"text":"LUE","href":"./40/lue.html","phone":"05 58 07 06 06","email":"mairiedelue@wanadoo.fr","population":"514 habitants","website":"","townhallAdress":"Le Bourg - 40210 - LUE"},{"text":"LUGLON","href":"./40/luglon.html","phone":"05 58 07 53 05","email":"mairie.luglon@wanadoo.fr","population":"326 habitants","website":"","townhallAdress":"Le Bourg - 40630 - LUGLON"},{"text":"LUSSAGNET","href":"./40/lussagnet.html","phone":"05 58 71 95 75","email":"mairie.lussagnet@nordnet.fr","population":"78 habitants","website":"","townhallAdress":"100 place Catherine De Médicis - 40270 - LUSSAGNET"},{"text":"LUXEY","href":"./40/luxey.html","phone":"05 58 04 70 70","email":"mairiedeluxey@wanadoo.fr","population":"692 habitants","website":"","townhallAdress":"83 rue de la Mairie - 40430 - LUXEY"},{"text":"MAGESCQ","href":"./40/magescq.html","phone":"05 58 47 70 19","email":"mairie.magescq@wanadoo.fr","population":"1688 habitants","website":"","townhallAdress":"1 place de l'Eglise - 40140 - MAGESCQ"},{"text":"MAILLAS","href":"./40/maillas.html","phone":"05 56 65 82 62","email":"mairie.maillas@wanadoo.fr","population":"115 habitants","website":"","townhallAdress":"Le Bourg - 40120 - MAILLAS"},{"text":"MAILLERES","href":"./40/mailleres.html","phone":"05 58 51 49 80","email":"mairie.mailleres@wanadoo.fr","population":"201 habitants","website":"","townhallAdress":"Mairie - 40120 - MAILLERES"},{"text":"MANO","href":"./40/mano.html","phone":"05 58 07 71 13","email":"mairie.mano@wanadoo.fr","population":"103 habitants","website":"","townhallAdress":"Bourg - 40410 - MANO"},{"text":"MANT","href":"./40/mant.html","phone":"05 58 79 24 33","email":"mairie.mant@wanadoo.fr","population":"289 habitants","website":"","townhallAdress":"Le Bourg - 40700 - MANT"},{"text":"MARPAPS","href":"./40/marpaps.html","phone":"05 58 89 01 40","email":"mairie.marpaps@wanadoo.fr","population":"137 habitants","website":"","townhallAdress":"Le Bourg - 40330 - MARPAPS"},{"text":"MAURIES","href":"./40/mauries.html","phone":"05 58 79 93 79","email":"commune.de.mauries@wanadoo.fr","population":"89 habitants","website":"","townhallAdress":"Chemin Départemental 457 - 40320 - MAURIES"},{"text":"MAURRIN","href":"./40/maurrin.html","phone":"05 58 44 01 59","email":"mairiemaurrin@wanadoo.fr","population":"452 habitants","website":"","townhallAdress":"48 route de Grenade - 40270 - MAURRIN"},{"text":"MAUVEZIN D ARMAGNAC","href":"./40/mauvezin-d-armagnac.html","phone":"05 58 44 67 20","email":"","population":"104 habitants","website":"","townhallAdress":"Le Bourg - 40240 - MAUVEZIN-D'ARMAGNAC"},{"text":"MAYLIS","href":"./40/maylis.html","phone":"05 58 97 72 93","email":"mairie.maylis@wanadoo.fr","population":"344 habitants","website":"","townhallAdress":"800 avenue Chalosse - 40250 - MAYLIS"},{"text":"MAZEROLLES","href":"./40/mazerolles.html","phone":"05 58 52 97 99","email":"mairie.mazerolles@wanadoo.fr","population":"673 habitants","website":"","townhallAdress":"5 avenue Grande Lande - 40090 - MAZEROLLES"},{"text":"MEES","href":"./40/mees.html","phone":"05 58 97 57 54","email":"mairie.mees@wanadoo.fr","population":"1695 habitants","website":"","townhallAdress":"908 avenue Emile Despax - 40990 - MEES"},{"text":"MEILHAN","href":"./40/meilhan.html","phone":"05 58 44 10 18","email":"mairie.meilhan@wanadoo.fr","population":"1080 habitants","website":"","townhallAdress":"Le Bourg, route nationale 124 - 40400 - MEILHAN"},{"text":"MESSANGES","href":"./40/messanges.html","phone":"05 58 48 91 44","email":"mairie.messanges.landes@wanadoo.fr","population":"956 habitants","website":"","townhallAdress":"Le Bourg - 40660 - MESSANGES"},{"text":"MEZOS","href":"./40/mezos.html","phone":"05 58 42 61 34","email":"mairiedemezos@wanadoo.fr","population":"867 habitants","website":"","townhallAdress":"Le Bourg - 40170 - MEZOS"},{"text":"MIMBASTE","href":"./40/mimbaste.html","phone":"05 58 97 87 20","email":"mimbaste.mairie@wanadoo.fr","population":"1035 habitants","website":"","townhallAdress":"76 rue de la Poste - 40350 - MIMBASTE"},{"text":"MIMIZAN","href":"./40/mimizan.html","phone":"05 58 09 44 44","email":"communication@mimizan.com","population":"6996 habitants","website":"","townhallAdress":"2 rue de la Gare - 40200 - MIMIZAN"},{"text":"MIRAMONT SENSACQ","href":"./40/miramont-sensacq.html","phone":"05 58 79 91 23","email":"miramont.mairie@wanadoo.fr","population":"375 habitants","website":"","townhallAdress":"Le Bourg - 40320 - MIRAMONT-SENSACQ"},{"text":"MISSON","href":"./40/misson.html","phone":"05 58 98 21 44","email":"mairie.misson@wanadoo.fr","population":"728 habitants","website":"","townhallAdress":"32 place de la Mairie - 40290 - MISSON"},{"text":"MOLIETS ET MAA","href":"./40/moliets-et-maa.html","phone":"05 58 48 50 13","email":"mairie-de-moliets@wanadoo.fr","population":"830 habitants","website":"","townhallAdress":"Place de l'Hôtel de Ville - 40660 - MOLIETS-ET-MAA"},{"text":"MOMUY","href":"./40/momuy.html","phone":"05 58 79 02 57","email":"mairie.momuy@orange.fr","population":"445 habitants","website":"","townhallAdress":"124 place des Arènes - 40700 - MOMUY"},{"text":"MONGET","href":"./40/monget.html","phone":"05 58 79 23 24","email":"mairie.monget@wanadoo.fr","population":"76 habitants","website":"","townhallAdress":"Le Bourg - 40700 - MONGET"},{"text":"MONSEGUR","href":"./40/monsegur.html","phone":"05 58 79 23 71","email":"monsegur.mairie@wanadoo.fr","population":"370 habitants","website":"","townhallAdress":"22 place du Foyer - 40700 - MONSEGUR"},{"text":"MONTAUT","href":"./40/montaut.html","phone":"05 58 76 05 13","email":"montaut.mairie@wanadoo.fr","population":"583 habitants","website":"","townhallAdress":"155 rue Henri II - 40500 - MONTAUT"},{"text":"MONT DE MARSAN","href":"./40/mont-de-marsan.html","phone":"05 58 05 87 87","email":"mairie@montdemarsan.fr","population":"32120 habitants","website":"","townhallAdress":"2 place du Général Leclerc - 40011 - MONT-DE-MARSAN"},{"text":"MONTEGUT","href":"./40/montegut.html","phone":"05 58 03 21 63","email":"mairiedemontegut@wanadoo.fr","population":"73 habitants","website":"","townhallAdress":"Le Bourg - 40190 - MONTEGUT"},{"text":"MONTFORT EN CHALOSSE","href":"./40/montfort-en-chalosse.html","phone":"05 58 98 60 12","email":"mairie.montfort.chalosse@wanadoo.fr","population":"1182 habitants","website":"","townhallAdress":"16 place de l'Hôtel Ville - 40380 - MONTFORT-EN-CHALOSSE"},{"text":"MONTGAILLARD","href":"./40/montgaillard.html","phone":"05 58 03 58 77","email":"mmontgaillard@wanadoo.fr","population":"570 habitants","website":"","townhallAdress":"165 rue Saint Gilles - 40500 - MONTGAILLARD"},{"text":"MONTSOUE","href":"./40/montsoue.html","phone":"05 58 03 57 43","email":"mairie-montsoue@cgt.net","population":"577 habitants","website":"","townhallAdress":"155 route Hagetmau - 40500 - MONTSOUE"},{"text":"MORCENX","href":"./40/morcenx.html","phone":"05 58 04 19 00","email":"mairie.morcenx@wanadoo.fr","population":"4907 habitants","website":"","townhallAdress":"2 place Léo Bouyssou - 40110 - MORCENX"},{"text":"MORGANX","href":"./40/morganx.html","phone":"05 58 79 20 16","email":"commune.morganx@wanadoo.fr","population":"180 habitants","website":"","townhallAdress":"Le Bourg - 40700 - MORGANX"},{"text":"MOUSCARDES","href":"./40/mouscardes.html","phone":"05 58 98 01 35","email":"mairie.mouscardes@orange.fr","population":"273 habitants","website":"","townhallAdress":"410 avenue des Arènes - 40290 - MOUSCARDES"},{"text":"MOUSTEY","href":"./40/moustey.html","phone":"05 58 07 71 26","email":"mairiedemoustey@wanadoo.fr","population":"662 habitants","website":"","townhallAdress":"Le Bourg - 40410 - MOUSTEY"},{"text":"MUGRON","href":"./40/mugron.html","phone":"05 58 97 71 26","email":"mairiemugron@wanadoo.fr","population":"1494 habitants","website":"","townhallAdress":"Place Chantilly - 40250 - MUGRON"},{"text":"NARROSSE","href":"./40/narrosse.html","phone":"05 58 58 70 70","email":"mairie.narrosse@wanadoo.fr","population":"2890 habitants","website":"","townhallAdress":"117 rue des Ecoles - 40180 - NARROSSE"},{"text":"NASSIET","href":"./40/nassiet.html","phone":"05 58 89 01 97","email":"mairie.nassiet@wanadoo.fr","population":"298 habitants","website":"","townhallAdress":"26 route Castaignos - 40330 - NASSIET"},{"text":"NERBIS","href":"./40/nerbis.html","phone":"05 58 97 77 00","email":"mairie.nerbis@wanadoo.fr","population":"246 habitants","website":"","townhallAdress":"Le Bourg - 40250 - NERBIS"},{"text":"NOUSSE","href":"./40/nousse.html","phone":"05 58 98 51 76","email":"MAIRIE.NOUSSE@wanadoo.fr","population":"268 habitants","website":"","townhallAdress":"Le Bourg - 40380 - NOUSSE"},{"text":"OEYREGAVE","href":"./40/oeyregave.html","phone":"05 58 73 00 97","email":"mairie.oeyregave@wanadoo.fr","population":"337 habitants","website":"","townhallAdress":"61 rue de la Mairie - 40300 - OEYREGAVE"},{"text":"OEYRELUY","href":"./40/oeyreluy.html","phone":"05 58 57 81 10","email":"mairie@ville-oeyreluy.fr","population":"1746 habitants","website":"","townhallAdress":"411 rue du Bourg - 40180 - OEYRELUY"},{"text":"ONARD","href":"./40/onard.html","phone":"05 58 98 95 11","email":"mairie.onard@wanadoo.fr","population":"330 habitants","website":"","townhallAdress":"122 route de Montfort - 40380 - ONARD"},{"text":"ONDRES","href":"./40/ondres.html","phone":"05 59 45 30 06","email":"contact@ondres.fr","population":"4463 habitants","website":"","townhallAdress":"2189, avenue du 11 Novembre 1918 - 40440 - ONDRES"},{"text":"ONESSE ET LAHARIE","href":"./40/onesse-et-laharie.html","phone":"05 58 07 30 10","email":"mairie-onesse-laharie@wanadoo.fr","population":"963 habitants","website":"","townhallAdress":"232 place des Platanes - 40110 - ONESSE-ET-LAHARIE"},{"text":"ORIST","href":"./40/orist.html","phone":"05 58 57 70 50","email":"orist@wanadoo.fr","population":"659 habitants","website":"","townhallAdress":"Le Bourg - 40300 - ORIST"},{"text":"ORTHEVIELLE","href":"./40/orthevielle.html","phone":"05 58 73 05 90","email":"mairie.orthevielle@wanadoo.fr","population":"859 habitants","website":"","townhallAdress":"6 place Montgaillard - 40300 - ORTHEVIELLE"},{"text":"ORX","href":"./40/orx.html","phone":"05 58 77 91 04","email":"mairie.orx@wanadoo.fr","population":"460 habitants","website":"","townhallAdress":"Mairie - 40230 - ORX"},{"text":"OSSAGES","href":"./40/ossages.html","phone":"05 58 98 01 68","email":"mairie.ossages@wanadoo.fr","population":"469 habitants","website":"","townhallAdress":"75 route d'Habas - 40290 - OSSAGES"},{"text":"OUSSE SUZAN","href":"./40/ousse-suzan.html","phone":"05 58 51 73 80","email":"mairie-ousse@wanadoo.fr","population":"249 habitants","website":"","townhallAdress":"Chemin Vicinal 03 - 40110 - OUSSE-SUZAN"},{"text":"OZOURT","href":"./40/ozourt.html","phone":"05 58 98 65 88","email":"mairie.ozourt@wanadoo.fr","population":"184 habitants","website":"","townhallAdress":"66 avenue des Pyrénées - 40380 - OZOURT"},{"text":"PARENTIS EN BORN","href":"./40/parentis-en-born.html","phone":"05 58 78 40 02","email":"mairie@parentis.com","population":"5174 habitants","website":"","townhallAdress":"Avenue Maréchal Foch - 40160 - PARENTIS-EN-BORN"},{"text":"PARLEBOSCQ","href":"./40/parleboscq.html","phone":"05 58 44 32 07","email":"mairie.parleboscq@wanadoo.fr","population":"524 habitants","website":"","townhallAdress":"Chemin Vicinal 01, Saint Cricq - 40310 - PARLEBOSCQ"},{"text":"PAYROS CAZAUTETS","href":"./40/payros-cazautets.html","phone":"05 58 44 40 52","email":"mairie.payros.cazautets@wanadoo.fr","population":"94 habitants","website":"","townhallAdress":"Le Bourg - 40320 - PAYROS-CAZAUTETS"},{"text":"PECORADE","href":"./40/pecorade.html","phone":"05 58 44 40 66","email":"mairie.pecorade@wanadoo.fr","population":"164 habitants","website":"","townhallAdress":"Le Bourg Centre - 40320 - PECORADE"},{"text":"PERQUIE","href":"./40/perquie.html","phone":"05 58 45 21 14","email":"mairie.perquie@wanadoo.fr","population":"377 habitants","website":"","townhallAdress":"Le Bourg - 40190 - PERQUIE"},{"text":"PEY","href":"./40/pey.html","phone":"05 58 57 71 31","email":"mairie.pey@wanadoo.fr","population":"673 habitants","website":"","townhallAdress":"45 route Croix Blanche - 40300 - PEY"},{"text":"PEYRE","href":"./40/peyre.html","phone":"05 58 79 21 97","email":"peyre.mairie@wanadoo.fr","population":"195 habitants","website":"","townhallAdress":"Le Bourg - 40700 - PEYRE"},{"text":"PEYREHORADE","href":"./40/peyrehorade.html","phone":"05 58 73 60 20","email":"mairie@peyrehorade.fr","population":"3591 habitants","website":"","townhallAdress":"14 rue Alsace Lorraine - 40300 - PEYREHORADE"},{"text":"PHILONDENX","href":"./40/philondenx.html","phone":"05 58 44 54 86","email":"mairie.philondenx@wanadoo.fr","population":"207 habitants","website":"","townhallAdress":"Le Bourg - 40320 - PHILONDENX"},{"text":"PIMBO","href":"./40/pimbo.html","phone":"05 58 44 49 18","email":"mairie.pimbo@wanadoo.fr","population":"190 habitants","website":"","townhallAdress":"Bourg - 40320 - PIMBO"},{"text":"PISSOS","href":"./40/pissos.html","phone":"05 58 04 41 40","email":"mairie.pissos@wanadoo.fr","population":"1264 habitants","website":"","townhallAdress":"51 route Daugnague - 40410 - PISSOS"},{"text":"POMAREZ","href":"./40/pomarez.html","phone":"05 58 89 30 28","email":"mairie.pomarez@wanadoo.fr","population":"1527 habitants","website":"","townhallAdress":"61 rue de la Mairie - 40360 - POMAREZ"},{"text":"PONTENX LES FORGES","href":"./40/pontenx-les-forges.html","phone":"05 58 07 40 10","email":"mairie.pontenx@mimizan.com","population":"1389 habitants","website":"","townhallAdress":"46 place Charles de Gaulle - 40200 - PONTENX-LES-FORGES"},{"text":"PONTONX SUR L ADOUR","href":"./40/pontonx-sur-l-adour.html","phone":"05 58 57 20 13","email":"mairie.pontonx@wanadoo.fr","population":"2532 habitants","website":"","townhallAdress":"50 place de l'Hôtel de Ville - 40465 - PONTONX-SUR-L'ADOUR"},{"text":"PORT DE LANNE","href":"./40/port-de-lanne.html","phone":"05 58 89 16 34","email":"mairie.port-de-lanne@wanadoo.fr","population":"885 habitants","website":"","townhallAdress":"26 place de la Liberté - 40300 - PORT-DE-LANNE"},{"text":"POUDENX","href":"./40/poudenx.html","phone":"05 58 79 01 36","email":"mairie.poudenx2@wanadoo.fr","population":"208 habitants","website":"","townhallAdress":"Le Bourg - 40700 - POUDENX"},{"text":"POUILLON","href":"./40/pouillon.html","phone":"05 58 98 21 62","email":"mairie.pouillon@wanadoo.fr","population":"2851 habitants","website":"","townhallAdress":"96, Place de la Mairie - 40350 - POUILLON"},{"text":"POUYDESSEAUX","href":"./40/pouydesseaux.html","phone":"05 58 93 90 31","email":"communepouydesseaux@wanadoo.fr","population":"882 habitants","website":"","townhallAdress":"70 place Bousquet - 40120 - POUYDESSEAUX"},{"text":"POYANNE","href":"./40/poyanne.html","phone":"05 58 98 92 72","email":"","population":"578 habitants","website":"","townhallAdress":"100 place de la Mairie - 40380 - POYANNE"},{"text":"POYARTIN","href":"./40/poyartin.html","phone":"05 58 98 61 61","email":"mairie.poyartin@wanadoo.fr","population":"693 habitants","website":"","townhallAdress":"180 route de Montfort - 40380 - POYARTIN"},{"text":"PRECHACQ LES BAINS","href":"./40/prechacq-les-bains.html","phone":"05 58 57 21 72","email":"mairiedeprechacq@wanadoo.fr","population":"592 habitants","website":"","townhallAdress":"57 route de l'Eglise - 40465 - PRECHACQ-LES-BAINS"},{"text":"PUJO LE PLAN","href":"./40/pujo-le-plan.html","phone":"05 58 03 22 75","email":"commune-pujo-le-plan@wanadoo.fr","population":"583 habitants","website":"","townhallAdress":"Avenue du Bourg - 40190 - PUJO-LE-PLAN"},{"text":"PUYOL CAZALET","href":"./40/puyol-cazalet.html","phone":"05 58 44 53 82","email":"mairie.puyol@wanadoo.fr","population":"108 habitants","website":"","townhallAdress":"Le Bourg - 40320 - PUYOL-CAZALET"},{"text":"RENUNG","href":"./40/renung.html","phone":"05 58 71 50 37","email":"mairierenung@wanadoo.fr","population":"486 habitants","website":"","townhallAdress":"1 place de la Mairie - 40270 - RENUNG"},{"text":"RETJONS","href":"./40/retjons.html","phone":"05 58 93 36 42","email":"mairie.retjons@orange.fr","population":"339 habitants","website":"","townhallAdress":"Le Bourg - 40120 - RETJONS"},{"text":"RIMBEZ ET BAUDIETS","href":"./40/rimbez-et-baudiets.html","phone":"05 58 44 32 53","email":"mairie-de-rimbez@wanadoo.fr","population":"94 habitants","website":"","townhallAdress":"Chemin Départemental 59 - 40310 - RIMBEZ-ET-BAUDIETS"},{"text":"RION DES LANDES","href":"./40/rion-des-landes.html","phone":"05 58 57 10 28","email":"accueil@riondeslandes.fr","population":"2368 habitants","website":"","townhallAdress":"148 avenue Albert Poisson - 40370 - RION-DES-LANDES"},{"text":"RIVIERE SAAS ET GOURBY","href":"./40/riviere-saas-et-gourby.html","phone":"05 58 97 57 48","email":"riviere-saas-gourby.mairie@wanadoo.fr","population":"1163 habitants","website":"","townhallAdress":"21 place de la Mairie - 40180 - RIVIERE-SAAS-ET-GOURBY"},{"text":"ROQUEFORT","href":"./40/roquefort.html","phone":"05 58 45 50 46","email":"mairie.roquefort@wanadoo.fr","population":"1942 habitants","website":"","townhallAdress":"1 place du Soleil d'Or - 40120 - ROQUEFORT"},{"text":"SABRES","href":"./40/sabres.html","phone":"05 58 07 50 18","email":"contact@mairie-sabres.fr","population":"1302 habitants","website":"","townhallAdress":"Route Solférino - 40630 - SABRES"},{"text":"SAINT AGNET","href":"./40/saint-agnet.html","phone":"05 58 79 92 32","email":"mairie-st-agnet@orange.fr","population":"196 habitants","website":"","townhallAdress":"Route nationale 134 - 40800 - SAINT-AGNET"},{"text":"SAINT ANDRE DE SEIGNANX","href":"./40/saint-andre-de-seignanx.html","phone":"05 59 56 79 90","email":"mairie.st-andre-de-seignanx@wanadoo.fr","population":"1521 habitants","website":"","townhallAdress":"227 route du Bourg - 40390 - SAINT-ANDRE-DE-SEIGNANX"},{"text":"SAINT AUBIN","href":"./40/saint-aubin.html","phone":"05 58 97 72 16","email":"mairie.saint-aubin@wanadoo.fr","population":"504 habitants","website":"","townhallAdress":"Le Bourg - 40250 - SAINT-AUBIN"},{"text":"SAINT AVIT","href":"./40/saint-avit.html","phone":"05 58 75 55 53","email":"saintavit.40@wanadoo.fr","population":"646 habitants","website":"","townhallAdress":"17 avenue Jouliou - 40090 - SAINT-AVIT"},{"text":"SAINT BARTHELEMY","href":"./40/saint-barthelemy.html","phone":"05 59 56 21 01","email":"mairie.saintbarthelemy@wanadoo.fr","population":"344 habitants","website":"","townhallAdress":"Bourg Saint Barthélémy - 40390 - SAINT-BARTHELEMY"},{"text":"SAINT CRICQ CHALOSSE","href":"./40/saint-cricq-chalosse.html","phone":"05 58 79 38 86","email":"mairie.stcricqchalosse@wanadoo.fr","population":"632 habitants","website":"","townhallAdress":"59 alléé du Château - 40700 - SAINT-CRICQ-CHALOSSE"},{"text":"SAINT CRICQ DU GAVE","href":"./40/saint-cricq-du-gave.html","phone":"05 58 98 15 37","email":"mairie.stcricqdugave@wanadoo.fr","population":"347 habitants","website":"","townhallAdress":"80 rue Barrail - 40300 - SAINT-CRICQ-DU-GAVE"},{"text":"SAINT CRICQ VILLENEUVE","href":"./40/saint-cricq-villeneuve.html","phone":"05 58 45 25 45","email":"mairiedesaintcricqvilleneuve@wanadoo.fr","population":"440 habitants","website":"","townhallAdress":"1 place de la Mairie - 40190 - SAINT-CRICQ-VILLENEUVE"},{"text":"SAINTE COLOMBE","href":"./40/sainte-colombe.html","phone":"05 58 79 82 80","email":"sainte-colombe@wanadoo.fr","population":"629 habitants","website":"","townhallAdress":"30 route Hagetmau - 40700 - SAINTE-COLOMBE"},{"text":"SAINTE EULALIE EN BORN","href":"./40/sainte-eulalie-en-born.html","phone":"05 58 09 73 48","email":"mairie.sainteeulalieenborn@wanadoo.fr","population":"1039 habitants","website":"","townhallAdress":"81 rue du Lavoir - 40200 - SAINTE-EULALIE-EN-BORN"},{"text":"SAINTE FOY","href":"./40/sainte-foy.html","phone":"05 58 45 26 39","email":"mairie.st-cyrmontmalin@wanadoo.fr","population":"227 habitants","website":"","townhallAdress":"388 route de l'Etang - 40190 - SAINTE-FOY"},{"text":"SAINTE MARIE DE GOSSE","href":"./40/sainte-marie-de-gosse.html","phone":"05 59 56 32 16","email":"mairie.ste-marie-de-gosse@wanadoo.fr","population":"1059 habitants","website":"","townhallAdress":"Route départementale 28 - 40390 - SAINTE-MARIE-DE-GOSSE"},{"text":"SAINT ETIENNE D ORTHE","href":"./40/saint-etienne-d-orthe.html","phone":"05 58 89 17 65","email":"mairie.st.etienne.orthe@wanadoo.fr","population":"560 habitants","website":"","townhallAdress":"Le Bourg - 40300 - SAINT-ETIENNE-D'ORTHE"},{"text":"SAINT GEIN","href":"./40/saint-gein.html","phone":"05 58 03 23 56","email":"mairie.saintgein@wanadoo.fr","population":"447 habitants","website":"","townhallAdress":"86 route Plan - 40190 - SAINT-GEIN"},{"text":"SAINT GEOURS D AURIBAT","href":"./40/saint-geours-d-auribat.html","phone":"05 58 98 93 10","email":"stgeoursdauribat@wanadoo.fr","population":"314 habitants","website":"","townhallAdress":"100 route de la Mairie - 40380 - SAINT-GEOURS-D'AURIBAT"},{"text":"SAINT GEOURS DE MAREMNE","href":"./40/saint-geours-de-maremne.html","phone":"05 58 57 30 05","email":"commune-de-st-geours-de-maremne@wanadoo.fr","population":"2019 habitants","website":"","townhallAdress":"Route Dax - 40230 - SAINT-GEOURS-DE-MAREMNE"},{"text":"SAINT GOR","href":"./40/saint-gor.html","phone":"05 58 45 64 55","email":"mairie.saint-gor@wanadoo.fr","population":"282 habitants","website":"","townhallAdress":"Chemin Départemental 379 - 40120 - SAINT-GOR"},{"text":"SAINT JEAN DE LIER","href":"./40/saint-jean-de-lier.html","phone":"05 58 57 93 21","email":"mairie.lier@wanadoo.fr","population":"358 habitants","website":"","townhallAdress":"6 place de la Mairie - 40380 - SAINT-JEAN-DE-LIER"},{"text":"SAINT JEAN DE MARSACQ","href":"./40/saint-jean-de-marsacq.html","phone":"05 58 77 70 54","email":"commune.stjeandemarsacq@wanadoo.fr","population":"1267 habitants","website":"","townhallAdress":"190 route de Cricq - 40230 - SAINT-JEAN-DE-MARSACQ"},{"text":"SAINT JULIEN D ARMAGNAC","href":"./40/saint-julien-d-armagnac.html","phone":"05 58 44 84 18","email":"mairie.stjuliendarm@wanadoo.fr","population":"119 habitants","website":"","townhallAdress":"1524 route de la Mairie - 40240 - SAINT-JULIEN-D'ARMAGNAC"},{"text":"SAINT JULIEN EN BORN","href":"./40/saint-julien-en-born.html","phone":"05 58 42 80 08","email":"mairie40170@wanadoo.fr","population":"1479 habitants","website":"","townhallAdress":"Rue des Ecoles - 40170 - SAINT-JULIEN-EN-BORN"},{"text":"SAINT JUSTIN","href":"./40/saint-justin.html","phone":"05 58 44 82 16","email":"mairie.de.saint-justin@wanadoo.fr","population":"894 habitants","website":"","townhallAdress":"Place des Tilleuls - 40240 - SAINT-JUSTIN"},{"text":"SAINT LAURENT DE GOSSE","href":"./40/saint-laurent-de-gosse.html","phone":"05 59 56 31 08","email":"communesaintlaurentdegosse@orange.fr","population":"517 habitants","website":"","townhallAdress":"Le Bourg - 40390 - SAINT-LAURENT-DE-GOSSE"},{"text":"SAINT LON LES MINES","href":"./40/saint-lon-les-mines.html","phone":"05 58 57 80 53","email":"mairie.stlonlesmines@wanadoo.fr","population":"1161 habitants","website":"","townhallAdress":"Le Bourg - 40300 - SAINT-LON-LES-MINES"},{"text":"SAINT LOUBOUER","href":"./40/saint-loubouer.html","phone":"05 58 51 15 50","email":"mairie.saint-loubouer@wanadoo.fr","population":"449 habitants","website":"","townhallAdress":"20 rue de la Mairie - 40320 - SAINT-LOUBOUER"},{"text":"SAINT MARTIN DE HINX","href":"./40/saint-martin-de-hinx.html","phone":"05 59 56 30 02","email":"mairie.saint-martin-de-hinx@wanadoo.fr","population":"1153 habitants","website":"","townhallAdress":"150 rue de l'Europe - 40390 - SAINT-MARTIN-DE-HINX"},{"text":"SAINT MARTIN DE SEIGNANX","href":"./40/saint-martin-de-seignanx.html","phone":"05 59 56 60 60","email":"stmartindeseignanx@wanadoo.fr","population":"4820 habitants","website":"","townhallAdress":"47 place de la Mairie - 40390 - SAINT-MARTIN-DE-SEIGNANX"},{"text":"SAINT MARTIN D ONEY","href":"./40/saint-martin-d-oney.html","phone":"05 58 52 00 24","email":"mairiestmartindoney@wanadoo.fr","population":"1163 habitants","website":"","townhallAdress":"Le Bourg - 40090 - SAINT-MARTIN-D'ONEY"},{"text":"SAINT MAURICE SUR ADOUR","href":"./40/saint-maurice-sur-adour.html","phone":"05 58 45 95 10","email":"saint.maurice40@wanadoo.fr","population":"600 habitants","website":"","townhallAdress":"24 route de Gaillères - 40270 - SAINT-MAURICE-SUR-ADOUR"},{"text":"SAINT MICHEL ESCALUS","href":"./40/saint-michel-escalus.html","phone":"05 58 48 77 01","email":"mairie.saintmichellescalus@wanadoo.fr","population":"287 habitants","website":"","townhallAdress":"178 route de la Mairie - 40550 - SAINT-MICHEL-ESCALUS"},{"text":"SAINT PANDELON","href":"./40/saint-pandelon.html","phone":"05 58 98 72 66","email":"mairie.saint-pandelon@wanadoo.fr","population":"806 habitants","website":"","townhallAdress":"210 route du Bourg - 40180 - SAINT-PANDELON"},{"text":"SAINT PAUL EN BORN","href":"./40/saint-paul-en-born.html","phone":"05 58 07 41 08","email":"mairie.stpaulenborn@wanadoo.fr","population":"769 habitants","website":"","townhallAdress":"Le Bourg - 40200 - SAINT-PAUL-EN-BORN"},{"text":"SAINT PAUL LES DAX","href":"./40/saint-paul-les-dax.html","phone":"05 58 91 20 20","email":"webmaster@st-paul-les-dax.fr","population":"12400 habitants","website":"","townhallAdress":"111 avenue Maréchal Foch - 40990 - SAINT-PAUL-LES-DAX"},{"text":"SAINT PERDON","href":"./40/saint-perdon.html","phone":"05 58 75 43 23","email":"StPerdon@wanadoo.fr","population":"1331 habitants","website":"","townhallAdress":"20 place de la Mairie - 40090 - SAINT-PERDON"},{"text":"SAINT PIERRE DU MONT","href":"./40/saint-pierre-du-mont.html","phone":"05 58 75 31 07","email":"mairie-saint-pierre-du-mont@wanadoo.fr","population":"8783 habitants","website":"","townhallAdress":"117 avenue Georges Sabde - 40280 - SAINT-PIERRE-DU-MONT"},{"text":"SAINT SEVER","href":"./40/saint-sever.html","phone":"05 58 76 00 02","email":"cabinet-maire@mairiesaintsever.9tel.com","population":"4831 habitants","website":"","townhallAdress":"Rue de l'Hôtel de Ville - 40500 - SAINT-SEVER"},{"text":"SAINT VINCENT DE PAUL","href":"./40/saint-vincent-de-paul.html","phone":"05 58 89 91 55","email":"mairiestvincentdepaul@wanadoo.fr","population":"3221 habitants","website":"","townhallAdress":"73 rue du Pouy - 40990 - SAINT-VINCENT-DE-PAUL"},{"text":"SAINT VINCENT DE TYROSSE","href":"./40/saint-vincent-de-tyrosse.html","phone":"05 58 77 00 21","email":"contact@tyrosseville.com","population":"7128 habitants","website":"","townhallAdress":"24 avenue Nationale - 40230 - SAINT-VINCENT-DE-TYROSSE"},{"text":"SAINT YAGUEN","href":"./40/saint-yaguen.html","phone":"05 58 44 76 67","email":"mairie.saintyaguen@wanadoo.fr","population":"515 habitants","website":"","townhallAdress":"Chemin Départemental 57 - 40400 - SAINT-YAGUEN"},{"text":"SAMADET","href":"./40/samadet.html","phone":"05 58 79 11 56","email":"mairie@samadet.com","population":"1052 habitants","website":"","townhallAdress":"16 place de la Mairie - 40320 - SAMADET"},{"text":"SANGUINET","href":"./40/sanguinet.html","phone":"05 58 82 11 82","email":"mairie.rh@sanguinet.fr","population":"3106 habitants","website":"","townhallAdress":"1 place de la Mairie - 40460 - SANGUINET"},{"text":"SARBAZAN","href":"./40/sarbazan.html","phone":"05 58 45 64 93","email":"mairiedesarbazan@wanadoo.fr","population":"1111 habitants","website":"","townhallAdress":"93 route Graba - 40120 - SARBAZAN"},{"text":"SARRAZIET","href":"./40/sarraziet.html","phone":"05 58 79 13 66","email":"mairie.sarraziet@wanadoo.fr","population":"201 habitants","website":"","townhallAdress":"66 place de la Mairie - 40500 - SARRAZIET"},{"text":"SARRON","href":"./40/sarron.html","phone":"05 58 79 92 79","email":"mairie.sarron@wanadoo.fr","population":"99 habitants","website":"","townhallAdress":"Le Bourg - 40800 - SARRON"},{"text":"SAUBION","href":"./40/saubion.html","phone":"05 58 77 02 75","email":"saubion.mairie@wanadoo.fr","population":"1301 habitants","website":"","townhallAdress":"Le Bourg - 40230 - SAUBION"},{"text":"SAUBRIGUES","href":"./40/saubrigues.html","phone":"05 58 77 90 38","email":"Commune-de-Saubrigues@wanadoo.fr","population":"1307 habitants","website":"","townhallAdress":"30 place de la Mairie - 40230 - SAUBRIGUES"},{"text":"SAUBUSSE","href":"./40/saubusse.html","phone":"05 58 57 70 38","email":"mairie.saubusse@wanadoo.fr","population":"792 habitants","website":"","townhallAdress":"Place de l'Eglise - 40180 - SAUBUSSE"},{"text":"SAUGNAC ET CAMBRAN","href":"./40/saugnac-et-cambran.html","phone":"05 58 97 86 38","email":"mairie.saugnac.cambran@wanadoo.fr","population":"1667 habitants","website":"","townhallAdress":"1 place de la Mairie - 40180 - SAUGNAC-ET-CAMBRAN"},{"text":"SAUGNACQ ET MURET","href":"./40/saugnacq-et-muret.html","phone":null,"email":null,"population":null,"website":null,"townhallAdress":null},{"text":"SEIGNOSSE","href":"./40/seignosse.html","phone":"05 58 49 89 89","email":"secretariatdumaire@seignosse.com","population":"3018 habitants","website":"","townhallAdress":"Avenue Charles de Gaulle - 40510 - SEIGNOSSE"},{"text":"SERRES GASTON","href":"./40/serres-gaston.html","phone":"05 58 79 18 78","email":"serres.gaston@wanadoo.fr","population":"364 habitants","website":"","townhallAdress":"123 route Sainte Colombe - 40700 - SERRES-GASTON"},{"text":"SERRESLOUS ET ARRIBANS","href":"./40/serreslous-et-arribans.html","phone":"05 58 79 58 65","email":"mairieserreslous@wanadoo.fr","population":"213 habitants","website":"","townhallAdress":"Le Bourg - 40700 - SERRESLOUS-ET-ARRIBANS"},{"text":"SEYRESSE","href":"./40/seyresse.html","phone":"05 58 74 32 62","email":"mairieseyresse@wanadoo.fr","population":"804 habitants","website":"","townhallAdress":"Route de l'Eglise - 40180 - SEYRESSE"},{"text":"SIEST","href":"./40/siest.html","phone":"05 58 57 75 39","email":"mairie.siest@wanadoo.fr","population":"112 habitants","website":"","townhallAdress":"Boudigau - 40180 - SIEST"},{"text":"SINDERES","href":"./40/sinderes.html","phone":"05 58 04 16 30","email":"mairie.sinderes@wanadoo.fr","population":"188 habitants","website":"","townhallAdress":"Chemin Vicinal 02 - 40110 - SINDERES"},{"text":"SOLFERINO","href":"./40/solferino.html","phone":"05 58 07 21 08","email":"mairie.solferino@wanadoo.fr","population":"361 habitants","website":"","townhallAdress":"Chemin Départemental 44 - 40210 - SOLFERINO"},{"text":"SOORTS HOSSEGOR","href":"./40/soorts-hossegor.html","phone":"05 58 41 79 10","email":"hossegor2@wanadoo.fr","population":"3720 habitants","website":"","townhallAdress":"18 avenue de Paris - 40150 - SOORTS-HOSSEGOR"},{"text":"SORBETS","href":"./40/sorbets.html","phone":"05 58 44 50 96","email":"mairie.sorbets@wanadoo.fr","population":"195 habitants","website":"","townhallAdress":"77 route de Mauriès - 40320 - SORBETS"},{"text":"SORDE L ABBAYE","href":"./40/sorde-l-abbaye.html","phone":"05 58 73 04 83","email":"mairie.sordelabbaye@wanadoo.fr","population":"664 habitants","website":"","townhallAdress":"Place de l'Eglise - 40300 - SORDE-L'ABBAYE"},{"text":"SORE","href":"./40/sore.html","phone":"05 58 07 60 06","email":"sore.mairie@wanadoo.fr","population":"1010 habitants","website":"","townhallAdress":"339 rue Broustra - 40430 - SORE"},{"text":"SORT EN CHALOSSE","href":"./40/sort-en-chalosse.html","phone":"05 58 89 51 02","email":"mairie.sortenchalosse@cegetel.net","population":"863 habitants","website":"","townhallAdress":"2 place de la Mairie - 40180 - SORT-EN-CHALOSSE"},{"text":"SOUPROSSE","href":"./40/souprosse.html","phone":"05 58 44 23 97","email":"mairie.de.souprosse@wanadoo.fr","population":"1055 habitants","website":"","townhallAdress":"281 avenue du 8 Mai - 40250 - SOUPROSSE"},{"text":"SOUSTONS","href":"./40/soustons.html","phone":"05 58 41 50 11","email":"contact@mairie-soustons.fr","population":"7090 habitants","website":"","townhallAdress":"9 place de l'Hôtel de Ville - 40140 - SOUSTONS"},{"text":"TALLER","href":"./40/taller.html","phone":"05 58 89 41 05","email":"mairie.taller@wanadoo.fr","population":"411 habitants","website":"","townhallAdress":"Le Bourg - 40260 - TALLER"},{"text":"TARNOS","href":"./40/tarnos.html","phone":"05 59 64 00 40","email":"mairie@ville-tarnos.fr","population":"11410 habitants","website":"","townhallAdress":"14 Boulevard Jacques Duclos - 40220 - TARNOS"},{"text":"TARTAS","href":"./40/tartas.html","phone":"05 58 73 41 06","email":"mairie.tartas@wanadoo.fr","population":"2972 habitants","website":"","townhallAdress":"6 place Gambetta - 40400 - TARTAS"},{"text":"TERCIS LES BAINS","href":"./40/tercis-les-bains.html","phone":"05 58 57 80 35","email":"mairie.tercis@wanadoo.fr","population":"1184 habitants","website":"","townhallAdress":"50 place de l'Eglise - 40180 - TERCIS-LES-BAINS"},{"text":"TETHIEU","href":"./40/tethieu.html","phone":"05 58 89 90 29","email":"mairie.tethieu@wanadoo.fr","population":"656 habitants","website":"","townhallAdress":"373 rue de l'Eglise - 40990 - TETHIEU"},{"text":"TILH","href":"./40/tilh.html","phone":"05 58 89 31 15","email":"mairie.tilh@wanadoo.fr","population":"829 habitants","website":"","townhallAdress":"57 avenue de la Poste - 40360 - TILH"},{"text":"TOSSE","href":"./40/tosse.html","phone":"05 58 43 02 01","email":"mairiedetosse@wanadoo.fr","population":"2188 habitants","website":"","townhallAdress":"53 avenue Général de Gaulle - 40230 - TOSSE"},{"text":"TOULOUZETTE","href":"./40/toulouzette.html","phone":"05 58 97 97 48","email":"mairie.toulouzette@wanadoo.fr","population":"281 habitants","website":"","townhallAdress":"6 place de la Mairie - 40250 - TOULOUZETTE"},{"text":"TRENSACQ","href":"./40/trensacq.html","phone":"05 58 07 06 51","email":"communetrensacq@orange.fr","population":"283 habitants","website":"","townhallAdress":"Le Bourg - 40630 - TRENSACQ"},{"text":"UCHACQ ET PARENTIS","href":"./40/uchacq-et-parentis.html","phone":"05 58 75 46 46","email":"mairie.uchacq@free.fr","population":"593 habitants","website":"","townhallAdress":"Le Bourg - 40090 - UCHACQ-ET-PARENTIS"},{"text":"URGONS","href":"./40/urgons.html","phone":"05 58 79 61 52","email":"mairie.urgons@wanadoo.fr","population":"268 habitants","website":"","townhallAdress":"Le Bourg - 40320 - URGONS"},{"text":"UZA","href":"./40/uza.html","phone":"05 58 42 82 88","email":"mairie-uza@wanadoo.fr","population":"173 habitants","website":"","townhallAdress":"Route Lévignacq - 40170 - UZA"},{"text":"VERT","href":"./40/vert.html","phone":"05 58 51 04 14","email":"mairie.vert@wanadoo.fr","population":"250 habitants","website":"","townhallAdress":"Le Bourg - 40420 - VERT"},{"text":"VICQ D AURIBAT","href":"./40/vicq-d-auribat.html","phone":"05 58 98 94 25","email":"mairie.vicq-d-auribat@wanadoo.fr","population":"268 habitants","website":"","townhallAdress":"8 place de la Mairie - 40380 - VICQ-D'AURIBAT"},{"text":"VIELLE SAINT GIRONS","href":"./40/vielle-saint-girons.html","phone":"05 58 47 90 23","email":"mairie-vielle-stgirons@wanadoo.fr","population":"1151 habitants","website":"","townhallAdress":"Place Jean Barbe - 40560 - VIELLE-SAINT-GIRONS"},{"text":"VIELLE SOUBIRAN","href":"./40/vielle-soubiran.html","phone":"05 58 45 64 74","email":"commune.vielle.soubiran@wanadoo.fr","population":"245 habitants","website":"","townhallAdress":"Le Bourg - 40240 - VIELLE-SOUBIRAN"},{"text":"VIELLE TURSAN","href":"./40/vielle-tursan.html","phone":"05 58 79 19 76","email":"mairie.vielletursan@wanadoo.fr","population":"312 habitants","website":"","townhallAdress":"10 place des Pyrénées - 40320 - VIELLE-TURSAN"},{"text":"VIEUX BOUCAU LES BAINS","href":"./40/vieux-boucau-les-bains.html","phone":"05 58 48 13 22","email":"mairie@vieuxboucau.fr","population":"1649 habitants","website":"","townhallAdress":"1 place Général de Gaulle - 40480 - VIEUX-BOUCAU-LES-BAINS"},{"text":"VILLENAVE","href":"./40/villenave.html","phone":"05 58 51 79 73","email":"mairie.villenave@wanadoo.fr","population":"256 habitants","website":"","townhallAdress":"1 route Rion des Landes - 40110 - VILLENAVE"},{"text":"VILLENEUVE DE MARSAN","href":"./40/villeneuve-de-marsan.html","phone":"05 58 45 22 68","email":"villeneuve.mairie@wanadoo.fr","population":"2394 habitants","website":"","townhallAdress":"10 avenue Marsan - 40190 - VILLENEUVE-DE-MARSAN"},{"text":"YCHOUX","href":"./40/ychoux.html","phone":"05 58 82 36 01","email":"mairieychoux@wanadoo.fr","population":"1743 habitants","website":"","townhallAdress":"Rue Félix Arnaudin - 40160 - YCHOUX"},{"text":"YGOS SAINT SATURNIN","href":"./40/ygos-saint-saturnin.html","phone":"05 58 51 71 90","email":"gbeyria@wanadoo.fr","population":"1153 habitants","website":"","townhallAdress":"247 avenue Saint Saturnin - 40110 - YGOS-SAINT-SATURNIN"},{"text":"YZOSSE","href":"./40/yzosse.html","phone":"05 58 74 45 70","email":"mairie.yzosse@wanadoo.fr","population":"412 habitants","website":"","townhallAdress":"Le Bourg - 40180 - YZOSSE"}]}