{"text":"45 | Loiret","href":"loiret.html","townships":[{"text":"ADON","href":"./45/adon.html","phone":"02 38 35 93 52","email":"mairieadon@wanadoo.fr","population":"181 habitants","website":"","townhallAdress":"Le Bourg - 45230 - ADON"},{"text":"AILLANT SUR MILLERON","href":"./45/aillant-sur-milleron.html","phone":"02 38 97 10 60","email":"mairieaillant45@wanadoo.fr","population":"381 habitants","website":"","townhallAdress":"Le Bourg - 45230 - AILLANT-SUR-MILLERON"},{"text":"AMILLY","href":"./45/amilly.html","phone":"02 38 28 76 00","email":"mairie.amilly@amilly45.fr","population":"12287 habitants","website":"","townhallAdress":"3 rue de la Mairie - 45200 - AMILLY"},{"text":"ANDONVILLE","href":"./45/andonville.html","phone":"02 38 39 58 49","email":"techniquesadministration@amilly45.fr","population":"206 habitants","website":"","townhallAdress":"3 place de la Mairie - 45480 - ANDONVILLE"},{"text":"ARDON","href":"./45/ardon.html","phone":"02 38 45 84 16","email":"mairie.ardon@wanadoo.fr","population":"1174 habitants","website":"","townhallAdress":"121 route Marcilly en Villette - 45160 - ARDON"},{"text":"ARTENAY","href":"./45/artenay.html","phone":"02 38 80 40 17","email":"MAIRIE.ARTENAY@wanadoo.fr","population":"1740 habitants","website":"","townhallAdress":"20 place de l'Hôtel de Ville - 45410 - ARTENAY"},{"text":"ASCHERES LE MARCHE","href":"./45/ascheres-le-marche.html","phone":"02 38 39 20 38","email":"mairie-ascheres@wanadoo.fr","population":"1186 habitants","website":"","townhallAdress":"31 Grande Rue - 45170 - ASCHERES-LE-MARCHE"},{"text":"ASCOUX","href":"./45/ascoux.html","phone":"02 38 33 00 30","email":"mairie.ascoux@wanadoo.fr","population":"866 habitants","website":"","townhallAdress":"9 rue Mi Voie - 45300 - ASCOUX"},{"text":"ATTRAY","href":"./45/attray.html","phone":"02 38 39 88 07","email":"mairie.attray@9business.fr","population":"213 habitants","website":"","townhallAdress":"4 rue du Général Hurault - 45170 - ATTRAY"},{"text":"AUDEVILLE","href":"./45/audeville.html","phone":"02 38 39 74 90","email":"mairie.audeville@orange.fr","population":"173 habitants","website":"","townhallAdress":"6 rue Robert Foucault - 45300 - AUDEVILLE"},{"text":"AUGERVILLE LA RIVIERE","href":"./45/augerville-la-riviere.html","phone":"02 38 39 12 69","email":"mairie.augerville@yahoo.fr","population":"234 habitants","website":"","townhallAdress":"2 rue Jacques Coeur - 45330 - AUGERVILLE-LA-RIVIERE"},{"text":"AULNAY LA RIVIERE","href":"./45/aulnay-la-riviere.html","phone":"02 38 39 10 07","email":"aulnaylariviere@wanadoo.fr","population":"534 habitants","website":"","townhallAdress":"9 rue de la Vallée - 45390 - AULNAY-LA-RIVIERE"},{"text":"AUTRUY SUR JUINE","href":"./45/autruy-sur-juine.html","phone":"02 38 32 50 76","email":"commune.autruy-sur-juine@wanadoo.fr","population":"757 habitants","website":"","townhallAdress":"2 rue Essats - 45480 - AUTRUY-SUR-JUINE"},{"text":"AUTRY LE CHATEL","href":"./45/autry-le-chatel.html","phone":"02 38 36 80 59","email":"mairie-autry-le-chatel@wanadoo.fr","population":"1084 habitants","website":"","townhallAdress":"8 rue de la Mairie - 45500 - AUTRY-LE-CHATEL"},{"text":"AUVILLIERS EN GATINAIS","href":"./45/auvilliers-en-gatinais.html","phone":"02 38 96 35 04","email":"mairie.auvilliers@wanadoo.fr","population":"352 habitants","website":"","townhallAdress":"Le Bourg - 45270 - AUVILLIERS-EN-GATINAIS"},{"text":"AUXY","href":"./45/auxy.html","phone":"02 38 96 70 89","email":"mairieauxy@wanadoo.fr","population":"1011 habitants","website":"","townhallAdress":"12 rue Principale - 45340 - AUXY"},{"text":"BACCON","href":"./45/baccon.html","phone":"02 38 46 67 87","email":"mairiebaccon@wanadoo.fr","population":"672 habitants","website":"","townhallAdress":"61 rue Planche - 45130 - BACCON"},{"text":"BARVILLE EN GATINAIS","href":"./45/barville-en-gatinais.html","phone":"02 38 33 10 49","email":"mairie-barville45@neuf.fr","population":"273 habitants","website":"","townhallAdress":"40 Grande Rue - 45340 - BARVILLE-EN-GATINAIS"},{"text":"BATILLY EN GATINAIS","href":"./45/batilly-en-gatinais.html","phone":"02 38 33 21 88","email":"mairie.batillyengatinais2@wanadoo.fr","population":"402 habitants","website":"","townhallAdress":"6 place de la Mairie - 45340 - BATILLY-EN-GATINAIS"},{"text":"BATILLY EN PUISAYE","href":"./45/batilly-en-puisaye.html","phone":"02 38 31 96 98","email":"batilly-en-puisaye.commune-de@wanadoo.fr","population":"118 habitants","website":"","townhallAdress":"Le Bourg - 45420 - BATILLY-EN-PUISAYE"},{"text":"BAULE","href":"./45/baule.html","phone":"02 38 44 38 45","email":"mairie.baule@wanadoo.fr","population":"2041 habitants","website":"","townhallAdress":"6 rue Jean Bordier - 45130 - BAULE"},{"text":"BAZOCHES LES GALLERANDES","href":"./45/bazoches-les-gallerandes.html","phone":"02 38 39 40 01","email":"mairie-bazoches-gal@wanadoo.fr","population":"1467 habitants","website":"","townhallAdress":"62 Grande Rue - 45480 - BAZOCHES-LES-GALLERANDES"},{"text":"BAZOCHES SUR LE BETZ","href":"./45/bazoches-sur-le-betz.html","phone":"02 38 96 81 62","email":"mairie-bazoches@wanadoo.fr","population":"854 habitants","website":"","townhallAdress":"3 rue du Midi - 45210 - BAZOCHES-SUR-LE-BETZ"},{"text":"BEAUCHAMPS SUR HUILLARD","href":"./45/beauchamps-sur-huillard.html","phone":"02 38 26 10 89","email":"mairiebeauchamps@wanadoo.fr","population":"426 habitants","website":"","townhallAdress":"1 route Lorris - 45270 - BEAUCHAMPS-SUR-HUILLARD"},{"text":"BEAUGENCY","href":"./45/beaugency.html","phone":"02 38 44 50 01","email":"mairie.de.beaugency@wanadoo.fr","population":"7883 habitants","website":"","townhallAdress":"20 rue  du Change - 45190 - BEAUGENCY"},{"text":"BEAULIEU SUR LOIRE","href":"./45/beaulieu-sur-loire.html","phone":"02 38 35 80 48","email":"beaulieu-sur-loire@wanadoo.fr","population":"1810 habitants","website":"","townhallAdress":"10 place de l'Eglise - 45630 - BEAULIEU-SUR-LOIRE"},{"text":"BEAUNE LA ROLANDE","href":"./45/beaune-la-rolande.html","phone":"02 38 33 21 56","email":"marion.boullier@mairie-beaunelarolande.fr","population":"2209 habitants","website":"","townhallAdress":"Placec de l'Hôtel de Ville - 45340 - BEAUNE-LA-ROLANDE"},{"text":"BELLEGARDE","href":"./45/bellegarde.html","phone":"02 38 90 10 03","email":"secretariat@bellegarde45.fr","population":"1827 habitants","website":"","townhallAdress":"Cour Antin - 45270 - BELLEGARDE"},{"text":"BOESSES","href":"./45/boesses.html","phone":"02 38 33 62 67","email":"mairie.boesses@orange.fr","population":"375 habitants","website":"","townhallAdress":"13 rue Pont de Puiseaux - 45390 - BOESSES"},{"text":"BOIGNY SUR BIONNE","href":"./45/boigny-sur-bionne.html","phone":"02 38 75 21 32","email":"elus@boignysurbionne.fr","population":"2191 habitants","website":"","townhallAdress":"3 rue de Verdun - 45760 - BOIGNY-SUR-BIONNE"},{"text":"BOISCOMMUN","href":"./45/boiscommun.html","phone":"02 38 33 71 03","email":"mairiedeboiscommun@wanadoo.fr","population":"1195 habitants","website":"","townhallAdress":"25 rue de l'Hôtel de Ville - 45340 - BOISCOMMUN"},{"text":"BOISMORAND","href":"./45/boismorand.html","phone":"02 38 31 82 69","email":"mairieboismorand@wanadoo.fr","population":"783 habitants","website":"","townhallAdress":"Rue de la Mairie - 45290 - BOISMORAND"},{"text":"BOISSEAUX","href":"./45/boisseaux.html","phone":"02 38 39 53 87","email":"mairie.boisseaux@wanadoo.fr","population":"362 habitants","website":"","townhallAdress":"4 rue de l'Eglise - 45480 - BOISSEAUX"},{"text":"BONDAROY","href":"./45/bondaroy.html","phone":"02 38 30 09 08","email":"mairie.bondaroy@wanadoo.fr","population":"404 habitants","website":"","townhallAdress":"6 rue Jean de la Taille - 45300 - BONDAROY"},{"text":"BONNEE","href":"./45/bonnee.html","phone":"02 38 35 53 32","email":"mairie.bonnee@wanadoo.fr","population":"693 habitants","website":"","townhallAdress":"4 route Ouzouer - 45460 - BONNEE"},{"text":"BONNY SUR LOIRE","href":"./45/bonny-sur-loire.html","phone":"02 38 29 59 00","email":"mairiedebonny@wanadoo.fr","population":"2107 habitants","website":"","townhallAdress":"15 avenue du Général Leclerc - 45420 - BONNY-SUR-LOIRE"},{"text":"BORDEAUX EN GATINAIS","href":"./45/bordeaux-en-gatinais.html","phone":"02 38 92 20 80","email":"mairie.bordeauxdegatinais@wanadoo.fr","population":"119 habitants","website":"","townhallAdress":"9 Grande Rue - 45340 - BORDEAUX-EN-GATINAIS"},{"text":"BOU","href":"./45/bou.html","phone":"02 38 58 15 65","email":"mairie-de-bou@wanadoo.fr","population":"936 habitants","website":"","townhallAdress":"8 rue du Bourg - 45430 - BOU"},{"text":"BOUGY LEZ NEUVILLE","href":"./45/bougy-lez-neuville.html","phone":"02 38 91 02 93","email":"mairie.bougy@wanadoo.fr","population":"177 habitants","website":"","townhallAdress":"1 place des Marronniers - 45170 - BOUGY-LEZ-NEUVILLE"},{"text":"BOUILLY EN GATINAIS","href":"./45/bouilly-en-gatinais.html","phone":"02 38 33 02 36","email":"mairie.bouillyengatinais@wanadoo.fr","population":"322 habitants","website":"","townhallAdress":"2 sen Messe - 45300 - BOUILLY-EN-GATINAIS"},{"text":"BOULAY LES BARRES","href":"./45/boulay-les-barres.html","phone":"02 38 75 33 25","email":"mairie.boullaylesbarres@gmx.fr","population":"1141 habitants","website":"","townhallAdress":"Rue du Bourg - 45140 - BOULAY-LES-BARRES"},{"text":"BOUZONVILLE AUX BOIS","href":"./45/bouzonville-aux-bois.html","phone":"02 38 33 01 15","email":"m.bouzonville-aux-bois@wanadoo.fr","population":"414 habitants","website":"","townhallAdress":"6 rue Jacquinerie - 45300 - BOUZONVILLE-AUX-BOIS"},{"text":"BOUZY LA FORET","href":"./45/bouzy-la-foret.html","phone":"02 38 58 36 89","email":"commune.bouzy@orange.fr","population":"1162 habitants","website":"","townhallAdress":"18 rue de la Mairie - 45460 - BOUZY-LA-FORET"},{"text":"BOYNES","href":"./45/boynes.html","phone":"02 38 33 13 84","email":"mairie.boynes@wanadoo.fr","population":"1203 habitants","website":"","townhallAdress":"Rue de l'Ardoise - 45300 - BOYNES"},{"text":"BRAY EN VAL","href":"./45/bray-en-val.html","phone":"02 38 35 53 05","email":"mairiedebrayenval@orange.fr","population":"1303 habitants","website":"","townhallAdress":"Place de la Mairie - 45460 - BRAY-EN-VAL"},{"text":"BRETEAU","href":"./45/breteau.html","phone":"02 38 29 65 00","email":"mairie-de-breteau@wanadoo.fr","population":"85 habitants","website":"","townhallAdress":"Le Bourg - 45250 - BRETEAU"},{"text":"BRIARE","href":"./45/briare.html","phone":"02 38 31 20 08","email":"mairie-de-briare@wanadoo.fr","population":"5843 habitants","website":"","townhallAdress":"Place Charles de Gaulle - 45250 - BRIARE"},{"text":"BRIARRES SUR ESSONNE","href":"./45/briarres-sur-essonne.html","phone":"02 38 32 11 19","email":"mairie-de-briarres@wanadoo.fr","population":"591 habitants","website":"","townhallAdress":"690 rue Pourtour du Bourg - 45390 - BRIARRES-SUR-ESSONNE"},{"text":"BRICY","href":"./45/bricy.html","phone":"02 38 75 33 88","email":"mairie.bricy@orange.fr","population":"603 habitants","website":"","townhallAdress":"Place de la Mairie - 45310 - BRICY"},{"text":"BROMEILLES","href":"./45/bromeilles.html","phone":"02 38 33 61 91","email":"mairie-bromeilles@wanadoo.fr","population":"341 habitants","website":"","townhallAdress":"Place de la Mairie - 45390 - BROMEILLES"},{"text":"BUCY LE ROI","href":"./45/bucy-le-roi.html","phone":"02 38 80 41 37","email":"mairie.bucyleroi@orange.fr","population":"193 habitants","website":"","townhallAdress":"35 rue de la Mairie - 45410 - BUCY-LE-ROI"},{"text":"BUCY SAINT LIPHARD","href":"./45/bucy-saint-liphard.html","phone":"02 38 74 88 02","email":"mairie-de-bucy-saint-liphard@wanadoo.fr","population":"215 habitants","website":"","townhallAdress":"Place du Bourg - 45140 - BUCY-SAINT-LIPHARD"},{"text":"CEPOY","href":"./45/cepoy.html","phone":"02 38 99 05 05","email":"mairie.cepoy@wanadoo.fr","population":"2375 habitants","website":"","townhallAdress":"11 avenue du Château - 45120 - CEPOY"},{"text":"CERCOTTES","href":"./45/cercottes.html","phone":"02 38 75 41 06","email":"mairiecercottes45@orange.fr","population":"1121 habitants","website":"","townhallAdress":"46 route nationale 20 - 45520 - CERCOTTES"},{"text":"CERDON","href":"./45/cerdon.html","phone":"02 38 36 00 20","email":"mairie.cerdon@wanadoo.fr","population":"1076 habitants","website":"","townhallAdress":"32 route d'Argent - 45620 - CERDON"},{"text":"CERNOY EN BERRY","href":"./45/cernoy-en-berry.html","phone":"02 38 31 47 02","email":"","population":"480 habitants","website":"","townhallAdress":"2 rue Concressault - 45360 - CERNOY-EN-BERRY"},{"text":"CESARVILLE DOSSAINVILLE","href":"./45/cesarville-dossainville.html","phone":"02 38 32 81 23","email":"cesarvilledossainville@wanadoo.fr","population":"217 habitants","website":"","townhallAdress":"12 rue des Géraniums - 45300 - CESARVILLE-DOSSAINVILLE"},{"text":"CHAILLY EN GATINAIS","href":"./45/chailly-en-gatinais.html","phone":"02 38 96 26 70","email":"mairie-chailly-en-gatinais@wanadoo.fr","population":"674 habitants","website":"","townhallAdress":"1 rue du Port - 45260 - CHAILLY-EN-GATINAIS"},{"text":"CHAINGY","href":"./45/chaingy.html","phone":"02 38 46 67 10","email":"mairie.chaingy@wanadoo.fr","population":"3552 habitants","website":"","townhallAdress":"1 place du Bourg - 45380 - CHAINGY"},{"text":"CHALETTE SUR LOING","href":"./45/chalette-sur-loing.html","phone":"02 38 89 59 59","email":"elections@ville-chalette.fr","population":"13562 habitants","website":"","townhallAdress":"1 place de la République - 45120 - CHALETTE-SUR-LOING"},{"text":"CHAMBON LA FORET","href":"./45/chambon-la-foret.html","phone":"02 38 32 28 55","email":"mairie.chambonlaforet@wanadoo.fr","population":"733 habitants","website":"","townhallAdress":"2 rue du Cardinal de la Luzerne - 45340 - CHAMBON-LA-FORET"},{"text":"CHAMPOULET","href":"./45/champoulet.html","phone":"02 38 31 95 09","email":"commune-de-champoulet@orange.fr","population":"53 habitants","website":"","townhallAdress":"Le Bourg - 45420 - CHAMPOULET"},{"text":"CHANTEAU","href":"./45/chanteau.html","phone":"02 38 75 00 59","email":"mairiedechanteau@wanadoo.fr","population":"1272 habitants","website":"","townhallAdress":"1 route d'Orléans - 45400 - CHANTEAU"},{"text":"CHANTECOQ","href":"./45/chantecoq.html","phone":"02 38 87 27 33","email":"mairie.chantecoq@wanadoo.fr","population":"491 habitants","website":"","townhallAdress":"52 rue Alleaume - 45320 - CHANTECOQ"},{"text":"CHAPELON","href":"./45/chapelon.html","phone":"02 38 95 51 86","email":"mairie-chapelon@wanadoo.fr","population":"288 habitants","website":"","townhallAdress":"4 route Moulon - 45270 - CHAPELON"},{"text":"CHARMONT EN BEAUCE","href":"./45/charmont-en-beauce.html","phone":"02 38 39 56 12","email":"communedecharmontenbeauce@wanadoo.fr","population":"370 habitants","website":"","townhallAdress":"2 rue de la Mairie - 45480 - CHARMONT-EN-BEAUCE"},{"text":"CHARSONVILLE","href":"./45/charsonville.html","phone":"02 38 74 23 06","email":"mairiecharsonville@wanadoo.fr","population":"640 habitants","website":"","townhallAdress":"Rue du Moulin - 45130 - CHARSONVILLE"},{"text":"CHATEAUNEUF SUR LOIRE","href":"./45/chateauneuf-sur-loire.html","phone":"02 38 58 41 18","email":"chateauneufdirge@wanadoo.fr","population":"7962 habitants","website":"","townhallAdress":"1 place Aristide Briand - 45110 - CHATEAUNEUF-SUR-LOIRE"},{"text":"CHATEAU RENARD","href":"./45/chateau-renard.html","phone":"02 38 28 79 00","email":"chateau-renard@wanadoo.fr","population":"2428 habitants","website":"","townhallAdress":"57 place de l'Hôtel de Ville - 45220 - CHATEAU-RENARD"},{"text":"CHATENOY","href":"./45/chatenoy.html","phone":"02 38 55 92 53","email":"mairie.chatenoy@wanadoo.fr","population":"435 habitants","website":"","townhallAdress":"9 route de Lorris - 45260 - CHATENOY"},{"text":"CHATILLON COLIGNY","href":"./45/chatillon-coligny.html","phone":"02 38 92 50 11","email":"chatillon-coligny@wanadoo.fr","population":"1979 habitants","website":"","townhallAdress":"Place Coligny - 45230 - CHATILLON-COLIGNY"},{"text":"CHATILLON LE ROI","href":"./45/chatillon-le-roi.html","phone":"02 38 39 97 25","email":"chatillon.le.roi@wanadoo.fr","population":"285 habitants","website":"","townhallAdress":"29 rue du Château - 45480 - CHATILLON-LE-ROI"},{"text":"CHATILLON SUR LOIRE","href":"./45/chatillon-sur-loire.html","phone":"02 38 31 40 54","email":"mairie-de-chatillon-sur-loire@wanadoo.fr","population":"3160 habitants","website":"","townhallAdress":"47 rue Franche - 45360 - CHATILLON-SUR-LOIRE"},{"text":"CHAUSSY","href":"./45/chaussy.html","phone":"02 38 39 47 12","email":"mairie.de.chaussy@wanadoo.fr","population":"349 habitants","website":"","townhallAdress":"1 rue de la Mairie - 45480 - CHAUSSY"},{"text":"CHECY","href":"./45/checy.html","phone":"02 38 46 60 60","email":"contact@checy.fr","population":"8123 habitants","website":"","townhallAdress":"11 place du Cloître - 45430 - CHECY"},{"text":"CHEVANNES","href":"./45/chevannes.html","phone":"02 38 90 02 98","email":"mairie.chevannes45@orange.fr","population":"312 habitants","website":"","townhallAdress":"2 chemin des Fontaines - 45210 - CHEVANNES"},{"text":"CHEVILLON SUR HUILLARD","href":"./45/chevillon-sur-huillard.html","phone":"02 38 97 80 30","email":"mairie-chevillonsurhuillard@wanadoo.fr","population":"1353 habitants","website":"","townhallAdress":"36 Grande Rue - 45700 - CHEVILLON-SUR-HUILLARD"},{"text":"CHEVILLY","href":"./45/chevilly.html","phone":"02 38 80 10 20","email":"chevilly-sg@wanadoo.fr","population":"2450 habitants","website":"","townhallAdress":"26 rue de Paris - 45520 - CHEVILLY"},{"text":"CHEVRY SOUS LE BIGNON","href":"./45/chevry-sous-le-bignon.html","phone":"02 38 90 97 24","email":"mairie-de-chevry-sous-le-bignon@wanadoo.fr","population":"231 habitants","website":"","townhallAdress":"10 rue de la Flamenderie - 45210 - CHEVRY-SOUS-LE-BIGNON"},{"text":"CHILLEURS AUX BOIS","href":"./45/chilleurs-aux-bois.html","phone":"02 38 39 87 06","email":"mairie@chilleursauxbois.fr","population":"1932 habitants","website":"","townhallAdress":"42 Grande Rue - 45170 - CHILLEURS-AUX-BOIS"},{"text":"CHUELLES","href":"./45/chuelles.html","phone":"02 38 94 23 63","email":"mairiedechuelles@gmail.com","population":"1133 habitants","website":"","townhallAdress":"Rue de la Mairie - 45220 - CHUELLES"},{"text":"CLERY SAINT ANDRE","href":"./45/clery-saint-andre.html","phone":"02 38 46 98 98","email":"mairie-de-clery-saint-andre@wanadoo.fr","population":"3187 habitants","website":"","townhallAdress":"94 rue Maréchal Foch - 45370 - CLERY-SAINT-ANDRE"},{"text":"COINCES","href":"./45/coinces.html","phone":"02 38 80 84 08","email":"mairie.coinces@wanadoo.fr","population":"513 habitants","website":"","townhallAdress":"6 rue de la Gare - 45310 - COINCES"},{"text":"COMBLEUX","href":"./45/combleux.html","phone":"02 38 55 11 13","email":"mairie.combleux@wanadoo.fr","population":"478 habitants","website":"","townhallAdress":"51 rue du Cas Rouge - 45800 - COMBLEUX"},{"text":"COMBREUX","href":"./45/combreux.html","phone":"02 38 59 42 88","email":"mairie.de.combreux@orange.fr","population":"242 habitants","website":"","townhallAdress":"2 rue Saint Pierre - 45530 - COMBREUX"},{"text":"CONFLANS SUR LOING","href":"./45/conflans-sur-loing.html","phone":"02 38 94 73 05","email":"mairie-conflans@wanadoo.fr","population":"386 habitants","website":"","townhallAdress":"334 rue de la Mairie - 45700 - CONFLANS-SUR-LOING"},{"text":"CORBEILLES","href":"./45/corbeilles.html","phone":"02 38 92 20 10","email":"mairie.corbeilles@wanadoo.fr","population":"1533 habitants","website":"","townhallAdress":"Rue du Château - 45490 - CORBEILLES"},{"text":"CORQUILLEROY","href":"./45/corquilleroy.html","phone":"02 38 87 86 09","email":"corquilleroy@wanadoo.fr","population":"2539 habitants","website":"","townhallAdress":"1 rue Prudent Harry - 45120 - CORQUILLEROY"},{"text":"CORTRAT","href":"./45/cortrat.html","phone":"02 38 94 92 82","email":"mairie.cortrat@numeo.fr","population":"96 habitants","website":"","townhallAdress":"Rue Léon Plancheron - 45700 - CORTRAT"},{"text":"COUDRAY","href":"./45/coudray.html","phone":"02 38 34 65 23","email":"mairie.coudray@yahoo.fr","population":"420 habitants","website":"","townhallAdress":"17 rue Grands Vents - 45330 - COUDRAY"},{"text":"COUDROY","href":"./45/coudroy.html","phone":"02 38 94 84 52","email":"mairie.coudroy@wanadoo.fr","population":"346 habitants","website":"","townhallAdress":"2 route Choiseau - 45260 - COUDROY"},{"text":"COULLONS","href":"./45/coullons.html","phone":"02 38 36 10 10","email":"coullons.mairie@wanadoo.fr","population":"2464 habitants","website":"","townhallAdress":"6 rue de la Mairie - 45720 - COULLONS"},{"text":"COULMIERS","href":"./45/coulmiers.html","phone":"02 38 74 19 73","email":"mairie.coulmiers@wanadoo.fr","population":"530 habitants","website":"","townhallAdress":"1 rue du 9 Novembre - 45130 - COULMIERS"},{"text":"COURCELLES","href":"./45/courcelles.html","phone":"02 38 33 11 76","email":"mairie-courcelles@wanadoo.fr","population":"282 habitants","website":"","townhallAdress":"6 rue du Tertre - 45300 - COURCELLES"},{"text":"COURCY AUX LOGES","href":"./45/courcy-aux-loges.html","phone":"02 38 34 11 22","email":"mairie.courcyauxloges@wanadoo.fr","population":"422 habitants","website":"","townhallAdress":"Route Chambon - 45300 - COURCY-AUX-LOGES"},{"text":"COURTEMAUX","href":"./45/courtemaux.html","phone":"02 38 92 11 10","email":"mairie.courtemaux@orange.fr","population":"279 habitants","website":"","townhallAdress":"21 rue de la Mairie - 45320 - COURTEMAUX"},{"text":"COURTEMPIERRE","href":"./45/courtempierre.html","phone":"02 38 87 41 64","email":"commune.courtempierre@orange.fr","population":"242 habitants","website":"","townhallAdress":"Rue de la Mairie - 45490 - COURTEMPIERRE"},{"text":"COURTENAY","href":"./45/courtenay.html","phone":"02 38 97 40 46","email":"secretariat.general@courtenay45.com","population":"3765 habitants","website":"","townhallAdress":"1 place Honoré Combes - 45320 - COURTENAY"},{"text":"CRAVANT","href":"./45/cravant.html","phone":"02 38 44 52 89","email":"mairie.cravant@orange.fr","population":"933 habitants","website":"","townhallAdress":"48 rue Nationale - 45190 - CRAVANT"},{"text":"CROTTES EN PITHIVERAIS","href":"./45/crottes-en-pithiverais.html","phone":"02 38 39 40 67","email":"","population":"326 habitants","website":"","townhallAdress":"4 rue de la Mairie - 45170 - CROTTES-EN-PITHIVERAIS"},{"text":"DADONVILLE","href":"./45/dadonville.html","phone":"02 38 33 00 19","email":"mairie.dadonville@wanadoo.fr","population":"2087 habitants","website":"","townhallAdress":"Rue du Pressoir - 45300 - DADONVILLE"},{"text":"DAMMARIE EN PUISAYE","href":"./45/dammarie-en-puisaye.html","phone":"02 38 31 92 26","email":"commune-de-dammarie-en-puisaye@wanadoo.fr","population":"173 habitants","website":"","townhallAdress":"3 rue de la Mairie - 45420 - DAMMARIE-EN-PUISAYE"},{"text":"DAMMARIE SUR LOING","href":"./45/dammarie-sur-loing.html","phone":"02 38 97 20 61","email":"mairie.dammarie.loing@wanadoo.fr","population":"530 habitants","website":"","townhallAdress":"11 rue Rogny - 45230 - DAMMARIE-SUR-LOING"},{"text":"DAMPIERRE EN BURLY","href":"./45/dampierre-en-burly.html","phone":"02 38 29 53 00","email":"commune.de.dampierre@wanadoo.fr","population":"1249 habitants","website":"","townhallAdress":"Route Nationale - 45570 - DAMPIERRE-EN-BURLY"},{"text":"DARVOY","href":"./45/darvoy.html","phone":"02 38 59 71 71","email":"mairie-darvoy@wanadoo.fr","population":"1881 habitants","website":"","townhallAdress":"27 route d'Orléans - 45150 - DARVOY"},{"text":"DESMONTS","href":"./45/desmonts.html","phone":"02 38 33 50 71","email":"mairie.desmont@wanadoo.fr","population":"182 habitants","website":"","townhallAdress":"1 place de la Mairie - 45390 - DESMONTS"},{"text":"DIMANCHEVILLE","href":"./45/dimancheville.html","phone":"09 75 90 80 21","email":"mairiedimancheville@wanadoo.fr","population":"94 habitants","website":"","townhallAdress":"28 rue de la République - 45390 - DIMANCHEVILLE"},{"text":"DONNERY","href":"./45/donnery.html","phone":"02 38 59 20 10","email":"mairie@donnery.fr","population":"2424 habitants","website":"","townhallAdress":"10 place de l'Eglise - 45450 - DONNERY"},{"text":"DORDIVES","href":"./45/dordives.html","phone":"02 38 89 86 30","email":"info@dordives.com","population":"2879 habitants","website":"","townhallAdress":"6 rue de l'Eglise - 45680 - DORDIVES"},{"text":"DOUCHY","href":"./45/douchy.html","phone":"02 38 87 10 29","email":"douchy.mairie@wanadoo.fr","population":"1024 habitants","website":"","townhallAdress":"42 rue Gâtinais - 45220 - DOUCHY"},{"text":"DRY","href":"./45/dry.html","phone":"02 38 45 71 07","email":"mairie.dry@wanadoo.fr","population":"1378 habitants","website":"","townhallAdress":"25 place de la Mairie - 45370 - DRY"},{"text":"ECHILLEUSES","href":"./45/echilleuses.html","phone":"02 38 33 60 09","email":"mairie.echilleuses@wanadoo.fr","population":"347 habitants","website":"","townhallAdress":"1 place de l'Eglise - 45390 - ECHILLEUSES"},{"text":"EGRY","href":"./45/egry.html","phone":"02 38 33 21 32","email":"mairie.egry@wanadoo.fr","population":"321 habitants","website":"","townhallAdress":"28 Grande Rue - 45340 - EGRY"},{"text":"ENGENVILLE","href":"./45/engenville.html","phone":"02 38 32 80 60","email":"mairie.engenville@free.fr","population":"469 habitants","website":"","townhallAdress":"Rue Colombier - 45300 - ENGENVILLE"},{"text":"EPIEDS EN BEAUCE","href":"./45/epieds-en-beauce.html","phone":"02 38 74 20 09","email":"mairie.epieds@wanadoo.fr","population":"1388 habitants","website":"","townhallAdress":"7 place Saint Privat - 45130 - EPIEDS-EN-BEAUCE"},{"text":"ERCEVILLE","href":"./45/erceville.html","phone":"02 38 39 58 12","email":"mairie-erceville@orange.fr","population":"314 habitants","website":"","townhallAdress":"1 sentier de la Messe - 45480 - ERCEVILLE"},{"text":"ERVAUVILLE","href":"./45/ervauville.html","phone":"02 38 87 22 23","email":"mairie.ervauville@wanadoo.fr","population":"553 habitants","website":"","townhallAdress":"2 route Chantecoq - 45320 - ERVAUVILLE"},{"text":"ESCRENNES","href":"./45/escrennes.html","phone":"02 38 34 01 80","email":"mairie.escrennes@wanadoo.fr","population":"693 habitants","website":"","townhallAdress":"Rue Louis Boussenard - 45300 - ESCRENNES"},{"text":"ESCRIGNELLES","href":"./45/escrignelles.html","phone":"02 38 31 92 70","email":"mairie.escrignelles@orange.fr","population":"73 habitants","website":"","townhallAdress":"Le Bourg - 45250 - ESCRIGNELLES"},{"text":"ESTOUY","href":"./45/estouy.html","phone":"02 38 34 20 16","email":"mairie.estouy@wanadoo.fr","population":"539 habitants","website":"","townhallAdress":"1 place de l'Eglise - 45300 - ESTOUY"},{"text":"FAVERELLES","href":"./45/faverelles.html","phone":"02 38 31 62 76","email":"a.d.goirand@wanadoo.fr","population":"163 habitants","website":"","townhallAdress":"Le Bourg - 45420 - FAVERELLES"},{"text":"FAY AUX LOGES","href":"./45/fay-aux-loges.html","phone":"02 38 59 57 11","email":"mairie.fayauxloges@wanadoo.fr","population":"3235 habitants","website":"","townhallAdress":"48 rue Abbé Georges Thomas - 45450 - FAY-AUX-LOGES"},{"text":"FEINS EN GATINAIS","href":"./45/feins-en-gatinais.html","phone":"02 38 35 94 45","email":"mairie-de-feins@wanadoo.fr","population":"51 habitants","website":"","townhallAdress":"Le Bourg - 45230 - FEINS-EN-GATINAIS"},{"text":"FEROLLES","href":"./45/ferolles.html","phone":"02 38 59 73 01","email":"mairie.ferolles@wanadoo.fr","population":"1212 habitants","website":"","townhallAdress":"Route Sandillon - 45150 - FEROLLES"},{"text":"FERRIERES EN GATINAIS","href":"./45/ferrieres-en-gatinais.html","phone":"02 38 96 52 90","email":"ferrieres.mairie@wanadoo.fr","population":"3395 habitants","website":"","townhallAdress":"Cour de l'Abbaye - 45210 - FERRIERES-EN-GATINAIS"},{"text":"FLEURY LES AUBRAIS","href":"./45/fleury-les-aubrais.html","phone":"02 38 71 93 93","email":"elections@ville-fleurylesaubrais.fr","population":"21652 habitants","website":"","townhallAdress":"7 place de la République - 45400 - FLEURY-LES-AUBRAIS"},{"text":"FONTENAY SUR LOING","href":"./45/fontenay-sur-loing.html","phone":"02 38 95 82 15","email":"mairie.fontenaysurloing@wanadoo.fr","population":"1738 habitants","website":"","townhallAdress":"7 avenue de la République - 45210 - FONTENAY-SUR-LOING"},{"text":"FOUCHEROLLES","href":"./45/foucherolles.html","phone":"02 38 87 27 05","email":"mairie.foucherolles@wanadoo.fr","population":"275 habitants","website":"","townhallAdress":"Le Bourg - 45320 - FOUCHEROLLES"},{"text":"FREVILLE DU GATINAIS","href":"./45/freville-du-gatinais.html","phone":"02 38 90 11 16","email":"mairie-freville@wanadoo.fr","population":"184 habitants","website":"","townhallAdress":"Le Bourg - 45270 - FREVILLE-DU-GATINAIS"},{"text":"GAUBERTIN","href":"./45/gaubertin.html","phone":"02 38 33 11 63","email":"mairie.gaubertin@wanadoo.fr","population":"273 habitants","website":"","townhallAdress":"Place de la Mairie - 45340 - GAUBERTIN"},{"text":"GEMIGNY","href":"./45/gemigny.html","phone":"02 38 80 82 43","email":"mairie.gemigny@orange.fr","population":"186 habitants","website":"","townhallAdress":"181 rue Patay - 45310 - GEMIGNY"},{"text":"GERMIGNY DES PRES","href":"./45/germigny-des-pres.html","phone":"02 38 58 27 03","email":"mairie-germigny@wanadoo.fr","population":"724 habitants","website":"","townhallAdress":"Place du Bourg - 45110 - GERMIGNY-DES-PRES"},{"text":"GIDY","href":"./45/gidy.html","phone":"02 38 75 35 98","email":"accueil@mairiedegidy.fr","population":"1523 habitants","website":"","townhallAdress":"Place Lucien Bourgon - 45520 - GIDY"},{"text":"GIEN","href":"./45/gien.html","phone":"02 38 29 80 00","email":"mairie@gien.info","population":"16028 habitants","website":"","townhallAdress":"Chemin de Montfort - 45500 - GIEN"},{"text":"GIROLLES","href":"./45/girolles.html","phone":"02 38 85 43 49","email":"mairiedegirolles@wanadoo.fr","population":"732 habitants","website":"","townhallAdress":"8 rue du Bourg - 45120 - GIROLLES"},{"text":"GIVRAINES","href":"./45/givraines.html","phone":"02 38 34 21 45","email":"givraines.mairie@wanadoo.fr","population":"355 habitants","website":"","townhallAdress":"Rue de la Mairie - 45300 - GIVRAINES"},{"text":"GONDREVILLE","href":"./45/gondreville.html","phone":"02 38 87 80 13","email":"mairie-gondreville-45@wanadoo.fr","population":"386 habitants","website":"","townhallAdress":"8 rue Georges Pallain - 45490 - GONDREVILLE"},{"text":"GRANGERMONT","href":"./45/grangermont.html","phone":"02 38 39 10 55","email":"mairie.grangermont@wanadoo.fr","population":"215 habitants","website":"","townhallAdress":"6 rue de l'Ecole - 45390 - GRANGERMONT"},{"text":"GRENEVILLE EN BEAUCE","href":"./45/greneville-en-beauce.html","phone":"02 38 39 97 26","email":"mairie.greneville@wanadoo.fr","population":"655 habitants","website":"","townhallAdress":"1 place des Marronniers - 45480 - GRENEVILLE-EN-BEAUCE"},{"text":"GRISELLES","href":"./45/griselles.html","phone":"02 38 96 60 10","email":"mairie-griselles@wanadoo.fr","population":"787 habitants","website":"","townhallAdress":"12 rue de la Mairie - 45210 - GRISELLES"},{"text":"GUIGNEVILLE","href":"./45/guigneville.html","phone":"02 38 30 10 13","email":"mairiedeguigneville45300@orange.fr","population":"513 habitants","website":"","townhallAdress":"7 place de la Mairie - 45300 - GUIGNEVILLE"},{"text":"GUILLY","href":"./45/guilly.html","phone":"02 38 58 03 06","email":"mairie.guilly@wanadoo.fr","population":"649 habitants","website":"","townhallAdress":"10 rue des Ecoles - 45600 - GUILLY"},{"text":"GY LES NONAINS","href":"./45/gy-les-nonains.html","phone":"02 38 94 72 47","email":"mairie-de-gy-les-nonains@wanadoo.fr","population":"648 habitants","website":"","townhallAdress":"337 Grande Rue - 45220 - GY-LES-NONAINS"},{"text":"HUETRE","href":"./45/huetre.html","phone":"02 38 75 32 49","email":"huetremairie@wanadoo.fr","population":"209 habitants","website":"","townhallAdress":"Rue du Bourg - 45520 - HUETRE"},{"text":"HUISSEAU SUR MAUVES","href":"./45/huisseau-sur-mauves.html","phone":"02 38 80 73 73","email":"mairiehuisseau@wanadoo.fr","population":"1744 habitants","website":"","townhallAdress":"118 rue Bois de Deure - 45130 - HUISSEAU-SUR-MAUVES"},{"text":"INGRANNES","href":"./45/ingrannes.html","phone":"02 38 57 13 08","email":"mairie.ingrannes@wanadoo.fr","population":"494 habitants","website":"","townhallAdress":"10 rue de la Mairie - 45450 - INGRANNES"},{"text":"INGRE","href":"./45/ingre.html","phone":"02 38 22 85 22","email":"secretariat.mairie@ville-ingre.com","population":"8151 habitants","website":"","townhallAdress":"14 place de la Mairie - 45140 - INGRE"},{"text":"INTVILLE LA GUETARD","href":"./45/intville-la-guetard.html","phone":"02 38 39 75 79","email":"mairie.intvillelaguetard@orange.fr","population":"102 habitants","website":"","townhallAdress":"3 rue Levrault - 45300 - INTVILLE-LA-GUETARD"},{"text":"ISDES","href":"./45/isdes.html","phone":"02 38 29 10 82","email":"mail.isdes@wanadoo.fr","population":"628 habitants","website":"","townhallAdress":"18 Grande Rue - 45620 - ISDES"},{"text":"JARGEAU","href":"./45/jargeau.html","phone":"02 38 59 70 39","email":"jargeau.mairie@fr.oleane.com","population":"4453 habitants","website":"","townhallAdress":"Place du Grand Cloître - 45150 - JARGEAU"},{"text":"JOUY EN PITHIVERAIS","href":"./45/jouy-en-pithiverais.html","phone":"02 38 39 95 59","email":"mairie.de.jouy@wanadoo.fr","population":"255 habitants","website":"","townhallAdress":"Rue de la Mairie - 45480 - JOUY-EN-PITHIVERAIS"},{"text":"JOUY LE POTIER","href":"./45/jouy-le-potier.html","phone":"02 38 45 80 13","email":"jouylepotier.45@wanadoo.fr","population":"1395 habitants","website":"","townhallAdress":"29 place de la Mairie - 45370 - JOUY-LE-POTIER"},{"text":"JURANVILLE","href":"./45/juranville.html","phone":"02 38 33 24 65","email":"mairie.juranville@wanadoo.fr","population":"477 habitants","website":"","townhallAdress":"6 rue de la Mairie - 45340 - JURANVILLE"},{"text":"LAAS","href":"./45/laas.html","phone":"02 38 34 02 22","email":"mairie.laas45@wanadoo.fr","population":"220 habitants","website":"","townhallAdress":"2 rue Maison Rouge - 45300 - LAAS"},{"text":"LABROSSE","href":"./45/labrosse.html","phone":"02 38 39 16 62","email":"mairie_labrosse@hotmail.fr","population":"96 habitants","website":"","townhallAdress":"Rue Principale - 45330 - LABROSSE"},{"text":"LA BUSSIERE","href":"./45/la-bussiere.html","phone":"02 38 35 90 68","email":"mairie-la-bussiere-loiret@wanadoo.fr","population":"807 habitants","website":"","townhallAdress":"1 rue Briare - 45230 - LA-BUSSIERE"},{"text":"LA CHAPELLE ONZERAIN","href":"./45/la-chapelle-onzerain.html","phone":"02 38 80 82 81","email":"mairie.chapelleonzerain@wanadoo.fr","population":"109 habitants","website":"","townhallAdress":"36 rue du Bourg - 45310 - LA-CHAPELLE-ONZERAIN"},{"text":"LA CHAPELLE SAINT MESMIN","href":"./45/la-chapelle-saint-mesmin.html","phone":"02 38 22 34 54","email":"contact.mairie@ville-lachapellesaintmesmin.fr","population":"9539 habitants","website":"","townhallAdress":"2 rue du Château - 45380 - LA-CHAPELLE-SAINT-MESMIN"},{"text":"LA CHAPELLE SAINT SEPULCRE","href":"./45/la-chapelle-saint-sepulcre.html","phone":"02 38 92 12 99","email":"mairie.chapelle.st.sep@wanadoo.fr","population":"290 habitants","website":"","townhallAdress":"120 rue de la Mairie - 45210 - LA-CHAPELLE-SAINT-SEPULCRE"},{"text":"LA CHAPELLE SUR AVEYRON","href":"./45/la-chapelle-sur-aveyron.html","phone":"02 38 97 50 21","email":"mairiedelachapelle@free.fr","population":"493 habitants","website":"","townhallAdress":"59 route Châtillon Coligny - 45230 - LA-CHAPELLE-SUR-AVEYRON"},{"text":"LA COUR MARIGNY","href":"./45/la-cour-marigny.html","phone":"02 38 96 25 22","email":"mairie.lacourmarigny@wanadoo.fr","population":"355 habitants","website":"","townhallAdress":"8 route de Montereau - 45260 - LA-COUR-MARIGNY"},{"text":"LADON","href":"./45/ladon.html","phone":"02 38 95 50 22","email":"mairie.ladon@wanadoo.fr","population":"1479 habitants","website":"","townhallAdress":"1 Place de la Mairie - 45270 - LADON"},{"text":"LA FERTE SAINT AUBIN","href":"./45/la-ferte-saint-aubin.html","phone":"02 38 64 83 81","email":"mairie@lafertesaintaubin.com","population":"7146 habitants","website":"","townhallAdress":"Place Charles De Gaulle - 45240 - LA-FERTE-SAINT-AUBIN"},{"text":"LAILLY EN VAL","href":"./45/lailly-en-val.html","phone":"02 38 46 92 35","email":"accueil@laillyenval.fr","population":"2485 habitants","website":"","townhallAdress":"2 rue des Ecoles - 45740 - LAILLY-EN-VAL"},{"text":"LA NEUVILLE SUR ESSONNE","href":"./45/la-neuville-sur-essonne.html","phone":"02 38 39 12 11","email":"mairielaneuville45@wanadoo.fr","population":"341 habitants","website":"","townhallAdress":"20 rue Mesnil - 45390 - LA-NEUVILLE-SUR-ESSONNE"},{"text":"LANGESSE","href":"./45/langesse.html","phone":"02 38 96 10 00","email":"mairie-de-langesse@wanadoo.fr","population":"76 habitants","website":"","townhallAdress":"5 route de l'Etang - 45290 - LANGESSE"},{"text":"LA SELLE EN HERMOY","href":"./45/la-selle-en-hermoy.html","phone":"02 38 92 10 04","email":"mairielaselleenhermoy@wanadoo.fr","population":"773 habitants","website":"","townhallAdress":"Rue du Bourg - 45210 - LA-SELLE-EN-HERMOY"},{"text":"LA SELLE SUR LE BIED","href":"./45/la-selle-sur-le-bied.html","phone":"02 38 87 30 02","email":"mairie-la-selle-sur-le-bied@wanadoo.fr","population":"979 habitants","website":"","townhallAdress":"18 rue du Limousin - 45210 - LA-SELLE-SUR-LE-BIED"},{"text":"LE BARDON","href":"./45/le-bardon.html","phone":"02 38 44 33 06","email":"lebardon@wanadoo.fr","population":"929 habitants","website":"","townhallAdress":"44 rue du Bourg - 45130 - LE-BARDON"},{"text":"LE BIGNON MIRABEAU","href":"./45/le-bignon-mirabeau.html","phone":"02 38 90 97 44","email":"lebignonmirabeau.mairie@wanadoo.fr","population":"265 habitants","website":"","townhallAdress":"Le Bourg - 45210 - LE-BIGNON-MIRABEAU"},{"text":"LE CHARME","href":"./45/le-charme.html","phone":"02 38 97 11 10","email":"mairielecharme@orange.fr","population":"149 habitants","website":"","townhallAdress":"Le Bourg - 45230 - LE-CHARME"},{"text":"LE MOULINET SUR SOLIN","href":"./45/le-moulinet-sur-solin.html","phone":"02 38 96 10 10","email":"mairie.lemoulinetsursolin@orange.fr","population":"144 habitants","website":"","townhallAdress":"1 rue Langesse - 45290 - LE-MOULINET-SUR-SOLIN"},{"text":"LEOUVILLE","href":"./45/leouville.html","phone":"02 38 39 63 80","email":"commune.leouville@orange.fr","population":"63 habitants","website":"","townhallAdress":"1 rue du Bois - 45480 - LEOUVILLE"},{"text":"LES BORDES","href":"./45/les-bordes.html","phone":"02 38 35 51 02","email":"mairie.les-bordes@wanadoo.fr","population":"1725 habitants","website":"","townhallAdress":"34 rue de la Mairie - 45460 - LES-BORDES"},{"text":"LES CHOUX","href":"./45/les-choux.html","phone":"02 38 31 83 94","email":"mairie.leschoux@wanadoo.fr","population":"534 habitants","website":"","townhallAdress":"Rue de la Poste - 45290 - LES-CHOUX"},{"text":"LIGNY LE RIBAULT","href":"./45/ligny-le-ribault.html","phone":"02 38 45 42 01","email":"mairie.ligny.le.ribault@wanadoo.fr","population":"1350 habitants","website":"","townhallAdress":"Place du 11 Novembre - 45240 - LIGNY-LE-RIBAULT"},{"text":"LION EN BEAUCE","href":"./45/lion-en-beauce.html","phone":"02 38 80 01 40","email":"mairielionenbeauce@orange.fr","population":"118 habitants","website":"","townhallAdress":"7 place de l'Eglise - 45410 - LION-EN-BEAUCE"},{"text":"LION EN SULLIAS","href":"./45/lion-en-sullias.html","phone":"02 38 36 92 59","email":"lionensullias.mairie@aliceadsl.fr","population":"424 habitants","website":"","townhallAdress":"30 route Gien - 45600 - LION-EN-SULLIAS"},{"text":"LOMBREUIL","href":"./45/lombreuil.html","phone":"02 38 96 26 26","email":"mairie.lombreuil@wanadoo.fr","population":"303 habitants","website":"","townhallAdress":"Le Bourg - 45700 - LOMBREUIL"},{"text":"LORCY","href":"./45/lorcy.html","phone":"02 38 92 22 79","email":"mairielorcy@wanadoo.fr","population":"568 habitants","website":"","townhallAdress":"5 rue de la Mairie - 45490 - LORCY"},{"text":"LORRIS","href":"./45/lorris.html","phone":"02 38 92 40 22","email":"mairie.lorris@wanadoo.fr","population":"2940 habitants","website":"","townhallAdress":"27 Grande Rue - 45260 - LORRIS"},{"text":"LOURY","href":"./45/loury.html","phone":"02 38 65 60 11","email":"info@ville-loury.fr","population":"2546 habitants","website":"","townhallAdress":"Place Antoine Masson - 45470 - LOURY"},{"text":"LOUZOUER","href":"./45/louzouer.html","phone":"02 38 92 15 31","email":"mairie.louzouer@wanadoo.fr","population":"282 habitants","website":"","townhallAdress":"73 rue de la Mairie - 45210 - LOUZOUER"},{"text":"MAINVILLIERS","href":"./45/mainvilliers.html","phone":"02 38 39 45 96","email":"mainvilliers45@wanadoo.fr","population":"231 habitants","website":"","townhallAdress":"31 rue des Tilleuls - 45330 - MAINVILLIERS"},{"text":"MALESHERBES","href":"./45/malesherbes.html","phone":"02 38 34 85 36","email":"accueil.mairie@ville-malesherbes.fr","population":"6132 habitants","website":"","townhallAdress":"Place de l'Hôtel de Ville - 45330 - MALESHERBES"},{"text":"MANCHECOURT","href":"./45/manchecourt.html","phone":"02 38 30 13 84","email":"mairie.manchecourt@wanadoo.fr","population":"652 habitants","website":"","townhallAdress":"7 rue de la Gare - 45300 - MANCHECOURT"},{"text":"MARCILLY EN VILLETTE","href":"./45/marcilly-en-villette.html","phone":"02 38 76 10 19","email":"marcillyenvillette@wanadoo.fr","population":"1999 habitants","website":"","townhallAdress":"62 place de l'Eglise - 45240 - MARCILLY-EN-VILLETTE"},{"text":"MARDIE","href":"./45/mardie.html","phone":"02 38 46 69 69","email":"mairie@ville-mardie.fr","population":"2645 habitants","website":"","townhallAdress":"105 rue Maurice Robillard - 45430 - MARDIE"},{"text":"MAREAU AUX BOIS","href":"./45/mareau-aux-bois.html","phone":"02 38 34 03 10","email":"mairie.mareau-aux-bois@wanadoo.fr","population":"578 habitants","website":"","townhallAdress":"2 rue des Ecoles - 45300 - MAREAU-AUX-BOIS"},{"text":"MAREAU AUX PRES","href":"./45/mareau-aux-pres.html","phone":"02 38 45 61 09","email":"cfischer@mareauauxpres.com","population":"1260 habitants","website":"","townhallAdress":"385 rue Saint Fiacre - 45370 - MAREAU-AUX-PRES"},{"text":"MARIGNY LES USAGES","href":"./45/marigny-les-usages.html","phone":"02 38 75 04 15","email":"mairie-marigny-les-usages@wanadoo.fr","population":"1167 habitants","website":"","townhallAdress":"Place de l'Eglise - 45760 - MARIGNY-LES-USAGES"},{"text":"MARSAINVILLIERS","href":"./45/marsainvilliers.html","phone":"02 38 30 18 67","email":"commune.marsainvilliers@wanadoo.fr","population":"292 habitants","website":"","townhallAdress":"1 rue des Abreuvoirs - 45300 - MARSAINVILLIERS"},{"text":"MELLEROY","href":"./45/melleroy.html","phone":"02 38 95 24 61","email":"commune-de-melleroy@wanadoo.fr","population":"530 habitants","website":"","townhallAdress":"1 rue Château Renard - 45220 - MELLEROY"},{"text":"MENESTREAU EN VILLETTE","href":"./45/menestreau-en-villette.html","phone":"02 38 76 90 35","email":"cm-menestreau.en.villette@wanadoo.fr","population":"1519 habitants","website":"","townhallAdress":"43 place du 11 Novembre - 45240 - MENESTREAU-EN-VILLETTE"},{"text":"MERINVILLE","href":"./45/merinville.html","phone":"02 38 87 21 75","email":"merinville.mairie@wanadoo.fr","population":"162 habitants","website":"","townhallAdress":"Le Bourg - 45210 - MERINVILLE"},{"text":"MESSAS","href":"./45/messas.html","phone":"02 38 44 53 02","email":"mairie.de.messas@wanadoo.fr","population":"919 habitants","website":"","townhallAdress":"3 rue Margottière - 45190 - MESSAS"},{"text":"MEUNG SUR LOIRE","href":"./45/meung-sur-loire.html","phone":"02 38 46 94 94","email":"mairie@meung-sur-loire.com","population":"6239 habitants","website":"","townhallAdress":"32 rue du Général de Gaulle - 45130 - MEUNG-SUR-LOIRE"},{"text":"MEZIERES EN GATINAIS","href":"./45/mezieres-en-gatinais.html","phone":"02 38 95 53 77","email":"mairie.mezieres.en.gatinais@orange.fr","population":"264 habitants","website":"","townhallAdress":"Le Bourg - 45270 - MEZIERES-EN-GATINAIS"},{"text":"MEZIERES LEZ CLERY","href":"./45/mezieres-lez-clery.html","phone":"02 38 45 61 76","email":"mairie.meziereslezclery@wanadoo.fr","population":"743 habitants","website":"","townhallAdress":"36 rue du Bourg - 45370 - MEZIERES-LEZ-CLERY"},{"text":"MIGNERES","href":"./45/migneres.html","phone":"02 38 87 81 84","email":"mairiedemigneres@wanadoo.fr","population":"342 habitants","website":"","townhallAdress":"2 rue des Gaudines - 45490 - MIGNERES"},{"text":"MIGNERETTE","href":"./45/mignerette.html","phone":"02 38 96 40 52","email":"communedemignerette@orange.fr","population":"344 habitants","website":"","townhallAdress":"7 rue de la Mairie - 45490 - MIGNERETTE"},{"text":"MONTARGIS","href":"./45/montargis.html","phone":"02 38 95 10 00","email":"chef.cabinet@montargis.fr","population":"16630 habitants","website":"","townhallAdress":"6 rue Gambetta - 45200 - MONTARGIS"},{"text":"MONTBARROIS","href":"./45/montbarrois.html","phone":"02 38 33 71 48","email":"mairie-montbarrois@wanadoo.fr","population":"260 habitants","website":"","townhallAdress":"2 route Gros Orme - 45340 - MONTBARROIS"},{"text":"MONTBOUY","href":"./45/montbouy.html","phone":"02 38 97 53 03","email":"mairie.montbouy@wanadoo.fr","population":"755 habitants","website":"","townhallAdress":"Place de l'Eglise - 45230 - MONTBOUY"},{"text":"MONTCORBON","href":"./45/montcorbon.html","phone":"02 38 87 12 42","email":"mairie.montcorbon@wanadoo.fr","population":"468 habitants","website":"","townhallAdress":"1 rue de la Fontaine - 45220 - MONTCORBON"},{"text":"MONTCRESSON","href":"./45/montcresson.html","phone":"02 38 90 00 53","email":"mairie.montcresson@wanadoo.fr","population":"1350 habitants","website":"","townhallAdress":"25 rue de Verdun - 45700 - MONTCRESSON"},{"text":"MONTEREAU","href":"./45/montereau.html","phone":"02 38 87 71 64","email":"mairiemontereau@wanadoo.fr","population":"623 habitants","website":"","townhallAdress":"26 route Lorris - 45260 - MONTEREAU"},{"text":"MONTIGNY","href":"./45/montigny.html","phone":"02 38 39 88 14","email":"mairie-de-montigny@wanadoo.fr","population":"279 habitants","website":"","townhallAdress":"Rue Peytit - 45170 - MONTIGNY"},{"text":"MONTLIARD","href":"./45/montliard.html","phone":"02 38 33 72 59","email":"mairie.montliard@wanadoo.fr","population":"229 habitants","website":"","townhallAdress":"1 route Bellegarde - 45340 - MONTLIARD"},{"text":"MORMANT SUR VERNISSON","href":"./45/mormant-sur-vernisson.html","phone":"02 38 85 61 56","email":"mairiedemormant@orange.fr","population":"131 habitants","website":"","townhallAdress":"Mairie - 45700 - MORMANT-SUR-VERNISSON"},{"text":"MORVILLE EN BEAUCE","href":"./45/morville-en-beauce.html","phone":"02 38 39 73 55","email":"mairie.morvilleenbeauce@wanadoo.fr","population":"200 habitants","website":"","townhallAdress":"14 rue Robiniers - 45300 - MORVILLE-EN-BEAUCE"},{"text":"MOULON","href":"./45/moulon.html","phone":"02 38 95 51 52","email":"mairie-moulon45@orange.fr","population":"191 habitants","website":"","townhallAdress":"Le Bourg - 45270 - MOULON"},{"text":"NANCRAY SUR RIMARDE","href":"./45/nancray-sur-rimarde.html","phone":"02 38 32 26 72","email":"mairie-de-nancray@wanadoo.fr","population":"503 habitants","website":"","townhallAdress":"3 place de la Mairie - 45340 - NANCRAY-SUR-RIMARDE"},{"text":"NANGEVILLE","href":"./45/nangeville.html","phone":"02 38 34 76 42","email":"mairienangeville@wanadoo.fr","population":"122 habitants","website":"","townhallAdress":"6 rue Saint Martin - 45330 - NANGEVILLE"},{"text":"NARGIS","href":"./45/nargis.html","phone":"02 38 26 03 04","email":"nargis.mairie@wanadoo.fr","population":"1269 habitants","website":"","townhallAdress":"1 rue de la Mairie - 45210 - NARGIS"},{"text":"NESPLOY","href":"./45/nesploy.html","phone":"02 38 90 12 04","email":"mairie.nesploy@wanadoo.fr","population":"372 habitants","website":"","townhallAdress":"10 route Montliard - 45270 - NESPLOY"},{"text":"NEUVILLE AUX BOIS","href":"./45/neuville-aux-bois.html","phone":"02 38 75 52 22","email":"dgs@ville-neuvilleauxbois.fr","population":"4079 habitants","website":"","townhallAdress":"8 rue Félix Desnoyers - 45170 - NEUVILLE-AUX-BOIS"},{"text":"NEUVY EN SULLIAS","href":"./45/neuvy-en-sullias.html","phone":"02 38 58 02 17","email":"mairie.neuvy@wanadoo.fr","population":"1105 habitants","website":"","townhallAdress":"28 rue de Sologne - 45510 - NEUVY-EN-SULLIAS"},{"text":"NEVOY","href":"./45/nevoy.html","phone":"02 38 67 16 98","email":"mairie.nevoy@wanadoo.fr","population":"1149 habitants","website":"","townhallAdress":"Place de la Mairie - 45500 - NEVOY"},{"text":"NIBELLE","href":"./45/nibelle.html","phone":"02 38 32 20 69","email":"mairie-de-nibelle@wanadoo.fr","population":"965 habitants","website":"","townhallAdress":"50 rue Saint Sauveur - 45340 - NIBELLE"},{"text":"NOGENT SUR VERNISSON","href":"./45/nogent-sur-vernisson.html","phone":"02 38 97 60 53","email":"mairie.ngv@wanadoo.fr","population":"2572 habitants","website":"","townhallAdress":"17Bis rue Aristide Briand - 45290 - NOGENT-SUR-VERNISSON"},{"text":"NOYERS","href":"./45/noyers.html","phone":"02 38 92 40 72","email":"noyers.mairie@wanadoo.fr","population":"734 habitants","website":"","townhallAdress":"9 rue de la Mairie - 45260 - NOYERS"},{"text":"OISON","href":"./45/oison.html","phone":"02 38 39 21 45","email":"mairie.oison@wanadoo.fr","population":"124 habitants","website":"","townhallAdress":"5 rue de la Mairie - 45170 - OISON"},{"text":"OLIVET","href":"./45/olivet.html","phone":"02 38 69 83 00","email":"contact@ville-olivet.fr","population":"20722 habitants","website":"","townhallAdress":"283 rue du Général de Gaulle - 45160 - OLIVET"},{"text":"ONDREVILLE SUR ESSONNE","href":"./45/ondreville-sur-essonne.html","phone":"02 38 39 10 66","email":"mairie.ondreville@wanadoo.fr","population":"376 habitants","website":"","townhallAdress":"1 allée de la Mairie - 45390 - ONDREVILLE-SUR-ESSONNE"},{"text":"ORLEANS","href":"./45/orleans.html","phone":"02 38 79 22 22","email":"infocom@ville-orleans.fr","population":"116490 habitants","website":"","townhallAdress":"Place de l'Etape - 45000 - ORLEANS"},{"text":"ORMES","href":"./45/ormes.html","phone":"02 38 70 85 20","email":"mairie@ville-ormes.fr","population":"3408 habitants","website":"","townhallAdress":"147 route Nationale - 45140 - ORMES"},{"text":"ORVEAU BELLESAUVE","href":"./45/orveau-bellesauve.html","phone":"02 38 34 65 99","email":"mairie.orveau.bellesauve@wanadoo.fr","population":"377 habitants","website":"","townhallAdress":"Rue Mairie-Ecole - 45330 - ORVEAU-BELLESAUVE"},{"text":"ORVILLE","href":"./45/orville.html","phone":"02 38 32 11 17","email":"mairieorville@wanadoo.fr","population":"122 habitants","website":"","townhallAdress":"Rue de l'Essonne - 45390 - ORVILLE"},{"text":"OUSSON SUR LOIRE","href":"./45/ousson-sur-loire.html","phone":"02 38 31 44 56","email":"mairie.ousson@wanadoo.fr","population":"782 habitants","website":"","townhallAdress":"Rue de la Loire - 45250 - OUSSON-SUR-LOIRE"},{"text":"OUSSOY EN GATINAIS","href":"./45/oussoy-en-gatinais.html","phone":"02 38 96 23 19","email":"oussoyengatinais@orange.fr","population":"412 habitants","website":"","townhallAdress":"Le Bourg - 45290 - OUSSOY-EN-GATINAIS"},{"text":"OUTARVILLE","href":"./45/outarville.html","phone":"02 38 39 50 19","email":"MAIRIE.OUTARVILLE@wanadoo.fr","population":"1470 habitants","website":"","townhallAdress":"9 avenue d'Arconville - 45480 - OUTARVILLE"},{"text":"OUVROUER LES CHAMPS","href":"./45/ouvrouer-les-champs.html","phone":"02 38 59 73 40","email":"mairie-ouvrouer.les.champs@wanadoo.fr","population":"507 habitants","website":"","townhallAdress":"Route Sigloy - 45150 - OUVROUER-LES-CHAMPS"},{"text":"OUZOUER DES CHAMPS","href":"./45/ouzouer-des-champs.html","phone":"02 38 94 91 82","email":"mairie.ouzouerdeschamps@wanadoo.fr","population":"400 habitants","website":"","townhallAdress":"3 place Pâtis - 45290 - OUZOUER-DES-CHAMPS"},{"text":"OUZOUER SOUS BELLEGARDE","href":"./45/ouzouer-sous-bellegarde.html","phone":"02 38 90 11 86","email":"mairie.ouzouersousbellegarde@wanadoo.fr","population":"264 habitants","website":"","townhallAdress":"Le Bourg - 45270 - OUZOUER-SOUS-BELLEGARDE"},{"text":"OUZOUER SUR LOIRE","href":"./45/ouzouer-sur-loire.html","phone":"02 38 27 05 05","email":"mairie.ouzouersurloire@wanadoo.fr","population":"2740 habitants","website":"","townhallAdress":"38 place de l'Hôtel de Ville - 45570 - OUZOUER-SUR-LOIRE"},{"text":"OUZOUER SUR TREZEE","href":"./45/ouzouer-sur-trezee.html","phone":"02 38 31 93 90","email":"mairie.ouzouersurtrezee@tnova.oleane.com","population":"1315 habitants","website":"","townhallAdress":"1 rue Grande - 45250 - OUZOUER-SUR-TREZEE"},{"text":"PANNECIERES","href":"./45/pannecieres.html","phone":"02 38 39 76 86","email":"","population":"121 habitants","website":"","townhallAdress":"Grande Rue - 45300 - PANNECIERES"},{"text":"PANNES","href":"./45/pannes.html","phone":"02 38 87 76 76","email":"accueil@mairie-pannes.fr","population":"3256 habitants","website":"","townhallAdress":"250, rue Marcel Donette - 45700 - PANNES"},{"text":"PATAY","href":"./45/patay.html","phone":"02 38 80 81 02","email":"mairie.patay@wanadoo.fr","population":"2109 habitants","website":"","townhallAdress":"1 rue Trianon - 45310 - PATAY"},{"text":"PAUCOURT","href":"./45/paucourt.html","phone":"02 38 85 40 16","email":"mairie.paucourt@wanadoo.fr","population":"945 habitants","website":"","townhallAdress":"120 rue de l'Eglise - 45200 - PAUCOURT"},{"text":"PERS EN GATINAIS","href":"./45/pers-en-gatinais.html","phone":"02 38 90 97 11","email":"mairie-de-pers-en-gatinais@wanadoo.fr","population":"209 habitants","website":"","townhallAdress":"7 rue Sainte Rose - 45210 - PERS-EN-GATINAIS"},{"text":"PIERREFITTE ES BOIS","href":"./45/pierrefitte-es-bois.html","phone":"02 38 31 47 09","email":"mairie.pierrefitteesbois@wanadoo.fr","population":"304 habitants","website":"","townhallAdress":"6 rue Sury - 45360 - PIERREFITTE-ES-BOIS"},{"text":"PITHIVIERS","href":"./45/pithiviers.html","phone":"02 38 30 08 77","email":"mairie@ville-pithiviers.fr","population":"8986 habitants","website":"","townhallAdress":"1 place Denis Poisson - 45300 - PITHIVIERS"},{"text":"PITHIVIERS LE VIEIL","href":"./45/pithiviers-le-vieil.html","phone":"02 38 30 25 12","email":"contact@ville-pithiviers-le-vieil.fr","population":"1958 habitants","website":"","townhallAdress":"Rue de la Mairie - 45300 - PITHIVIERS-LE-VIEIL"},{"text":"POILLY LEZ GIEN","href":"./45/poilly-lez-gien.html","phone":"02 38 67 11 95","email":"MAIRIE-DE-POILLY-LEZ-GIEN@wanadoo.fr","population":"2348 habitants","website":"","townhallAdress":"24 rue Sully - 45500 - POILLY-LEZ-GIEN"},{"text":"PREFONTAINES","href":"./45/prefontaines.html","phone":"02 38 95 84 16","email":"mairie-Prefontaines@wanadoo.fr","population":"485 habitants","website":"","townhallAdress":"15 rue Château Landon - 45490 - PREFONTAINES"},{"text":"PRESNOY","href":"./45/presnoy.html","phone":"02 38 96 30 43","email":"mairie-de-presnoy@wanadoo.fr","population":"245 habitants","website":"","townhallAdress":"10 route Ladon - 45260 - PRESNOY"},{"text":"PRESSIGNY LES PINS","href":"./45/pressigny-les-pins.html","phone":"02 38 94 90 40","email":"mairie.pressigny@neuf.fr","population":"417 habitants","website":"","townhallAdress":"10 place du Bourg - 45290 - PRESSIGNY-LES-PINS"},{"text":"PUISEAUX","href":"./45/puiseaux.html","phone":"02 38 33 50 67","email":"mairie-puiseaux@wanadoo.fr","population":"3351 habitants","website":"","townhallAdress":"Place Martroi - 45390 - PUISEAUX"},{"text":"QUIERS SUR BEZONDE","href":"./45/quiers-sur-bezonde.html","phone":"02 38 90 10 58","email":"mairie@quiers-sur-bezonde.fr","population":"1175 habitants","website":"","townhallAdress":"138 rue de la Mairie - 45270 - QUIERS-SUR-BEZONDE"},{"text":"RAMOULU","href":"./45/ramoulu.html","phone":"02 38 30 14 62","email":"communederamoulu@orange.fr","population":"257 habitants","website":"","townhallAdress":"4 place du Calvaire - 45300 - RAMOULU"},{"text":"REBRECHIEN","href":"./45/rebrechien.html","phone":"02 38 65 61 15","email":"rebrechien@wanadoo.fr","population":"1392 habitants","website":"","townhallAdress":"18 route Neuville aux Bois - 45470 - REBRECHIEN"},{"text":"ROUVRAY SAINTE CROIX","href":"./45/rouvray-sainte-croix.html","phone":"02 38 75 70 44","email":"","population":"160 habitants","website":"","townhallAdress":"Rue de la Mairie - 45310 - ROUVRAY-SAINTE-CROIX"},{"text":"ROUVRES SAINT JEAN","href":"./45/rouvres-saint-jean.html","phone":"02 38 39 76 43","email":"","population":"257 habitants","website":"","townhallAdress":"15 rue Ansonville - 45300 - ROUVRES-SAINT-JEAN"},{"text":"ROZIERES EN BEAUCE","href":"./45/rozieres-en-beauce.html","phone":"02 38 74 21 03","email":"mairie-rozieres-en-beauce@wanadoo.fr","population":"184 habitants","website":"","townhallAdress":"12 rue de la Forêt - 45130 - ROZIERES-EN-BEAUCE"},{"text":"ROZOY LE VIEIL","href":"./45/rozoy-le-vieil.html","phone":"02 38 90 98 94","email":"mairierozoy@wanadoo.fr","population":"342 habitants","website":"","townhallAdress":"45 route Ervauville - 45210 - ROZOY-LE-VIEIL"},{"text":"RUAN","href":"./45/ruan.html","phone":"02 38 80 01 47","email":"mairie.ruan@wanadoo.fr","population":"222 habitants","website":"","townhallAdress":"1 rue de la Mairie - 45410 - RUAN"},{"text":"SAINT AIGNAN DES GUES","href":"./45/saint-aignan-des-gues.html","phone":"02 38 58 26 70","email":"mairie-st-aignan-gues@wanadoo.fr","population":"343 habitants","website":"","townhallAdress":"Place de l'Eglise - 45460 - SAINT-AIGNAN-DES-GUES"},{"text":"SAINT AIGNAN LE JAILLARD","href":"./45/saint-aignan-le-jaillard.html","phone":"02 38 36 26 07","email":"mairie.st.aignanlejaillard@orange.fr","population":"570 habitants","website":"","townhallAdress":"3 rue de la Mairie - 45600 - SAINT-AIGNAN-LE-JAILLARD"},{"text":"SAINT AY","href":"./45/saint-ay.html","phone":"02 38 88 44 44","email":"accueil@ville-saint-ay.fr","population":"3073 habitants","website":"","townhallAdress":"Place de la Mairie - 45130 - SAINT-AY"},{"text":"SAINT BENOIT SUR LOIRE","href":"./45/saint-benoit-sur-loire.html","phone":"02 38 35 73 28","email":"accueil@mairie-st-benoit.fr","population":"2021 habitants","website":"","townhallAdress":"8 place Martroi - 45730 - SAINT-BENOIT-SUR-LOIRE"},{"text":"SAINT BRISSON SUR LOIRE","href":"./45/saint-brisson-sur-loire.html","phone":"02 38 36 70 07","email":"mairie.st.brisson@wanadoo.fr","population":"1075 habitants","website":"","townhallAdress":"22 rue Autry - 45500 - SAINT-BRISSON-SUR-LOIRE"},{"text":"SAINT CYR EN VAL","href":"./45/saint-cyr-en-val.html","phone":"02 38 76 20 20","email":"dgs@mairie-saintcyrenval.fr","population":"3316 habitants","website":"","townhallAdress":"140 rue du 11 Novembre 1918 - 45590 - SAINT-CYR-EN-VAL"},{"text":"SAINT DENIS DE L HOTEL","href":"./45/saint-denis-de-l-hotel.html","phone":"02 38 46 83 40","email":"mairie.sdh@ville-saintdenisdelhotel.fr","population":"2818 habitants","website":"","townhallAdress":"30 avenue du Stade - 45550 - SAINT-DENIS-DE-L'HOTEL"},{"text":"SAINT DENIS EN VAL","href":"./45/saint-denis-en-val.html","phone":"02 38 76 70 34","email":"MAIRIE-DE-SAINT-DENIS-EN-VAL@wanadoo.fr","population":"7407 habitants","website":"","townhallAdress":"60 rue Saint Denis - 45560 - SAINT-DENIS-EN-VAL"},{"text":"SAINTE GENEVIEVE DES BOIS","href":"./45/sainte-genevieve-des-bois.html","phone":"02 38 92 55 73","email":"mairiestegenevieve45@wanadoo.fr","population":"1126 habitants","website":"","townhallAdress":"Rue Louis d'Eichthal - 45230 - SAINTE-GENEVIEVE-DES-BOIS"},{"text":"SAINT FIRMIN DES BOIS","href":"./45/saint-firmin-des-bois.html","phone":"02 38 95 22 59","email":"mairie-st-firmin-bois@wanadoo.fr","population":"465 habitants","website":"","townhallAdress":"1 rue de la Mairie - 45220 - SAINT-FIRMIN-DES-BOIS"},{"text":"SAINT FIRMIN SUR LOIRE","href":"./45/saint-firmin-sur-loire.html","phone":"02 38 37 08 74","email":"mairiestfirminsurloire@orange.fr","population":"525 habitants","website":"","townhallAdress":"32 Grande Rue - 45360 - SAINT-FIRMIN-SUR-LOIRE"},{"text":"SAINT FLORENT","href":"./45/saint-florent.html","phone":"02 38 36 93 79","email":"mairie.st.florentlejeune@wanadoo.fr","population":"470 habitants","website":"","townhallAdress":"Rue Villemurlin - 45600 - SAINT-FLORENT"},{"text":"SAINT GERMAIN DES PRES","href":"./45/saint-germain-des-pres.html","phone":"02 38 94 72 09","email":"stgermain.satmairie@wanadoo.fr","population":"1913 habitants","website":"","townhallAdress":"1 rue Saint Firmin - 45220 - SAINT-GERMAIN-DES-PRES"},{"text":"SAINT GONDON","href":"./45/saint-gondon.html","phone":"02 38 36 90 76","email":"saintgondon@free.fr","population":"1066 habitants","website":"","townhallAdress":"10 rue Gien - 45500 - SAINT-GONDON"},{"text":"SAINT HILAIRE LES ANDRESIS","href":"./45/saint-hilaire-les-andresis.html","phone":"02 38 97 42 58","email":"mairie.st.hilaire.les.andresis@wanadoo.fr","population":"939 habitants","website":"","townhallAdress":"9 Grande Rue - 45320 - SAINT-HILAIRE-LES-ANDRESIS"},{"text":"SAINT HILAIRE SAINT MESMIN","href":"./45/saint-hilaire-saint-mesmin.html","phone":"02 38 76 30 24","email":"Mairie-St-Hilaire-St-Mesmin@wanadoo.fr","population":"2742 habitants","website":"","townhallAdress":"494 route d'Orléans - 45160 - SAINT-HILAIRE-SAINT-MESMIN"},{"text":"SAINT HILAIRE SUR PUISEAUX","href":"./45/saint-hilaire-sur-puiseaux.html","phone":"02 38 94 90 57","email":"mairie.saint-hilaire-sur-puiseaux@wanadoo.fr","population":"179 habitants","website":"","townhallAdress":"Le Bourg - 45700 - SAINT-HILAIRE-SUR-PUISEAUX"},{"text":"SAINT JEAN DE BRAYE","href":"./45/saint-jean-de-braye.html","phone":"02 38 52 40 40","email":"mairie@ville-saintjeandebraye.fr","population":"19146 habitants","website":"","townhallAdress":"49 rue de la Mairie - 45800 - SAINT-JEAN-DE-BRAYE"},{"text":"SAINT JEAN DE LA RUELLE","href":"./45/saint-jean-de-la-ruelle.html","phone":"02 38 79 33 00","email":"cabinet-du-maire@ville-saintjeandelaruelle.fr","population":"16775 habitants","website":"","townhallAdress":"71 rue Charles Beauhaire - 45140 - SAINT-JEAN-DE-LA-RUELLE"},{"text":"SAINT JEAN LE BLANC","href":"./45/saint-jean-le-blanc.html","phone":"02 38 66 39 61","email":"administration@saintjeanleblanc.com","population":"8571 habitants","website":"","townhallAdress":"Place de l'Eglise - 45650 - SAINT-JEAN-LE-BLANC"},{"text":"SAINT LOUP DE GONOIS","href":"./45/saint-loup-de-gonois.html","phone":"02 38 92 83 61","email":"maire.gonois@idyle-telecom.com","population":"108 habitants","website":"","townhallAdress":"Le Bourg - 45210 - SAINT-LOUP-DE-GONOIS"},{"text":"SAINT LOUP DES VIGNES","href":"./45/saint-loup-des-vignes.html","phone":"02 38 33 73 80","email":"maire.stloupdesvignes@wanadoo.fr","population":"444 habitants","website":"","townhallAdress":"21 rue du Bourg - 45340 - SAINT-LOUP-DES-VIGNES"},{"text":"SAINT LYE LA FORET","href":"./45/saint-lye-la-foret.html","phone":"02 38 91 84 72","email":"mairie.de.st.lye@wanadoo.fr","population":"1036 habitants","website":"","townhallAdress":"15 route d'Orléans - 45170 - SAINT-LYE-LA-FORET"},{"text":"SAINT MARTIN D ABBAT","href":"./45/saint-martin-d-abbat.html","phone":"02 38 46 86 40","email":"info@mairie-saintmartindabbat.com","population":"1546 habitants","website":"","townhallAdress":"Place de la Mairie - 45110 - SAINT-MARTIN-D'ABBAT"},{"text":"SAINT MARTIN SUR OCRE","href":"./45/saint-martin-sur-ocre.html","phone":"02 38 36 74 18","email":"mairiestmartinsurocre@wanadoo.fr","population":"1252 habitants","website":"","townhallAdress":"145 rue des Puits - 45500 - SAINT-MARTIN-SUR-OCRE"},{"text":"SAINT MAURICE SUR AVEYRON","href":"./45/saint-maurice-sur-aveyron.html","phone":"02 38 97 10 63","email":"saint.maurice.aveyron@orange.fr","population":"875 habitants","website":"","townhallAdress":"1 rue des Pommiers - 45230 - SAINT-MAURICE-SUR-AVEYRON"},{"text":"SAINT MAURICE SUR FESSARD","href":"./45/saint-maurice-sur-fessard.html","phone":"02 38 97 83 91","email":"mairie.stmaurice-fd@wanadoo.fr","population":"1137 habitants","website":"","townhallAdress":"29 rue de la Mairie - 45700 - SAINT-MAURICE-SUR-FESSARD"},{"text":"SAINT MICHEL","href":"./45/saint-michel.html","phone":"02 38 33 36 00","email":"commune-de-stmichel@wanadoo.fr","population":"123 habitants","website":"","townhallAdress":"6 Le Bourg - 45340 - SAINT-MICHEL"},{"text":"SAINT PERAVY LA COLOMBE","href":"./45/saint-peravy-la-colombe.html","phone":"02 38 80 82 55","email":"mairie.st.peravy.la.colombe@orange.fr","population":"626 habitants","website":"","townhallAdress":"Place de la Mairie - 45310 - SAINT-PERAVY-LA-COLOMBE"},{"text":"SAINT PERE SUR LOIRE","href":"./45/saint-pere-sur-loire.html","phone":"02 38 36 21 84","email":"saintperesurloire@wanadoo.fr","population":"1068 habitants","website":"","townhallAdress":"19 rue de Paris - 45600 - SAINT-PERE-SUR-LOIRE"},{"text":"SAINT PRYVE SAINT MESMIN","href":"./45/saint-pryve-saint-mesmin.html","phone":"02 38 22 63 63","email":"mairie@saint-pryve.fr","population":"5464 habitants","website":"","townhallAdress":"215 route de Saint Mesmin - 45750 - SAINT-PRYVE-SAINT-MESMIN"},{"text":"SAINT SIGISMOND","href":"./45/saint-sigismond.html","phone":"02 38 80 81 89","email":"stsigismond45@orange.fr","population":"270 habitants","website":"","townhallAdress":"2 rue de la Mairie - 45310 - SAINT-SIGISMOND"},{"text":"SANDILLON","href":"./45/sandillon.html","phone":"02 38 69 79 80","email":"mairiesandillon@wanadoo.fr","population":"3755 habitants","website":"","townhallAdress":"251 route d'Orléans - 45640 - SANDILLON"},{"text":"SANTEAU","href":"./45/santeau.html","phone":"02 38 39 85 84","email":"mairie.santeau@wanadoo.fr","population":"334 habitants","website":"","townhallAdress":"1 place de la Mairie - 45170 - SANTEAU"},{"text":"SARAN","href":"./45/saran.html","phone":"02 38 80 34 00","email":"courrier@ville-saran.fr","population":"15631 habitants","website":"","townhallAdress":"Place de la Liberté - 45770 - SARAN"},{"text":"SCEAUX DU GATINAIS","href":"./45/sceaux-du-gatinais.html","phone":"02 38 87 40 27","email":"mairie.sceaudugatinais@wanadoo.fr","population":"602 habitants","website":"","townhallAdress":"Place de la Mairie - 45490 - SCEAUX-DU-GATINAIS"},{"text":"SEICHEBRIERES","href":"./45/seichebrieres.html","phone":"02 38 59 41 56","email":"mairie.seichebrieres@orange.fr","population":"180 habitants","website":"","townhallAdress":"Le Bourg - 45530 - SEICHEBRIERES"},{"text":"SEMOY","href":"./45/semoy.html","phone":"02 38 61 96 00","email":"semoy.sg@wanadoo.fr","population":"2991 habitants","website":"","townhallAdress":"20 place François Mitterrand - 45400 - SEMOY"},{"text":"SENNELY","href":"./45/sennely.html","phone":"02 38 76 93 14","email":"mairie.sennely@9business.fr","population":"623 habitants","website":"","townhallAdress":"2 rue Rigolerie - 45240 - SENNELY"},{"text":"SERMAISES","href":"./45/sermaises.html","phone":"02 38 39 72 92","email":"sermaises@wanadoo.fr","population":"1632 habitants","website":"","townhallAdress":"18 rue de Paris - 45300 - SERMAISES"},{"text":"SIGLOY","href":"./45/sigloy.html","phone":"02 38 58 42 81","email":"mairie.sigloy@wanadoo.fr","population":"628 habitants","website":"","townhallAdress":"Route Chateauneuf - 45110 - SIGLOY"},{"text":"SOLTERRE","href":"./45/solterre.html","phone":"02 38 94 94 09","email":"mairiedesolterre@wanadoo.fr","population":"514 habitants","website":"","townhallAdress":"26 route nationale 7, La Commodité - 45700 - SOLTERRE"},{"text":"SOUGY","href":"./45/sougy.html","phone":"02 38 75 80 22","email":"mairie.sougy@wanadoo.fr","population":"866 habitants","website":"","townhallAdress":"304 Grande Rue - 45410 - SOUGY"},{"text":"SULLY LA CHAPELLE","href":"./45/sully-la-chapelle.html","phone":"02 38 57 10 82","email":"mairie-sully-la-chapelle@wanadoo.fr","population":"387 habitants","website":"","townhallAdress":"23 route Fay aux Loges - 45450 - SULLY-LA-CHAPELLE"},{"text":"SULLY SUR LOIRE","href":"./45/sully-sur-loire.html","phone":"02 38 36 20 08","email":"c.planchet.cab@sullysurloire.org","population":"5932 habitants","website":"","townhallAdress":"3 place Maurice de Sully - 45600 - SULLY-SUR-LOIRE"},{"text":"SURY AUX BOIS","href":"./45/sury-aux-bois.html","phone":"02 38 55 97 74","email":"suryauxbois@wanadoo.fr","population":"716 habitants","website":"","townhallAdress":"8 rue de la Mairie - 45530 - SURY-AUX-BOIS"},{"text":"TAVERS","href":"./45/tavers.html","phone":"02 38 44 53 97","email":"tavers.mairie@wanadoo.fr","population":"1329 habitants","website":"","townhallAdress":"2 avenue Jules Lemaître - 45190 - TAVERS"},{"text":"THIGNONVILLE","href":"./45/thignonville.html","phone":"02 38 39 74 00","email":"mairiethignonville@wanadoo.fr","population":"335 habitants","website":"","townhallAdress":"Le Bourg - 45300 - THIGNONVILLE"},{"text":"THIMORY","href":"./45/thimory.html","phone":"02 38 96 25 70","email":"mairiethimory@wanadoo.fr","population":"650 habitants","website":"","townhallAdress":"33 rue Montargis - 45260 - THIMORY"},{"text":"THORAILLES","href":"./45/thorailles.html","phone":"02 38 92 04 46","email":"thorailles.mairie@wanadoo.fr","population":"136 habitants","website":"","townhallAdress":"Le Bourg - 45210 - THORAILLES"},{"text":"THOU","href":"./45/thou.html","phone":"02 38 31 62 20","email":"thou.mairie@orange.fr","population":"249 habitants","website":"","townhallAdress":"12 route Impériale - 45420 - THOU"},{"text":"TIGY","href":"./45/tigy.html","phone":"02 38 58 00 49","email":"mairie.tigy@wanadoo.fr","population":"2229 habitants","website":"","townhallAdress":"32 rue Sully - 45510 - TIGY"},{"text":"TIVERNON","href":"./45/tivernon.html","phone":"02 38 39 41 49","email":"mairietivernon@wanadoo.fr","population":"240 habitants","website":"","townhallAdress":"Rue Gouanon - 45170 - TIVERNON"},{"text":"TOURNOISIS","href":"./45/tournoisis.html","phone":"02 38 80 82 08","email":"mairie.tournoisis@wanadoo.fr","population":"365 habitants","website":"","townhallAdress":"76 rue de la Mairie - 45310 - TOURNOISIS"},{"text":"TRAINOU","href":"./45/trainou.html","phone":"02 38 65 63 08","email":"accueil@trainou.fr","population":"3154 habitants","website":"","townhallAdress":"1103 rue de la République - 45470 - TRAINOU"},{"text":"TREILLES EN GATINAIS","href":"./45/treilles-en-gatinais.html","phone":"02 38 87 82 85","email":"","population":"297 habitants","website":"","townhallAdress":"15 rue du Bourg - 45490 - TREILLES-EN-GATINAIS"},{"text":"TRIGUERES","href":"./45/trigueres.html","phone":"02 38 94 00 23","email":"mairiedetrigueres@orange.fr","population":"1358 habitants","website":"","townhallAdress":"Le Bourg - 45220 - TRIGUERES"},{"text":"TRINAY","href":"./45/trinay.html","phone":"02 38 80 01 69","email":"mairie.trinay@wanadoo.fr","population":"210 habitants","website":"","townhallAdress":"Rue Artenay - 45410 - TRINAY"},{"text":"VANNES SUR COSSON","href":"./45/vannes-sur-cosson.html","phone":"02 38 58 04 17","email":"secretariat@vannes-sur-cosson.fr","population":"602 habitants","website":"","townhallAdress":"20 route Tigy - 45510 - VANNES-SUR-COSSON"},{"text":"VARENNES CHANGY","href":"./45/varennes-changy.html","phone":"02 38 94 50 41","email":"varenneschangy.mairie@wanadoo.fr","population":"1501 habitants","website":"","townhallAdress":"15 rue Nogent - 45290 - VARENNES-CHANGY"},{"text":"VENNECY","href":"./45/vennecy.html","phone":"02 38 75 01 46","email":"vennecy.mairie@wanadoo.fr","population":"1389 habitants","website":"","townhallAdress":"13 route de Neuville - 45760 - VENNECY"},{"text":"VIEILLES MAISONS SUR JOURDY","href":"./45/vieilles-maisons-sur-jourdy.html","phone":null,"email":null,"population":null,"website":null,"townhallAdress":null},{"text":"VIENNE EN VAL","href":"./45/vienne-en-val.html","phone":"02 38 58 81 23","email":"mairie-vienne-en-val@wanadoo.fr","population":"1738 habitants","website":"","townhallAdress":"13 route Orléans - 45510 - VIENNE-EN-VAL"},{"text":"VIGLAIN","href":"./45/viglain.html","phone":"02 38 37 20 15","email":"viglain@wanadoo.fr","population":"893 habitants","website":"","townhallAdress":"2 rue Romaine - 45600 - VIGLAIN"},{"text":"VILLAMBLAIN","href":"./45/villamblain.html","phone":"02 38 80 82 30","email":"mairie.villamblain@wanadoo.fr","population":"279 habitants","website":"","townhallAdress":"Rue des Ecoles - 45310 - VILLAMBLAIN"},{"text":"VILLEMANDEUR","href":"./45/villemandeur.html","phone":"02 38 07 16 70","email":"mairie@mairie-villemandeur.fr","population":"6656 habitants","website":"","townhallAdress":"1Bis avenue de la Libération - 45700 - VILLEMANDEUR"},{"text":"VILLEMOUTIERS","href":"./45/villemoutiers.html","phone":"02 38 95 51 89","email":"mairievillemoutiers@wanadoo.fr","population":"508 habitants","website":"","townhallAdress":"1 rue René Chéron - 45270 - VILLEMOUTIERS"},{"text":"VILLEMURLIN","href":"./45/villemurlin.html","phone":"02 38 36 25 12","email":"mairie@villemurlin.fr","population":"545 habitants","website":"","townhallAdress":"8 route de Cerdon - 45600 - VILLEMURLIN"},{"text":"VILLENEUVE SUR CONIE","href":"./45/villeneuve-sur-conie.html","phone":"02 38 80 81 56","email":"","population":"215 habitants","website":"","townhallAdress":"19 Grande Rue - 45310 - VILLENEUVE-SUR-CONIE"},{"text":"VILLEREAU","href":"./45/villereau.html","phone":"02 38 91 00 97","email":"mairie.villereau@wanadoo.fr","population":"402 habitants","website":"","townhallAdress":"11 rue Meslée - 45170 - VILLEREAU"},{"text":"VILLEVOQUES","href":"./45/villevoques.html","phone":"02 38 87 82 04","email":"mairiedevillevoques@wanadoo.fr","population":"221 habitants","website":"","townhallAdress":"1 rue Chaumerats - 45700 - VILLEVOQUES"},{"text":"VILLORCEAU","href":"./45/villorceau.html","phone":"02 38 44 51 88","email":"mairie.villorceau@wanadoo.fr","population":"1084 habitants","website":"","townhallAdress":"33 Grande Rue - 45190 - VILLORCEAU"},{"text":"VIMORY","href":"./45/vimory.html","phone":"02 38 85 00 65","email":"mairie.vimory@wanadoo.fr","population":"1119 habitants","website":"","townhallAdress":"Place Cas Rouge - 45700 - VIMORY"},{"text":"VITRY AUX LOGES","href":"./45/vitry-aux-loges.html","phone":"02 38 59 47 26","email":"mairie.vitry-aux-loges@wanadoo.fr","population":"1867 habitants","website":"","townhallAdress":"54 rue Gambetta - 45530 - VITRY-AUX-LOGES"},{"text":"VRIGNY","href":"./45/vrigny.html","phone":"02 38 34 18 07","email":"mairie.vrigny@wanadoo.fr","population":"773 habitants","website":"","townhallAdress":"1 place de l'Eglise - 45300 - VRIGNY"},{"text":"YEVRE LA VILLE","href":"./45/yevre-la-ville.html","phone":"02 38 34 23 48","email":"mairie-de-yevre-la-ville@wanadoo.fr","population":"709 habitants","website":"","townhallAdress":"101 rue Saint Lubin - 45300 - YEVRE-LA-VILLE"}]}