{"text":"41 | Loir-et-Cher","href":"loir-et-cher.html","townships":[{"text":"AMBLOY","href":"./41/ambloy.html","phone":"02 54 82 81 11","email":"","population":"167 habitants","website":"","townhallAdress":"Le Bourg - 41310 - AMBLOY"},{"text":"ANGE","href":"./41/ange.html","phone":"02 54 32 05 37","email":"mairie-ange@wanadoo.fr","population":"797 habitants","website":"","townhallAdress":"10 place de la Mairie - 41400 - ANGE"},{"text":"AREINES","href":"./41/areines.html","phone":"02 54 77 22 16","email":"mairie.areines@vendomois-rural.fr","population":"819 habitants","website":"","townhallAdress":"32 rue Vallée du Loir - 41100 - AREINES"},{"text":"ARTINS","href":"./41/artins.html","phone":"02 54 72 46 75","email":"mairie.artins@wanadoo.fr","population":"310 habitants","website":"","townhallAdress":"13 rue Plat d'Etain - 41800 - ARTINS"},{"text":"ARVILLE","href":"./41/arville.html","phone":"02 54 80 86 38","email":"mairie.arville@free.fr","population":"122 habitants","website":"","townhallAdress":"3, allée de la commanderie - 41170 - ARVILLE"},{"text":"AUTAINVILLE","href":"./41/autainville.html","phone":"02 54 72 32 97","email":"mairie.autainville@orange.fr","population":"370 habitants","website":"","townhallAdress":"8 rue de la Mairie - 41240 - AUTAINVILLE"},{"text":"AUTHON","href":"./41/authon.html","phone":"02 54 80 33 43","email":"mairie.authon@wanadoo.fr","population":"655 habitants","website":"","townhallAdress":"Place de la Mairie - 41310 - AUTHON"},{"text":"AVARAY","href":"./41/avaray.html","phone":"02 54 81 04 15","email":"mairie-avaray@wanadoo.fr","population":"733 habitants","website":"","townhallAdress":"35 Grande Rue - 41500 - AVARAY"},{"text":"AVERDON","href":"./41/averdon.html","phone":"02 54 20 16 59","email":"mairie.averdon@wanadoo.fr","population":"719 habitants","website":"","townhallAdress":"2 place de la Mairie - 41330 - AVERDON"},{"text":"AZE","href":"./41/aze.html","phone":"02 54 72 01 08","email":"mairie.aze@wanadoo.fr","population":"1123 habitants","website":"","townhallAdress":"9 rue Galette - 41100 - AZE"},{"text":"BAIGNEAUX","href":"./41/baigneaux.html","phone":"02 54 23 23 74","email":"mairie-baigneaux@wanadoo.fr","population":"53 habitants","website":"","townhallAdress":"Le Bourg - 41290 - BAIGNEAUX"},{"text":"BAILLOU","href":"./41/baillou.html","phone":"02 54 80 81 23","email":"mairiebaillou@wanadoo.fr","population":"253 habitants","website":"","townhallAdress":"Le Bourg - 41170 - BAILLOU"},{"text":"BAUZY","href":"./41/bauzy.html","phone":"02 54 46 41 93","email":"mairie.bauzy@wanadoo.fr","population":"266 habitants","website":"","townhallAdress":"1 route Neuvy - 41250 - BAUZY"},{"text":"BEAUCHENE","href":"./41/beauchene.html","phone":"02 54 80 94 54","email":"mairie.beauchene41170@orange.fr","population":"163 habitants","website":"","townhallAdress":"Le Bourg - 41170 - BEAUCHENE"},{"text":"BEAUVILLIERS","href":"./41/beauvilliers.html","phone":"02 54 23 01 67","email":"mairie.beauvilliers@wanadoo.fr","population":"56 habitants","website":"","townhallAdress":"Rue Principale - 41290 - BEAUVILLIERS"},{"text":"BILLY","href":"./41/billy.html","phone":"02 54 97 44 11","email":"billy.mairie@wanadoo.fr","population":"818 habitants","website":"","townhallAdress":"Place de l'Eglise - 41130 - BILLY"},{"text":"BINAS","href":"./41/binas.html","phone":"02 54 82 44 58","email":"mairie.binas@wanadoo.fr","population":"718 habitants","website":"","townhallAdress":"1 place Saint Maurice - 41240 - BINAS"},{"text":"BLOIS","href":"./41/blois.html","phone":"02 54 44 50 50","email":"dtn@ville-blois.fr","population":"50057 habitants","website":"","townhallAdress":"10 place Saint Louis - 41000 - BLOIS"},{"text":"BOISSEAU","href":"./41/boisseau.html","phone":"02 54 23 00 87","email":"mairie.boisseau@wanadoo.fr","population":"58 habitants","website":"","townhallAdress":"8 rue des Fontaines - 41290 - BOISSEAU"},{"text":"BONNEVEAU","href":"./41/bonneveau.html","phone":"02 54 23 75 48","email":"mairie.de.bonneveau@wanadoo.fr","population":"522 habitants","website":"","townhallAdress":"Le Bourg - 41800 - BONNEVEAU"},{"text":"BOUFFRY","href":"./41/bouffry.html","phone":"02 54 80 52 09","email":"mairie.bouffry@wanadoo.fr","population":"151 habitants","website":"","townhallAdress":"Le Bourg - 41270 - BOUFFRY"},{"text":"BOURRE","href":"./41/bourre.html","phone":"02 54 32 08 26","email":"mairie-bourre@wanadoo.fr","population":"751 habitants","website":"","townhallAdress":"40 route de Tours - 41400 - BOURRE"},{"text":"BOURSAY","href":"./41/boursay.html","phone":"02 54 80 81 81","email":"boursay@cg41.fr","population":"230 habitants","website":"","townhallAdress":"8 place de l'Eglise - 41270 - BOURSAY"},{"text":"BRACIEUX","href":"./41/bracieux.html","phone":"02 54 46 42 37","email":"mairiedebracieux@wanadoo.fr","population":"1303 habitants","website":"","townhallAdress":"Place de l'Hôtel de Ville - 41250 - BRACIEUX"},{"text":"BREVAINVILLE","href":"./41/brevainville.html","phone":"02 54 82 65 98","email":"mairie.brevainville@wanadoo.fr","population":"176 habitants","website":"","townhallAdress":"Le Bourg - 41160 - BREVAINVILLE"},{"text":"BRIOU","href":"./41/briou.html","phone":"02 54 87 42 71","email":"mairie-briou@wanadoo.fr","population":"114 habitants","website":"","townhallAdress":"7 rue des Tilleuls - 41370 - BRIOU"},{"text":"BUSLOUP","href":"./41/busloup.html","phone":"02 54 23 66 06","email":"mairie.busloup@wanadoo.fr","population":"455 habitants","website":"","townhallAdress":"1 rue Jacques Rasquier - 41160 - BUSLOUP"},{"text":"CANDE SUR BEUVRON","href":"./41/cande-sur-beuvron.html","phone":"02 54 44 06 66","email":"mairie.cande-sur-beuvron@wanadoo.fr","population":"1471 habitants","website":"","townhallAdress":"22 rue de l'Eglise - 41120 - CANDE-SUR-BEUVRON"},{"text":"CELLE","href":"./41/celle.html","phone":"02 54 23 72 09","email":"mairiedecelle@wanadoo.fr","population":"266 habitants","website":"","townhallAdress":"Le Bourg - 41360 - CELLE"},{"text":"CELLETTES","href":"./41/cellettes.html","phone":"02 54 70 47 54","email":"dgs@cellettes41.fr","population":"2304 habitants","website":"","townhallAdress":"26 rue de l'Eglise - 41120 - CELLETTES"},{"text":"CHAILLES","href":"./41/chailles.html","phone":"02 54 79 72 00","email":"mairiedechailles@orange.fr","population":"2471 habitants","website":"","townhallAdress":"78 rue Nationale - 41120 - CHAILLES"},{"text":"CHAMBON SUR CISSE","href":"./41/chambon-sur-cisse.html","phone":"02 54 70 03 48","email":"mairiedechambonsurcisse@cegetel.net","population":"746 habitants","website":"","townhallAdress":"Rue Maréchal de Lattre de Tassigny - 41190 - CHAMBON-SUR-CISSE"},{"text":"CHAMBORD","href":"./41/chambord.html","phone":"02 54 20 31 53","email":"mairie-chambord41@wanadoo.fr","population":"160 habitants","website":"","townhallAdress":"Rue de la Mairie - 41250 - CHAMBORD"},{"text":"CHAMPIGNY EN BEAUCE","href":"./41/champigny-en-beauce.html","phone":"02 54 20 61 10","email":"mairie.champigny.en.beauce@wanadoo.fr","population":"662 habitants","website":"","townhallAdress":"Grande rue - 41330 - CHAMPIGNY-EN-BEAUCE"},{"text":"CHAON","href":"./41/chaon.html","phone":"02 54 88 46 36","email":"mairie@chaon.fr","population":"453 habitants","website":"","townhallAdress":"2 place de la Mairie - 41600 - CHAON"},{"text":"CHATEAUVIEUX","href":"./41/chateauvieux.html","phone":"02 54 75 21 06","email":"mairie.chateauvieux@wanadoo.fr","population":"562 habitants","website":"","townhallAdress":"1 rue des Déportés 2 Mai 1944 - 41110 - CHATEAUVIEUX"},{"text":"CHATILLON SUR CHER","href":"./41/chatillon-sur-cher.html","phone":"02 54 71 02 82","email":"mairie-chatillon-sur-cher@wanadoo.fr","population":"1644 habitants","website":"","townhallAdress":"2 rue de la Mairie - 41130 - CHATILLON-SUR-CHER"},{"text":"CHATRES SUR CHER","href":"./41/chatres-sur-cher.html","phone":"02 54 98 03 24","email":"","population":"1088 habitants","website":"","townhallAdress":"Rue du 11 Novembre 1918 - 41320 - CHATRES-SUR-CHER"},{"text":"CHAUMONT SUR LOIRE","href":"./41/chaumont-sur-loire.html","phone":"02 54 20 98 41","email":"mairie.chaumontsloire@wanadoo.fr","population":"1042 habitants","website":"","townhallAdress":"81 rue Maréchal de Lattre de Tassigny - 41150 - CHAUMONT-SUR-LOIRE"},{"text":"CHAUMONT SUR THARONNE","href":"./41/chaumont-sur-tharonne.html","phone":"02 54 88 84 00","email":"chaumont-sur-tharonne.mairie@wanadoo.fr","population":"1106 habitants","website":"","townhallAdress":"10 rue du Romorantin - 41600 - CHAUMONT-SUR-THARONNE"},{"text":"CHAUVIGNY DU PERCHE","href":"./41/chauvigny-du-perche.html","phone":"02 54 80 68 53","email":"mairiechauvigny-du-perche@wanadoo.fr","population":"234 habitants","website":"","townhallAdress":"9 rue du Perche - 41270 - CHAUVIGNY-DU-PERCHE"},{"text":"CHEMERY","href":"./41/chemery.html","phone":"02 54 71 80 24","email":"mairie.chemery@wanadoo.fr","population":"974 habitants","website":"","townhallAdress":"59 rue Nationale - 41700 - CHEMERY"},{"text":"CHEVERNY","href":"./41/cheverny.html","phone":"02 54 79 97 78","email":"mairie.cheverny@orange.fr","population":"971 habitants","website":"","townhallAdress":"Place de l'Eglise - 41700 - CHEVERNY"},{"text":"CHISSAY EN TOURAINE","href":"./41/chissay-en-touraine.html","phone":"02 54 32 32 20","email":"mairie.chissay@wanadoo.fr","population":"1124 habitants","website":"","townhallAdress":"20 rue Etienne Denis - 41400 - CHISSAY-EN-TOURAINE"},{"text":"CHITENAY","href":"./41/chitenay.html","phone":"02 54 70 42 12","email":"commune-chitenay@wanadoo.fr","population":"1052 habitants","website":"","townhallAdress":"17 Grande rue - 41120 - CHITENAY"},{"text":"CHOUE","href":"./41/choue.html","phone":"02 54 80 92 28","email":"commune.de.choue@wanadoo.fr","population":"537 habitants","website":"","townhallAdress":"Place de la Mairie - 41170 - CHOUE"},{"text":"CHOUSSY","href":"./41/choussy.html","phone":"02 54 71 58 42","email":"mairie.choussy@wanadoo.fr","population":"317 habitants","website":"","townhallAdress":"5 route de Touraine - 41700 - CHOUSSY"},{"text":"CHOUZY SUR CISSE","href":"./41/chouzy-sur-cisse.html","phone":"02 54 33 55 45","email":"mairie-chouzy-41@wanadoo.fr","population":"1890 habitants","website":"","townhallAdress":"14 place de la Mairie - 41150 - CHOUZY-SUR-CISSE"},{"text":"CONAN","href":"./41/conan.html","phone":"02 54 23 87 10","email":"mairie.conan@orange.fr","population":"197 habitants","website":"","townhallAdress":"3 rue Des Hayes - 41290 - CONAN"},{"text":"CONCRIERS","href":"./41/concriers.html","phone":"02 54 81 09 26","email":"commune.concriers@wanadoo.fr","population":"160 habitants","website":"","townhallAdress":"17 rue de l'Ecole - 41370 - CONCRIERS"},{"text":"CONTRES","href":"./41/contres.html","phone":"02 54 79 53 22","email":"accueil.mairie.contres@fr.oleane.com","population":"3512 habitants","website":"","townhallAdress":"8 place du 8 Mai 1945 - 41700 - CONTRES"},{"text":"CORMENON","href":"./41/cormenon.html","phone":"02 54 80 91 19","email":"cormenon.mairie@wanadoo.fr","population":"708 habitants","website":"","townhallAdress":"84 rue de la Poterie - 41170 - CORMENON"},{"text":"CORMERAY","href":"./41/cormeray.html","phone":"02 54 44 26 19","email":"mairie.cormeray@orange.fr","population":"1380 habitants","website":"","townhallAdress":"23 rue de la République - 41120 - CORMERAY"},{"text":"COUDDES","href":"./41/couddes.html","phone":"02 54 71 32 17","email":"mairie-de-couddes@wanadoo.fr","population":"522 habitants","website":"","townhallAdress":"Le Bourg - 41700 - COUDDES"},{"text":"COUFFY","href":"./41/couffy.html","phone":"02 54 75 23 02","email":"mairie.couffy@wanadoo.fr","population":"582 habitants","website":"","townhallAdress":"7 route Saint Aignan - 41110 - COUFFY"},{"text":"COULANGES","href":"./41/coulanges.html","phone":"02 54 20 45 59","email":"mairie.coulanges.41@wanadoo.fr","population":"315 habitants","website":"","townhallAdress":"1 rue de la Fontaine - 41150 - COULANGES"},{"text":"COULOMMIERS LA TOUR","href":"./41/coulommiers-la-tour.html","phone":"02 54 77 13 92","email":"mairie-coulommiers-la-tour@wanadoo.fr","population":"536 habitants","website":"","townhallAdress":"10 place de Mai 1945 - 41100 - COULOMMIERS-LA-TOUR"},{"text":"COURBOUZON","href":"./41/courbouzon.html","phone":"02 54 81 01 90","email":"mairie.courbouzon@wanadoo.fr","population":"478 habitants","website":"","townhallAdress":"Rue de Champsort - 41500 - COURBOUZON"},{"text":"COUR CHEVERNY","href":"./41/cour-cheverny.html","phone":"02 54 79 96 38","email":"mairie.cour.cheverny@wanadoo.fr","population":"2747 habitants","website":"","townhallAdress":"1 place de la République - 41700 - COUR-CHEVERNY"},{"text":"COURMEMIN","href":"./41/courmemin.html","phone":"02 54 83 84 07","email":"mairie.courmemin@wanadoo.fr","population":"526 habitants","website":"","townhallAdress":"7 rue François 1er - 41230 - COURMEMIN"},{"text":"COUR SUR LOIRE","href":"./41/cour-sur-loire.html","phone":"02 54 46 83 60","email":"mairie-cour@wanadoo.fr","population":"295 habitants","website":"","townhallAdress":"Rue de la Mairie - 41500 - COUR-SUR-LOIRE"},{"text":"COUTURE SUR LOIR","href":"./41/couture-sur-loir.html","phone":"02 54 72 42 03","email":"mairie.couture-sur-loir@wanadoo.fr","population":"438 habitants","website":"","townhallAdress":"1 place AFN - 41800 - COUTURE-SUR-LOIR"},{"text":"CROUY SUR COSSON","href":"./41/crouy-sur-cosson.html","phone":"02 54 87 51 07","email":"mairie-de-crouy-sur-cosson@wanadoo.fr","population":"510 habitants","website":"","townhallAdress":"6 place de la Mairie - 41220 - CROUY-SUR-COSSON"},{"text":"CRUCHERAY","href":"./41/crucheray.html","phone":"02 54 77 04 45","email":"mairie.crucheray@wanadoo.fr","population":"401 habitants","website":"","townhallAdress":"12 rue du Point du Jour - 41100 - CRUCHERAY"},{"text":"DANZE","href":"./41/danze.html","phone":"02 54 80 61 52","email":"mairie.danze@wanadoo.fr","population":"745 habitants","website":"","townhallAdress":"Place de l'Eglise - 41160 - DANZE"},{"text":"DHUIZON","href":"./41/dhuizon.html","phone":"02 54 98 50 00","email":"mairie-dhuizon@wanadoo.fr","population":"1401 habitants","website":"","townhallAdress":"Place Saint Pierre - 41220 - DHUIZON"},{"text":"DROUE","href":"./41/droue.html","phone":"02 54 80 50 39","email":"mairiedroue@aol.com","population":"1136 habitants","website":"","townhallAdress":"24 rue Saint Nicolas - 41270 - DROUE"},{"text":"EPIAIS","href":"./41/epiais.html","phone":"02 54 23 00 77","email":"mairie.epiais@wanadoo.fr","population":"117 habitants","website":"","townhallAdress":"Route de Vendôme - 41290 - EPIAIS"},{"text":"EPUISAY","href":"./41/epuisay.html","phone":"02 54 72 01 79","email":"mairie.epuisay@wanadoo.fr","population":"696 habitants","website":"","townhallAdress":"Rue des Bleuets - 41360 - EPUISAY"},{"text":"FAVEROLLES SUR CHER","href":"./41/faverolles-sur-cher.html","phone":"02 54 32 04 01","email":"faverollessurcher@wanadoo.fr","population":"1356 habitants","website":"","townhallAdress":"19 rue de la Mairie - 41400 - FAVEROLLES-SUR-CHER"},{"text":"FAYE","href":"./41/faye.html","phone":"02 54 77 50 23","email":"mairie.faye@wanadoo.fr","population":"191 habitants","website":"","townhallAdress":"Rue du Château - 41100 - FAYE"},{"text":"FEINGS","href":"./41/feings.html","phone":"02 54 20 27 33","email":"mairie-feings2@wanadoo.fr","population":"657 habitants","website":"","townhallAdress":"2 rue de Bièvre - 41120 - FEINGS"},{"text":"FONTAINE LES COTEAUX","href":"./41/fontaine-les-coteaux.html","phone":"02 54 85 33 58","email":"fontaine-les-coteaux@wanadoo.fr","population":"393 habitants","website":"","townhallAdress":"Le Bourg - 41800 - FONTAINE-LES-COTEAUX"},{"text":"FONTAINE RAOUL","href":"./41/fontaine-raoul.html","phone":"02 54 80 16 52","email":"mairie.fontaine-raoul@wanadoo.fr","population":"227 habitants","website":"","townhallAdress":"Rue Principale - 41270 - FONTAINE-RAOUL"},{"text":"FONTAINES EN SOLOGNE","href":"./41/fontaines-en-sologne.html","phone":"02 54 46 42 24","email":"mairie-fontaines-en-sologne@wanadoo.fr","population":"592 habitants","website":"","townhallAdress":"Route de Bracieux - 41250 - FONTAINES-EN-SOLOGNE"},{"text":"FORTAN","href":"./41/fortan.html","phone":"02 54 72 00 97","email":"mairie.fortan@wanadoo.fr","population":"259 habitants","website":"","townhallAdress":"2 place de l'Eglise - 41360 - FORTAN"},{"text":"FOSSE","href":"./41/fosse.html","phone":"02 54 20 04 03","email":"mairiedefosse-41@wanadoo.fr","population":"1006 habitants","website":"","townhallAdress":"20 rue Saint Sulpice - 41330 - FOSSE"},{"text":"FOUGERES SUR BIEVRE","href":"./41/fougeres-sur-bievre.html","phone":"02 54 20 26 50","email":"mairie-fougeres.bievre@wanadoo.fr","population":"811 habitants","website":"","townhallAdress":"2 rue de l'Eglise - 41120 - FOUGERES-SUR-BIEVRE"},{"text":"FRANCAY","href":"./41/francay.html","phone":"02 54 46 17 59","email":"mairie.francay@wanadoo.fr","population":"293 habitants","website":"","townhallAdress":"3 rue Perche - 41190 - FRANCAY"},{"text":"FRESNES","href":"./41/fresnes.html","phone":"02 54 79 53 19","email":"mairie.fresnes41@wanadoo.fr","population":"1006 habitants","website":"","townhallAdress":"Place de la Mairie - 41700 - FRESNES"},{"text":"FRETEVAL","href":"./41/freteval.html","phone":"02 54 82 63 52","email":"freteval.mairie@wanadoo.fr","population":"1046 habitants","website":"","townhallAdress":"31 rue Louis et Marie Tessier - 41160 - FRETEVAL"},{"text":"GIEVRES","href":"./41/gievres.html","phone":"02 54 98 60 61","email":"MAIRIE-DE-GIEVRES@wanadoo.fr","population":"2238 habitants","website":"","townhallAdress":"43 rue André Bonnet - 41130 - GIEVRES"},{"text":"GOMBERGEAN","href":"./41/gombergean.html","phone":"02 54 82 90 78","email":"mairie.gombergean@wanadoo.fr","population":"159 habitants","website":"","townhallAdress":"16 rue de la Liberté - 41310 - GOMBERGEAN"},{"text":"GY EN SOLOGNE","href":"./41/gy-en-sologne.html","phone":"02 54 83 83 03","email":"mairie-gy-en-sologne@wanadoo.fr","population":"518 habitants","website":"","townhallAdress":"Le Bourg - 41230 - GY-EN-SOLOGNE"},{"text":"HERBAULT","href":"./41/herbault.html","phone":"02 54 46 13 33","email":"mairieherbault@wanadoo.fr","population":"1317 habitants","website":"","townhallAdress":"4 place de l'Hôtel de Ville - 41190 - HERBAULT"},{"text":"HOUSSAY","href":"./41/houssay.html","phone":"02 54 85 06 53","email":"mairie.houssay@wanadoo.fr","population":"372 habitants","website":"","townhallAdress":"7 rue Principale - 41800 - HOUSSAY"},{"text":"HUISSEAU EN BEAUCE","href":"./41/huisseau-en-beauce.html","phone":"02 54 82 81 38","email":"mairie.huisseau.en.beauce@wanadoo.fr","population":"417 habitants","website":"","townhallAdress":"4 avenue Haute Voie - 41310 - HUISSEAU-EN-BEAUCE"},{"text":"HUISSEAU SUR COSSON","href":"./41/huisseau-sur-cosson.html","phone":"02 54 20 31 07","email":"mairie-huisseausurcosson@wanadoo.fr","population":"2182 habitants","website":"","townhallAdress":"253 route de Chambord - 41350 - HUISSEAU-SUR-COSSON"},{"text":"JOSNES","href":"./41/josnes.html","phone":"02 54 87 40 18","email":"mairie-de-josnes@wanadoo.fr","population":"963 habitants","website":"","townhallAdress":"Place de la Mairie - 41370 - JOSNES"},{"text":"LA CHAPELLE ENCHERIE","href":"./41/la-chapelle-encherie.html","phone":"02 54 77 58 42","email":"mairie-la-chapelle-encherie@wanadoo.fr","population":"160 habitants","website":"","townhallAdress":"13 rue Marie Luce - 41290 - LA-CHAPELLE-ENCHERIE"},{"text":"LA CHAPELLE MONTMARTIN","href":"./41/la-chapelle-montmartin.html","phone":"02 54 96 41 33","email":"lachapellemontmartin@wanadoo.fr","population":"402 habitants","website":"","townhallAdress":"5 route Saint Julien - 41320 - LA-CHAPELLE-MONTMARTIN"},{"text":"LA CHAPELLE ST MARTIN EN PLAIN","href":"./41/la-chapelle-st-martin-en-plain.html","phone":null,"email":null,"population":null,"website":null,"townhallAdress":null},{"text":"LA CHAPELLE VENDOMOISE","href":"./41/la-chapelle-vendomoise.html","phone":"02 54 20 16 18","email":"mairie.lachapellevendomoise@wanadoo.fr","population":"769 habitants","website":"","townhallAdress":"1 route de Blois - 41330 - LA-CHAPELLE-VENDOMOISE"},{"text":"LA CHAPELLE VICOMTESSE","href":"./41/la-chapelle-vicomtesse.html","phone":"02 54 80 52 12","email":"mairiechapellevicomtesse@wanadoo.fr","population":"189 habitants","website":"","townhallAdress":"17 rue Saint Michel - 41270 - LA-CHAPELLE-VICOMTESSE"},{"text":"LA CHAUSSEE SAINT VICTOR","href":"./41/la-chaussee-saint-victor.html","phone":"02 54 55 40 40","email":"mairie@lcsv.fr","population":"4286 habitants","website":"","townhallAdress":"Place Etienne Régnier - 41260 - LA-CHAUSSEE-SAINT-VICTOR"},{"text":"LA COLOMBE","href":"./41/la-colombe.html","phone":"02 54 72 37 22","email":"lacolombe.mairie@wanadoo.fr","population":"183 habitants","website":"","townhallAdress":"9 rue de la Mairie - 41160 - LA-COLOMBE"},{"text":"LA FERTE BEAUHARNAIS","href":"./41/la-ferte-beauharnais.html","phone":"02 54 83 60 74","email":"lafertebeauharnais@wanadoo.fr","population":"524 habitants","website":"","townhallAdress":"375 rue Général Alexandre - 41210 - LA-FERTE-BEAUHARNAIS"},{"text":"LA FERTE IMBAULT","href":"./41/la-ferte-imbault.html","phone":"02 54 96 22 13","email":"mairie.laferteimbault@wanadoo.fr","population":"993 habitants","website":"","townhallAdress":"42 rue Nationale - 41300 - LA-FERTE-IMBAULT"},{"text":"LA FERTE SAINT CYR","href":"./41/la-ferte-saint-cyr.html","phone":"02 54 87 91 40","email":"mairie.lafertesaintcyr@wanadoo.fr","population":"997 habitants","website":"","townhallAdress":"5Bis Le Bourg - 41220 - LA-FERTE-SAINT-CYR"},{"text":"LA FONTENELLE","href":"./41/la-fontenelle.html","phone":"02 54 80 51 32","email":"mairiedelafontenelle@wanadoo.fr","population":"189 habitants","website":"","townhallAdress":"13 rue de la Mairie - 41270 - LA-FONTENELLE"},{"text":"LA MADELEINE VILLEFROUIN","href":"./41/la-madeleine-villefrouin.html","phone":"02 54 72 30 81","email":"mairie.madeleine@wanadoo.fr","population":"28 habitants","website":"","townhallAdress":"La Madeleine - 41370 - LA-MADELEINE-VILLEFROUIN"},{"text":"LA MAROLLE EN SOLOGNE","href":"./41/la-marolle-en-sologne.html","phone":"02 54 83 64 16","email":"mairie.lamarolleensologne@wanadoo.fr","population":"387 habitants","website":"","townhallAdress":"14 rue des Ecoles - 41210 - LA-MAROLLE-EN-SOLOGNE"},{"text":"LAMOTTE BEUVRON","href":"./41/lamotte-beuvron.html","phone":"02 54 88 84 91","email":"contact@lamotte-beuvron.fr","population":"4676 habitants","website":"","townhallAdress":"41 avenue de l'Hôtel de Ville - 41600 - LAMOTTE-BEUVRON"},{"text":"LANCE","href":"./41/lance.html","phone":"02 54 82 81 24","email":"thierry-lacroix-lance@wanadoo.fr","population":"441 habitants","website":"","townhallAdress":"17 rue Saint Martin - 41310 - LANCE"},{"text":"LANCOME","href":"./41/lancome.html","phone":"02 54 46 16 40","email":"mairie-de-lancome@wanadoo.fr","population":"142 habitants","website":"","townhallAdress":"7 rue Cisse - 41190 - LANCOME"},{"text":"LANDES LE GAULOIS","href":"./41/landes-le-gaulois.html","phone":"02 54 20 18 40","email":"landes.le.gaulois@wanadoo.fr","population":"675 habitants","website":"","townhallAdress":"2 rue des Ecoles - 41190 - LANDES-LE-GAULOIS"},{"text":"LANGON","href":"./41/langon.html","phone":"02 54 96 41 05","email":"langonmairie@orange.fr","population":"846 habitants","website":"","townhallAdress":"1 rue de l'Ecole - 41320 - LANGON"},{"text":"LASSAY SUR CROISNE","href":"./41/lassay-sur-croisne.html","phone":"02 54 83 86 22","email":"mairielassaysurcroisne@wanadoo.fr","population":"238 habitants","website":"","townhallAdress":"Le Bourg - 41230 - LASSAY-SUR-CROISNE"},{"text":"LAVARDIN","href":"./41/lavardin.html","phone":"02 54 85 07 74","email":"communedelavardin@wanadoo.fr","population":"225 habitants","website":"","townhallAdress":"2 impasse Saint Genest - 41800 - LAVARDIN"},{"text":"LA VILLE AUX CLERCS","href":"./41/la-ville-aux-clercs.html","phone":"02 54 80 62 35","email":"mairie.la-ville-aux-clercs@wanadoo.fr","population":"1327 habitants","website":"","townhallAdress":"Place de la Mairie - 41160 - LA-VILLE-AUX-CLERCS"},{"text":"LE GAULT PERCHE","href":"./41/le-gault-perche.html","phone":"02 54 80 52 52","email":"","population":"274 habitants","website":"","townhallAdress":"18 Grande rue - 41270 - LE-GAULT-PERCHE"},{"text":"LE PLESSIS DORIN","href":"./41/le-plessis-dorin.html","phone":"02 54 80 93 99","email":"mairie.plessis-dorin@wanadoo.fr","population":"191 habitants","website":"","townhallAdress":"Le Bourg - 41170 - LE-PLESSIS-DORIN"},{"text":"LE PLESSIS L ECHELLE","href":"./41/le-plessis-l-echelle.html","phone":"02 54 72 31 65","email":"commune.leplessis.lechelle@wanadoo.fr","population":"70 habitants","website":"","townhallAdress":"15 route Beaugency - 41370 - LE-PLESSIS-L'ECHELLE"},{"text":"LE POISLAY","href":"./41/le-poislay.html","phone":"02 54 80 53 04","email":"le.poislay@cg41.fr","population":"215 habitants","website":"","townhallAdress":"3 Le Bourg - 41270 - LE-POISLAY"},{"text":"LES ESSARTS","href":"./41/les-essarts.html","phone":"02 54 72 46 09","email":"mairie.lesessarts@wanadoo.fr","population":"104 habitants","website":"","townhallAdress":"Le Bourg - 41800 - LES-ESSARTS"},{"text":"LES HAYES","href":"./41/les-hayes.html","phone":"02 54 72 59 40","email":"mairie.les.hayes@orange.fr","population":"193 habitants","website":"","townhallAdress":"Le Bourg - 41800 - LES-HAYES"},{"text":"LES MONTILS","href":"./41/les-montils.html","phone":"02 54 44 01 33","email":"mairie.les.montils@wanadoo.fr","population":"1690 habitants","website":"","townhallAdress":"8 rue Bel air - 41120 - LES-MONTILS"},{"text":"LES ROCHES L EVEQUE","href":"./41/les-roches-l-eveque.html","phone":"02 54 85 02 37","email":"mairie.lesrochesleveque@wanadoo.fr","population":"299 habitants","website":"","townhallAdress":"1 place de l'Eglise - 41800 - LES-ROCHES-L'EVEQUE"},{"text":"LESTIOU","href":"./41/lestiou.html","phone":"02 54 81 06 24","email":"mairiedelestiou@free.fr","population":"261 habitants","website":"","townhallAdress":"26 Grande rue - 41500 - LESTIOU"},{"text":"LE TEMPLE","href":"./41/le-temple.html","phone":"02 54 80 94 53","email":"commune.le.temple@wanadoo.fr","population":"181 habitants","website":"","townhallAdress":"Le Bourg - 41170 - LE-TEMPLE"},{"text":"LIGNIERES","href":"./41/lignieres.html","phone":"02 54 23 42 51","email":"mairie.lignieres@wanadoo.fr","population":"407 habitants","website":"","townhallAdress":"11 rue du Bourg - 41160 - LIGNIERES"},{"text":"LISLE","href":"./41/lisle.html","phone":"02 54 23 41 75","email":"mairie.lisle@wanadoo.fr","population":"222 habitants","website":"","townhallAdress":"3 route Nationale - 41100 - LISLE"},{"text":"LOREUX","href":"./41/loreux.html","phone":"02 54 76 14 56","email":"mairie.loreux@wanadoo.fr","population":"237 habitants","website":"","townhallAdress":"10 route de Romorantin - 41200 - LOREUX"},{"text":"LORGES","href":"./41/lorges.html","phone":"02 54 87 43 01","email":"mairielorges@wanadoo.fr","population":"346 habitants","website":"","townhallAdress":"10 place de la Mairie - 41370 - LORGES"},{"text":"LUNAY","href":"./41/lunay.html","phone":"02 54 72 04 79","email":"mairie@lunay.com","population":"1374 habitants","website":"","townhallAdress":"7 place de l'Eglise - 41360 - LUNAY"},{"text":"MARAY","href":"./41/maray.html","phone":"02 54 98 03 07","email":"mairie.maray@wanadoo.fr","population":"240 habitants","website":"","townhallAdress":"1 place de la Mairie - 41320 - MARAY"},{"text":"MARCHENOIR","href":"./41/marchenoir.html","phone":"02 54 72 35 35","email":"mairie-marchenoir@wanadoo.fr","population":"693 habitants","website":"","townhallAdress":"24 place de l'Eglise - 41370 - MARCHENOIR"},{"text":"MARCILLY EN BEAUCE","href":"./41/marcilly-en-beauce.html","phone":"02 54 77 15 86","email":"mairie-marcilly-en-beauce@wanadoo.fr","population":"367 habitants","website":"","townhallAdress":"4 rue du Bourg Neuf - 41100 - MARCILLY-EN-BEAUCE"},{"text":"MARCILLY EN GAULT","href":"./41/marcilly-en-gault.html","phone":"02 54 96 67 06","email":"margault@wanadoo.fr","population":"765 habitants","website":"","townhallAdress":"3 route Millançay - 41210 - MARCILLY-EN-GAULT"},{"text":"MAREUIL SUR CHER","href":"./41/mareuil-sur-cher.html","phone":"02 54 75 15 13","email":"mairie.mareuil.sur.cher@wanadoo.fr","population":"1118 habitants","website":"","townhallAdress":"75 rue de la République - 41110 - MAREUIL-SUR-CHER"},{"text":"MAROLLES","href":"./41/marolles.html","phone":"02 54 20 03 26","email":"commune-marolles@wanadoo.fr","population":"712 habitants","website":"","townhallAdress":"24 rue des Ecoles - 41330 - MAROLLES"},{"text":"MASLIVES","href":"./41/maslives.html","phone":"02 54 81 60 74","email":"mairie-maslives@wanadoo.fr","population":"652 habitants","website":"","townhallAdress":"Rue de Chambord - 41250 - MASLIVES"},{"text":"MAVES","href":"./41/maves.html","phone":"02 54 87 31 18","email":"mairie-maves@wanadoo.fr","population":"599 habitants","website":"","townhallAdress":"4 rue Sixtre - 41500 - MAVES"},{"text":"MAZANGE","href":"./41/mazange.html","phone":"02 54 72 00 27","email":"mairie.mazange@wanadoo.fr","population":"946 habitants","website":"","townhallAdress":"3 route Fortan - 41100 - MAZANGE"},{"text":"MEHERS","href":"./41/mehers.html","phone":"02 54 71 80 32","email":"mairie.mehers@wanadoo.fr","population":"313 habitants","website":"","townhallAdress":"Le Bourg - 41140 - MEHERS"},{"text":"MEMBROLLES","href":"./41/membrolles.html","phone":"02 54 80 48 05","email":"mairie.membrolles@wanadoo.fr","population":"245 habitants","website":"","townhallAdress":"7 rue du Général Ales - 41240 - MEMBROLLES"},{"text":"MENARS","href":"./41/menars.html","phone":"02 54 46 81 25","email":"mairie.menars@wanadoo.fr","population":"645 habitants","website":"","townhallAdress":"24 avenue Guillaume Charron - 41500 - MENARS"},{"text":"MENNETOU SUR CHER","href":"./41/mennetou-sur-cher.html","phone":"02 54 98 01 19","email":"mairie.mennetou@wanadoo.fr","population":"894 habitants","website":"","townhallAdress":"16 rue Pierre Loyau - 41320 - MENNETOU-SUR-CHER"},{"text":"MER","href":"./41/mer.html","phone":"02 54 81 40 80","email":"contact@ville-de-mer.com","population":"5983 habitants","website":"","townhallAdress":"9 rue Nationale - 41500 - MER"},{"text":"MESLAND","href":"./41/mesland.html","phone":"02 54 70 28 14","email":"mairie-mesland@wanadoo.fr","population":"554 habitants","website":"","townhallAdress":"22 Grande rue - 41150 - MESLAND"},{"text":"MESLAY","href":"./41/meslay.html","phone":"02 54 77 21 30","email":"mairie-meslay@vendomois-rural.fr","population":"316 habitants","website":"","townhallAdress":"5 rue Manufacture - 41100 - MESLAY"},{"text":"MEUSNES","href":"./41/meusnes.html","phone":"02 54 71 00 23","email":"mairie-meusnes@wanadoo.fr","population":"1028 habitants","website":"","townhallAdress":"1 place Marguerite Jourdain - 41130 - MEUSNES"},{"text":"MILLANCAY","href":"./41/millancay.html","phone":"02 54 96 64 78","email":"mairie.millancay@wanadoo.fr","population":"774 habitants","website":"","townhallAdress":"7 rue Carnutes - 41200 - MILLANCAY"},{"text":"MOISY","href":"./41/moisy.html","phone":"02 54 82 62 18","email":"mairie.moisy@wanadoo.fr","population":"309 habitants","website":"","townhallAdress":"8 route de Blois - 41160 - MOISY"},{"text":"MOLINEUF","href":"./41/molineuf.html","phone":"02 54 70 05 23","email":"mairie.molineuf@wanadoo.fr","population":"834 habitants","website":"","townhallAdress":"8 place du 11 Novembre - 41190 - MOLINEUF"},{"text":"MONDOUBLEAU","href":"./41/mondoubleau.html","phone":"02 54 80 90 73","email":"mairiemondoubleau@wanadoo.fr","population":"1535 habitants","website":"","townhallAdress":"Place du Marché - 41170 - MONDOUBLEAU"},{"text":"MONTEAUX","href":"./41/monteaux.html","phone":"02 54 70 22 28","email":"mairie.monteaux@wanadoo.fr","population":"791 habitants","website":"","townhallAdress":"24 rue de la Vallée - 41150 - MONTEAUX"},{"text":"MONTHOU SUR BIEVRE","href":"./41/monthou-sur-bievre.html","phone":"02 54 44 03 51","email":"mairie-monthousurbievre@wanadoo.fr","population":"708 habitants","website":"","townhallAdress":"34 rue Montrichard - 41120 - MONTHOU-SUR-BIEVRE"},{"text":"MONTHOU SUR CHER","href":"./41/monthou-sur-cher.html","phone":"02 54 71 43 17","email":"mairie.monthou@wanadoo.fr","population":"957 habitants","website":"","townhallAdress":"2 rue de la Mairie - 41400 - MONTHOU-SUR-CHER"},{"text":"MONTLIVAULT","href":"./41/montlivault.html","phone":"02 54 20 62 18","email":"mairie.montlivault@wanadoo.fr","population":"1360 habitants","website":"","townhallAdress":"Grande rue - 41350 - MONTLIVAULT"},{"text":"MONTOIRE SUR LE LOIR","href":"./41/montoire-sur-le-loir.html","phone":"02 54 85 00 29","email":"mairie.montoire@wanadoo.fr","population":"4298 habitants","website":"","townhallAdress":"18 place Clémenceau - 41800 - MONTOIRE-SUR-LE-LOIR"},{"text":"MONT PRES CHAMBORD","href":"./41/mont-pres-chambord.html","phone":"02 54 70 58 00","email":"mairie.mpc@wanadoo.fr","population":"3353 habitants","website":"","townhallAdress":"4 place du 8 Mai - 41250 - MONT-PRES-CHAMBORD"},{"text":"MONTRICHARD","href":"./41/montrichard.html","phone":"02 54 71 66 34","email":"info@montrichard.fr","population":"3507 habitants","website":"","townhallAdress":"25 rue Nationale - 41400 - MONTRICHARD"},{"text":"MONTRIEUX EN SOLOGNE","href":"./41/montrieux-en-sologne.html","phone":"02 54 98 21 07","email":"mairie.montrieux@wanadoo.fr","population":"616 habitants","website":"","townhallAdress":"2 place Emile Dubonnet - 41210 - MONTRIEUX-EN-SOLOGNE"},{"text":"MONTROUVEAU","href":"./41/montrouveau.html","phone":"02 54 72 57 12","email":"communedemontrouveau@wanadoo.fr","population":"128 habitants","website":"","townhallAdress":"Le Bourg - 41800 - MONTROUVEAU"},{"text":"MOREE","href":"./41/moree.html","phone":"02 54 82 60 29","email":"mairie-de-moree@wanadoo.fr","population":"1097 habitants","website":"","townhallAdress":"28 rue des Prés - 41160 - MOREE"},{"text":"MUIDES SUR LOIRE","href":"./41/muides-sur-loire.html","phone":"02 54 87 50 08","email":"mairie.muides@wanadoo.fr","population":"1348 habitants","website":"","townhallAdress":"20Bis rue de la Mairie - 41500 - MUIDES-SUR-LOIRE"},{"text":"MULSANS","href":"./41/mulsans.html","phone":"02 54 87 34 73","email":"mairie.mulsans@wanadoo.fr","population":"438 habitants","website":"","townhallAdress":"10 route de Blois - 41500 - MULSANS"},{"text":"MUR DE SOLOGNE","href":"./41/mur-de-sologne.html","phone":"02 54 83 81 15","email":"mairie.murdesologne@wanadoo.fr","population":"1326 habitants","website":"","townhallAdress":"3 square Maréchal de Lattre De Tassigny - 41230 - MUR-DE-SOLOGNE"},{"text":"NAVEIL","href":"./41/naveil.html","phone":"02 54 73 57 50","email":"mairie-naveil@wanadoo.fr","population":"2078 habitants","website":"","townhallAdress":"Place Louis Leygue - 41100 - NAVEIL"},{"text":"NEUNG SUR BEUVRON","href":"./41/neung-sur-beuvron.html","phone":"02 54 83 63 38","email":"mairie-neungsurbeuvron@wanadoo.fr","population":"1223 habitants","website":"","townhallAdress":"1 rue des Anges - 41210 - NEUNG-SUR-BEUVRON"},{"text":"NEUVY","href":"./41/neuvy.html","phone":"02 54 46 03 79","email":"mairie.de.neuvy@wanadoo.fr","population":"333 habitants","website":"","townhallAdress":"21 route Neung sur Beuvron - 41250 - NEUVY"},{"text":"NOUAN LE FUZELIER","href":"./41/nouan-le-fuzelier.html","phone":"02 54 88 74 40","email":"mairie.nouan.le.fuzelier@wanadoo.fr","population":"2647 habitants","website":"","townhallAdress":"1 rue Grande Sologne - 41600 - NOUAN-LE-FUZELIER"},{"text":"NOURRAY","href":"./41/nourray.html","phone":"02 54 77 05 38","email":"mairie.nourray@wanadoo.fr","population":"121 habitants","website":"","townhallAdress":"2 rue Polissoir - 41310 - NOURRAY"},{"text":"NOYERS SUR CHER","href":"./41/noyers-sur-cher.html","phone":"02 54 75 72 72","email":"mairie-noyers-sur-cher@wanadoo.fr","population":"2967 habitants","website":"","townhallAdress":"54 rue Nationale - 41140 - NOYERS-SUR-CHER"},{"text":"OIGNY","href":"./41/oigny.html","phone":"02 54 80 76 92","email":"mairie.oigny@wanadoo.fr","population":"94 habitants","website":"","townhallAdress":"Le Bourg - 41170 - OIGNY"},{"text":"OISLY","href":"./41/oisly.html","phone":"02 54 79 52 79","email":"mairie.oisly@wanadoo.fr","population":"339 habitants","website":"","townhallAdress":"Le Bourg - 41700 - OISLY"},{"text":"ONZAIN","href":"./41/onzain.html","phone":"02 54 51 20 40","email":"mairie@ville-onzain.fr","population":"3572 habitants","website":"","townhallAdress":"6 rue Gustave Marc - 41150 - ONZAIN"},{"text":"ORCAY","href":"./41/orcay.html","phone":"02 54 83 37 80","email":"mairie-orcay@wanadoo.fr","population":"238 habitants","website":"","townhallAdress":"2 route Vierzon - 41300 - ORCAY"},{"text":"ORCHAISE","href":"./41/orchaise.html","phone":"02 54 70 02 90","email":"mairie-orchaise@wanadoo.fr","population":"915 habitants","website":"","townhallAdress":"8 rue Herbault - 41190 - ORCHAISE"},{"text":"OUCHAMPS","href":"./41/ouchamps.html","phone":"02 54 44 02 88","email":"mairie-ouchamps@wanadoo.fr","population":"835 habitants","website":"","townhallAdress":"44 rue Victor Drugeon - 41120 - OUCHAMPS"},{"text":"OUCQUES","href":"./41/oucques.html","phone":"02 54 23 20 46","email":"mairie.de.oucques@wanadoo.fr","population":"1451 habitants","website":"","townhallAdress":"9 Grande rue - 41290 - OUCQUES"},{"text":"OUZOUER LE DOYEN","href":"./41/ouzouer-le-doyen.html","phone":"02 54 80 49 03","email":"ouzouer-le-doyen@cg41.fr","population":"205 habitants","website":"","townhallAdress":"4 rue Moulin Vent - 41160 - OUZOUER-LE-DOYEN"},{"text":"OUZOUER LE MARCHE","href":"./41/ouzouer-le-marche.html","phone":"02 54 80 40 04","email":"mairie.ouzouer.le.marche@wanadoo.fr","population":"1854 habitants","website":"","townhallAdress":"7 rue Marin Galliot - 41240 - OUZOUER-LE-MARCHE"},{"text":"PERIGNY","href":"./41/perigny.html","phone":"02 54 23 81 72","email":"mairie-perigny@wanadoo.fr","population":"211 habitants","website":"","townhallAdress":"1 rue Coudray - 41100 - PERIGNY"},{"text":"PEZOU","href":"./41/pezou.html","phone":"02 54 23 40 69","email":"commune.pezou@wanadoo.fr","population":"1123 habitants","website":"","townhallAdress":"1 rue Perche - 41100 - PEZOU"},{"text":"PIERREFITTE SUR SAULDRE","href":"./41/pierrefitte-sur-sauldre.html","phone":"02 54 88 63 23","email":"pierrefitte.41mairie@wanadoo.fr","population":"873 habitants","website":"","townhallAdress":"26 rue Souesmes - 41300 - PIERREFITTE-SUR-SAULDRE"},{"text":"PONTLEVOY","href":"./41/pontlevoy.html","phone":"02 54 71 60 70","email":"mairie.pontlevoy@wanadoo.fr","population":"1681 habitants","website":"","townhallAdress":"4 rue Colonel Filloux - 41400 - PONTLEVOY"},{"text":"POUILLE","href":"./41/pouille.html","phone":"02 54 71 44 05","email":"mairie-pouille@wanadoo.fr","population":"818 habitants","website":"","townhallAdress":"37 rue de la République - 41110 - POUILLE"},{"text":"PRAY","href":"./41/pray.html","phone":"02 54 82 82 21","email":"mairie-pray41@wanadoo.fr","population":"285 habitants","website":"","townhallAdress":"5 rue Pierre de Ronsard - 41190 - PRAY"},{"text":"PRENOUVELLON","href":"./41/prenouvellon.html","phone":"02 54 82 42 56","email":"mairie.prenouvellon@wanadoo.fr","population":"232 habitants","website":"","townhallAdress":"3 rue des Ecoles - 41240 - PRENOUVELLON"},{"text":"PRUNAY CASSEREAU","href":"./41/prunay-cassereau.html","phone":"02 54 80 32 81","email":"prunay-cassereau@wanadoo.fr","population":"664 habitants","website":"","townhallAdress":"11 rue de l'Hôtel de Ville - 41310 - PRUNAY-CASSEREAU"},{"text":"PRUNIERS EN SOLOGNE","href":"./41/pruniers-en-sologne.html","phone":"02 54 96 60 53","email":"mairie.pruniers-en-sologne@wanadoo.fr","population":"2349 habitants","website":"","townhallAdress":"Place des Anciens Combattants - 41200 - PRUNIERS-EN-SOLOGNE"},{"text":"RAHART","href":"./41/rahart.html","phone":"02 54 80 67 03","email":"mairie.rahart@wanadoo.fr","population":"272 habitants","website":"","townhallAdress":"Le Bourg - 41160 - RAHART"},{"text":"RENAY","href":"./41/renay.html","phone":"02 54 23 47 93","email":"commune.renay@wanadoo.fr","population":"178 habitants","website":"","townhallAdress":"2 rue de la Mairie - 41100 - RENAY"},{"text":"RHODON","href":"./41/rhodon.html","phone":"02 54 23 86 32","email":"mairie.rhodon@wanadoo.fr","population":"96 habitants","website":"","townhallAdress":"14 rue Prieuré - 41290 - RHODON"},{"text":"RILLY SUR LOIRE","href":"./41/rilly-sur-loire.html","phone":"02 54 20 98 78","email":"mairie.rilly41@wanadoo.fr","population":"449 habitants","website":"","townhallAdress":"20 rue Nationale - 41150 - RILLY-SUR-LOIRE"},{"text":"ROCE","href":"./41/roce.html","phone":"02 54 77 05 78","email":"mairie.roce@wanadoo.fr","population":"189 habitants","website":"","townhallAdress":"1 rue Presbytère - 41100 - ROCE"},{"text":"ROCHES","href":"./41/roches.html","phone":"02 54 72 39 30","email":"commune.roches@wanadoo.fr","population":"76 habitants","website":"","townhallAdress":"18 Grande Rue - 41370 - ROCHES"},{"text":"ROMILLY","href":"./41/romilly.html","phone":"02 54 80 33 99","email":"mairie.romilly-du-perche@wanadoo.fr","population":"144 habitants","website":"","townhallAdress":"18 rue du Commerce - 41270 - ROMILLY"},{"text":"ROMORANTIN LANTHENAY","href":"./41/romorantin-lanthenay.html","phone":"02 54 94 41 56","email":"info@romorantin.fr","population":"18206 habitants","website":"","townhallAdress":"18 fauboug Saint Roch - 41200 - ROMORANTIN-LANTHENAY"},{"text":"ROUGEOU","href":"./41/rougeou.html","phone":"02 54 98 75 51","email":"mairie.rougeou@orange.fr","population":"123 habitants","website":"","townhallAdress":"Le Bourg - 41230 - ROUGEOU"},{"text":"RUAN SUR EGVONNE","href":"./41/ruan-sur-egvonne.html","phone":"02 54 80 58 33","email":"mairie.ruan41@wanadoo.fr","population":"88 habitants","website":"","townhallAdress":"Le Bourg - 41270 - RUAN-SUR-EGVONNE"},{"text":"SAINT AGIL","href":"./41/saint-agil.html","phone":"02 54 80 94 13","email":"cnestagil@free.fr","population":"297 habitants","website":"","townhallAdress":"3 rue des Templiers - 41170 - SAINT-AGIL"},{"text":"SAINT AIGNAN","href":"./41/saint-aignan.html","phone":"02 54 71 22 22","email":"accueil@ville-staignan.fr","population":"3352 habitants","website":"","townhallAdress":"57 rue Constant Ragot - 41110 - SAINT-AIGNAN"},{"text":"SAINT AMAND LONGPRE","href":"./41/saint-amand-longpre.html","phone":"02 54 82 83 74","email":"mairie.st.amand.longpre@wanadoo.fr","population":"1183 habitants","website":"","townhallAdress":"18 rue Jules Ferry - 41310 - SAINT-AMAND-LONGPRE"},{"text":"SAINT ARNOULT","href":"./41/saint-arnoult.html","phone":"02 54 85 10 06","email":"mairie.saint-arnoult@wanadoo.fr","population":"330 habitants","website":"","townhallAdress":"10 rue Langeron - 41800 - SAINT-ARNOULT"},{"text":"SAINT AVIT","href":"./41/saint-avit.html","phone":"02 54 80 92 44","email":"mairiestavit@wanadoo.fr","population":"115 habitants","website":"","townhallAdress":"4 rue de la Colline - 41170 - SAINT-AVIT"},{"text":"SAINT BOHAIRE","href":"./41/saint-bohaire.html","phone":"02 54 20 03 58","email":"saint-bohaire2@wanadoo.fr","population":"368 habitants","website":"","townhallAdress":"7 rue de l'Eglise - 41330 - SAINT-BOHAIRE"},{"text":"SAINT CLAUDE DE DIRAY","href":"./41/saint-claude-de-diray.html","phone":"02 54 20 66 17","email":"mairie.saint-claude-de-diray@wanadoo.fr","population":"1760 habitants","website":"","townhallAdress":"Place de la Mairie - 41350 - SAINT-CLAUDE-DE-DIRAY"},{"text":"SAINT CYR DU GAULT","href":"./41/saint-cyr-du-gault.html","phone":"02 54 46 12 81","email":"mairie-st-cyr-du-gault@wanadoo.fr","population":"186 habitants","website":"","townhallAdress":"Place de l'Eglise - 41190 - SAINT-CYR-DU-GAULT"},{"text":"SAINT DENIS SUR LOIRE","href":"./41/saint-denis-sur-loire.html","phone":"02 54 78 68 66","email":"mairie-stdenissurloire@wanadoo.fr","population":"889 habitants","website":"","townhallAdress":"19 rue de la Loire - 41000 - SAINT-DENIS-SUR-LOIRE"},{"text":"SAINT DYE SUR LOIRE","href":"./41/saint-dye-sur-loire.html","phone":"02 54 81 60 46","email":"mairiestdyesurloire41@wanadoo.fr","population":"1118 habitants","website":"","townhallAdress":"75 route Nationale - 41500 - SAINT-DYE-SUR-LOIRE"},{"text":"SAINTE ANNE","href":"./41/sainte-anne.html","phone":"02 54 77 23 02","email":"mairie-sainte-anne@vendomois-rural.fr","population":"372 habitants","website":"","townhallAdress":"14 rue du Bourg - 41100 - SAINTE-ANNE"},{"text":"SAINTE GEMMES","href":"./41/sainte-gemmes.html","phone":"02 54 23 03 09","email":"andre.gaussant@wanadoo.fr","population":"103 habitants","website":"","townhallAdress":"3 rue Principale - 41290 - SAINTE-GEMMES"},{"text":"SAINT ETIENNE DES GUERETS","href":"./41/saint-etienne-des-guerets.html","phone":"02 54 46 12 60","email":"mairie.st-etienne-des-guerets@wanadoo.fr","population":"102 habitants","website":"","townhallAdress":"Le Bourg - 41190 - SAINT-ETIENNE-DES-GUERETS"},{"text":"SAINT FIRMIN DES PRES","href":"./41/saint-firmin-des-pres.html","phone":"02 54 23 42 09","email":"mairie-saint-firmin-des-pres@wanadoo.fr","population":"860 habitants","website":"","townhallAdress":"7 route Mouline - 41100 - SAINT-FIRMIN-DES-PRES"},{"text":"SAINT GEORGES SUR CHER","href":"./41/saint-georges-sur-cher.html","phone":"02 54 32 30 19","email":"mairie.st.georges41@wanadoo.fr","population":"2363 habitants","website":"","townhallAdress":"15 rue de Verdun - 41400 - SAINT-GEORGES-SUR-CHER"},{"text":"SAINT GERVAIS LA FORET","href":"./41/saint-gervais-la-foret.html","phone":"02 54 50 51 52","email":"mairie.saintgervaislaforet@wanadoo.fr","population":"3577 habitants","website":"","townhallAdress":"10 rue des Ecoles - 41350 - SAINT-GERVAIS-LA-FORET"},{"text":"SAINT GOURGON","href":"./41/saint-gourgon.html","phone":"02 54 82 81 88","email":"mairie.st.gourgon@wanadoo.fr","population":"122 habitants","website":"","townhallAdress":"Le Bourg - 41310 - SAINT-GOURGON"},{"text":"SAINT HILAIRE LA GRAVELLE","href":"./41/saint-hilaire-la-gravelle.html","phone":"02 54 82 65 08","email":"st-hilaire-la-gravelle@wanadoo.fr","population":"707 habitants","website":"","townhallAdress":"Rue Léon Cibié - 41160 - SAINT-HILAIRE-LA-GRAVELLE"},{"text":"SAINT JACQUES DES GUERETS","href":"./41/saint-jacques-des-guerets.html","phone":"02 54 72 57 65","email":"mairiestjacquesdesguerets@wanadoo.fr","population":"89 habitants","website":"","townhallAdress":"12 rue Loir - 41800 - SAINT-JACQUES-DES-GUERETS"},{"text":"SAINT JEAN FROIDMENTEL","href":"./41/saint-jean-froidmentel.html","phone":"02 54 82 64 36","email":"commune-de-st-jean-froidmentel@wanadoo.fr","population":"512 habitants","website":"","townhallAdress":"4 avenue de la Gare - 41160 - SAINT-JEAN-FROIDMENTEL"},{"text":"SAINT JULIEN DE CHEDON","href":"./41/saint-julien-de-chedon.html","phone":"02 54 32 05 03","email":"commune.stjulienchedon@orange.fr","population":"726 habitants","website":"","townhallAdress":"L'Ormeau - 41400 - SAINT-JULIEN-DE-CHEDON"},{"text":"SAINT JULIEN SUR CHER","href":"./41/saint-julien-sur-cher.html","phone":"02 54 96 42 28","email":"mairie.saintjuliensurcher@wanadoo.fr","population":"763 habitants","website":"","townhallAdress":"2 rue des Dames - 41320 - SAINT-JULIEN-SUR-CHER"},{"text":"SAINT LAURENT DES BOIS","href":"./41/saint-laurent-des-bois.html","phone":"02 54 72 32 15","email":"st.laurent.des.bois@wanadoo.fr","population":"262 habitants","website":"","townhallAdress":"Place de l'Eglise - 41240 - SAINT-LAURENT-DES-BOIS"},{"text":"SAINT LAURENT NOUAN","href":"./41/saint-laurent-nouan.html","phone":"02 54 81 45 60","email":"mairie@stlaurentnouan.fr","population":"4259 habitants","website":"","townhallAdress":"1 place de la Mairie - 41220 - SAINT-LAURENT-NOUAN"},{"text":"SAINT LEONARD EN BEAUCE","href":"./41/saint-leonard-en-beauce.html","phone":"02 54 72 31 54","email":"stleonardenbeauce@wanadoo.fr","population":"627 habitants","website":"","townhallAdress":"6 place de l'Eglise - 41370 - SAINT-LEONARD-EN-BEAUCE"},{"text":"SAINT LOUP","href":"./41/saint-loup.html","phone":"02 54 98 00 53","email":"mairie@saint-loup.eu","population":"336 habitants","website":"","townhallAdress":"Grande rue - 41320 - SAINT-LOUP"},{"text":"SAINT LUBIN EN VERGONNOIS","href":"./41/saint-lubin-en-vergonnois.html","phone":"02 54 43 22 31","email":"mairie.stlubin@wanadoo.fr","population":"715 habitants","website":"","townhallAdress":"Place de l'Eglise - 41190 - SAINT-LUBIN-EN-VERGONNOIS"},{"text":"SAINT MARC DU COR","href":"./41/saint-marc-du-cor.html","phone":"02 54 80 94 87","email":"saint-marc-du-cor@wanadoo.fr","population":"193 habitants","website":"","townhallAdress":"Le Bourg - 41170 - SAINT-MARC-DU-COR"},{"text":"SAINT MARTIN DES BOIS","href":"./41/saint-martin-des-bois.html","phone":"02 54 85 06 05","email":"mairie-st-martin-des-bois@wanadoo.fr","population":"617 habitants","website":"","townhallAdress":"17 rue Saint Georges - 41800 - SAINT-MARTIN-DES-BOIS"},{"text":"SAINT OUEN","href":"./41/saint-ouen.html","phone":"02 54 73 31 00","email":"mairie.saint.ouen41@wanadoo.fr","population":"3506 habitants","website":"","townhallAdress":"Rue des Ecoles - 41100 - SAINT-OUEN"},{"text":"SAINT RIMAY","href":"./41/saint-rimay.html","phone":"02 54 85 06 73","email":"mairie.saint.rimay@wanadoo.fr","population":"303 habitants","website":"","townhallAdress":"Rue des Plantes - 41800 - SAINT-RIMAY"},{"text":"SAINT ROMAIN SUR CHER","href":"./41/saint-romain-sur-cher.html","phone":"02 54 71 72 03","email":"mairie.sr@wanadoo.fr","population":"1477 habitants","website":"","townhallAdress":"42 rue Principale - 41140 - SAINT-ROMAIN-SUR-CHER"},{"text":"SAINT SULPICE","href":"./41/saint-sulpice.html","phone":"02 54 52 58 00","email":"saint.sulpice.mairie@wanadoo.fr","population":"1876 habitants","website":"","townhallAdress":"10 rue des Ecoles - 41000 - SAINT-SULPICE"},{"text":"SAINT VIATRE","href":"./41/saint-viatre.html","phone":"02 54 88 93 20","email":"mairiestviatre@wanadoo.fr","population":"1202 habitants","website":"","townhallAdress":"20 rue de la Paix - 41210 - SAINT-VIATRE"},{"text":"SALBRIS","href":"./41/salbris.html","phone":"02 54 94 10 40","email":"secretariat-general@salbris.com","population":"5895 habitants","website":"","townhallAdress":"33 boulevard de la République - 41300 - SALBRIS"},{"text":"SAMBIN","href":"./41/sambin.html","phone":"02 54 20 28 27","email":"mairie.sambin@wanadoo.fr","population":"905 habitants","website":"","townhallAdress":"26 rue de la Fontaine Saint Urbain - 41120 - SAMBIN"},{"text":"SANTENAY","href":"./41/santenay.html","phone":"02 54 46 11 12","email":"mairie.santenay41@wanadoo.fr","population":"269 habitants","website":"","townhallAdress":"2 rue du Presbytère - 41190 - SANTENAY"},{"text":"SARGE SUR BRAYE","href":"./41/sarge-sur-braye.html","phone":"02 54 72 73 17","email":"mairie.sarge@wanadoo.fr","population":"970 habitants","website":"","townhallAdress":"Rue Roger Reboussin - 41170 - SARGE-SUR-BRAYE"},{"text":"SASNIERES","href":"./41/sasnieres.html","phone":"02 54 82 85 38","email":"mairie.sasnieres@wanadoo.fr","population":"100 habitants","website":"","townhallAdress":"Château Sasnières - 41310 - SASNIERES"},{"text":"SASSAY","href":"./41/sassay.html","phone":"02 54 79 52 91","email":"sassay2@wanadoo.fr","population":"882 habitants","website":"","townhallAdress":"7 route de Contres - 41700 - SASSAY"},{"text":"SAVIGNY SUR BRAYE","href":"./41/savigny-sur-braye.html","phone":"02 54 23 74 79","email":"mairie-savignysurbraye@wanadoo.fr","population":"2230 habitants","website":"","townhallAdress":"Place de la Mairie - 41360 - SAVIGNY-SUR-BRAYE"},{"text":"SEIGY","href":"./41/seigy.html","phone":"02 54 75 12 31","email":"mairie-de-seigy@wanadoo.fr","population":"1127 habitants","website":"","townhallAdress":"21 rue Marcel Cottereau - 41110 - SEIGY"},{"text":"SEILLAC","href":"./41/seillac.html","phone":"02 54 20 84 84","email":"mairie-de-seillac@wanadoo.fr","population":"82 habitants","website":"","townhallAdress":"10 rue Fernand Boulon - 41150 - SEILLAC"},{"text":"SELLES SAINT DENIS","href":"./41/selles-saint-denis.html","phone":"02 54 96 22 23","email":"mairie.selles.st.denis@wanadoo.fr","population":"1252 habitants","website":"","townhallAdress":"4 rue de Bourgogne - 41300 - SELLES-SAINT-DENIS"},{"text":"SELLES SUR CHER","href":"./41/selles-sur-cher.html","phone":"02 54 95 25 40","email":"selles.sur.cher.mairie@wanadoo.fr","population":"4742 habitants","website":"","townhallAdress":"1 place Charles de Gaulle - 41130 - SELLES-SUR-CHER"},{"text":"SELOMMES","href":"./41/selommes.html","phone":"02 54 23 81 03","email":"mairie.selommes@wanadoo.fr","population":"877 habitants","website":"","townhallAdress":"1 place de la Mairie - 41100 - SELOMMES"},{"text":"SEMERVILLE","href":"./41/semerville.html","phone":"02 54 80 49 43","email":"mairie.semerville@wanadoo.fr","population":"99 habitants","website":"","townhallAdress":"7 rue de la Mairie - 41160 - SEMERVILLE"},{"text":"SERIS","href":"./41/seris.html","phone":"02 54 81 03 22","email":"mairie.seris@orange.fr","population":"368 habitants","website":"","townhallAdress":"3 rue Bout Halle - 41500 - SERIS"},{"text":"SEUR","href":"./41/seur.html","phone":"02 54 44 05 28","email":"mairie.seur@orange.fr","population":"471 habitants","website":"","townhallAdress":"3 place du 8 Mai - 41120 - SEUR"},{"text":"SOINGS EN SOLOGNE","href":"./41/soings-en-sologne.html","phone":"02 54 98 73 28","email":"mairie.soings@wanadoo.fr","population":"1518 habitants","website":"","townhallAdress":"1 rue des Selles - 41230 - SOINGS-EN-SOLOGNE"},{"text":"SOUDAY","href":"./41/souday.html","phone":"02 54 80 93 18","email":"mairie.souday@wanadoo.fr","population":"551 habitants","website":"","townhallAdress":"6 rue de la Mairie - 41170 - SOUDAY"},{"text":"SOUESMES","href":"./41/souesmes.html","phone":"02 54 98 84 93","email":"mairie.souesmes@wanadoo.fr","population":"1145 habitants","website":"","townhallAdress":"8 rue du Bois - 41300 - SOUESMES"},{"text":"SOUGE","href":"./41/souge.html","phone":"02 54 72 44 43","email":"mairie.souge@wanadoo.fr","population":"478 habitants","website":"","townhallAdress":"12 rue de la Mairie - 41800 - SOUGE"},{"text":"SOUVIGNY EN SOLOGNE","href":"./41/souvigny-en-sologne.html","phone":"02 54 88 46 10","email":"mairie-souvigny2@wanadoo.fr","population":"488 habitants","website":"","townhallAdress":"30 rue Gâtinais - 41600 - SOUVIGNY-EN-SOLOGNE"},{"text":"SUEVRES","href":"./41/suevres.html","phone":"02 54 87 80 24","email":"mairiedesuevres@wanadoo.fr","population":"1491 habitants","website":"","townhallAdress":"1 rue Jean Desjoyaux - 41500 - SUEVRES"},{"text":"TALCY","href":"./41/talcy.html","phone":"02 54 81 20 45","email":"mairie.talcy41@wanadoo.fr","population":"257 habitants","website":"","townhallAdress":"4 place Cassandre Salviati - 41370 - TALCY"},{"text":"TERNAY","href":"./41/ternay.html","phone":"02 54 72 57 86","email":"mairie.ternay@wanadoo.fr","population":"305 habitants","website":"","townhallAdress":"Rue de la Mairie - 41800 - TERNAY"},{"text":"THEILLAY","href":"./41/theillay.html","phone":"02 54 83 38 17","email":"mairie.theillay@wanadoo.fr","population":"1290 habitants","website":"","townhallAdress":"1 rue de Chatres - 41300 - THEILLAY"},{"text":"THENAY","href":"./41/thenay.html","phone":"02 54 32 52 07","email":"mairie-thenay-41@wanadoo.fr","population":"860 habitants","website":"","townhallAdress":"21 rue Maxime Samson - 41400 - THENAY"},{"text":"THESEE","href":"./41/thesee.html","phone":"02 54 71 40 20","email":"theseemairie@wanadoo.fr","population":"1244 habitants","website":"","townhallAdress":"Le Vaulx Saint Georges - 41140 - THESEE"},{"text":"THORE LA ROCHETTE","href":"./41/thore-la-rochette.html","phone":"02 54 72 80 82","email":"thoremairie@wanadoo.fr","population":"951 habitants","website":"","townhallAdress":"Rue des Ecoles - 41100 - THORE-LA-ROCHETTE"},{"text":"THOURY","href":"./41/thoury.html","phone":"02 54 87 51 37","email":"mairie.thoury@wanadoo.fr","population":"381 habitants","website":"","townhallAdress":"8 route Muides - 41220 - THOURY"},{"text":"TOURAILLES","href":"./41/tourailles.html","phone":"02 54 82 90 63","email":"mairie.tourailles41@orange.fr","population":"134 habitants","website":"","townhallAdress":"5 rue de Lamon - 41190 - TOURAILLES"},{"text":"TOUR EN SOLOGNE","href":"./41/tour-en-sologne.html","phone":"02 54 46 42 86","email":"commune.tour-en-sologne@wanadoo.fr","population":"897 habitants","website":"","townhallAdress":"Rue de la Mairie - 41250 - TOUR-EN-SOLOGNE"},{"text":"TREHET","href":"./41/trehet.html","phone":"02 54 72 41 14","email":"mairie-de-trehet@wanadoo.fr","population":"102 habitants","website":"","townhallAdress":"Le Bourg - 41800 - TREHET"},{"text":"TRIPLEVILLE","href":"./41/tripleville.html","phone":"02 54 80 42 84","email":"communedetripleville@wanadoo.fr","population":"140 habitants","website":"","townhallAdress":"1 rue Saint Martin - 41240 - TRIPLEVILLE"},{"text":"TROO","href":"./41/troo.html","phone":"02 54 73 55 00","email":"mairietroo@wanadoo.fr","population":"330 habitants","website":"","townhallAdress":"Le Bourg - 41800 - TROO"},{"text":"VALAIRE","href":"./41/valaire.html","phone":"02 54 44 04 40","email":"mairie.valaire@wanadoo.fr","population":"89 habitants","website":"","townhallAdress":"Le Bourg - 41120 - VALAIRE"},{"text":"VALLIERES LES GRANDES","href":"./41/vallieres-les-grandes.html","phone":"02 54 20 95 07","email":"MAIRIE-VALLIERES-LES-GRANDES@wanadoo.fr","population":"807 habitants","website":"","townhallAdress":"2 place de l'Eglise - 41400 - VALLIERES-LES-GRANDES"},{"text":"VEILLEINS","href":"./41/veilleins.html","phone":"02 54 83 82 05","email":"mairie.veilleins@wanadoo.fr","population":"144 habitants","website":"","townhallAdress":"1 route de Romorantin - 41230 - VEILLEINS"},{"text":"VENDOME","href":"./41/vendome.html","phone":"02 54 89 42 00","email":"vendome2@wanadoo.fr","population":"17504 habitants","website":"","townhallAdress":"Parc Ronsard - 41100 - VENDOME"},{"text":"VERDES","href":"./41/verdes.html","phone":"02 54 80 43 05","email":"mairie.verdes@wanadoo.fr","population":"498 habitants","website":"","townhallAdress":"7 rue de la Motte - 41240 - VERDES"},{"text":"VERNOU EN SOLOGNE","href":"./41/vernou-en-sologne.html","phone":"02 54 98 20 22","email":"mairie-de-vernou-en-sologne@wanadoo.fr","population":"594 habitants","website":"","townhallAdress":"7 rue Beaugency - 41230 - VERNOU-EN-SOLOGNE"},{"text":"VEUVES","href":"./41/veuves.html","phone":"02 54 70 24 40","email":"communedeveuves@wanadoo.fr","population":"235 habitants","website":"","townhallAdress":"22 avenue de la Loire - 41150 - VEUVES"},{"text":"VIEVY LE RAYE","href":"./41/vievy-le-raye.html","phone":"02 54 23 23 47","email":"vievy-le-raye@cg41.fr","population":"500 habitants","website":"","townhallAdress":"11 rue du Château - 41290 - VIEVY-LE-RAYE"},{"text":"VILLAVARD","href":"./41/villavard.html","phone":"02 54 85 32 43","email":"mairie.villavard@wanadoo.fr","population":"151 habitants","website":"","townhallAdress":"Le Bourg - 41800 - VILLAVARD"},{"text":"VILLEBAROU","href":"./41/villebarou.html","phone":"02 54 90 53 00","email":"mairie@villebarou41.fr","population":"2621 habitants","website":"","townhallAdress":"9 rue Maurice Pasquier - 41000 - VILLEBAROU"},{"text":"VILLEBOUT","href":"./41/villebout.html","phone":"02 54 80 59 25","email":"mairie.villebout@wanadoo.fr","population":"142 habitants","website":"","townhallAdress":"Rue de la Mairie - 41270 - VILLEBOUT"},{"text":"VILLECHAUVE","href":"./41/villechauve.html","phone":"02 54 80 30 46","email":"commune.villechauve@wanadoo.fr","population":"294 habitants","website":"","townhallAdress":"Place de la Mairie - 41310 - VILLECHAUVE"},{"text":"VILLEDIEU LE CHATEAU","href":"./41/villedieu-le-chateau.html","phone":"02 54 72 41 01","email":"mairie-villedieu@wanadoo.fr","population":"416 habitants","website":"","townhallAdress":"Place de l'Eglise - 41800 - VILLEDIEU-LE-CHATEAU"},{"text":"VILLEFRANCHE SUR CHER","href":"./41/villefranche-sur-cher.html","phone":"02 54 96 42 27","email":"mairie.villefranche.sur.cher@wanadoo.fr","population":"2702 habitants","website":"","townhallAdress":"Place de l'Hôtel de Ville - 41200 - VILLEFRANCHE-SUR-CHER"},{"text":"VILLEFRANCOEUR","href":"./41/villefrancoeur.html","phone":"02 54 20 17 61","email":"mairie.villefrancoeur@wanadoo.fr","population":"486 habitants","website":"","townhallAdress":"2 rue de la Mairie - 41330 - VILLEFRANCOEUR"},{"text":"VILLEHERVIERS","href":"./41/villeherviers.html","phone":"02 54 76 07 92","email":"mairievilleherviers@wanadoo.fr","population":"500 habitants","website":"","townhallAdress":"6 rue Sauldre - 41200 - VILLEHERVIERS"},{"text":"VILLEMARDY","href":"./41/villemardy.html","phone":"02 54 23 81 04","email":"mairie-de-villemardy@wanadoo.fr","population":"275 habitants","website":"","townhallAdress":"7 rue Péziers - 41100 - VILLEMARDY"},{"text":"VILLENEUVE FROUVILLE","href":"./41/villeneuve-frouville.html","phone":"02 54 23 22 37","email":"villeneuve-frouville@cg41.fr","population":"73 habitants","website":"","townhallAdress":"Grande Rue - 41290 - VILLENEUVE-FROUVILLE"},{"text":"VILLENY","href":"./41/villeny.html","phone":"02 54 98 35 25","email":"mairie.villeny@wanadoo.fr","population":"371 habitants","website":"","townhallAdress":"Place de l'Eglise - 41220 - VILLENY"},{"text":"VILLEPORCHER","href":"./41/villeporcher.html","phone":"02 54 82 81 78","email":"mairie.villeporcher@wanadoo.fr","population":"148 habitants","website":"","townhallAdress":"Le Bourg - 41310 - VILLEPORCHER"},{"text":"VILLERABLE","href":"./41/villerable.html","phone":"02 54 77 18 38","email":"mairie-villerable@vendomois-rural.fr","population":"513 habitants","website":"","townhallAdress":"Place de la Mairie - 41100 - VILLERABLE"},{"text":"VILLERBON","href":"./41/villerbon.html","phone":"02 54 46 83 06","email":"mairie-de-villerbon@wanadoo.fr","population":"783 habitants","website":"","townhallAdress":"37 route du Moulin - 41000 - VILLERBON"},{"text":"VILLERMAIN","href":"./41/villermain.html","phone":"02 54 82 43 75","email":"mairie.villermain@wanadoo.fr","population":"313 habitants","website":"","townhallAdress":"Rue de l'Ecole - 41240 - VILLERMAIN"},{"text":"VILLEROMAIN","href":"./41/villeromain.html","phone":"02 54 23 81 00","email":"mairie.villeromain@wanadoo.fr","population":"209 habitants","website":"","townhallAdress":"3 rue de la Mairie - 41100 - VILLEROMAIN"},{"text":"VILLETRUN","href":"./41/villetrun.html","phone":"02 54 77 11 36","email":"mairie-de-villetrun@wanadoo.fr","population":"306 habitants","website":"","townhallAdress":"2 rue de Touraine - 41100 - VILLETRUN"},{"text":"VILLEXANTON","href":"./41/villexanton.html","phone":"02 54 87 37 51","email":"mairie-villexanton@wanadoo.fr","population":"214 habitants","website":"","townhallAdress":"Rue Vove - 41500 - VILLEXANTON"},{"text":"VILLIERSFAUX","href":"./41/villiersfaux.html","phone":"02 54 77 18 41","email":"mairievilliersfaux@wanadoo.fr","population":"261 habitants","website":"","townhallAdress":"1 rue Basse Cour - 41100 - VILLIERSFAUX"},{"text":"VILLIERS SUR LOIR","href":"./41/villiers-sur-loir.html","phone":"02 54 72 90 83","email":"mairie.villiers-sur-loir@wanadoo.fr","population":"1276 habitants","website":"","townhallAdress":"Place Fortier - 41100 - VILLIERS-SUR-LOIR"},{"text":"VINEUIL","href":"./41/vineuil.html","phone":"02 54 50 54 50","email":"mairie.vineuil@vineuil41.fr","population":"7215 habitants","website":"","townhallAdress":"Rue de la République - 41350 - VINEUIL"},{"text":"VOUZON","href":"./41/vouzon.html","phone":"02 54 88 44 16","email":"mairiedevouzon@wanadoo.fr","population":"1504 habitants","website":"","townhallAdress":"24 Grande rue - 41600 - VOUZON"},{"text":"YVOY LE MARRON","href":"./41/yvoy-le-marron.html","phone":"02 54 88 51 11","email":"mairie.yvoylemarron@wanadoo.fr","population":"610 habitants","website":"","townhallAdress":"12 route Chaumont - 41600 - YVOY-LE-MARRON"}]}