{"text":"48 | Lozère","href":"lozere.html","townships":[{"text":"ALBARET LE COMTAL","href":"./48/albaret-le-comtal.html","phone":"04 66 31 62 09","email":"albaret-comtal@wanadoo.fr","population":"210 habitants","website":"","townhallAdress":"Place de l'Eglise - 48310 - ALBARET-LE-COMTAL"},{"text":"ALBARET SAINTE MARIE","href":"./48/albaret-sainte-marie.html","phone":"04 66 31 92 83","email":"commune-albaret-sainte-marie@wanadoo.fr","population":"548 habitants","website":"","townhallAdress":"La Garde - 48200 - ALBARET-SAINTE-MARIE"},{"text":"ALLENC","href":"./48/allenc.html","phone":"04 66 47 66 79","email":"allenc.mairie@wanadoo.fr","population":"242 habitants","website":"","townhallAdress":"Village - 48190 - ALLENC"},{"text":"ALTIER","href":"./48/altier.html","phone":"04 66 46 81 61","email":"commune-altier@orange.fr","population":"226 habitants","website":"","townhallAdress":"Village - 48800 - ALTIER"},{"text":"ANTRENAS","href":"./48/antrenas.html","phone":"04 66 32 18 45","email":"mairie.antrenas@wanadoo.fr","population":"324 habitants","website":"","townhallAdress":"Village - 48100 - ANTRENAS"},{"text":"ARZENC D APCHER","href":"./48/arzenc-d-apcher.html","phone":"04 66 31 60 15","email":"","population":"50 habitants","website":"","townhallAdress":"Village - 48310 - ARZENC-D'APCHER"},{"text":"ARZENC DE RANDON","href":"./48/arzenc-de-randon.html","phone":"04 66 47 94 91","email":"mairie.arzenc.de.randon@wanadoo.fr","population":"212 habitants","website":"","townhallAdress":"Village - 48170 - ARZENC-DE-RANDON"},{"text":"AUMONT AUBRAC","href":"./48/aumont-aubrac.html","phone":"04 66 42 80 02","email":"a_astruc@cg48.fr","population":"1137 habitants","website":"","townhallAdress":"Place du Portail - 48130 - AUMONT-AUBRAC"},{"text":"AUROUX","href":"./48/auroux.html","phone":"04 66 69 55 17","email":"mairie@auroux.eu","population":"441 habitants","website":"","townhallAdress":"Village - 48600 - AUROUX"},{"text":"BADAROUX","href":"./48/badaroux.html","phone":"04 66 47 71 32","email":"badaroux3@wanadoo.fr","population":"912 habitants","website":"","townhallAdress":"Rue de l'Egalité - 48000 - BADAROUX"},{"text":"BAGNOLS LES BAINS","href":"./48/bagnols-les-bains.html","phone":"04 66 47 64 79","email":"mairie.bagnols.les.bains@wanadoo.fr","population":"237 habitants","website":"","townhallAdress":"Village - 48190 - BAGNOLS-LES-BAINS"},{"text":"BALSIEGES","href":"./48/balsieges.html","phone":"04 66 47 05 66","email":"mairie.balsieges@wanadoo.fr","population":"538 habitants","website":"","townhallAdress":"Route de Florac - 48000 - BALSIEGES"},{"text":"BANASSAC","href":"./48/banassac.html","phone":"04 66 32 82 10","email":"mairie.banassac@wanadoo.fr","population":"896 habitants","website":"","townhallAdress":"Place de l'Eglise Saint Médard - 48500 - BANASSAC"},{"text":"BARJAC","href":"./48/barjac.html","phone":"04 66 47 01 04","email":"mairie-de-barjac48@wanadoo.fr","population":"662 habitants","website":"","townhallAdress":"Village - 48000 - BARJAC"},{"text":"BARRE DES CEVENNES","href":"./48/barre-des-cevennes.html","phone":"04 66 45 05 07","email":"mairie.barre-des-cevennes@wanadoo.fr","population":"217 habitants","website":"","townhallAdress":"Rue Principale - 48400 - BARRE-DES-CEVENNES"},{"text":"BASSURELS","href":"./48/bassurels.html","phone":"04 66 60 32 56","email":"mairiebassurels@orange.fr","population":"75 habitants","website":"","townhallAdress":"Le Village - 48400 - BASSURELS"},{"text":"BEDOUES","href":"./48/bedoues.html","phone":"04 66 45 01 00","email":"Mairie.Bedoues@wanadoo.fr","population":"319 habitants","website":"","townhallAdress":"Village - 48400 - BEDOUES"},{"text":"BELVEZET","href":"./48/belvezet.html","phone":"04 66 47 97 50","email":"mairie@belvezet.fr","population":"92 habitants","website":"","townhallAdress":"Village - 48170 - BELVEZET"},{"text":"BLAVIGNAC","href":"./48/blavignac.html","phone":"04 66 31 92 97","email":"mairieblavignac@wanadoo.fr","population":"231 habitants","website":"","townhallAdress":"Village - 48200 - BLAVIGNAC"},{"text":"BRENOUX","href":"./48/brenoux.html","phone":"04 66 48 06 34","email":"mairie.brenoux@wanadoo.fr","population":"308 habitants","website":"","townhallAdress":"Village - 48000 - BRENOUX"},{"text":"BRION","href":"./48/brion.html","phone":"04 66 31 66 65","email":"communedebrion@wanadoo.fr","population":"98 habitants","website":"","townhallAdress":"Village - 48310 - BRION"},{"text":"CANILHAC","href":"./48/canilhac.html","phone":"04 66 32 80 05","email":"commune.canilhac@wanadoo.fr","population":"143 habitants","website":"","townhallAdress":"La Ferrière - 48500 - CANILHAC"},{"text":"CASSAGNAS","href":"./48/cassagnas.html","phone":"04 66 45 06 56","email":"","population":"129 habitants","website":"","townhallAdress":"Village - 48400 - CASSAGNAS"},{"text":"CHADENET","href":"./48/chadenet.html","phone":"04 66 47 61 41","email":"mairie.chadenet@wanadoo.fr","population":"116 habitants","website":"","townhallAdress":"Village - 48190 - CHADENET"},{"text":"CHAMBON LE CHATEAU","href":"./48/chambon-le-chateau.html","phone":"04 66 69 69 84","email":"mairie.chambonlechateau@wanadoo.fr","population":"302 habitants","website":"","townhallAdress":"Village - 48600 - CHAMBON-LE-CHATEAU"},{"text":"CHANAC","href":"./48/chanac.html","phone":"04 66 48 20 21","email":"mairie.chanac@wanadoo.fr","population":"1371 habitants","website":"","townhallAdress":"Place de La Bascule - 48230 - CHANAC"},{"text":"CHASSERADES","href":"./48/chasserades.html","phone":"04 66 46 01 16","email":"mairie-chasserades@wanadoo.fr","population":"160 habitants","website":"","townhallAdress":"Village - 48250 - CHASSERADES"},{"text":"CHASTANIER","href":"./48/chastanier.html","phone":"04 66 69 50 70","email":"","population":"95 habitants","website":"","townhallAdress":"Village - 48300 - CHASTANIER"},{"text":"CHASTEL NOUVEL","href":"./48/chastel-nouvel.html","phone":"04 66 49 04 33","email":"mairie.chastel-nouvel@wanadoo.fr","population":"751 habitants","website":"","townhallAdress":"Village - 48000 - CHASTEL-NOUVEL"},{"text":"CHATEAUNEUF DE RANDON","href":"./48/chateauneuf-de-randon.html","phone":"04 66 47 91 43","email":"mairie.chateauneuf@wanadoo.fr","population":"539 habitants","website":"","townhallAdress":"Place Duguesclin - 48170 - CHATEAUNEUF-DE-RANDON"},{"text":"CHAUCHAILLES","href":"./48/chauchailles.html","phone":"04 66 31 63 51","email":"commune.chauchailles@orange.fr","population":"98 habitants","website":"","townhallAdress":"Village - 48310 - CHAUCHAILLES"},{"text":"CHAUDEYRAC","href":"./48/chaudeyrac.html","phone":"04 66 47 91 07","email":"m.comchaudeyrac@wanadoo.fr","population":"299 habitants","website":"","townhallAdress":"Village - 48170 - CHAUDEYRAC"},{"text":"CHAULHAC","href":"./48/chaulhac.html","phone":"04 66 31 91 63","email":"mairie.chaulhac@wanadoo.fr","population":"70 habitants","website":"","townhallAdress":"Village - 48140 - CHAULHAC"},{"text":"CHEYLARD L EVEQUE","href":"./48/cheylard-l-eveque.html","phone":"04 66 69 03 14","email":"mairie.cheylard.48@free.fr","population":"63 habitants","website":"","townhallAdress":"Le Village - 48300 - CHEYLARD-L'EVEQUE"},{"text":"CHIRAC","href":"./48/chirac.html","phone":"04 66 32 70 06","email":"chirac.lozere@wanadoo.fr","population":"1138 habitants","website":"","townhallAdress":"Quartier Rieu - 48100 - CHIRAC"},{"text":"COCURES","href":"./48/cocures.html","phone":"04 66 45 23 49","email":"mairie.cocures@orange.fr","population":"201 habitants","website":"","townhallAdress":"Village - 48400 - COCURES"},{"text":"CUBIERES","href":"./48/cubieres.html","phone":"04 66 48 66 80","email":"mairie.cubieres@orange.fr","population":"182 habitants","website":"","townhallAdress":"Village - 48190 - CUBIERES"},{"text":"CUBIERETTES","href":"./48/cubierettes.html","phone":"04 66 48 61 62","email":"","population":"54 habitants","website":"","townhallAdress":"Village - 48190 - CUBIERETTES"},{"text":"CULTURES","href":"./48/cultures.html","phone":"04 66 48 25 75","email":"communedecultures@orange.fr","population":"127 habitants","website":"","townhallAdress":"Village - 48230 - CULTURES"},{"text":"ESCLANEDES","href":"./48/esclanedes.html","phone":"04 66 48 25 24","email":"mairie.esclanedes@wanadoo.fr","population":"321 habitants","website":"","townhallAdress":"Le Bruel - 48230 - ESCLANEDES"},{"text":"ESTABLES","href":"./48/estables.html","phone":"04 66 47 38 34","email":"mairie.estables48700@wanadoo.fr","population":"159 habitants","website":"","townhallAdress":"Village - 48700 - ESTABLES"},{"text":"FAU DE PEYRE","href":"./48/fau-de-peyre.html","phone":"04 66 31 11 07","email":"mairie.faudepeyre@wanadoo.fr","population":"174 habitants","website":"","townhallAdress":"Village - 48130 - FAU-DE-PEYRE"},{"text":"FLORAC","href":"./48/florac.html","phone":"04 66 45 00 53","email":"mairieflorac@wanadoo.fr","population":"1998 habitants","website":"","townhallAdress":"Place Louis Dides - 48400 - FLORAC"},{"text":"FONTANES","href":"./48/fontanes.html","phone":"04 66 69 06 41","email":"fontanes.mairie@wanadoo.fr","population":"127 habitants","website":"","townhallAdress":"Village - 48300 - FONTANES"},{"text":"FONTANS","href":"./48/fontans.html","phone":"04 66 48 31 00","email":"communedefontans@orange.fr","population":"210 habitants","website":"","townhallAdress":"Village - 48700 - FONTANS"},{"text":"FOURNELS","href":"./48/fournels.html","phone":"04 66 31 60 15","email":"mairie.fournels@wanadoo.fr","population":"354 habitants","website":"","townhallAdress":"Place du Foirail - 48310 - FOURNELS"},{"text":"FRAISSINET DE FOURQUES","href":"./48/fraissinet-de-fourques.html","phone":"04 66 44 01 51","email":"","population":"63 habitants","website":"","townhallAdress":"Village - 48400 - FRAISSINET-DE-FOURQUES"},{"text":"FRAISSINET DE LOZERE","href":"./48/fraissinet-de-lozere.html","phone":"04 66 45 88 39","email":"mairie.fraissinetdelozere@laposte.net","population":"225 habitants","website":"","townhallAdress":"Village - 48220 - FRAISSINET-DE-LOZERE"},{"text":"GABRIAC","href":"./48/gabriac.html","phone":"04 66 44 71 08","email":"mairie.gabriac@wanadoo.fr","population":"113 habitants","website":"","townhallAdress":"Village - 48110 - GABRIAC"},{"text":"GABRIAS","href":"./48/gabrias.html","phone":"04 66 32 14 93","email":"gabrias.mairie@wanadoo.fr","population":"135 habitants","website":"","townhallAdress":"Goudard - 48100 - GABRIAS"},{"text":"GATUZIERES","href":"./48/gatuzieres.html","phone":"04 66 45 62 64","email":"","population":"46 habitants","website":"","townhallAdress":"Mairie - 48150 - GATUZIERES"},{"text":"GRANDRIEU","href":"./48/grandrieu.html","phone":"04 66 46 30 26","email":"mairie.grandrieu@wanadoo.fr","population":"793 habitants","website":"","townhallAdress":"Place Saint michel - 48600 - GRANDRIEU"},{"text":"GRANDVALS","href":"./48/grandvals.html","phone":"04 66 32 52 43","email":"commune-de-grandvals@orange.fr","population":"85 habitants","website":"","townhallAdress":"Village - 48260 - GRANDVALS"},{"text":"GREZES","href":"./48/grezes.html","phone":"04 66 32 10 06","email":"mairie.grezes@gmail.com","population":"244 habitants","website":"","townhallAdress":"Village - 48100 - GREZES"},{"text":"HURES LA PARADE","href":"./48/hures-la-parade.html","phone":"04 66 45 62 64","email":"","population":"229 habitants","website":"","townhallAdress":"La Parade - 48150 - HURES-LA-PARADE"},{"text":"ISPAGNAC","href":"./48/ispagnac.html","phone":"04 66 44 20 50","email":"mairie.ispagnac@wanadoo.fr","population":"857 habitants","website":"","townhallAdress":"Place Jules Laget - 48320 - ISPAGNAC"},{"text":"JAVOLS","href":"./48/javols.html","phone":"04 66 42 84 06","email":"mairie.javols@wanadoo.fr","population":"356 habitants","website":"","townhallAdress":"Village - 48130 - JAVOLS"},{"text":"JULIANGES","href":"./48/julianges.html","phone":"04 66 31 77 44","email":"","population":"71 habitants","website":"","townhallAdress":"Village - 48140 - JULIANGES"},{"text":"LA BASTIDE PUYLAURENT","href":"./48/la-bastide-puylaurent.html","phone":"04 66 46 00 59","email":"mairie.labastide@wanadoo.fr","population":"179 habitants","website":"","townhallAdress":"Village - 48250 - LA-BASTIDE-PUYLAURENT"},{"text":"LA CANOURGUE","href":"./48/la-canourgue.html","phone":"04 66 32 81 47","email":"mairie.lacanourgue@wanadoo.fr","population":"2212 habitants","website":"","townhallAdress":"1, Place du Pré Commun - 48500 - LA-CANOURGUE"},{"text":"LACHAMP","href":"./48/lachamp.html","phone":"04 66 47 32 48","email":"mairielachamp48@wanadoo.fr","population":"178 habitants","website":"","townhallAdress":"Village - 48100 - LACHAMP"},{"text":"LA CHAZE DE PEYRE","href":"./48/la-chaze-de-peyre.html","phone":"04 66 42 88 80","email":"mairie.chaze.peyre.48@wanadoo.fr","population":"249 habitants","website":"","townhallAdress":"Village - 48130 - LA-CHAZE-DE-PEYRE"},{"text":"LA FAGE MONTIVERNOUX","href":"./48/la-fage-montivernoux.html","phone":"04 66 31 68 89","email":"mairie.fage@wanadoo.fr","population":"179 habitants","website":"","townhallAdress":"Village - 48310 - LA-FAGE-MONTIVERNOUX"},{"text":"LA FAGE SAINT JULIEN","href":"./48/la-fage-saint-julien.html","phone":"04 66 31 22 83","email":"mairie.la.fage.st.julien@wanadoo.fr","population":"274 habitants","website":"","townhallAdress":"Village - 48200 - LA-FAGE-SAINT-JULIEN"},{"text":"LAJO","href":"./48/lajo.html","phone":"04 66 31 53 91","email":"mairielajo@wanadoo.fr","population":"125 habitants","website":"","townhallAdress":"Village - 48120 - LAJO"},{"text":"LA MALENE","href":"./48/la-malene.html","phone":"04 66 48 51 16","email":"la.malene.mairie@wanadoo.fr","population":"167 habitants","website":"","townhallAdress":"Village - 48210 - LA-MALENE"},{"text":"LANGOGNE","href":"./48/langogne.html","phone":"04 66 69 10 33","email":"mairie-langogne@wanadoo.fr","population":"3282 habitants","website":"","townhallAdress":"7 boulevard Notre Dame - 48300 - LANGOGNE"},{"text":"LANUEJOLS","href":"./48/lanuejols.html","phone":"04 66 48 00 82","email":"village.lanuejols@wanadoo.fr","population":"340 habitants","website":"","townhallAdress":"Village - 48000 - LANUEJOLS"},{"text":"LA PANOUSE","href":"./48/la-panouse.html","phone":"04 66 46 41 46","email":"mairie.lapanouse@wanadoo.fr","population":"90 habitants","website":"","townhallAdress":"Village - 48600 - LA-PANOUSE"},{"text":"LA SALLE PRUNET","href":"./48/la-salle-prunet.html","phone":"04 66 45 01 33","email":"mairielasalleprunet@wanadoo.fr","population":"151 habitants","website":"","townhallAdress":"Village - 48400 - LA-SALLE-PRUNET"},{"text":"LA TIEULE","href":"./48/la-tieule.html","phone":"04 66 48 85 88","email":"commune.latieule@orange.fr","population":"104 habitants","website":"","townhallAdress":"Village - 48500 - LA-TIEULE"},{"text":"LAUBERT","href":"./48/laubert.html","phone":"04 66 47 71 37","email":"mairie.laubert@wanadoo.fr","population":"121 habitants","website":"","townhallAdress":"Village - 48170 - LAUBERT"},{"text":"LAVAL ATGER","href":"./48/laval-atger.html","phone":"04 66 46 41 71","email":"mairie.laval.atger@wanadoo.fr","population":"169 habitants","website":"","townhallAdress":"Village - 48600 - LAVAL-ATGER"},{"text":"LAVAL DU TARN","href":"./48/laval-du-tarn.html","phone":"04 66 48 55 72","email":"mairie.laval.du.tarn@viveole.com","population":"110 habitants","website":"","townhallAdress":"Village - 48500 - LAVAL-DU-TARN"},{"text":"LA VILLEDIEU","href":"./48/la-villedieu.html","phone":"04 66 47 43 08","email":"","population":"42 habitants","website":"","townhallAdress":"Village - 48700 - LA-VILLEDIEU"},{"text":"LE BLEYMARD","href":"./48/le-bleymard.html","phone":"04 66 48 60 48","email":"mairie.du.bleymard@wanadoo.fr","population":"389 habitants","website":"","townhallAdress":"Place de l'Eglise - 48190 - LE-BLEYMARD"},{"text":"LE BORN","href":"./48/le-born.html","phone":"04 66 47 70 45","email":"","population":"155 habitants","website":"","townhallAdress":"Village - 48000 - LE-BORN"},{"text":"LE BUISSON","href":"./48/le-buisson.html","phone":"04 66 32 09 25","email":"mairie.le.buisson@wanadoo.fr","population":"219 habitants","website":"","townhallAdress":"Village - 48100 - LE-BUISSON"},{"text":"LE COLLET DE DEZE","href":"./48/le-collet-de-deze.html","phone":"04 66 45 50 14","email":"mairie-du-collet-de-deze@wanadoo.fr","population":"731 habitants","website":"","townhallAdress":"Village - 48160 - LE-COLLET-DE-DEZE"},{"text":"LE MALZIEU FORAIN","href":"./48/le-malzieu-forain.html","phone":"04 66 31 70 41","email":"secretariat@lemalzieu.fr","population":"465 habitants","website":"","townhallAdress":"Mairie - 48140 - LE-MALZIEU-FORAIN"},{"text":"LE MALZIEU VILLE","href":"./48/le-malzieu-ville.html","phone":"04 66 31 70 25","email":"mairie.malzieu@wanadoo.fr","population":"906 habitants","website":"","townhallAdress":"Place de la mairie - 48140 - LE-MALZIEU-VILLE"},{"text":"LE MASSEGROS","href":"./48/le-massegros.html","phone":"04 66 48 80 11","email":"mairie.le-massegros@wanadoo.fr","population":"352 habitants","website":"","townhallAdress":"Village - 48500 - LE-MASSEGROS"},{"text":"LE MONASTIER PIN MORIES","href":"./48/le-monastier-pin-mories.html","phone":"04 66 32 72 17","email":"mairie.monastierpinmories@wanadoo.fr","population":"884 habitants","website":"","townhallAdress":"Place du Teil - 48100 - LE-MONASTIER-PIN-MORIES"},{"text":"LE POMPIDOU","href":"./48/le-pompidou.html","phone":"04 66 60 32 00","email":"mairiepompidou@wanadoo.fr","population":"208 habitants","website":"","townhallAdress":"Le Village - 48110 - LE-POMPIDOU"},{"text":"LE PONT DE MONTVERT","href":"./48/le-pont-de-montvert.html","phone":"04 66 45 80 10","email":"mairie@mairiepontdemontvert.fr","population":"302 habitants","website":"","townhallAdress":"Village - 48220 - LE-PONT-DE-MONTVERT"},{"text":"LE RECOUX","href":"./48/le-recoux.html","phone":"04 66 48 82 73","email":"mairie-le-recoux@wanadoo.fr","population":"123 habitants","website":"","townhallAdress":"Village - 48500 - LE-RECOUX"},{"text":"LE ROZIER","href":"./48/le-rozier.html","phone":"05 65 62 64 64","email":"","population":"152 habitants","website":"","townhallAdress":"Le Bourg - 48150 - LE-ROZIER"},{"text":"LES BESSONS","href":"./48/les-bessons.html","phone":"04 66 31 16 10","email":"mairie.les.bessons@wanadoo.fr","population":"452 habitants","website":"","townhallAdress":"Village - 48200 - LES-BESSONS"},{"text":"LES BONDONS","href":"./48/les-bondons.html","phone":"04 66 45 09 64","email":"","population":"143 habitants","website":"","townhallAdress":"Village - 48400 - LES-BONDONS"},{"text":"LES HERMAUX","href":"./48/les-hermaux.html","phone":"04 66 32 69 44","email":"mairie.les.hermaux@wanadoo.fr","population":"119 habitants","website":"","townhallAdress":"Village - 48340 - LES-HERMAUX"},{"text":"LES LAUBIES","href":"./48/les-laubies.html","phone":"04 66 47 31 82","email":"mairie.leslaubies@wanadoo.fr","population":"167 habitants","website":"","townhallAdress":"Village - 48700 - LES-LAUBIES"},{"text":"LES MONTS VERTS","href":"./48/les-monts-verts.html","phone":"04 66 31 93 04","email":"monts-verts.commune@wanadoo.fr","population":"354 habitants","website":"","townhallAdress":"Le Bacon - 48200 - LES-MONTS-VERTS"},{"text":"LES SALCES","href":"./48/les-salces.html","phone":"04 66 32 69 24","email":"les.salces.mairie@wanadoo.fr","population":"96 habitants","website":"","townhallAdress":"Village - 48100 - LES-SALCES"},{"text":"LES SALELLES","href":"./48/les-salelles.html","phone":"04 66 48 21 61","email":"mairiedessalelles@free.fr","population":"152 habitants","website":"","townhallAdress":"Village - 48230 - LES-SALELLES"},{"text":"LES VIGNES","href":"./48/les-vignes.html","phone":"04 66 48 81 53","email":"mairie.les.vignes@wanadoo.fr","population":"98 habitants","website":"","townhallAdress":"Village - 48210 - LES-VIGNES"},{"text":"LUC","href":"./48/luc.html","phone":"04 66 46 60 07","email":"mairie.luc48@wanadoo.fr","population":"230 habitants","website":"","townhallAdress":"Village - 48250 - LUC"},{"text":"MALBOUZON","href":"./48/malbouzon.html","phone":"04 66 32 53 20","email":"mairie.malbouzon@orange.fr","population":"162 habitants","website":"","townhallAdress":"Village - 48270 - MALBOUZON"},{"text":"MARCHASTEL","href":"./48/marchastel.html","phone":"04 66 32 53 61","email":"marchastel.mairie@wanadoo.fr","population":"87 habitants","website":"","townhallAdress":"Rieutort d'Aubrac - 48260 - MARCHASTEL"},{"text":"MARVEJOLS","href":"./48/marvejols.html","phone":"04 66 32 00 45","email":"cabinetdumaire@ville-marvejols.fr","population":"5390 habitants","website":"","townhallAdress":"9 avenue Savorgnan de Brazza - 48100 - MARVEJOLS"},{"text":"MAS D ORCIERES","href":"./48/mas-d-orcieres.html","phone":"04 66 47 62 34","email":"mairiemasdorcieres@orange.fr","population":"145 habitants","website":"","townhallAdress":"Village - 48190 - MAS-D'ORCIERES"},{"text":"MAS SAINT CHELY","href":"./48/mas-saint-chely.html","phone":"04 66 48 52 31","email":"","population":"134 habitants","website":"","townhallAdress":"Village - 48210 - MAS-SAINT-CHELY"},{"text":"MENDE","href":"./48/mende.html","phone":"04 66 49 40 00","email":"contact@mende.fr","population":"13181 habitants","website":"","townhallAdress":"Place du Général de Gaulle - 48000 - MENDE"},{"text":"MEYRUEIS","href":"./48/meyrueis.html","phone":"04 66 45 62 64","email":"","population":"1087 habitants","website":"","townhallAdress":"Rue Apiès - 48150 - MEYRUEIS"},{"text":"MOISSAC VALLEE FRANCAISE","href":"./48/moissac-vallee-francaise.html","phone":"04 66 44 71 31","email":"mairie.moissac.v.f@wanadoo.fr","population":"242 habitants","website":"","townhallAdress":"Village - 48110 - MOISSAC-VALLEE-FRANCAISE"},{"text":"MOLEZON","href":"./48/molezon.html","phone":"04 66 45 28 79","email":"","population":"119 habitants","website":"","townhallAdress":"Biasses - 48110 - MOLEZON"},{"text":"MONTBEL","href":"./48/montbel.html","phone":"04 66 47 96 15","email":"mairie-montbel@orange.fr","population":"137 habitants","website":"","townhallAdress":"Village - 48170 - MONTBEL"},{"text":"MONTBRUN","href":"./48/montbrun.html","phone":"04 66 48 55 21","email":"montbrun.mairie@wanadoo.fr","population":"88 habitants","website":"","townhallAdress":"Village - 48210 - MONTBRUN"},{"text":"MONTRODAT","href":"./48/montrodat.html","phone":"04 66 32 10 68","email":"mairie.montrodat@wanadoo.fr","population":"1241 habitants","website":"","townhallAdress":"Village - 48100 - MONTRODAT"},{"text":"NASBINALS","href":"./48/nasbinals.html","phone":"04 66 32 50 17","email":"mairie.nasbinals@laposte.net","population":"521 habitants","website":"","townhallAdress":"Village - 48260 - NASBINALS"},{"text":"NAUSSAC","href":"./48/naussac.html","phone":"04 66 69 16 59","email":"mairie.naussac@wanadoo.fr","population":"212 habitants","website":"","townhallAdress":"Rue de l'Eglise - 48300 - NAUSSAC"},{"text":"NOALHAC","href":"./48/noalhac.html","phone":"04 66 31 68 64","email":"","population":"104 habitants","website":"","townhallAdress":"Village - 48310 - NOALHAC"},{"text":"PALHERS","href":"./48/palhers.html","phone":"04 66 32 31 17","email":"palhers.mairie@orange.fr","population":"207 habitants","website":"","townhallAdress":"Village - 48100 - PALHERS"},{"text":"PAULHAC EN MARGERIDE","href":"./48/paulhac-en-margeride.html","phone":"04 66 31 75 87","email":"mairie.paulhacenmargeride@nordnet.fr","population":"113 habitants","website":"","townhallAdress":"Village - 48140 - PAULHAC-EN-MARGERIDE"},{"text":"PELOUSE","href":"./48/pelouse.html","phone":"04 66 47 70 92","email":"mairie.pelouse@orange.fr","population":"256 habitants","website":"","townhallAdress":"Village - 48000 - PELOUSE"},{"text":"PIED DE BORNE","href":"./48/pied-de-borne.html","phone":"04 66 69 82 23","email":"mairie.pieddeborne@wanadoo.fr","population":"218 habitants","website":"","townhallAdress":"Village - 48800 - PIED-DE-BORNE"},{"text":"PIERREFICHE","href":"./48/pierrefiche.html","phone":"04 66 69 51 57","email":"secretariat.pierrefiche@orange.fr","population":"165 habitants","website":"","townhallAdress":"Village - 48300 - PIERREFICHE"},{"text":"POURCHARESSES","href":"./48/pourcharesses.html","phone":"04 66 46 89 08","email":"mairie.pourcharesses@wanadoo.fr","population":"136 habitants","website":"","townhallAdress":"Village - 48800 - POURCHARESSES"},{"text":"PREVENCHERES","href":"./48/prevencheres.html","phone":"04 66 46 01 58","email":"mairie.prevencheres@wanadoo.fr","population":"281 habitants","website":"","townhallAdress":"Village - 48800 - PREVENCHERES"},{"text":"PRINSUEJOLS","href":"./48/prinsuejols.html","phone":"04 66 32 56 67","email":"mairie.prinsuejols@wanadoo.fr","population":"162 habitants","website":"","townhallAdress":"Village - 48100 - PRINSUEJOLS"},{"text":"PRUNIERES","href":"./48/prunieres.html","phone":"04 66 31 08 77","email":"mairieblavignac@wanadoo.fr","population":"257 habitants","website":"","townhallAdress":"Village - 48200 - PRUNIERES"},{"text":"QUEZAC","href":"./48/quezac.html","phone":"04 66 44 21 26","email":"mairie.quezac@wanadoo.fr","population":"320 habitants","website":"","townhallAdress":"Village - 48320 - QUEZAC"},{"text":"RECOULES D AUBRAC","href":"./48/recoules-d-aubrac.html","phone":"04 66 32 52 14","email":"mairie.recoules.aubrac@orange.fr","population":"252 habitants","website":"","townhallAdress":"Village - 48260 - RECOULES-D'AUBRAC"},{"text":"RECOULES DE FUMAS","href":"./48/recoules-de-fumas.html","phone":"04 66 42 91 34","email":"commune-recoules-de-fumas@orange.fr","population":"97 habitants","website":"","townhallAdress":"Village - 48100 - RECOULES-DE-FUMAS"},{"text":"RIBENNES","href":"./48/ribennes.html","phone":"04 66 47 36 09","email":"","population":"169 habitants","website":"","townhallAdress":"Village - 48700 - RIBENNES"},{"text":"RIEUTORT DE RANDON","href":"./48/rieutort-de-randon.html","phone":"04 66 47 33 31","email":"mairie.de.rieutort@wanadoo.fr","population":"764 habitants","website":"","townhallAdress":"Village - 48700 - RIEUTORT-DE-RANDON"},{"text":"RIMEIZE","href":"./48/rimeize.html","phone":"04 66 31 08 20","email":"mairie.rimeize@wanadoo.fr","population":"621 habitants","website":"","townhallAdress":"Village - 48200 - RIMEIZE"},{"text":"ROCLES","href":"./48/rocles.html","phone":"04 66 69 50 44","email":"mairierocles@free.fr","population":"207 habitants","website":"","townhallAdress":"Village - 48300 - ROCLES"},{"text":"ROUSSES","href":"./48/rousses.html","phone":"04 66 44 08 74","email":"communederousses@wanadoo.fr","population":"104 habitants","website":"","townhallAdress":"Village - 48400 - ROUSSES"},{"text":"SAINT ALBAN SUR LIMAGNOLE","href":"./48/saint-alban-sur-limagnole.html","phone":"04 66 31 50 29","email":"mairie.stalban48@wanadoo.fr","population":"1567 habitants","website":"","townhallAdress":"Place Breuil - 48120 - SAINT-ALBAN-SUR-LIMAGNOLE"},{"text":"SAINT AMANS","href":"./48/saint-amans.html","phone":"04 66 47 30 17","email":"commune.stamans@orange.fr","population":"139 habitants","website":"","townhallAdress":"Village - 48700 - SAINT-AMANS"},{"text":"SAINT ANDEOL DE CLERGUEMORT","href":"./48/saint-andeol-de-clerguemort.html","phone":"04 66 41 02 66","email":"mairie-st-andeol-de-clerguemort@laposte.net","population":"93 habitants","website":"","townhallAdress":"Lézinier - 48160 - SAINT-ANDEOL-DE-CLERGUEMORT"},{"text":"SAINT ANDRE CAPCEZE","href":"./48/saint-andre-capceze.html","phone":"04 66 46 86 25","email":"mairie.standrecapceze@wanadoo.fr","population":"173 habitants","website":"","townhallAdress":"Village - 48800 - SAINT-ANDRE-CAPCEZE"},{"text":"SAINT ANDRE DE LANCIZE","href":"./48/saint-andre-de-lancize.html","phone":"04 66 45 90 97","email":"","population":"121 habitants","website":"","townhallAdress":"Village - 48240 - SAINT-ANDRE-DE-LANCIZE"},{"text":"SAINT BAUZILE","href":"./48/saint-bauzile.html","phone":"04 66 47 00 45","email":"mairiedestbauzile@wanadoo.fr","population":"639 habitants","website":"","townhallAdress":"Village - 48000 - SAINT-BAUZILE"},{"text":"SAINT BONNET DE CHIRAC","href":"./48/saint-bonnet-de-chirac.html","phone":"04 66 32 79 55","email":"","population":"57 habitants","website":"","townhallAdress":"Les Bories - 48100 - SAINT-BONNET-DE-CHIRAC"},{"text":"SAINT BONNET DE MONTAUROUX","href":"./48/saint-bonnet-de-montauroux.html","phone":"04 66 46 41 52","email":"mairie.stbonnetdemontauroux@wanadoo.fr","population":"135 habitants","website":"","townhallAdress":"Village - 48600 - SAINT-BONNET-DE-MONTAUROUX"},{"text":"SAINT CHELY D APCHER","href":"./48/saint-chely-d-apcher.html","phone":"04 66 31 00 67","email":"mairie@stchelydapcher.fr","population":"5094 habitants","website":"","townhallAdress":"Boulevard Guérin d'Apcher - 48200 - SAINT-CHELY-D'APCHER"},{"text":"SAINT DENIS EN MARGERIDE","href":"./48/saint-denis-en-margeride.html","phone":"04 66 47 38 66","email":"mariestdenismargeride@orange.fr","population":"213 habitants","website":"","townhallAdress":"Village - 48700 - SAINT-DENIS-EN-MARGERIDE"},{"text":"SAINTE COLOMBE DE PEYRE","href":"./48/sainte-colombe-de-peyre.html","phone":"04 66 42 83 08","email":"mairie.stecolombepeyre@aliceadsl.fr","population":"229 habitants","website":"","townhallAdress":"Village - 48130 - SAINTE-COLOMBE-DE-PEYRE"},{"text":"SAINTE CROIX VALLEE FRANCAIS","href":"./48/sainte-croix-vallee-francais.html","phone":"04 66 44 70 50","email":"sainte-croix-vf.mairie@wanadoo.fr","population":"279 habitants","website":"","townhallAdress":"Village - 48110 - SAINTE-CROIX-VALLEE-FRANCAIS"},{"text":"SAINTE ENIMIE","href":"./48/sainte-enimie.html","phone":"04 66 48 50 09","email":"mairie-sainte-enimie@wanadoo.fr","population":"548 habitants","website":"","townhallAdress":"Village - 48210 - SAINTE-ENIMIE"},{"text":"SAINTE EULALIE","href":"./48/sainte-eulalie.html","phone":"04 66 31 57 58","email":"","population":"60 habitants","website":"","townhallAdress":"Village - 48120 - SAINTE-EULALIE"},{"text":"SAINTE HELENE","href":"./48/sainte-helene.html","phone":"04 66 47 61 06","email":"mairie.saintehelene@wanadoo.fr","population":"67 habitants","website":"","townhallAdress":"Village - 48190 - SAINTE-HELENE"},{"text":"SAINT ETIENNE DU VALDONNEZ","href":"./48/saint-etienne-du-valdonnez.html","phone":"04 66 48 01 66","email":"commune.st.etienne.de.valdonnes@wanadoo.fr","population":"652 habitants","website":"","townhallAdress":"Village - 48000 - SAINT-ETIENNE-DU-VALDONNEZ"},{"text":"SAINT ETIENNE VALLEE FRANCAISE","href":"./48/saint-etienne-vallee-francaise.html","phone":"04 66 45 70 02","email":"","population":"559 habitants","website":"","townhallAdress":"Village - 48330 - SAINT-ETIENNE-VALLEE-FRANCAISE"},{"text":"SAINT FLOUR DE MERCOIRE","href":"./48/saint-flour-de-mercoire.html","phone":"04 66 69 01 71","email":"mairie.st.flour.mercoire@wanadoo.fr","population":"165 habitants","website":"","townhallAdress":"Village - 48300 - SAINT-FLOUR-DE-MERCOIRE"},{"text":"SAINT FREZAL D ALBUGES","href":"./48/saint-frezal-d-albuges.html","phone":"04 66 47 95 36","email":"mairie.stfrezaldalbuges@wanadoo.fr","population":"55 habitants","website":"","townhallAdress":"Chazeaux - 48170 - SAINT-FREZAL-D'ALBUGES"},{"text":"SAINT FREZAL DE VENTALON","href":"./48/saint-frezal-de-ventalon.html","phone":"04 66 45 56 15","email":"mairie.st-frezal@wanadoo.fr","population":"166 habitants","website":"","townhallAdress":"Le Géripon - 48240 - SAINT-FREZAL-DE-VENTALON"},{"text":"SAINT GAL","href":"./48/saint-gal.html","phone":"04 66 47 36 57","email":"mairie.st.gal@wanadoo.fr","population":"104 habitants","website":"","townhallAdress":"Village - 48700 - SAINT-GAL"},{"text":"SAINT GEORGES DE LEVEJAC","href":"./48/saint-georges-de-levejac.html","phone":"04 66 48 83 27","email":"mairie-de-saint-georges-de-leve@wanadoo.fr","population":"261 habitants","website":"","townhallAdress":"Village - 48500 - SAINT-GEORGES-DE-LEVEJAC"},{"text":"SAINT GERMAIN DE CALBERTE","href":"./48/saint-germain-de-calberte.html","phone":"04 66 45 90 06","email":"mairie.saint-germain-de-calb@wanadoo.fr","population":"461 habitants","website":"","townhallAdress":"Village - 48370 - SAINT-GERMAIN-DE-CALBERTE"},{"text":"SAINT GERMAIN DU TEIL","href":"./48/saint-germain-du-teil.html","phone":"04 66 32 60 16","email":"mairiestgermainduteil@wanadoo.fr","population":"847 habitants","website":"","townhallAdress":"Place Layral - 48340 - SAINT-GERMAIN-DU-TEIL"},{"text":"SAINT HILAIRE DE LAVIT","href":"./48/saint-hilaire-de-lavit.html","phone":"04 66 45 50 63","email":"","population":"100 habitants","website":"","townhallAdress":"Le Village - 48160 - SAINT-HILAIRE-DE-LAVIT"},{"text":"SAINT JEAN LA FOUILLOUSE","href":"./48/saint-jean-la-fouillouse.html","phone":"04 66 69 55 29","email":"secretariat-st-jean-fouillouse@orange.fr","population":"166 habitants","website":"","townhallAdress":"Village - 48170 - SAINT-JEAN-LA-FOUILLOUSE"},{"text":"SAINT JUERY","href":"./48/saint-juery.html","phone":"04 66 31 20 58","email":"mairie@ville-saint-juery.fr","population":"72 habitants","website":"","townhallAdress":"Le bourg - 48310 - SAINT-JUERY"},{"text":"SAINT JULIEN D ARPAON","href":"./48/saint-julien-d-arpaon.html","phone":"04 66 45 08 05","email":"cnestjuliendarpaon@orange.fr","population":"122 habitants","website":"","townhallAdress":"Village - 48400 - SAINT-JULIEN-D'ARPAON"},{"text":"SAINT JULIEN DES POINTS","href":"./48/saint-julien-des-points.html","phone":"04 66 45 53 02","email":"saint-julien-des-points@wanadoo.fr","population":"108 habitants","website":"","townhallAdress":"La Lèche - 48160 - SAINT-JULIEN-DES-POINTS"},{"text":"SAINT JULIEN DU TOURNEL","href":"./48/saint-julien-du-tournel.html","phone":"04 66 47 67 12","email":"st-julien.du.tournel@wanadoo.fr","population":"110 habitants","website":"","townhallAdress":"Village - 48190 - SAINT-JULIEN-DU-TOURNEL"},{"text":"SAINT LAURENT DE MURET","href":"./48/saint-laurent-de-muret.html","phone":"04 66 32 20 40","email":"mairie.st.laurent.le.muret@wanadoo.fr","population":"178 habitants","website":"","townhallAdress":"Village - 48100 - SAINT-LAURENT-DE-MURET"},{"text":"SAINT LAURENT DE TREVES","href":"./48/saint-laurent-de-treves.html","phone":"04 66 45 01 94","email":"mairie.stlaurent@wanadoo.fr","population":"177 habitants","website":"","townhallAdress":"Village - 48400 - SAINT-LAURENT-DE-TREVES"},{"text":"SAINT LAURENT DE VEYRES","href":"./48/saint-laurent-de-veyres.html","phone":"04 66 31 68 56","email":"mairie.st.laurent.de.veyres@wanadoo.fr","population":"42 habitants","website":"","townhallAdress":"Village - 48310 - SAINT-LAURENT-DE-VEYRES"},{"text":"SAINT LEGER DE PEYRE","href":"./48/saint-leger-de-peyre.html","phone":"04 66 32 13 06","email":"commune.stlegerdepeyre@wanadoo.fr","population":"181 habitants","website":"","townhallAdress":"Village - 48100 - SAINT-LEGER-DE-PEYRE"},{"text":"SAINT LEGER DU MALZIEU","href":"./48/saint-leger-du-malzieu.html","phone":"04 66 31 59 18","email":"mairie.stlegerdumalzieu@wanadoo.fr","population":"214 habitants","website":"","townhallAdress":"Village - 48140 - SAINT-LEGER-DU-MALZIEU"},{"text":"SAINT MARTIN DE BOUBAUX","href":"./48/saint-martin-de-boubaux.html","phone":"04 66 45 55 97","email":"mairie-st-martin-boubaux@wanadoo.fr","population":"190 habitants","website":"","townhallAdress":"Village - 48160 - SAINT-MARTIN-DE-BOUBAUX"},{"text":"SAINT MARTIN DE LANSUSCLE","href":"./48/saint-martin-de-lansuscle.html","phone":"04 66 45 92 84","email":"stmartinmairie@wanadoo.fr","population":"138 habitants","website":"","townhallAdress":"Village - 48110 - SAINT-MARTIN-DE-LANSUSCLE"},{"text":"SAINT MAURICE DE VENTALON","href":"./48/saint-maurice-de-ventalon.html","phone":"04 66 45 82 01","email":"","population":"75 habitants","website":"","townhallAdress":"Village - 48220 - SAINT-MAURICE-DE-VENTALON"},{"text":"SAINT MICHEL DE DEZE","href":"./48/saint-michel-de-deze.html","phone":"04 66 45 51 83","email":"mairie.stmicheldedeze@orange.fr","population":"211 habitants","website":"","townhallAdress":"Village - 48160 - SAINT-MICHEL-DE-DEZE"},{"text":"SAINT PAUL LE FROID","href":"./48/saint-paul-le-froid.html","phone":"04 66 46 40 33","email":"mairie.stpaullefroid@wanadoo.fr","population":"161 habitants","website":"","townhallAdress":"Chayla d'Ance - 48600 - SAINT-PAUL-LE-FROID"},{"text":"SAINT PIERRE DE NOGARET","href":"./48/saint-pierre-de-nogaret.html","phone":"04 66 32 64 08","email":"mairie.st-pierre-nogaret.48@wanadoo.fr","population":"153 habitants","website":"","townhallAdress":"Nogardel - 48340 - SAINT-PIERRE-DE-NOGARET"},{"text":"SAINT PIERRE DES TRIPIERS","href":"./48/saint-pierre-des-tripiers.html","phone":"05 65 62 66 77","email":"mairie.saintpierredestripiers@wanadoo.fr","population":"78 habitants","website":"","townhallAdress":"Le Bourg - 48150 - SAINT-PIERRE-DES-TRIPIERS"},{"text":"SAINT PIERRE LE VIEUX","href":"./48/saint-pierre-le-vieux.html","phone":"04 66 31 80 08","email":"mairie.st.pierre.vx@wanadoo.fr","population":"286 habitants","website":"","townhallAdress":"Vareilles - 48200 - SAINT-PIERRE-LE-VIEUX"},{"text":"SAINT PRIVAT DE VALLONGUE","href":"./48/saint-privat-de-vallongue.html","phone":"04 66 45 51 13","email":"mairiestprivat@yahoo.fr","population":"272 habitants","website":"","townhallAdress":"La Combe - 48240 - SAINT-PRIVAT-DE-VALLONGUE"},{"text":"SAINT PRIVAT DU FAU","href":"./48/saint-privat-du-fau.html","phone":"04 66 31 81 55","email":"","population":"133 habitants","website":"","townhallAdress":"Village - 48140 - SAINT-PRIVAT-DU-FAU"},{"text":"SAINT ROME DE DOLAN","href":"./48/saint-rome-de-dolan.html","phone":"04 66 48 83 59","email":"mairie.stromededolan@wanadoo.fr","population":"81 habitants","website":"","townhallAdress":"Village - 48500 - SAINT-ROME-DE-DOLAN"},{"text":"SAINT SATURNIN","href":"./48/saint-saturnin.html","phone":"04 66 32 93 20","email":"commune-de-st-saturnin@wanadoo.fr","population":"68 habitants","website":"","townhallAdress":"Village - 48500 - SAINT-SATURNIN"},{"text":"SAINT SAUVEUR DE GINESTOUX","href":"./48/saint-sauveur-de-ginestoux.html","phone":"04 66 47 91 92","email":"mairie.st.sauveur.de.gtx@wanadoo.fr","population":"66 habitants","website":"","townhallAdress":"Village - 48170 - SAINT-SAUVEUR-DE-GINESTOUX"},{"text":"SAINT SAUVEUR DE PEYRE","href":"./48/saint-sauveur-de-peyre.html","phone":"04 66 42 85 14","email":"mairie.stsauveurdepeyre@wanadoo.fr","population":"268 habitants","website":"","townhallAdress":"Village - 48130 - SAINT-SAUVEUR-DE-PEYRE"},{"text":"SAINT SYMPHORIEN","href":"./48/saint-symphorien.html","phone":"04 66 46 33 08","email":"mairie.st.symphorien48@orange.fr","population":"265 habitants","website":"","townhallAdress":"Village - 48600 - SAINT-SYMPHORIEN"},{"text":"SERVERETTE","href":"./48/serverette.html","phone":"04 66 48 30 36","email":"mairie.serverette@gmail.com","population":"292 habitants","website":"","townhallAdress":"Route Nationale 106 - 48700 - SERVERETTE"},{"text":"SERVIERES","href":"./48/servieres.html","phone":"04 66 47 40 76","email":"","population":"178 habitants","website":"","townhallAdress":"Village - 48000 - SERVIERES"},{"text":"TERMES","href":"./48/termes.html","phone":"04 66 31 62 52","email":"mairie.termes.48@wanadoo.fr","population":"215 habitants","website":"","townhallAdress":"Village - 48310 - TERMES"},{"text":"TRELANS","href":"./48/trelans.html","phone":"04 66 32 61 24","email":"mairie.trelans@nordnet.fr","population":"107 habitants","website":"","townhallAdress":"Village - 48340 - TRELANS"},{"text":"VEBRON","href":"./48/vebron.html","phone":"04 66 44 00 18","email":"mairie.vebron@wanadoo.fr","population":"232 habitants","website":"","townhallAdress":"Village - 48400 - VEBRON"},{"text":"VIALAS","href":"./48/vialas.html","phone":"04 66 41 00 05","email":"mairie.vialas@orange.fr","population":"490 habitants","website":"","townhallAdress":"Village - 48220 - VIALAS"},{"text":"VILLEFORT","href":"./48/villefort.html","phone":"04 66 46 80 26","email":"mairie.villefort@wanadoo.fr","population":"668 habitants","website":"","townhallAdress":"Rue Hospice - 48800 - VILLEFORT"}]}