{"text":"56 | Morbihan","href":"morbihan.html","townships":[{"text":"ALLAIRE","href":"./56/allaire.html","phone":"02 99 71 91 09","email":"allaire.mairie@wanadoo.fr","population":"3626 habitants","website":"","townhallAdress":"Place de la Mairie - 56350 - ALLAIRE"},{"text":"AMBON","href":"./56/ambon.html","phone":"02 97 41 12 06","email":"mairie-ambon@wanadoo.fr","population":"1781 habitants","website":"","townhallAdress":"Rue Pré Demoiselle - B.P 14 - 56190 - AMBON"},{"text":"ARRADON","href":"./56/arradon.html","phone":"02 97 44 01 56","email":"mairie.maire@arradon.com","population":"5476 habitants","website":"","townhallAdress":"2 place de l'Eglise - 56610 - ARRADON"},{"text":"ARZAL","href":"./56/arzal.html","phone":"02 97 45 04 92","email":"mairie-arzal@wanadoo.fr","population":"1399 habitants","website":"","townhallAdress":"17 place de l'Eglise - 56190 - ARZAL"},{"text":"ARZON","href":"./56/arzon.html","phone":"02 97 53 44 60","email":"mairie@arzon.fr","population":"2230 habitants","website":"","townhallAdress":"19 rue de la Poste - 56640 - ARZON"},{"text":"AUGAN","href":"./56/augan.html","phone":"02 97 93 45 06","email":"mairie.augan@wanadoo.fr","population":"1430 habitants","website":"","townhallAdress":"Place Saint Marc - 56800 - AUGAN"},{"text":"AURAY","href":"./56/auray.html","phone":"02 97 24 01 23","email":"courrier.mairie@ville-auray.fr","population":"12819 habitants","website":"","townhallAdress":"100 place de la République - 56400 - AURAY"},{"text":"BADEN","href":"./56/baden.html","phone":"02 97 57 00 95","email":"mairie@baden.fr","population":"4098 habitants","website":"","townhallAdress":"4 place de la Mairie - 56870 - BADEN"},{"text":"BANGOR","href":"./56/bangor.html","phone":"02 97 31 84 06","email":"mairie.bangor@wanadoo.fr","population":"925 habitants","website":"","townhallAdress":"26 rue Claude Monet - 56360 - BANGOR"},{"text":"BAUD","href":"./56/baud.html","phone":"02 97 51 02 29","email":"","population":"5680 habitants","website":"","townhallAdress":"Place Mathurin Martin - 56150 - BAUD"},{"text":"BEGANNE","href":"./56/beganne.html","phone":"02 99 91 81 57","email":"mairie.beganne@wanadoo.fr","population":"1411 habitants","website":"","townhallAdress":"Rue Chemin Creux - 56350 - BEGANNE"},{"text":"BEIGNON","href":"./56/beignon.html","phone":"02 97 75 73 55","email":"mairie.beignon@wanadoo.fr","population":"1568 habitants","website":"","townhallAdress":"Bourg - 56380 - BEIGNON"},{"text":"BELZ","href":"./56/belz.html","phone":"02 97 55 33 13","email":"contact@ria-etel.com","population":"3528 habitants","website":"","townhallAdress":"36 rue Général de Gaulle - 56550 - BELZ"},{"text":"BERNE","href":"./56/berne.html","phone":"02 97 34 21 65","email":"mairie.berne@wanadoo.fr","population":"1561 habitants","website":"","townhallAdress":"Place de la Mairie - 56240 - BERNE"},{"text":"BERRIC","href":"./56/berric.html","phone":"02 97 67 01 37","email":"mairie.berric@wanadoo.fr","population":"1447 habitants","website":"","townhallAdress":"16 place de l'Eglise - 56230 - BERRIC"},{"text":"BIEUZY","href":"./56/bieuzy.html","phone":"02 97 39 55 76","email":"bieuzy2@wanadoo.fr","population":"764 habitants","website":"","townhallAdress":"Rue Bonne Fontaine - 56310 - BIEUZY"},{"text":"BIGNAN","href":"./56/bignan.html","phone":"02 97 60 02 98","email":"mairie-de-bignan@wanadoo.fr","population":"2678 habitants","website":"","townhallAdress":"2 rue Georges Cadoudal - 56500 - BIGNAN"},{"text":"BILLIERS","href":"./56/billiers.html","phone":"02 97 41 64 23","email":"mairiedebilliers@wanadoo.fr","population":"930 habitants","website":"","townhallAdress":"1 route de la Mer - 56190 - BILLIERS"},{"text":"BILLIO","href":"./56/billio.html","phone":"02 97 42 28 18","email":"mairie.billio@wanadoo.fr","population":"360 habitants","website":"","townhallAdress":"Le Bourg - 56420 - BILLIO"},{"text":"BOHAL","href":"./56/bohal.html","phone":"02 97 75 14 25","email":"mairie.bohal@wanadoo.fr","population":"745 habitants","website":"","townhallAdress":"Rue des Acacias - 56140 - BOHAL"},{"text":"BRANDERION","href":"./56/branderion.html","phone":"02 97 32 92 39","email":"mairie-de-branderion@wanadoo.fr","population":"999 habitants","website":"","townhallAdress":"19 avenue Abbé Louis Le Cam - 56700 - BRANDERION"},{"text":"BRANDIVY","href":"./56/brandivy.html","phone":"02 97 56 03 74","email":"mairie-de-brandivy@wanadoo.fr","population":"1109 habitants","website":"","townhallAdress":"Place de l'Eglise - 56390 - BRANDIVY"},{"text":"BRECH","href":"./56/brech.html","phone":"02 97 57 79 90","email":"accueil@brech.fr","population":"6369 habitants","website":"","townhallAdress":"9 rue Georges Cadoudal - 56400 - BRECH"},{"text":"BREHAN","href":"./56/brehan.html","phone":"02 97 38 81 31","email":"brehan.mairie@wanadoo.fr","population":"2377 habitants","website":"","townhallAdress":"Place de la Mairie - 56580 - BREHAN"},{"text":"BRIGNAC","href":"./56/brignac.html","phone":"02 97 22 80 88","email":"mairie.brignac@wanadoo.fr","population":"206 habitants","website":"","townhallAdress":"Le Bourg - 56430 - BRIGNAC"},{"text":"BUBRY","href":"./56/bubry.html","phone":"02 97 51 70 07","email":"mairie.bubry@wanadoo.fr","population":"2369 habitants","website":"","townhallAdress":"Place de Macroom - 56310 - BUBRY"},{"text":"BULEON","href":"./56/buleon.html","phone":"02 97 75 33 94","email":"mairie.buleon@wanadoo.fr","population":"453 habitants","website":"","townhallAdress":"1 rue de la Mairie - 56420 - BULEON"},{"text":"CADEN","href":"./56/caden.html","phone":"02 97 67 82 20","email":"mairie.caden@wanadoo.fr","population":"1572 habitants","website":"","townhallAdress":"Le Bourg - 56220 - CADEN"},{"text":"CALAN","href":"./56/calan.html","phone":"02 97 33 33 85","email":"mairiecalan@wanadoo.fr","population":"842 habitants","website":"","townhallAdress":"Le Bourg - 56240 - CALAN"},{"text":"CAMOEL","href":"./56/camoel.html","phone":"02 99 90 00 76","email":"mairie.camoel@wanadoo.fr","population":"847 habitants","website":"","townhallAdress":"1 place de la Mairie - 56130 - CAMOEL"},{"text":"CAMORS","href":"./56/camors.html","phone":"02 97 39 22 06","email":"commune.de.camors@wanadoo.fr","population":"2773 habitants","website":"","townhallAdress":"18 rue Principale - 56330 - CAMORS"},{"text":"CAMPENEAC","href":"./56/campeneac.html","phone":"02 97 93 40 39","email":"mairiecampeneac@wanadoo.fr","population":"1740 habitants","website":"","townhallAdress":"10 place de la Mairie - 56800 - CAMPENEAC"},{"text":"CARENTOIR","href":"./56/carentoir.html","phone":"02 99 08 84 07","email":"mairie.carentoir@wanadoo.fr","population":"2771 habitants","website":"","townhallAdress":"13 rue du Général de Gaulle - 56910 - CARENTOIR"},{"text":"CARNAC","href":"./56/carnac.html","phone":"02 97 52 06 86","email":"communication@carnac.fr","population":"4576 habitants","website":"","townhallAdress":"Place de la Chapelle - 56340 - CARNAC"},{"text":"CARO","href":"./56/caro.html","phone":"02 97 74 61 39","email":"mairie.caro@wanadoo.fr","population":"1181 habitants","website":"","townhallAdress":"Le Bourg - 56140 - CARO"},{"text":"CAUDAN","href":"./56/caudan.html","phone":"02 97 80 59 20","email":"mairie-caudan@wanadoo.fr","population":"7023 habitants","website":"","townhallAdress":"Place Louis Le Léannec - 56850 - CAUDAN"},{"text":"CLEGUER","href":"./56/cleguer.html","phone":"02 97 80 18 88","email":"commune-cleguer@wanadoo.fr","population":"3381 habitants","website":"","townhallAdress":"Rue du Pont Person - 56620 - CLEGUER"},{"text":"CLEGUEREC","href":"./56/cleguerec.html","phone":"02 97 38 00 15","email":"mairie.cleguerec@wanadoo.fr","population":"2947 habitants","website":"","townhallAdress":"10 place Pobéguin - 56480 - CLEGUEREC"},{"text":"COLPO","href":"./56/colpo.html","phone":"02 97 66 82 08","email":"mairie@colpo.fr","population":"2221 habitants","website":"","townhallAdress":"12 avenue Princesse - 56390 - COLPO"},{"text":"CONCORET","href":"./56/concoret.html","phone":"02 97 22 61 19","email":"mairie-concoret@wanadoo.fr","population":"775 habitants","website":"","townhallAdress":"Le Bourg - 56430 - CONCORET"},{"text":"COURNON","href":"./56/cournon.html","phone":"02 99 08 12 76","email":"mairiedecournon@wanadoo.fr","population":"726 habitants","website":"","townhallAdress":"Le Bourg - 56200 - COURNON"},{"text":"CRACH","href":"./56/crach.html","phone":"02 97 55 03 17","email":"info@ville-crach.com","population":"3369 habitants","website":"","townhallAdress":"1 place de la République - 56950 - CRACH"},{"text":"CREDIN","href":"./56/credin.html","phone":"02 97 38 97 33","email":"mairie.credin@wanadoo.fr","population":"1455 habitants","website":"","townhallAdress":"10 place de l�église - 56580 - CREDIN"},{"text":"CROIXANVEC","href":"./56/croixanvec.html","phone":"02 97 51 41 91","email":"mairie.croixanvec@orange.fr","population":"164 habitants","website":"","townhallAdress":"Le Bourg - 56920 - CROIXANVEC"},{"text":"CRUGUEL","href":"./56/cruguel.html","phone":"02 97 73 01 48","email":"mairie.cruguel@orange.fr","population":"631 habitants","website":"","townhallAdress":"17 rue de la Mairie - 56420 - CRUGUEL"},{"text":"DAMGAN","href":"./56/damgan.html","phone":"02 97 41 10 19","email":"mairie.damgan@wanadoo.fr","population":"1513 habitants","website":"","townhallAdress":"40 rue Fidèle Habert - 56750 - DAMGAN"},{"text":"ELVEN","href":"./56/elven.html","phone":"02 97 53 31 13","email":"elven@mairie-elven.fr","population":"4792 habitants","website":"","townhallAdress":"Place Verdun - 56250 - ELVEN"},{"text":"ERDEVEN","href":"./56/erdeven.html","phone":"02 97 55 64 62","email":"mairieerdeven@wanadoo.fr","population":"3328 habitants","website":"","townhallAdress":"Place de la Mairie - 56410 - ERDEVEN"},{"text":"ETEL","href":"./56/etel.html","phone":"02 97 55 35 19","email":"mairie-etel@fr.oleane.com","population":"2213 habitants","website":"","townhallAdress":"6 place de la République - 56410 - ETEL"},{"text":"EVRIGUET","href":"./56/evriguet.html","phone":"02 97 22 80 47","email":"mairie.evriguet@wanadoo.fr","population":"192 habitants","website":"","townhallAdress":"Place René Marcadé - 56490 - EVRIGUET"},{"text":"FEREL","href":"./56/ferel.html","phone":"02 99 90 01 06","email":"mairie-de-ferel@wanadoo.fr","population":"2727 habitants","website":"","townhallAdress":"1 place de la Mairie - 56130 - FEREL"},{"text":"GAVRES","href":"./56/gavres.html","phone":"02 97 82 46 55","email":"mairie.gavres@orange.fr","population":"810 habitants","website":"","townhallAdress":"Avenue Sardiniers - 56290 - GAVRES"},{"text":"GESTEL","href":"./56/gestel.html","phone":"02 97 80 12 44","email":"mairie.gestel@wanadoo.fr","population":"2642 habitants","website":"","townhallAdress":"1 place du Colonel Muller - 56830 - GESTEL"},{"text":"GLENAC","href":"./56/glenac.html","phone":"02 99 08 13 65","email":"mairie.glenac@wanadoo.fr","population":"859 habitants","website":"","townhallAdress":"Le Bourg - 56200 - GLENAC"},{"text":"GOURHEL","href":"./56/gourhel.html","phone":"02 97 74 00 45","email":"mairie-gourhel@wanadoo.fr","population":"532 habitants","website":"","townhallAdress":"Rue de la Libération - 56800 - GOURHEL"},{"text":"GOURIN","href":"./56/gourin.html","phone":"02 97 23 40 37","email":"mairie@villedegourin.fr","population":"4310 habitants","website":"","townhallAdress":"24 rue Jacques Rodallec - 56110 - GOURIN"},{"text":"GRAND CHAMP","href":"./56/grand-champ.html","phone":"02 97 66 77 11","email":"mairie@grandchamp.fr","population":"4866 habitants","website":"","townhallAdress":"Place de la Mairie - 56390 - GRAND-CHAMP"},{"text":"GROIX","href":"./56/groix.html","phone":"02 97 86 80 15","email":"sg@groix.fr","population":"2378 habitants","website":"","townhallAdress":"13 place de l'Eglise - 56590 - GROIX"},{"text":"GUEGON","href":"./56/guegon.html","phone":"02 97 22 20 64","email":"mairieguegon@wanadoo.fr","population":"2432 habitants","website":"","townhallAdress":"1 place du Général de Gaulle - 56120 - GUEGON"},{"text":"GUEHENNO","href":"./56/guehenno.html","phone":"02 97 42 29 89","email":"mairieguehenno@wanadoo.fr","population":"807 habitants","website":"","townhallAdress":"4 rue Nationale - 56420 - GUEHENNO"},{"text":"GUELTAS","href":"./56/gueltas.html","phone":"02 97 51 53 34","email":"mairie-gueltas@wanadoo.fr","population":"547 habitants","website":"","townhallAdress":"Rue du Presbytère - 56920 - GUELTAS"},{"text":"GUEMENE SUR SCORFF","href":"./56/guemene-sur-scorff.html","phone":"02 97 51 20 23","email":"mairieguemene.surscorff@wanadoo.fr","population":"1262 habitants","website":"","townhallAdress":"Place du Château - 56160 - GUEMENE-SUR-SCORFF"},{"text":"GUENIN","href":"./56/guenin.html","phone":"02 97 39 09 09","email":"commune-de-guenin@wanadoo.fr","population":"1410 habitants","website":"","townhallAdress":"Rue  du Maneguen - 56150 - GUENIN"},{"text":"GUER","href":"./56/guer.html","phone":"02 97 22 57 00","email":"mairie-guer@fr.oleane.com","population":"6554 habitants","website":"","townhallAdress":"Place de l'Hôtel de Ville - 56380 - GUER"},{"text":"GUERN","href":"./56/guern.html","phone":"02 97 27 70 08","email":"guern@wanadoo.fr","population":"1485 habitants","website":"","townhallAdress":"Rue de la Vallée - 56310 - GUERN"},{"text":"GUIDEL","href":"./56/guidel.html","phone":"02 97 02 96 96","email":"maire@mairie-guidel.fr","population":"10325 habitants","website":"","townhallAdress":"11 place Polignac - 56520 - GUIDEL"},{"text":"GUILLAC","href":"./56/guillac.html","phone":"02 97 74 11 62","email":"mairieguillac@orange.fr","population":"1286 habitants","website":"","townhallAdress":"1 place de la Mairie - 56800 - GUILLAC"},{"text":"GUILLIERS","href":"./56/guilliers.html","phone":"02 97 74 40 15","email":"mairieguilliers2@orange.fr","population":"1396 habitants","website":"","townhallAdress":"Rue de la Mairie - 56490 - GUILLIERS"},{"text":"GUISCRIFF","href":"./56/guiscriff.html","phone":"02 97 34 00 56","email":"mairie.guiscriff@wanadoo.fr","population":"2382 habitants","website":"","townhallAdress":"Place de la Mairie - 56560 - GUISCRIFF"},{"text":"HELLEAN","href":"./56/hellean.html","phone":"02 97 93 52 78","email":"mairie.hellean@laposte.net","population":"319 habitants","website":"","townhallAdress":"Le Bourg - 56120 - HELLEAN"},{"text":"HENNEBONT","href":"./56/hennebont.html","phone":"02 97 85 16 16","email":"cabinetmaire@mairie-hennebont.fr","population":"14630 habitants","website":"","townhallAdress":"Place Maréchal Foch - 56700 - HENNEBONT"},{"text":"ILE AUX MOINES","href":"./56/ile-aux-moines.html","phone":"02 97 26 32 61","email":"mairie@ileauxmoines.fr","population":"555 habitants","website":"","townhallAdress":"Rue de la Mairie - 56780 - ILE-AUX-MOINES"},{"text":"ILE D ARZ","href":"./56/ile-d-arz.html","phone":"02 97 44 31 14","email":"secretariat@mairie-iledarz.fr","population":"256 habitants","website":"","townhallAdress":"Rue Prieure - 56840 - ILE-D'ARZ"},{"text":"ILE D HOEDIC","href":"./56/ile-d-hoedic.html","phone":"02 97 30 68 32","email":"mairie-dhoedic@wanadoo.fr","population":"117 habitants","website":"","townhallAdress":"Le Bourg - 56170 - ILE-D'HOEDIC"},{"text":"ILE D HOUAT","href":"./56/ile-d-houat.html","phone":"02 97 30 68 04","email":"mairie-houat@wanadoo.fr","population":"309 habitants","website":"","townhallAdress":"Le Bourg - 56170 - ILE-D'HOUAT"},{"text":"INGUINIEL","href":"./56/inguiniel.html","phone":"02 97 32 08 12","email":"mairie.inguiniel@wanadoo.fr","population":"2087 habitants","website":"","townhallAdress":"1 rue Louis Le Moënic - 56240 - INGUINIEL"},{"text":"INZINZAC LOCHRIST","href":"./56/inzinzac-lochrist.html","phone":"02 97 85 30 30","email":"mairie.inzinzac@wanadoo.fr","population":"5799 habitants","website":"","townhallAdress":"Place Charles de Gaulle - 56650 - INZINZAC-LOCHRIST"},{"text":"JOSSELIN","href":"./56/josselin.html","phone":"02 97 22 24 17","email":"mairie@josselin.com","population":"2669 habitants","website":"","townhallAdress":"Place Alain De Rohan - 56120 - JOSSELIN"},{"text":"KERFOURN","href":"./56/kerfourn.html","phone":"02 97 38 36 03","email":"mairie.kerfourn@orange.fr","population":"822 habitants","website":"","townhallAdress":"16 rue de l'Argoat - 56920 - KERFOURN"},{"text":"KERGRIST","href":"./56/kergrist.html","phone":"02 97 39 62 28","email":"mairie-kergrist@wanadoo.fr","population":"675 habitants","website":"","townhallAdress":"16 rue de la Paix - 56300 - KERGRIST"},{"text":"KERNASCLEDEN","href":"./56/kernascleden.html","phone":"02 97 51 61 16","email":"mairie.kernascleden@wanadoo.fr","population":"429 habitants","website":"","townhallAdress":"5, rue de Brissac - 56540 - KERNASCLEDEN"},{"text":"KERVIGNAC","href":"./56/kervignac.html","phone":"02 97 65 77 06","email":"mairie@kervignac.com","population":"5365 habitants","website":"","townhallAdress":"Rue de la Mairie - 56700 - KERVIGNAC"},{"text":"LA CHAPELLE CARO","href":"./56/la-chapelle-caro.html","phone":"02 97 74 91 53","email":"mairie.la-chapelle-caro@wanadoo.fr","population":"1323 habitants","website":"","townhallAdress":"12 avenue Yves Rober - 56460 - LA-CHAPELLE-CARO"},{"text":"LA CHAPELLE GACELINE","href":"./56/la-chapelle-gaceline.html","phone":"02 99 08 12 80","email":"mairie-la-chapelle-gaceline@wanadoo.fr","population":"667 habitants","website":"","townhallAdress":"Le Bourg - 56200 - LA-CHAPELLE-GACELINE"},{"text":"LA CHAPELLE NEUVE","href":"./56/la-chapelle-neuve.html","phone":"02 97 27 20 04","email":"mairie.la.chapelle.neuve@wanadoo.fr","population":"776 habitants","website":"","townhallAdress":"16 rue Principale - 56500 - LA-CHAPELLE-NEUVE"},{"text":"LA CROIX HELLEAN","href":"./56/la-croix-hellean.html","phone":"02 97 22 24 15","email":"croixhellean.mairie@orange.fr","population":"789 habitants","website":"","townhallAdress":"Le Bourg - 56120 - LA-CROIX-HELLEAN"},{"text":"LA GACILLY","href":"./56/la-gacilly.html","phone":"02 99 08 10 18","email":"mairie.lagacilly@wanadoo.fr","population":"2298 habitants","website":"","townhallAdress":"Rue de l'Hôtel de Ville - 56200 - LA-GACILLY"},{"text":"LA GREE SAINT LAURENT","href":"./56/la-gree-saint-laurent.html","phone":"02 97 75 51 37","email":"mairielagreestlaurent@wanadoo.fr","population":"344 habitants","website":"","townhallAdress":"Le Bourg - 56120 - LA-GREE-SAINT-LAURENT"},{"text":"LANDAUL","href":"./56/landaul.html","phone":"02 97 24 60 05","email":"cyber-landaul@wanadoo.fr","population":"1818 habitants","website":"","townhallAdress":"Place de la Mairie - 56690 - LANDAUL"},{"text":"LANDEVANT","href":"./56/landevant.html","phone":"02 97 56 93 00","email":"commune.landevant@wanadoo.fr","population":"2867 habitants","website":"","townhallAdress":"15 rue Nationale - 56690 - LANDEVANT"},{"text":"LANESTER","href":"./56/lanester.html","phone":"02 97 76 81 81","email":"communication@ville-lanester.fr","population":"23267 habitants","website":"","townhallAdress":"Rue Louis Aragon - 56600 - LANESTER"},{"text":"LANGOELAN","href":"./56/langoelan.html","phone":"02 97 51 25 54","email":"langoelan.Mairie@wanadoo.fr","population":"418 habitants","website":"","townhallAdress":"44 rue Duchelas - 56160 - LANGOELAN"},{"text":"LANGONNET","href":"./56/langonnet.html","phone":"02 97 23 96 34","email":"mairie.langonnet@wanadoo.fr","population":"1965 habitants","website":"","townhallAdress":"1 place Morvan - 56630 - LANGONNET"},{"text":"LANGUIDIC","href":"./56/languidic.html","phone":"02 97 65 19 19","email":"mairie@languidic.fr","population":"7396 habitants","website":"","townhallAdress":"2 rue de la Mairie - 56440 - LANGUIDIC"},{"text":"LANOUEE","href":"./56/lanouee.html","phone":"02 97 75 34 83","email":"mairie.lanouee@wanadoo.fr","population":"1702 habitants","website":"","townhallAdress":"Place de la Mairie - 56120 - LANOUEE"},{"text":"LANTILLAC","href":"./56/lantillac.html","phone":"02 97 75 35 50","email":"commune-de-lantillac@wanadoo.fr","population":"306 habitants","website":"","townhallAdress":"Le Bourg - 56120 - LANTILLAC"},{"text":"LANVAUDAN","href":"./56/lanvaudan.html","phone":"02 97 33 33 08","email":"mairie.lanvaudan@wanadoo.fr","population":"729 habitants","website":"","townhallAdress":"Le Bourg - 56240 - LANVAUDAN"},{"text":"LANVENEGEN","href":"./56/lanvenegen.html","phone":"02 97 34 40 10","email":"mairie.lanvenegen@wanadoo.fr","population":"1218 habitants","website":"","townhallAdress":"14 rue de la Mairie - 56320 - LANVENEGEN"},{"text":"LARMOR BADEN","href":"./56/larmor-baden.html","phone":"02 97 57 05 38","email":"mairie.larmorbaden@wanadoo.fr","population":"850 habitants","website":"","townhallAdress":"Place de l'Eglise - 56870 - LARMOR-BADEN"},{"text":"LARMOR PLAGE","href":"./56/larmor-plage.html","phone":"02 97 84 26 26","email":"mairie@larmor-plage.com","population":"8760 habitants","website":"","townhallAdress":"4 rue des 4 Frères Leroy Queret - 56260 - LARMOR-PLAGE"},{"text":"LA ROCHE BERNARD","href":"./56/la-roche-bernard.html","phone":"02 99 90 60 51","email":"mairie-lrb@wanadoo.fr","population":"780 habitants","website":"","townhallAdress":"Place Louis Levèsque - 56130 - LA-ROCHE-BERNARD"},{"text":"LARRE","href":"./56/larre.html","phone":"02 97 67 20 50","email":"mairielarre@wanadoo.fr","population":"767 habitants","website":"","townhallAdress":"1 place Guillaume Pichon - 56230 - LARRE"},{"text":"LA TRINITE PORHOET","href":"./56/la-trinite-porhoet.html","phone":"02 97 93 92 00","email":"mairie.trinite.porh@wanadoo.fr","population":"779 habitants","website":"","townhallAdress":"Place Martray - 56710 - LA-TRINITE-PORHOET"},{"text":"LA TRINITE SUR MER","href":"./56/la-trinite-sur-mer.html","phone":"02 97 55 72 19","email":"accueil@latrinitesurmer.fr","population":"1654 habitants","website":"","townhallAdress":"Place Yvonne Sarcey - 56470 - LA-TRINITE-SUR-MER"},{"text":"LA TRINITE SURZUR","href":"./56/la-trinite-surzur.html","phone":"02 97 42 16 02","email":"trinite-surzur@wanadoo.fr","population":"1027 habitants","website":"","townhallAdress":"18 route Armorique - 56190 - LA-TRINITE-SURZUR"},{"text":"LAUZACH","href":"./56/lauzach.html","phone":"02 97 67 05 00","email":"mairie.lauzach@wanadoo.fr","population":"889 habitants","website":"","townhallAdress":"10 rue Abbé Noury - 56190 - LAUZACH"},{"text":"LA VRAIE CROIX","href":"./56/la-vraie-croix.html","phone":"02 97 67 23 62","email":"lavraie-croix.mairie@wanadoo.fr","population":"1314 habitants","website":"","townhallAdress":"1 place du Palais - 56250 - LA-VRAIE-CROIX"},{"text":"LE BONO","href":"./56/le-bono.html","phone":"02 97 57 88 98","email":"accueil@lebono.fr","population":"1859 habitants","website":"","townhallAdress":"Place Joseph Le Clanche - 56400 - LE-BONO"},{"text":"LE COURS","href":"./56/le-cours.html","phone":"02 97 67 21 72","email":"mairie.lecours@wanadoo.fr","population":"520 habitants","website":"","townhallAdress":"Le Bourg - 56230 - LE-COURS"},{"text":"LE CROISTY","href":"./56/le-croisty.html","phone":"02 97 51 60 03","email":"mairie-le-croisty@wanadoo.fr","population":"722 habitants","website":"","townhallAdress":"4 rue des Ecoles - 56540 - LE-CROISTY"},{"text":"LE FAOUET","href":"./56/le-faouet.html","phone":"02 97 23 07 68","email":"droual-marc@ville-le-faouet.fr","population":"3019 habitants","website":"","townhallAdress":"9 rue Victor Robic - 56320 - LE-FAOUET"},{"text":"LE GUERNO","href":"./56/le-guerno.html","phone":"02 97 42 94 76","email":"mairie.leguerno@wanadoo.fr","population":"755 habitants","website":"","townhallAdress":"4 rue de la Mairie - 56190 - LE-GUERNO"},{"text":"LE HEZO","href":"./56/le-hezo.html","phone":"02 97 26 44 87","email":"mairie.hezo@wanadoo.fr","population":"694 habitants","website":"","townhallAdress":"Rue Saint Vincent - 56450 - LE-HEZO"},{"text":"LE PALAIS","href":"./56/le-palais.html","phone":"02 97 31 80 16","email":"mairie.palais@wanadoo.fr","population":"2616 habitants","website":"","townhallAdress":"Place de l'Hôtel de Ville - 56360 - LE-PALAIS"},{"text":"LE ROC SAINT ANDRE","href":"./56/le-roc-saint-andre.html","phone":"02 97 74 93 53","email":"mairie.roc@wanadoo.fr","population":"936 habitants","website":"","townhallAdress":"1 rue Nationale - 56460 - LE-ROC-SAINT-ANDRE"},{"text":"LE SAINT","href":"./56/le-saint.html","phone":"02 97 34 71 49","email":"mairie.le.saint@wanadoo.fr","population":"686 habitants","website":"","townhallAdress":"10 rue de la Mairie - 56110 - LE-SAINT"},{"text":"LES FORGES","href":"./56/les-forges.html","phone":"02 97 75 31 73","email":"mairiedesforges@wanadoo.fr","population":"444 habitants","website":"","townhallAdress":"Le Bourg - 56120 - LES-FORGES"},{"text":"LES FOUGERETS","href":"./56/les-fougerets.html","phone":"02 99 91 54 42","email":"mairie.fougerets@wanadoo.fr","population":"933 habitants","website":"","townhallAdress":"Le Bourg - 56200 - LES-FOUGERETS"},{"text":"LE SOURN","href":"./56/le-sourn.html","phone":"02 97 25 12 52","email":"mairie.lesourn@wanadoo.fr","population":"2076 habitants","website":"","townhallAdress":"26 rue du Commerce - 56300 - LE-SOURN"},{"text":"LE TOUR DU PARC","href":"./56/le-tour-du-parc.html","phone":"02 97 67 30 01","email":"mairie.letourduparc@wanadoo.fr","population":"1052 habitants","website":"","townhallAdress":"Le Bourg - 56370 - LE-TOUR-DU-PARC"},{"text":"LIGNOL","href":"./56/lignol.html","phone":"02 97 27 00 85","email":"mairie.lignol@wanadoo.fr","population":"918 habitants","website":"","townhallAdress":"7 rue de la Mairie - 56160 - LIGNOL"},{"text":"LIMERZEL","href":"./56/limerzel.html","phone":"02 97 66 20 52","email":"mairie.limerzel@wanadoo.fr","population":"1265 habitants","website":"","townhallAdress":"12 rue de la Mairie - 56220 - LIMERZEL"},{"text":"LIZIO","href":"./56/lizio.html","phone":"02 97 74 92 67","email":"mairie-lizio@orange.fr","population":"693 habitants","website":"","townhallAdress":"Place de l'Eglise - 56460 - LIZIO"},{"text":"LOCMALO","href":"./56/locmalo.html","phone":"02 97 51 22 04","email":"mairie.locmalo@wanadoo.fr","population":"848 habitants","website":"","townhallAdress":"4 rue de Porharch - 56160 - LOCMALO"},{"text":"LOCMARIA BELLE ILE","href":"./56/locmaria-belle-ile.html","phone":"02 97 31 70 92","email":"locmaria-belle-ile@wanadoo.fr","population":"705 habitants","website":"","townhallAdress":"Rue des Acadiens - 56360 - LOCMARIA-BELLE-ILE"},{"text":"LOCMARIA GRAND CHAMP","href":"./56/locmaria-grand-champ.html","phone":"02 97 31 70 92","email":"mairie.locmaria.gd.ch@wanadoo.fr","population":"1048 habitants","website":"","townhallAdress":"Le Bourg - 56390 - LOCMARIA-GRAND-CHAMP"},{"text":"LOCMARIAQUER","href":"./56/locmariaquer.html","phone":"02 97 57 32 32","email":"accueil@locmariaquer.fr","population":"1669 habitants","website":"","townhallAdress":"Place de la Mairie - 56740 - LOCMARIAQUER"},{"text":"LOCMINE","href":"./56/locmine.html","phone":"02 97 60 00 37","email":"locmine.ville@wanadoo.fr","population":"4225 habitants","website":"","townhallAdress":"28 rue du Général de Gaulle - 56500 - LOCMINE"},{"text":"LOCMIQUELIC","href":"./56/locmiquelic.html","phone":"02 97 33 42 24","email":"mairie-de-locmiquelic@megalis.org","population":"4235 habitants","website":"","townhallAdress":"27 rue de la Mairie - 56570 - LOCMIQUELIC"},{"text":"LOCOAL MENDON","href":"./56/locoal-mendon.html","phone":"02 97 24 60 87","email":"mairie.locoalmendon@wanadoo.fr","population":"3106 habitants","website":"","townhallAdress":"Bourg de Mendon - 56550 - LOCOAL-MENDON"},{"text":"LOCQUELTAS","href":"./56/locqueltas.html","phone":"02 97 66 60 15","email":"mairie.locqueltas@wanadoo.fr","population":"1552 habitants","website":"","townhallAdress":"12 place de la Mairie - 56390 - LOCQUELTAS"},{"text":"LORIENT","href":"./56/lorient.html","phone":"02 97 02 22 00","email":"contact@mairie-lorient.fr","population":"58831 habitants","website":"","townhallAdress":"2 boulevard du Général Leclerc - 56100 - LORIENT"},{"text":"LOYAT","href":"./56/loyat.html","phone":"02 97 93 02 33","email":"loyat@wanadoo.fr","population":"1507 habitants","website":"","townhallAdress":"Rue de la Mairie - 56800 - LOYAT"},{"text":"MALANSAC","href":"./56/malansac.html","phone":"02 97 66 21 14","email":"mairie.malansac@wanadoo.fr","population":"2049 habitants","website":"","townhallAdress":"4 rue des Puits de Bas - 56220 - MALANSAC"},{"text":"MALESTROIT","href":"./56/malestroit.html","phone":"02 97 75 11 75","email":"mairie@malestroit.fr","population":"2607 habitants","website":"","townhallAdress":"1 rue Edmond Besson - 56140 - MALESTROIT"},{"text":"MALGUENAC","href":"./56/malguenac.html","phone":"02 97 27 30 70","email":"mairie.malguenac@wanadoo.fr","population":"1813 habitants","website":"","townhallAdress":"18 rue du Château d'Eau - 56300 - MALGUENAC"},{"text":"MARZAN","href":"./56/marzan.html","phone":"02 99 90 63 02","email":"mairie-de-marzan@wanadoo.fr","population":"1918 habitants","website":"","townhallAdress":"2 rue de la Mairie - 56130 - MARZAN"},{"text":"MAURON","href":"./56/mauron.html","phone":"02 97 22 60 24","email":"mairie-mauron@wanadoo.fr","population":"3214 habitants","website":"","townhallAdress":"Place Henri Thébault - 56430 - MAURON"},{"text":"MELRAND","href":"./56/melrand.html","phone":"02 97 39 54 61","email":"commune-de-melrand@wanadoo.fr","population":"1558 habitants","website":"","townhallAdress":"9 rue de la Mairie - 56310 - MELRAND"},{"text":"MENEAC","href":"./56/meneac.html","phone":"02 97 93 30 68","email":"mairie.meneac@wanadoo.fr","population":"1744 habitants","website":"","townhallAdress":"Place de la Mairie - 56490 - MENEAC"},{"text":"MERLEVENEZ","href":"./56/merlevenez.html","phone":"02 97 65 75 08","email":"mairiemerlevenez@wanadoo.fr","population":"2960 habitants","website":"","townhallAdress":"2 rue de la Mairie - 56700 - MERLEVENEZ"},{"text":"MESLAN","href":"./56/meslan.html","phone":"02 97 34 25 76","email":"mairie.meslan@wanadoo.fr","population":"1303 habitants","website":"","townhallAdress":"15 rue Joseph Le Gallo - 56320 - MESLAN"},{"text":"MEUCON","href":"./56/meucon.html","phone":"02 97 60 74 31","email":"mairie.meucon@wanadoo.fr","population":"2065 habitants","website":"","townhallAdress":"1 route de Pontivy - 56890 - MEUCON"},{"text":"MISSIRIAC","href":"./56/missiriac.html","phone":"02 97 75 16 14","email":"mairie.missiriac@wanadoo.fr","population":"1104 habitants","website":"","townhallAdress":"Le Bourg - 56140 - MISSIRIAC"},{"text":"MOHON","href":"./56/mohon.html","phone":"02 97 93 94 20","email":"mairie.mohon@wanadoo.fr","population":"991 habitants","website":"","townhallAdress":"Rue de la Mairie - 56490 - MOHON"},{"text":"MOLAC","href":"./56/molac.html","phone":"02 97 45 72 35","email":"commune.molac@wanadoo.fr","population":"1374 habitants","website":"","townhallAdress":"8 rue Jollivet - 56230 - MOLAC"},{"text":"MONTENEUF","href":"./56/monteneuf.html","phone":"02 97 93 21 20","email":"mairiemonteneuf@wanadoo.fr","population":"724 habitants","website":"","townhallAdress":"Place de la Mairie - 56380 - MONTENEUF"},{"text":"MONTERBLANC","href":"./56/monterblanc.html","phone":"02 97 45 90 03","email":"mairie@mairie-monterblanc.fr","population":"2653 habitants","website":"","townhallAdress":"Place de la Mairie - 56250 - MONTERBLANC"},{"text":"MONTERREIN","href":"./56/monterrein.html","phone":"02 97 74 60 95","email":"mairie.monterrein@orange.fr","population":"360 habitants","website":"","townhallAdress":"Le Bourg - 56800 - MONTERREIN"},{"text":"MONTERTELOT","href":"./56/montertelot.html","phone":"02 97 74 92 39","email":"mairie.montertelot@ploermel.com","population":"339 habitants","website":"","townhallAdress":"2 rue des Forges - 56800 - MONTERTELOT"},{"text":"MOREAC","href":"./56/moreac.html","phone":"02 97 60 04 44","email":"mairie.moreac@wanadoo.fr","population":"3850 habitants","website":"","townhallAdress":"Rue de la Fontaine - 56500 - MOREAC"},{"text":"MOUSTOIR AC","href":"./56/moustoir-ac.html","phone":"02 97 44 11 73","email":"commune.de.moustoir@wanadoo.fr","population":"1646 habitants","website":"","townhallAdress":"11 rue La Maillette - 56500 - MOUSTOIR-AC"},{"text":"MOUSTOIR REMUNGOL","href":"./56/moustoir-remungol.html","phone":"02 97 39 80 67","email":"mairiemrgol@wanadoo.fr","population":"631 habitants","website":"","townhallAdress":"8 rue de la Mairie - 56500 - MOUSTOIR-REMUNGOL"},{"text":"MUZILLAC","href":"./56/muzillac.html","phone":"02 97 41 66 25","email":"mairie.muzillac@wanadoo.fr","population":"4527 habitants","website":"","townhallAdress":"Place de l'Hôtel de Ville - 56190 - MUZILLAC"},{"text":"NAIZIN","href":"./56/naizin.html","phone":"02 97 27 43 27","email":"mairie-de-naizin@wanadoo.fr","population":"1705 habitants","website":"","townhallAdress":"Rue de la Mairie - 56500 - NAIZIN"},{"text":"NEANT SUR YVEL","href":"./56/neant-sur-yvel.html","phone":"02 97 93 04 63","email":"mairie-neant-sur-yvel@wanadoo.fr","population":"991 habitants","website":"","townhallAdress":"Place de la Liberté - 56430 - NEANT-SUR-YVEL"},{"text":"NEULLIAC","href":"./56/neulliac.html","phone":"02 97 39 60 14","email":"mairie.neulliac.secretariat@wanadoo.fr","population":"1565 habitants","website":"","townhallAdress":"Rue de la Mairie - 56300 - NEULLIAC"},{"text":"NIVILLAC","href":"./56/nivillac.html","phone":"02 99 90 62 75","email":"mairie-nivillac@wanadoo.fr","population":"3879 habitants","website":"","townhallAdress":"9 rue du Calvaire - 56130 - NIVILLAC"},{"text":"NOSTANG","href":"./56/nostang.html","phone":"02 97 65 75 43","email":"mairie.nostang@wanadoo.fr","population":"1284 habitants","website":"","townhallAdress":"2 rue Paul Le Roux - 56690 - NOSTANG"},{"text":"NOYAL MUZILLAC","href":"./56/noyal-muzillac.html","phone":"02 97 41 65 47","email":"mairienoyalmuzillac@wanadoo.fr","population":"2314 habitants","website":"","townhallAdress":"Place de la Mairie - 56190 - NOYAL-MUZILLAC"},{"text":"NOYALO","href":"./56/noyalo.html","phone":"02 97 43 05 79","email":"mairie.noyalo@wanadoo.fr","population":"744 habitants","website":"","townhallAdress":"4 place Rhuys - 56450 - NOYALO"},{"text":"NOYAL PONTIVY","href":"./56/noyal-pontivy.html","phone":"02 97 38 30 66","email":"mairie@noyal-pontivy.fr","population":"3716 habitants","website":"","townhallAdress":"Place du Manoir - 56920 - NOYAL-PONTIVY"},{"text":"PEAULE","href":"./56/peaule.html","phone":"02 97 42 91 14","email":"mairiepeaule@wanadoo.fr","population":"2504 habitants","website":"","townhallAdress":"Rue Saint Michel - 56130 - PEAULE"},{"text":"PEILLAC","href":"./56/peillac.html","phone":"02 99 91 26 76","email":"mairie.de.peillac@wanadoo.fr","population":"1861 habitants","website":"","townhallAdress":"6 rue de la Mairie - 56220 - PEILLAC"},{"text":"PENESTIN","href":"./56/penestin.html","phone":"02 23 10 03 00","email":"mairie.penestin@wanadoo.fr","population":"1855 habitants","website":"","townhallAdress":"44 rue du Calvaire - 56760 - PENESTIN"},{"text":"PERSQUEN","href":"./56/persquen.html","phone":"02 97 51 22 57","email":"mairie.persquen@wanadoo.fr","population":"342 habitants","website":"","townhallAdress":"11 rue Laurent Bigoin - 56160 - PERSQUEN"},{"text":"PLAUDREN","href":"./56/plaudren.html","phone":"02 97 45 90 62","email":"mairie.plaudren@wanadoo.fr","population":"1688 habitants","website":"","townhallAdress":"5 place de la Mairie - 56420 - PLAUDREN"},{"text":"PLESCOP","href":"./56/plescop.html","phone":"02 97 44 43 44","email":"accueil@mairie-plescop.fr","population":"4793 habitants","website":"","townhallAdress":"2 place Marianne - 56890 - PLESCOP"},{"text":"PLEUCADEUC","href":"./56/pleucadeuc.html","phone":"02 97 26 92 27","email":"accueil@pleucadeuc.fr","population":"1798 habitants","website":"","townhallAdress":"5 avenue des Sports - 56140 - PLEUCADEUC"},{"text":"PLEUGRIFFET","href":"./56/pleugriffet.html","phone":"02 97 22 44 34","email":"mairie.pleugriffet@wanadoo.fr","population":"1246 habitants","website":"","townhallAdress":"7 rue Anne de Bretagne - 56120 - PLEUGRIFFET"},{"text":"PLOEMEL","href":"./56/ploemel.html","phone":"02 97 56 84 25","email":"mairie.ploemel@wanadoo.fr","population":"2480 habitants","website":"","townhallAdress":"Place de la Mairie - 56400 - PLOEMEL"},{"text":"PLOEMEUR","href":"./56/ploemeur.html","phone":"02 97 86 40 40","email":"mairie@ploemeur.net","population":"19329 habitants","website":"","townhallAdress":"1 rue des Ecoles, B.P. 67 - 56270 - PLOEMEUR"},{"text":"PLOERDUT","href":"./56/ploerdut.html","phone":"02 97 39 44 43","email":"ploerdut.mairie@wanadoo.fr","population":"1318 habitants","website":"","townhallAdress":"4 place de la République - 56160 - PLOERDUT"},{"text":"PLOEREN","href":"./56/ploeren.html","phone":"02 97 40 01 81","email":"contact@ploeren.fr","population":"5859 habitants","website":"","townhallAdress":"1 place de la Mairie - 56880 - PLOEREN"},{"text":"PLOERMEL","href":"./56/ploermel.html","phone":"02 97 73 20 73","email":"mairie@ploermel.com","population":"9195 habitants","website":"","townhallAdress":"Hôtel de Ville - BP 133 - 56800 - PLOERMEL"},{"text":"PLOUAY","href":"./56/plouay.html","phone":"02 97 33 31 51","email":"mairie.de.plouay@wanadoo.fr","population":"5391 habitants","website":"","townhallAdress":"4 place de la Mairie - 56240 - PLOUAY"},{"text":"PLOUGOUMELEN","href":"./56/plougoumelen.html","phone":"02 97 57 84 74","email":"mairie.plougoumelen@wanadoo.fr","population":"2367 habitants","website":"","townhallAdress":"5 rue Yves de Pont Sal - 56400 - PLOUGOUMELEN"},{"text":"PLOUHARNEL","href":"./56/plouharnel.html","phone":"02 97 52 30 90","email":"mairie@plouharnel.fr","population":"1959 habitants","website":"","townhallAdress":"2 place Saint Armel - 56340 - PLOUHARNEL"},{"text":"PLOUHINEC","href":"./56/plouhinec.html","phone":"02 97 85 88 77","email":"mairie.plouhinec56@wanadoo.fr","population":"4856 habitants","website":"","townhallAdress":"1 rue Général de Gaulle - 56680 - PLOUHINEC"},{"text":"PLOURAY","href":"./56/plouray.html","phone":"02 97 34 80 75","email":"mairie-de-plouray@wanadoo.fr","population":"1139 habitants","website":"","townhallAdress":"9 rue Ellé - 56770 - PLOURAY"},{"text":"PLUHERLIN","href":"./56/pluherlin.html","phone":"02 97 43 31 35","email":"pluherlin@wanadoo.fr","population":"1295 habitants","website":"","townhallAdress":"3 rue Saint Hernin - 56220 - PLUHERLIN"},{"text":"PLUMELEC","href":"./56/plumelec.html","phone":"02 97 42 24 27","email":"mairie.de.plumelec@wanadoo.fr","population":"2621 habitants","website":"","townhallAdress":"19 place de l'Eglise - 56420 - PLUMELEC"},{"text":"PLUMELIAU","href":"./56/plumeliau.html","phone":"02 97 51 80 28","email":"mairie-de-plumeliau@wanadoo.fr","population":"3569 habitants","website":"","townhallAdress":"4 place Général de Gaulle - 56930 - PLUMELIAU"},{"text":"PLUMELIN","href":"./56/plumelin.html","phone":"02 97 44 10 75","email":"mairie.plumelin@wanadoo.fr","population":"2641 habitants","website":"","townhallAdress":"6Bis rue de la Mairie - 56500 - PLUMELIN"},{"text":"PLUMERGAT","href":"./56/plumergat.html","phone":"02 97 56 14 56","email":"mairie.plumergat@wanadoo.fr","population":"3648 habitants","website":"","townhallAdress":"Place du Castil - 56400 - PLUMERGAT"},{"text":"PLUNERET","href":"./56/pluneret.html","phone":"02 97 24 01 06","email":"mairie.pluneret@wanadoo.fr","population":"4839 habitants","website":"","townhallAdress":"7 place Vincent Jollivet - 56400 - PLUNERET"},{"text":"PLUVIGNER","href":"./56/pluvigner.html","phone":"02 97 24 71 34","email":"mairie@pluvigner.fr","population":"6731 habitants","website":"","townhallAdress":"3 place Saint Michel - 56330 - PLUVIGNER"},{"text":"PONTIVY","href":"./56/pontivy.html","phone":"02 97 25 00 33","email":"secretariat.general@ville-pontivy.fr","population":"14632 habitants","website":"","townhallAdress":"8 rue François Mitterrand - 56300 - PONTIVY"},{"text":"PONT SCORFF","href":"./56/pont-scorff.html","phone":"02 97 32 60 37","email":"mairie.pontscorff@wanadoo.fr","population":"3167 habitants","website":"","townhallAdress":"4 place Maison des Princes - 56620 - PONT-SCORFF"},{"text":"PORCARO","href":"./56/porcaro.html","phone":"02 97 22 06 38","email":"mairie.porcaro@wanadoo.fr","population":"650 habitants","website":"","townhallAdress":"1 place de la Mairie - 56380 - PORCARO"},{"text":"PORT LOUIS","href":"./56/port-louis.html","phone":"02 97 82 59 59","email":"mairie.ville-portlouis@wanadoo.fr","population":"3071 habitants","website":"","townhallAdress":"Place Notre Dame - 56290 - PORT-LOUIS"},{"text":"PRIZIAC","href":"./56/priziac.html","phone":"02 97 34 61 26","email":"mairie.priziac@wanadoo.fr","population":"1238 habitants","website":"","townhallAdress":"1 place de l'Eglise - 56320 - PRIZIAC"},{"text":"QUELNEUC","href":"./56/quelneuc.html","phone":"02 99 08 84 61","email":"quelneuc@wanadoo.fr","population":"545 habitants","website":"","townhallAdress":"Le Bourg - 56910 - QUELNEUC"},{"text":"QUESTEMBERT","href":"./56/questembert.html","phone":"02 97 26 11 38","email":"secretariat.maire@mairie-questembert.fr","population":"7004 habitants","website":"","townhallAdress":"Place du Général de Gaulle - 56230 - QUESTEMBERT"},{"text":"QUEVEN","href":"./56/queven.html","phone":"02 97 80 14 14","email":"contact@queven.com","population":"9015 habitants","website":"","townhallAdress":"Place Pierre Quinio - 56530 - QUEVEN"},{"text":"QUIBERON","href":"./56/quiberon.html","phone":"02 97 30 24 00","email":"quiberon@ville-quiberon.fr","population":"5200 habitants","website":"","townhallAdress":"7 rue de Verdun - 56170 - QUIBERON"},{"text":"QUILY","href":"./56/quily.html","phone":"02 97 74 92 76","email":"mairie-quily@wanadoo.fr","population":"317 habitants","website":"","townhallAdress":"Le Bourg - 56800 - QUILY"},{"text":"QUISTINIC","href":"./56/quistinic.html","phone":"02 97 39 71 08","email":"mairie.quistinic@wanadoo.fr","population":"1373 habitants","website":"","townhallAdress":"11 rue de la Mairie - 56310 - QUISTINIC"},{"text":"RADENAC","href":"./56/radenac.html","phone":"02 97 22 43 19","email":"cyber.radenac@wanadoo.fr","population":"967 habitants","website":"","townhallAdress":"15 rue Anne de Bretagne - 56500 - RADENAC"},{"text":"REGUINY","href":"./56/reguiny.html","phone":"02 97 38 66 11","email":"mairie.reguiny@wanadoo.fr","population":"1755 habitants","website":"","townhallAdress":"3 rue Général de Gaulle - 56500 - REGUINY"},{"text":"REMINIAC","href":"./56/reminiac.html","phone":"02 97 93 22 83","email":"mairie.reminiac@wanadoo.fr","population":"349 habitants","website":"","townhallAdress":"3 rue du Moulin - 56140 - REMINIAC"},{"text":"REMUNGOL","href":"./56/remungol.html","phone":"02 97 60 98 17","email":"mairie-remungol@orange.fr","population":"975 habitants","website":"","townhallAdress":"6 place de la Mairie - 56500 - REMUNGOL"},{"text":"RIANTEC","href":"./56/riantec.html","phone":"02 97 33 98 10","email":"secretariatgeneral-mairie@riantec.com","population":"5110 habitants","website":"","townhallAdress":"Place de la Mairie - 56670 - RIANTEC"},{"text":"RIEUX","href":"./56/rieux.html","phone":"02 99 91 90 69","email":"mairiederieux@wanadoo.fr","population":"2908 habitants","website":"","townhallAdress":"Place de l'Eglise - 56350 - RIEUX"},{"text":"ROCHEFORT EN TERRE","href":"./56/rochefort-en-terre.html","phone":"02 97 43 32 81","email":"mairie.rochefort-en-terre@wanadoo.fr","population":"725 habitants","website":"","townhallAdress":"Place des Halles - 56220 - ROCHEFORT-EN-TERRE"},{"text":"ROHAN","href":"./56/rohan.html","phone":"02 97 51 50 33","email":"mairie.rohan@wanadoo.fr","population":"1646 habitants","website":"","townhallAdress":"11 place de la Mairie - 56580 - ROHAN"},{"text":"ROUDOUALLEC","href":"./56/roudouallec.html","phone":"02 97 34 50 53","email":"mairie.roudouallec@wanadoo.fr","population":"720 habitants","website":"","townhallAdress":"15 rue Nicolas Le Grand - 56110 - ROUDOUALLEC"},{"text":"RUFFIAC","href":"./56/ruffiac.html","phone":"02 97 93 73 42","email":"mairie-ruffiac@wanadoo.fr","population":"1442 habitants","website":"","townhallAdress":"11 place de la Mairie - 56140 - RUFFIAC"},{"text":"SAINT ABRAHAM","href":"./56/saint-abraham.html","phone":"02 97 74 91 55","email":"mairie-saint-abraham@wanadoo.fr","population":"551 habitants","website":"","townhallAdress":"4 rue de la Mairie - 56140 - SAINT-ABRAHAM"},{"text":"SAINT AIGNAN","href":"./56/saint-aignan.html","phone":"02 97 27 50 20","email":"mairie@saint-aignan56.fr","population":"696 habitants","website":"","townhallAdress":"Le Bourg - 56480 - SAINT-AIGNAN"},{"text":"SAINT ALLOUESTRE","href":"./56/saint-allouestre.html","phone":"02 97 60 31 12","email":"mairie.stallouestre@wanadoo.fr","population":"633 habitants","website":"","townhallAdress":"1 place Joseph Marot - 56500 - SAINT-ALLOUESTRE"},{"text":"SAINT ARMEL","href":"./56/saint-armel.html","phone":"02 97 26 40 72","email":"mairie.saint.armel@wanadoo.fr","population":"835 habitants","website":"","townhallAdress":"Le Bourg - 56450 - SAINT-ARMEL"},{"text":"SAINT AVE","href":"./56/saint-ave.html","phone":"02 97 60 70 10","email":"mairie@saint-ave.fr","population":"10394 habitants","website":"","townhallAdress":"Place François Mitterrand - 56890 - SAINT-AVE"},{"text":"SAINT BARTHELEMY","href":"./56/saint-barthelemy.html","phone":"02 97 27 10 88","email":"commune-stbarthelemy@orange.fr","population":"1129 habitants","website":"","townhallAdress":"9 rue de la Mairie - 56150 - SAINT-BARTHELEMY"},{"text":"SAINT BRIEUC DE MAURON","href":"./56/saint-brieuc-de-mauron.html","phone":"02 97 22 60 75","email":"mairie.saint.brieuc.de.mauron@orange.fr","population":"330 habitants","website":"","townhallAdress":"Le Bourg - 56430 - SAINT-BRIEUC-DE-MAURON"},{"text":"SAINT CARADEC TREGOMEL","href":"./56/saint-caradec-tregomel.html","phone":"02 97 51 60 52","email":"mairie-de-st-caradec-tregomel@wanadoo.fr","population":"488 habitants","website":"","townhallAdress":"7 rue de la Mairie - 56540 - SAINT-CARADEC-TREGOMEL"},{"text":"SAINT CONGARD","href":"./56/saint-congard.html","phone":"02 97 43 50 13","email":"mairie-st-congard@wanadoo.fr","population":"733 habitants","website":"","townhallAdress":"Le Bourg - 56140 - SAINT-CONGARD"},{"text":"SAINT DOLAY","href":"./56/saint-dolay.html","phone":"02 99 90 20 69","email":"mairie.saint-dolay@wanadoo.fr","population":"2184 habitants","website":"","townhallAdress":"1 place de l'Eglise - 56130 - SAINT-DOLAY"},{"text":"SAINTE ANNE D AURAY","href":"./56/sainte-anne-d-auray.html","phone":"02 97 57 63 91","email":"contact@sainte-anne-auray.com","population":"2243 habitants","website":"","townhallAdress":"10 place Nicolazic - 56400 - SAINTE-ANNE-D'AURAY"},{"text":"SAINTE BRIGITTE","href":"./56/sainte-brigitte.html","phone":"02 97 27 61 69","email":"commune.sainte-brigitte@wanadoo.fr","population":"163 habitants","website":"","townhallAdress":"Le Bourg - 56480 - SAINTE-BRIGITTE"},{"text":"SAINTE HELENE","href":"./56/sainte-helene.html","phone":"02 97 36 64 36","email":"saint.helene.sur.mer@wanadoo.fr","population":"1128 habitants","website":"","townhallAdress":"Rue du 11 Septembre 1944 - 56700 - SAINTE-HELENE"},{"text":"SAINT GERAND","href":"./56/saint-gerand.html","phone":"02 97 51 40 09","email":"mairie.st-gerand@wanadoo.fr","population":"984 habitants","website":"","townhallAdress":"Rue Presbytère - 56920 - SAINT-GERAND"},{"text":"SAINT GILDAS DE RHUYS","href":"./56/saint-gildas-de-rhuys.html","phone":"02 97 45 23 15","email":"contact@saint-gildas-de-rhuys.fr","population":"1662 habitants","website":"","townhallAdress":"Rue Saint Goustan - 56730 - SAINT-GILDAS-DE-RHUYS"},{"text":"SAINT GONNERY","href":"./56/saint-gonnery.html","phone":"02 97 38 41 05","email":"mairie.st.gonnery@wanadoo.fr","population":"1060 habitants","website":"","townhallAdress":"Rue Deux Ponts - 56920 - SAINT-GONNERY"},{"text":"SAINT GORGON","href":"./56/saint-gorgon.html","phone":"02 99 71 92 05","email":"mairie-st.gorgon@wanadoo.fr","population":"341 habitants","website":"","townhallAdress":"Place de la Mairie - 56350 - SAINT-GORGON"},{"text":"SAINT GRAVE","href":"./56/saint-grave.html","phone":"02 97 43 52 45","email":"mairie-st-grave@wanadoo.fr","population":"718 habitants","website":"","townhallAdress":"Route Rochefort en Terre - 56220 - SAINT-GRAVE"},{"text":"SAINT GUYOMARD","href":"./56/saint-guyomard.html","phone":"02 97 75 94 24","email":"mairie.st-guyomard@wanadoo.fr","population":"1018 habitants","website":"","townhallAdress":"Le Bourg - 56460 - SAINT-GUYOMARD"},{"text":"SAINT JACUT LES PINS","href":"./56/saint-jacut-les-pins.html","phone":"02 99 91 28 65","email":"mairie.stjacutlespins@wanadoo.fr","population":"1794 habitants","website":"","townhallAdress":"10 rue des Moulins - 56220 - SAINT-JACUT-LES-PINS"},{"text":"SAINT JEAN BREVELAY","href":"./56/saint-jean-brevelay.html","phone":"02 97 60 30 13","email":"mairie.stjeanbrevelay@wanadoo.fr","population":"2776 habitants","website":"","townhallAdress":"11 rue de Rennes - 56660 - SAINT-JEAN-BREVELAY"},{"text":"SAINT JEAN LA POTERIE","href":"./56/saint-jean-la-poterie.html","phone":"02 99 71 19 03","email":"mairiestjeanpot@wanadoo.fr","population":"1537 habitants","website":"","townhallAdress":"17 rue de la Mairie - 56350 - SAINT-JEAN-LA-POTERIE"},{"text":"SAINT LAURENT SUR OUST","href":"./56/saint-laurent-sur-oust.html","phone":"02 97 75 02 42","email":"st.laurent.mairie@wanadoo.fr","population":"345 habitants","website":"","townhallAdress":"Rue Savino - 56140 - SAINT-LAURENT-SUR-OUST"},{"text":"SAINT LERY","href":"./56/saint-lery.html","phone":"02 97 22 68 76","email":"mairie.st.lery@wanadoo.fr","population":"182 habitants","website":"","townhallAdress":"Rue de la Mairie - 56430 - SAINT-LERY"},{"text":"SAINT MALO DE BEIGNON","href":"./56/saint-malo-de-beignon.html","phone":"02 97 75 76 16","email":"mairie.stmalodebeignon@wanadoo.fr","population":"851 habitants","website":"","townhallAdress":"24 rue de la République - 56380 - SAINT-MALO-DE-BEIGNON"},{"text":"SAINT MALO DES TROIS FONTAINES","href":"./56/saint-malo-des-trois-fontaines.html","phone":"02 97 75 50 78","email":"mairie.st-malo-des-trois-fontaines@wanadoo.fr","population":"561 habitants","website":"","townhallAdress":"20 avenue porhoët - 56490 - SAINT-MALO-DES-TROIS-FONTAINES"},{"text":"SAINT MARCEL","href":"./56/saint-marcel.html","phone":"02 97 75 17 41","email":"saintmarcel.mairie@wanadoo.fr","population":"1008 habitants","website":"","townhallAdress":"Le Bourg - 56140 - SAINT-MARCEL"},{"text":"SAINT MARTIN","href":"./56/saint-martin.html","phone":"02 99 91 55 76","email":"st-martin-oust@wanadoo.fr","population":"1281 habitants","website":"","townhallAdress":"Place de la Motte - 56200 - SAINT-MARTIN"},{"text":"SAINT NICOLAS DU TERTRE","href":"./56/saint-nicolas-du-tertre.html","phone":"02 97 93 71 57","email":"mairie.st-nicolas-tertre@wanadoo.fr","population":"457 habitants","website":"","townhallAdress":"Le Bourg - 56910 - SAINT-NICOLAS-DU-TERTRE"},{"text":"SAINT NOLFF","href":"./56/saint-nolff.html","phone":"02 97 45 47 59","email":"mairie.st-nolff@pays-de-vannes.net","population":"3732 habitants","website":"","townhallAdress":"1 place Saint Mayeul - 56250 - SAINT-NOLFF"},{"text":"SAINT PERREUX","href":"./56/saint-perreux.html","phone":"02 99 71 19 81","email":"mairie-st-perreux@wanadoo.fr","population":"1187 habitants","website":"","townhallAdress":"1 rue de La Mairie - 56350 - SAINT-PERREUX"},{"text":"SAINT PHILIBERT","href":"./56/saint-philibert.html","phone":"02 97 30 07 00","email":"mairie.saintphilibert@wanadoo.fr","population":"1497 habitants","website":"","townhallAdress":"23 rue Georges Camenen - 56470 - SAINT-PHILIBERT"},{"text":"SAINT PIERRE QUIBERON","href":"./56/saint-pierre-quiberon.html","phone":"02 97 30 92 00","email":"mairie@saintpierrequiberon.net","population":"2158 habitants","website":"","townhallAdress":"70 rue du Docteur Le Gall - 56510 - SAINT-PIERRE-QUIBERON"},{"text":"SAINT SERVANT","href":"./56/saint-servant.html","phone":"02 97 22 24 25","email":"mairie.st-servant-sur-oust@wanadoo.fr","population":"815 habitants","website":"","townhallAdress":"Le Bourg - 56120 - SAINT-SERVANT"},{"text":"SAINT THURIAU","href":"./56/saint-thuriau.html","phone":"02 97 39 83 13","email":"mairie.saint.thuriau@wanadoo.fr","population":"1969 habitants","website":"","townhallAdress":"Place de l'Eglise - 56300 - SAINT-THURIAU"},{"text":"SAINT TUGDUAL","href":"./56/saint-tugdual.html","phone":"02 97 39 41 06","email":"mairie.st-tugdual@wanadoo.fr","population":"399 habitants","website":"","townhallAdress":"Le Bourg - 56540 - SAINT-TUGDUAL"},{"text":"SAINT VINCENT SUR OUST","href":"./56/saint-vincent-sur-oust.html","phone":"02 99 91 24 34","email":"mairie.st.vincent.sur.oust@wanadoo.fr","population":"1308 habitants","website":"","townhallAdress":"13 place de la Mairie - 56350 - SAINT-VINCENT-SUR-OUST"},{"text":"SARZEAU","href":"./56/sarzeau.html","phone":"02 97 41 85 15","email":"mairie@sarzeau.fr","population":"7505 habitants","website":"","townhallAdress":"1 place Richemont - 56370 - SARZEAU"},{"text":"SAUZON","href":"./56/sauzon.html","phone":"02 97 31 62 79","email":"mairiedesauzon@wanadoo.fr","population":"884 habitants","website":"","townhallAdress":"Rue Lieutenant Riou - 56360 - SAUZON"},{"text":"SEGLIEN","href":"./56/seglien.html","phone":"02 97 28 00 66","email":"mairie.seglien@wanadoo.fr","population":"738 habitants","website":"","townhallAdress":"Rue Yves Le Calvé - 56160 - SEGLIEN"},{"text":"SENE","href":"./56/sene.html","phone":"02 97 66 90 62","email":"contact@sene.com","population":"8401 habitants","website":"","townhallAdress":"Place de la Fraternité - 56860 - SENE"},{"text":"SERENT","href":"./56/serent.html","phone":"02 97 75 93 57","email":"mairie@serent.fr","population":"2948 habitants","website":"","townhallAdress":"15 rue Général de Kerhué - 56460 - SERENT"},{"text":"SILFIAC","href":"./56/silfiac.html","phone":"02 97 27 60 13","email":"serge.moelo@wanadoo.fr","population":"466 habitants","website":"","townhallAdress":"Le Bourg - 56480 - SILFIAC"},{"text":"SULNIAC","href":"./56/sulniac.html","phone":"02 97 53 23 02","email":"accueil@mairie-sulniac.fr","population":"3089 habitants","website":"","townhallAdress":"2 rue René Cassin - 56250 - SULNIAC"},{"text":"SURZUR","href":"./56/surzur.html","phone":"02 97 42 12 52","email":"mairie@surzur.fr","population":"3826 habitants","website":"","townhallAdress":"1 place Xavier de Langlais - 56450 - SURZUR"},{"text":"TAUPONT","href":"./56/taupont.html","phone":"02 97 93 54 17","email":"mairie.taupont@wanadoo.fr","population":"2209 habitants","website":"","townhallAdress":"Avenue Porhoët - 56800 - TAUPONT"},{"text":"THEHILLAC","href":"./56/thehillac.html","phone":"02 99 90 23 79","email":"mairie.thehillac@wanadoo.fr","population":"538 habitants","website":"","townhallAdress":"1 rue de la Mairie - 56130 - THEHILLAC"},{"text":"THEIX","href":"./56/theix.html","phone":"02 97 43 01 10","email":"secretariat@theix.fr","population":"6940 habitants","website":"","townhallAdress":"Rue de Nantes - 56450 - THEIX"},{"text":"TREAL","href":"./56/treal.html","phone":"02 99 08 84 82","email":"mairie.treal@wanadoo.fr","population":"681 habitants","website":"","townhallAdress":"Rue Villio - 56140 - TREAL"},{"text":"TREDION","href":"./56/tredion.html","phone":"02 97 67 11 33","email":"mairie.tredion@wanadoo.fr","population":"1057 habitants","website":"","townhallAdress":"1 rue Saint Martin - 56250 - TREDION"},{"text":"TREFFLEAN","href":"./56/trefflean.html","phone":"02 97 53 27 78","email":"mairie@trefflean.com","population":"1894 habitants","website":"","townhallAdress":"Place de l'Eglise - 56250 - TREFFLEAN"},{"text":"TREHORENTEUC","href":"./56/trehorenteuc.html","phone":"02 97 93 05 01","email":"mairie.trehorenteuc@wanadoo.fr","population":"113 habitants","website":"","townhallAdress":"Le Bourg - 56430 - TREHORENTEUC"},{"text":"VANNES","href":"./56/vannes.html","phone":"02 97 01 60 00","email":"contact@mairie-vannes.fr","population":"55383 habitants","website":"","townhallAdress":"Rue des Salines - 56000 - VANNES"}]}