{"text":"58 | Nièvre","href":"nievre.html","townships":[{"text":"ACHUN","href":"./58/achun.html","phone":"03 86 78 17 55","email":"mairieachun@wanadoo.fr","population":"151 habitants","website":"","townhallAdress":"Le Bourg - 58110 - ACHUN"},{"text":"ALLIGNY COSNE","href":"./58/alligny-cosne.html","phone":"03 86 26 25 13","email":"mairie.alligny@wanadoo.fr","population":"883 habitants","website":"","townhallAdress":"4 route Saint Amand - 58200 - ALLIGNY-COSNE"},{"text":"ALLIGNY EN MORVAN","href":"./58/alligny-en-morvan.html","phone":"03 86 76 13 50","email":"alligny.morvan@wanadoo.fr","population":"659 habitants","website":"","townhallAdress":"Le Bourg - 58230 - ALLIGNY-EN-MORVAN"},{"text":"ALLUY","href":"./58/alluy.html","phone":"03 86 84 10 04","email":"mairie.alluy@orange.fr","population":"431 habitants","website":"","townhallAdress":"Le Bourg - 58110 - ALLUY"},{"text":"AMAZY","href":"./58/amazy.html","phone":"03 86 29 30 79","email":"amazymairie@laposte.net","population":"248 habitants","website":"","townhallAdress":"Place de la Mairie - 58190 - AMAZY"},{"text":"ANLEZY","href":"./58/anlezy.html","phone":"03 86 60 24 36","email":"com.anlezy@wanadoo.fr","population":"291 habitants","website":"","townhallAdress":"Le Bourg - 58270 - ANLEZY"},{"text":"ANNAY","href":"./58/annay.html","phone":"03 86 39 22 65","email":"annay2008@free.fr","population":"310 habitants","website":"","townhallAdress":"Le Bourg - 58450 - ANNAY"},{"text":"ANTHIEN","href":"./58/anthien.html","phone":"03 86 22 07 37","email":"mairiedanthien@wanadoo.fr","population":"181 habitants","website":"","townhallAdress":"Le Bourg - 58800 - ANTHIEN"},{"text":"ARBOURSE","href":"./58/arbourse.html","phone":"03 86 69 21 86","email":"mairie.arbourse@wanadoo.fr","population":"109 habitants","website":"","townhallAdress":"Le Bourg - 58350 - ARBOURSE"},{"text":"ARLEUF","href":"./58/arleuf.html","phone":"03 86 78 80 37","email":"mairie.arleuf@wanadoo.fr","population":"799 habitants","website":"","townhallAdress":"Le Bourg - 58430 - ARLEUF"},{"text":"ARMES","href":"./58/armes.html","phone":"03 86 27 05 10","email":"mairie.armes@wanadoo.fr","population":"300 habitants","website":"","townhallAdress":"98 route Buissonnière - 58500 - ARMES"},{"text":"ARQUIAN","href":"./58/arquian.html","phone":"03 86 39 64 42","email":"mairie-arquian@wanadoo.fr","population":"618 habitants","website":"","townhallAdress":"Le Bourg - 58310 - ARQUIAN"},{"text":"ARTHEL","href":"./58/arthel.html","phone":"03 86 60 10 30","email":"mairiearthel@wanadoo.fr","population":"87 habitants","website":"","townhallAdress":"Le Bourg - 58700 - ARTHEL"},{"text":"ARZEMBOUY","href":"./58/arzembouy.html","phone":"03 86 60 14 66","email":"mairie.arzembouy@wanadoo.fr","population":"82 habitants","website":"","townhallAdress":"Le Bourg - 58700 - ARZEMBOUY"},{"text":"ASNAN","href":"./58/asnan.html","phone":"03 86 29 02 72","email":"mairie.asnan@wanadoo.fr","population":"145 habitants","website":"","townhallAdress":"Le Bourg - 58420 - ASNAN"},{"text":"ASNOIS","href":"./58/asnois.html","phone":"03 86 24 28 33","email":"communeasnois@wanadoo.fr","population":"164 habitants","website":"","townhallAdress":"5 rue du Château - 58190 - ASNOIS"},{"text":"AUNAY EN BAZOIS","href":"./58/aunay-en-bazois.html","phone":"03 86 78 18 19","email":"mairie.aunayenbazois@orange.fr","population":"280 habitants","website":"","townhallAdress":"Route de Chatillon - 58110 - AUNAY-EN-BAZOIS"},{"text":"AUTHIOU","href":"./58/authiou.html","phone":"03 86 60 15 11","email":"commune.dauthiou@orange.fr","population":"33 habitants","website":"","townhallAdress":"Le Bourg - 58700 - AUTHIOU"},{"text":"AVREE","href":"./58/avree.html","phone":"03 86 30 93 99","email":"","population":"93 habitants","website":"","townhallAdress":"Le Bourg - 58170 - AVREE"},{"text":"AVRIL SUR LOIRE","href":"./58/avril-sur-loire.html","phone":"03 86 25 00 23","email":"mairie-davril-sur-loire@wanadoo.fr","population":"256 habitants","website":"","townhallAdress":"Le Bourg - 58300 - AVRIL-SUR-LOIRE"},{"text":"AZY LE VIF","href":"./58/azy-le-vif.html","phone":"03 86 37 41 58","email":"mairie.azylevif@wanadoo.fr","population":"232 habitants","website":"","townhallAdress":"Le Bourg - 58240 - AZY-LE-VIF"},{"text":"BALLERAY","href":"./58/balleray.html","phone":"03 86 38 54 71","email":"balleray@wanadoo.fr","population":"216 habitants","website":"","townhallAdress":"Le Bourg - 58130 - BALLERAY"},{"text":"BAZOCHES","href":"./58/bazoches.html","phone":"03 86 22 10 55","email":"mairie.bazoches@laposte.net","population":"172 habitants","website":"","townhallAdress":"Le Bourg - 58190 - BAZOCHES"},{"text":"BAZOLLES","href":"./58/bazolles.html","phone":"03 86 38 97 83","email":"mairie.bazolles@orange.fr","population":"267 habitants","website":"","townhallAdress":"Le Bourg - 58110 - BAZOLLES"},{"text":"BEARD","href":"./58/beard.html","phone":"03 86 50 10 89","email":"mairie.beard@wanadoo.fr","population":"172 habitants","website":"","townhallAdress":"Le Bourg - 58160 - BEARD"},{"text":"BEAULIEU","href":"./58/beaulieu.html","phone":"03 86 29 05 20","email":"","population":"34 habitants","website":"","townhallAdress":"Le Bourg - 58420 - BEAULIEU"},{"text":"BEAUMONT LA FERRIERE","href":"./58/beaumont-la-ferriere.html","phone":"03 86 38 10 63","email":"mairie.beaumontlaferriere@orange.fr","population":"140 habitants","website":"","townhallAdress":"Le Bourg - 58700 - BEAUMONT-LA-FERRIERE"},{"text":"BEAUMONT SARDOLLES","href":"./58/beaumont-sardolles.html","phone":"03 86 58 40 47","email":"mairie.beaumontsardolles@nordnet.fr","population":"127 habitants","website":"","townhallAdress":"Le Bourg - 58270 - BEAUMONT-SARDOLLES"},{"text":"BEUVRON","href":"./58/beuvron.html","phone":"03 86 27 30 18","email":"beuvron.mairie@wanadoo.fr","population":"99 habitants","website":"","townhallAdress":"Le Bourg - 58210 - BEUVRON"},{"text":"BICHES","href":"./58/biches.html","phone":"03 86 84 93 60","email":"mairiedebiches@wanadoo.fr","population":"340 habitants","website":"","townhallAdress":"Le Bourg - 58110 - BICHES"},{"text":"BILLY CHEVANNES","href":"./58/billy-chevannes.html","phone":"03 86 60 25 94","email":"","population":"355 habitants","website":"","townhallAdress":"Le Bourg - 58270 - BILLY-CHEVANNES"},{"text":"BILLY SUR OISY","href":"./58/billy-sur-oisy.html","phone":"03 86 24 98 04","email":"apcbilly@wanadoo.fr","population":"419 habitants","website":"","townhallAdress":"Grande Rue - 58500 - BILLY-SUR-OISY"},{"text":"BITRY","href":"./58/bitry.html","phone":"03 86 39 63 20","email":"mairie.bitry@wanadoo.fr","population":"320 habitants","website":"","townhallAdress":"Le Bourg - 58310 - BITRY"},{"text":"BLISMES","href":"./58/blismes.html","phone":"03 86 84 75 02","email":"mairie-blismes@wanadoo.fr","population":"164 habitants","website":"","townhallAdress":"Le Bourg - 58120 - BLISMES"},{"text":"BONA","href":"./58/bona.html","phone":"03 86 58 60 67","email":"mairie.de.bona@wanadoo.fr","population":"344 habitants","website":"","townhallAdress":"Le Bourg - 58330 - BONA"},{"text":"BOUHY","href":"./58/bouhy.html","phone":"03 86 26 44 06","email":"mairie-bouhy@orange.fr","population":"476 habitants","website":"","townhallAdress":"Le Bourg - 58310 - BOUHY"},{"text":"BRASSY","href":"./58/brassy.html","phone":"03 86 22 20 31","email":"mairie-brassy@wanadoo.fr","population":"644 habitants","website":"","townhallAdress":"Le Bourg - 58140 - BRASSY"},{"text":"BREUGNON","href":"./58/breugnon.html","phone":"03 86 29 16 06","email":"mairie.breugnon@wanadoo.fr","population":"172 habitants","website":"","townhallAdress":"Le Bourg - 58460 - BREUGNON"},{"text":"BREVES","href":"./58/breves.html","phone":"03 86 24 25 26","email":"mairie-breves@wanadoo.fr","population":"304 habitants","website":"","townhallAdress":"Place de la Mairie - 58530 - BREVES"},{"text":"BRINAY","href":"./58/brinay.html","phone":"03 86 84 90 11","email":"","population":"156 habitants","website":"","townhallAdress":"Bourg - 58110 - BRINAY"},{"text":"BRINON SUR BEUVRON","href":"./58/brinon-sur-beuvron.html","phone":"03 86 29 67 44","email":"mairiebrinonsurbeuvron@wanadoo.fr","population":"226 habitants","website":"","townhallAdress":"Route de Clamecy - 58420 - BRINON-SUR-BEUVRON"},{"text":"BULCY","href":"./58/bulcy.html","phone":"03 86 69 01 39","email":"mairie-de-bulcy@wanadoo.fr","population":"158 habitants","website":"","townhallAdress":"Le Bourg - 58400 - BULCY"},{"text":"BUSSY LA PESLE","href":"./58/bussy-la-pesle.html","phone":"03 86 29 04 80","email":"mairiebussylapesle@wanadoo.fr","population":"48 habitants","website":"","townhallAdress":"Bourg - 58420 - BUSSY-LA-PESLE"},{"text":"CERCY LA TOUR","href":"./58/cercy-la-tour.html","phone":"03 86 50 89 01","email":"mairie.cercylatour@wanadoo.fr","population":"2109 habitants","website":"","townhallAdress":"Place Aligre - 58340 - CERCY-LA-TOUR"},{"text":"CERVON","href":"./58/cervon.html","phone":"03 86 20 08 29","email":"mairiedecervon2@wanadoo.fr","population":"622 habitants","website":"","townhallAdress":"Le Bourg - 58800 - CERVON"},{"text":"CESSY LES BOIS","href":"./58/cessy-les-bois.html","phone":"03 86 39 81 61","email":"maire-de-cessy-les-bois@alsatis.net","population":"129 habitants","website":"","townhallAdress":"Le Bourg - 58220 - CESSY-LES-BOIS"},{"text":"CHALAUX","href":"./58/chalaux.html","phone":"03 86 22 67 80","email":"mairie.chalaux@orange.fr","population":"73 habitants","website":"","townhallAdress":"Boug - 58140 - CHALAUX"},{"text":"CHALLEMENT","href":"./58/challement.html","phone":"03 86 29 65 01","email":"","population":"62 habitants","website":"","townhallAdress":"Le Bourg - 58420 - CHALLEMENT"},{"text":"CHALLUY","href":"./58/challuy.html","phone":"03 86 37 59 88","email":"mairie.challuy@wanadoo.fr","population":"1732 habitants","website":"","townhallAdress":"4 rue du 19 Mars 1962 - 58000 - CHALLUY"},{"text":"CHAMPALLEMENT","href":"./58/champallement.html","phone":"03 86 29 03 38","email":"mairiechampallement@orange.fr","population":"59 habitants","website":"","townhallAdress":"Le Bourg - 58420 - CHAMPALLEMENT"},{"text":"CHAMPLEMY","href":"./58/champlemy.html","phone":"03 86 60 11 44","email":"mairie-champlemy@wanadoo.fr","population":"341 habitants","website":"","townhallAdress":"Route de Corvol - 58210 - CHAMPLEMY"},{"text":"CHAMPLIN","href":"./58/champlin.html","phone":"03 86 29 03 29","email":"mairie.champlin@wanadoo.fr","population":"34 habitants","website":"","townhallAdress":"Le Bourg - 58700 - CHAMPLIN"},{"text":"CHAMPVERT","href":"./58/champvert.html","phone":"03 86 25 00 69","email":"mairiechampvert@wanadoo.fr","population":"843 habitants","website":"","townhallAdress":"3 rue Jean Lhospied - 58300 - CHAMPVERT"},{"text":"CHAMPVOUX","href":"./58/champvoux.html","phone":"03 86 37 85 59","email":"mairie-de-champvoux@wanadoo.fr","population":"299 habitants","website":"","townhallAdress":"Grand Soury - 58400 - CHAMPVOUX"},{"text":"CHANTENAY SAINT IMBERT","href":"./58/chantenay-saint-imbert.html","phone":"03 86 38 60 21","email":"mairie.chantenay.nievre@wanadoo.fr","population":"1281 habitants","website":"","townhallAdress":"Rue des Ecoles - 58240 - CHANTENAY-SAINT-IMBERT"},{"text":"CHARRIN","href":"./58/charrin.html","phone":"03 86 50 32 30","email":"mairie-charrin@wanadoo.fr","population":"665 habitants","website":"","townhallAdress":"Le Bourg - 58300 - CHARRIN"},{"text":"CHASNAY","href":"./58/chasnay.html","phone":"03 86 69 21 97","email":"mairiechasnay@wanadoo.fr","population":"143 habitants","website":"","townhallAdress":"Le Bourg - 58350 - CHASNAY"},{"text":"CHATEAU CHINON","href":"./58/chateau-chinon.html","phone":"03 86 85 15 05","email":"mairiechateauchinonville@wanadoo.fr","population":"2719 habitants","website":"","townhallAdress":"Place François Mitterrand - 58120 - CHATEAU-CHINON"},{"text":"CHATEAU CHINON CAMPAGNE","href":"./58/chateau-chinon-campagne.html","phone":"03 86 85 02 88","email":"mairie-chateau-chinon-campagne@wanadoo.fr","population":"637 habitants","website":"","townhallAdress":"1 rue Gambetta - 58120 - CHATEAU-CHINON-CAMPAGNE"},{"text":"CHATEAUNEUF VAL DE BARGIS","href":"./58/chateauneuf-val-de-bargis.html","phone":"03 86 69 22 79","email":"mairie.chateauneufvaldebargis@wanadoo.fr","population":"599 habitants","website":"","townhallAdress":"Place du Colonel Roche - 58350 - CHATEAUNEUF-VAL-DE-BARGIS"},{"text":"CHATILLON EN BAZOIS","href":"./58/chatillon-en-bazois.html","phone":"03 86 84 14 76","email":"mairie.chatillon-en-bazois@wanadoo.fr","population":"999 habitants","website":"","townhallAdress":"1 place de l'Eglise - 58110 - CHATILLON-EN-BAZOIS"},{"text":"CHATIN","href":"./58/chatin.html","phone":"03 86 85 23 62","email":"","population":"110 habitants","website":"","townhallAdress":"Le Bourg - 58120 - CHATIN"},{"text":"CHAULGNES","href":"./58/chaulgnes.html","phone":"03 86 37 82 47","email":"mairie.chaulgnes@wanadoo.fr","population":"1366 habitants","website":"","townhallAdress":"Le Bourg - 58400 - CHAULGNES"},{"text":"CHAUMARD","href":"./58/chaumard.html","phone":"03 86 78 03 00","email":"mairiedechaumard@wanadoo.fr","population":"230 habitants","website":"","townhallAdress":"Le Bourg - 58120 - CHAUMARD"},{"text":"CHAUMOT","href":"./58/chaumot.html","phone":"03 86 20 23 88","email":"mairie.chaumot@laposte.net","population":"165 habitants","website":"","townhallAdress":"Le Bourg - 58800 - CHAUMOT"},{"text":"CHAZEUIL","href":"./58/chazeuil.html","phone":"03 86 60 15 49","email":"mairie.chazeuil@laposte.net","population":"71 habitants","website":"","townhallAdress":"Le Bourg - 58700 - CHAZEUIL"},{"text":"CHEVANNES CHANGY","href":"./58/chevannes-changy.html","phone":"03 86 29 67 12","email":"mairiechevannes-changy@wanadoo.fr","population":"162 habitants","website":"","townhallAdress":"Le Bourg - 58420 - CHEVANNES-CHANGY"},{"text":"CHEVENON","href":"./58/chevenon.html","phone":"03 86 68 72 75","email":"mairie.chevenon@wanadoo.fr","population":"638 habitants","website":"","townhallAdress":"3 rue des Ecoles - 58160 - CHEVENON"},{"text":"CHEVROCHES","href":"./58/chevroches.html","phone":"03 86 27 26 38","email":"mairiedechevroches@wanadoo.fr","population":"147 habitants","website":"","townhallAdress":"Le Bourg - 58500 - CHEVROCHES"},{"text":"CHIDDES","href":"./58/chiddes.html","phone":"03 86 30 43 60","email":"mairie.chiddes@wanadoo.fr","population":"344 habitants","website":"","townhallAdress":"Le Bourg - 58170 - CHIDDES"},{"text":"CHITRY LES MINES","href":"./58/chitry-les-mines.html","phone":"03 86 20 09 97","email":"chitry-les-mines@wanadoo.fr","population":"244 habitants","website":"","townhallAdress":"Le Bourg - 58800 - CHITRY-LES-MINES"},{"text":"CHOUGNY","href":"./58/chougny.html","phone":"03 86 84 45 51","email":"mairie-chougny@orange.fr","population":"85 habitants","website":"","townhallAdress":"Le Bourg - 58110 - CHOUGNY"},{"text":"CIEZ","href":"./58/ciez.html","phone":"03 86 26 42 80","email":"mairie.ciez@wanadoo.fr","population":"395 habitants","website":"","townhallAdress":"Le Bourg - 58220 - CIEZ"},{"text":"CIZELY","href":"./58/cizely.html","phone":"03 86 60 29 98","email":"mairie.cizely@laposte.net","population":"57 habitants","website":"","townhallAdress":"Le Bourg - 58270 - CIZELY"},{"text":"CLAMECY","href":"./58/clamecy.html","phone":"03 86 27 50 70","email":"mairie.clamecy@wanadoo.fr","population":"4780 habitants","website":"","townhallAdress":"Place du 19 Août - 58500 - CLAMECY"},{"text":"COLMERY","href":"./58/colmery.html","phone":"03 86 39 80 95","email":"colmery@wanadoo.fr","population":"316 habitants","website":"","townhallAdress":"Le Bourg - 58350 - COLMERY"},{"text":"CORANCY","href":"./58/corancy.html","phone":"03 86 78 01 44","email":"mairie-de-corancy@wanadoo.fr","population":"360 habitants","website":"","townhallAdress":"Le Bourg - 58120 - CORANCY"},{"text":"CORBIGNY","href":"./58/corbigny.html","phone":"03 86 20 11 98","email":"mairie-corbigny@wanadoo.fr","population":"1839 habitants","website":"","townhallAdress":"Place de la Mairie - 58800 - CORBIGNY"},{"text":"CORVOL D EMBERNARD","href":"./58/corvol-d-embernard.html","phone":"03 86 29 42 12","email":"ma.corvold@west-telecom.com","population":"109 habitants","website":"","townhallAdress":"Le Bourg - 58210 - CORVOL-D'EMBERNARD"},{"text":"CORVOL L ORGUEILLEUX","href":"./58/corvol-l-orgueilleux.html","phone":"03 86 29 13 77","email":"mairie.corvol.lorgueilleux@wanadoo.fr","population":"771 habitants","website":"","townhallAdress":"Place de l'Eglise - 58460 - CORVOL-L'ORGUEILLEUX"},{"text":"COSNE COURS SUR LOIRE","href":"./58/cosne-cours-sur-loire.html","phone":"03 86 26 50 00","email":"cosne@mairie-cosnesurloire.fr","population":"11585 habitants","website":"","townhallAdress":"Quartier Jules Moineau - 58200 - COSNE-COURS-SUR-LOIRE"},{"text":"COSSAYE","href":"./58/cossaye.html","phone":"03 86 50 71 16","email":"mairie@cossaye.net","population":"797 habitants","website":"","townhallAdress":"13 route Decize - 58300 - COSSAYE"},{"text":"COULANGES LES NEVERS","href":"./58/coulanges-les-nevers.html","phone":"03 96 93 01 00","email":"coulanges-les-nevers@wanadoo.fr","population":"3709 habitants","website":"","townhallAdress":"Avenue du 8 Mai 1945 - 58660 - COULANGES-LES-NEVERS"},{"text":"COULOUTRE","href":"./58/couloutre.html","phone":"03 86 39 30 46","email":"couloutre.mairie@wanadoo.fr","population":"225 habitants","website":"","townhallAdress":"Le Bourg - 58220 - COULOUTRE"},{"text":"COURCELLES","href":"./58/courcelles.html","phone":"03 86 29 14 59","email":"courcelles-mairie-nievre@wanadoo.fr","population":"221 habitants","website":"","townhallAdress":"Rue des Ecoles - 58210 - COURCELLES"},{"text":"CRUX LA VILLE","href":"./58/crux-la-ville.html","phone":"03 86 58 35 65","email":"mairie.cruxlaville@wanadoo.fr","population":"424 habitants","website":"","townhallAdress":"Le Bourg - 58330 - CRUX-LA-VILLE"},{"text":"CUNCY LES VARZY","href":"./58/cuncy-les-varzy.html","phone":"03 86 27 33 41","email":"cuncy.les.varzy@orange.fr","population":"153 habitants","website":"","townhallAdress":"Le Bourg - 58210 - CUNCY-LES-VARZY"},{"text":"DAMPIERRE SOUS BOUHY","href":"./58/dampierre-sous-bouhy.html","phone":"03 86 26 41 00","email":"mairie.dampierre@wanadoo.fr","population":"493 habitants","website":"","townhallAdress":"Le Bourg - 58310 - DAMPIERRE-SOUS-BOUHY"},{"text":"DECIZE","href":"./58/decize.html","phone":"03 86 25 03 23","email":"mairiedecize@wanadoo.fr","population":"6088 habitants","website":"","townhallAdress":"32 rue de la République - 58300 - DECIZE"},{"text":"DEVAY","href":"./58/devay.html","phone":"03 86 50 37 11","email":"mairie.devay@wanadoo.fr","population":"494 habitants","website":"","townhallAdress":"Rue Sarrasins - 58300 - DEVAY"},{"text":"DIENNES AUBIGNY","href":"./58/diennes-aubigny.html","phone":"03 86 50 04 36","email":"mairie.diennes-aubigny@laposte.net","population":"109 habitants","website":"","townhallAdress":"Le Bourg - 58340 - DIENNES-AUBIGNY"},{"text":"DIROL","href":"./58/dirol.html","phone":"03 86 22 05 62","email":"mairie.dirol@orange.fr","population":"142 habitants","website":"","townhallAdress":"Le Bourg - 58190 - DIROL"},{"text":"DOMMARTIN","href":"./58/dommartin.html","phone":"03 86 84 42 59","email":"mairie.dommartin58@wanadoo.fr","population":"208 habitants","website":"","townhallAdress":"Le Bourg - 58120 - DOMMARTIN"},{"text":"DOMPIERRE SUR HERY","href":"./58/dompierre-sur-hery.html","phone":"03 86 29 05 20","email":"mairie.dompierresurhery@wanadoo.fr","population":"75 habitants","website":"","townhallAdress":"Route Corbigny - 58420 - DOMPIERRE-SUR-HERY"},{"text":"DOMPIERRE SUR NIEVRE","href":"./58/dompierre-sur-nievre.html","phone":"03 86 69 21 65","email":"dompierrre@wanadoo.fr","population":"174 habitants","website":"","townhallAdress":"Le Bourg - 58350 - DOMPIERRE-SUR-NIEVRE"},{"text":"DONZY","href":"./58/donzy.html","phone":"03 86 39 30 28","email":"mairie-donzy@wanadoo.fr","population":"1669 habitants","website":"","townhallAdress":"1 place de la Mairie - 58220 - DONZY"},{"text":"DORNECY","href":"./58/dornecy.html","phone":"03 86 24 29 91","email":"mairiedornecy@wanadoo.fr","population":"569 habitants","website":"","townhallAdress":"1 rue Marie Davy - 58530 - DORNECY"},{"text":"DORNES","href":"./58/dornes.html","phone":"03 86 50 60 47","email":"dornes.mairie@wanadoo.fr","population":"1336 habitants","website":"","townhallAdress":"1 place de la Mairie - 58390 - DORNES"},{"text":"DRUY PARIGNY","href":"./58/druy-parigny.html","phone":"03 86 50 12 39","email":"mairie.druy-parigny@wanadoo.fr","population":"340 habitants","website":"","townhallAdress":"Le Bourg - 58160 - DRUY-PARIGNY"},{"text":"DUN LES PLACES","href":"./58/dun-les-places.html","phone":"03 86 84 62 05","email":"mairie.dunlesplaces@wanadoo.fr","population":"363 habitants","website":"","townhallAdress":"Rue du  26 Juin 44 - 58230 - DUN-LES-PLACES"},{"text":"DUN SUR GRANDRY","href":"./58/dun-sur-grandry.html","phone":"03 86 84 43 55","email":"mairie-dun-sur-grandry@orange.fr","population":"150 habitants","website":"","townhallAdress":"Le Bourg - 58110 - DUN-SUR-GRANDRY"},{"text":"EMPURY","href":"./58/empury.html","phone":"03 86 22 61 76","email":"mairie.empury@wanadoo.fr","population":"107 habitants","website":"","townhallAdress":"1 place François Mitterrand - 58140 - EMPURY"},{"text":"ENTRAINS SUR NOHAIN","href":"./58/entrains-sur-nohain.html","phone":"03 86 29 22 06","email":"mairie-entrains-sur-nohain@wanadoo.fr","population":"915 habitants","website":"","townhallAdress":"2 place de l'Hôtel de Ville - 58410 - ENTRAINS-SUR-NOHAIN"},{"text":"EPIRY","href":"./58/epiry.html","phone":"03 86 22 42 40","email":"mairiedepiry@wanadoo.fr","population":"206 habitants","website":"","townhallAdress":"Le Bourg - 58800 - EPIRY"},{"text":"FACHIN","href":"./58/fachin.html","phone":"03 86 85 05 60","email":"mairie.fachin@wanadoo.fr","population":"115 habitants","website":"","townhallAdress":"Le Bourg - 58430 - FACHIN"},{"text":"FERTREVE","href":"./58/fertreve.html","phone":"03 86 50 04 66","email":"mairie.fertreve@laposte.net","population":"120 habitants","website":"","townhallAdress":"Le Bourg - 58270 - FERTREVE"},{"text":"FLETY","href":"./58/flety.html","phone":"03 86 30 07 50","email":"mairie.flety@laposte.net","population":"138 habitants","website":"","townhallAdress":"Le Bourg - 58170 - FLETY"},{"text":"FLEURY SUR LOIRE","href":"./58/fleury-sur-loire.html","phone":"03 86 25 01 18","email":"mairie.flety@laposte.net","population":"250 habitants","website":"","townhallAdress":"Le Bourg - 58240 - FLEURY-SUR-LOIRE"},{"text":"FLEZ CUZY","href":"./58/flez-cuzy.html","phone":"03 86 29 31 79","email":"mairieflezcuzy@orange.fr","population":"131 habitants","website":"","townhallAdress":"Cuzy - 58190 - FLEZ-CUZY"},{"text":"FOURCHAMBAULT","href":"./58/fourchambault.html","phone":"03 86 90 99 07","email":"mairie-fourchambault@wanadoo.fr","population":"4790 habitants","website":"","townhallAdress":"59 rue Gambetta - 58600 - FOURCHAMBAULT"},{"text":"FOURS","href":"./58/fours.html","phone":"03 86 50 20 58","email":"mairie.fours@laposte.net","population":"771 habitants","website":"","townhallAdress":"15 route Decize - 58250 - FOURS"},{"text":"FRASNAY REUGNY","href":"./58/frasnay-reugny.html","phone":"03 86 60 26 00","email":"mairie-frasnay.reugny@wanadoo.fr","population":"68 habitants","website":"","townhallAdress":"Le Bourg - 58270 - FRASNAY-REUGNY"},{"text":"GACOGNE","href":"./58/gacogne.html","phone":"03 86 22 71 17","email":"mairiedegacogne@wanadoo.fr","population":"275 habitants","website":"","townhallAdress":"Roche - 58140 - GACOGNE"},{"text":"GARCHIZY","href":"./58/garchizy.html","phone":"03 86 58 86 31","email":"mairie.garchizy@wanadoo.fr","population":"3821 habitants","website":"","townhallAdress":"277 place Maurice Thorez - 58600 - GARCHIZY"},{"text":"GARCHY","href":"./58/garchy.html","phone":"03 86 69 12 79","email":"mairie.garchy@wanadoo.fr","population":"446 habitants","website":"","townhallAdress":"Le Bourg - 58150 - GARCHY"},{"text":"GERMENAY","href":"./58/germenay.html","phone":"03 86 29 08 59","email":"mairie-de-germenay@wanadoo.fr","population":"153 habitants","website":"","townhallAdress":"Le Bourg - 58800 - GERMENAY"},{"text":"GERMIGNY SUR LOIRE","href":"./58/germigny-sur-loire.html","phone":"03 86 68 85 97","email":"mairie.de.germignysurloire@wanadoo.fr","population":"751 habitants","website":"","townhallAdress":"7 rue du Général DUCROT - 58320 - GERMIGNY-SUR-LOIRE"},{"text":"GIEN SUR CURE","href":"./58/gien-sur-cure.html","phone":"03 86 78 42 95","email":"mairie-gien-sur-cure@wanadoo.fr","population":"115 habitants","website":"","townhallAdress":"Le Bourg - 58230 - GIEN-SUR-CURE"},{"text":"GIMOUILLE","href":"./58/gimouille.html","phone":"03 86 21 01 16","email":"commudegimouille@orange.fr","population":"500 habitants","website":"","townhallAdress":"Le Bourg - 58470 - GIMOUILLE"},{"text":"GIRY","href":"./58/giry.html","phone":"03 86 60 17 00","email":"communegiry@wanadoo.fr","population":"221 habitants","website":"","townhallAdress":"Le Bourg - 58700 - GIRY"},{"text":"GLUX EN GLENNE","href":"./58/glux-en-glenne.html","phone":"03 86 78 62 85","email":"glux-en-glenne@orange.fr","population":"106 habitants","website":"","townhallAdress":"Le Bourg - 58370 - GLUX-EN-GLENNE"},{"text":"GOULOUX","href":"./58/gouloux.html","phone":"03 86 78 70 17","email":"mairie.gouloux@wanadoo.fr","population":"210 habitants","website":"","townhallAdress":"Champ Coulon - 58230 - GOULOUX"},{"text":"GRENOIS","href":"./58/grenois.html","phone":"03 86 29 65 91","email":"mairie.grenois@wanadoo.fr","population":"117 habitants","website":"","townhallAdress":"Rue Jules Renard - 58420 - GRENOIS"},{"text":"GUERIGNY","href":"./58/guerigny.html","phone":"03 86 90 78 50","email":"mairie-guerigny@wanadoo.fr","population":"2625 habitants","website":"","townhallAdress":"Grande Rue - 58130 - GUERIGNY"},{"text":"GUIPY","href":"./58/guipy.html","phone":"03 86 29 61 54","email":"guipy@wanadoo.fr","population":"298 habitants","website":"","townhallAdress":"Le Bourg - 58420 - GUIPY"},{"text":"HERY","href":"./58/hery.html","phone":"03 86 29 61 73","email":"mairiedhery@gmail.com","population":"73 habitants","website":"","townhallAdress":"Le Bourg - 58800 - HERY"},{"text":"IMPHY","href":"./58/imphy.html","phone":"03 86 90 95 00","email":"mairie@ville-imphy.fr","population":"3864 habitants","website":"","townhallAdress":"Avenue Jean Jaurès - 58160 - IMPHY"},{"text":"ISENAY","href":"./58/isenay.html","phone":"03 86 50 08 17","email":"mairie.isenay@wanadoo.fr","population":"127 habitants","website":"","townhallAdress":"Le Bourg - 58290 - ISENAY"},{"text":"JAILLY","href":"./58/jailly.html","phone":"03 86 58 27 64","email":"mairie.jailly@akeonet.com","population":"72 habitants","website":"","townhallAdress":"Le Bourg - 58330 - JAILLY"},{"text":"LA CELLE SUR LOIRE","href":"./58/la-celle-sur-loire.html","phone":"03 86 26 03 85","email":"mairie.cellesurloire@orange.fr","population":"849 habitants","website":"","townhallAdress":"42 rue de Paris - 58440 - LA-CELLE-SUR-LOIRE"},{"text":"LA CELLE SUR NIEVRE","href":"./58/la-celle-sur-nievre.html","phone":"03 86 38 17 40","email":"mairie.la-celle-sur-nievre@laposte.net","population":"172 habitants","website":"","townhallAdress":"Le Bourg - 58700 - LA-CELLE-SUR-NIEVRE"},{"text":"LA CHAPELLE SAINT ANDRE","href":"./58/la-chapelle-saint-andre.html","phone":"03 86 29 15 30","email":"mairie.lachappestandre@orange.fr","population":"346 habitants","website":"","townhallAdress":"3 rue du Bourg - 58210 - LA-CHAPELLE-SAINT-ANDRE"},{"text":"LA CHARITE SUR LOIRE","href":"./58/la-charite-sur-loire.html","phone":"03 86 70 16 12","email":"mairie@lacharitesurloire.fr","population":"5437 habitants","website":"","townhallAdress":"Place Général de Gaulle - 58400 - LA-CHARITE-SUR-LOIRE"},{"text":"LA COLLANCELLE","href":"./58/la-collancelle.html","phone":"03 86 22 41 90","email":"mairie.la-collancelle@laposte.net","population":"173 habitants","website":"","townhallAdress":"Le Bourg - 58800 - LA-COLLANCELLE"},{"text":"LA FERMETE","href":"./58/la-fermete.html","phone":"03 86 58 41 19","email":"mairie.lafermete@laposte.net","population":"653 habitants","website":"","townhallAdress":"1 place de la Mairie - 58160 - LA-FERMETE"},{"text":"LA MACHINE","href":"./58/la-machine.html","phone":"03 86 50 49 00","email":"mairie.lamachine@fr.oleane.com","population":"3619 habitants","website":"","townhallAdress":"Place de la Victoire - 58260 - LA-MACHINE"},{"text":"LA MAISON DIEU","href":"./58/la-maison-dieu.html","phone":"03 86 24 26 34","email":"","population":"132 habitants","website":"","townhallAdress":"Le Bourg - 58190 - LA-MAISON-DIEU"},{"text":"LA MARCHE","href":"./58/la-marche.html","phone":"03 86 69 60 21","email":"mairie.lamarche@wanadoo.fr","population":"610 habitants","website":"","townhallAdress":"2 Grande Rue - 58400 - LA-MARCHE"},{"text":"LAMENAY SUR LOIRE","href":"./58/lamenay-sur-loire.html","phone":"03 86 50 75 89","email":"mairie.lamenay@wanadoo.fr","population":"63 habitants","website":"","townhallAdress":"Le Bourg - 58300 - LAMENAY-SUR-LOIRE"},{"text":"LANGERON","href":"./58/langeron.html","phone":"03 86 37 41 14","email":"mairie.langeron@wanadoo.fr","population":"394 habitants","website":"","townhallAdress":"Le Bourg - 58240 - LANGERON"},{"text":"LA NOCLE MAULAIX","href":"./58/la-nocle-maulaix.html","phone":"03 86 30 84 13","email":"mairie-la-nocle-maulaix@wanadoo.fr","population":"297 habitants","website":"","townhallAdress":"Le Bourg - 58250 - LA-NOCLE-MAULAIX"},{"text":"LANTY","href":"./58/lanty.html","phone":"03 86 30 93 22","email":"mairie.lanty@wanadoo.fr","population":"129 habitants","website":"","townhallAdress":"Le Bourg - 58250 - LANTY"},{"text":"LAROCHEMILLAY","href":"./58/larochemillay.html","phone":"03 86 30 47 55","email":"mairie.larochemillay@laposte.net","population":"298 habitants","website":"","townhallAdress":"Le Bourg - 58370 - LAROCHEMILLAY"},{"text":"LAVAULT DE FRETOY","href":"./58/lavault-de-fretoy.html","phone":"03 86 78 42 33","email":"mairie.lavault@gmail.com","population":"73 habitants","website":"","townhallAdress":"Lavault - 58230 - LAVAULT-DE-FRETOY"},{"text":"LIMANTON","href":"./58/limanton.html","phone":"03 86 84 94 77","email":"mairie.limanton@wanadoo.fr","population":"264 habitants","website":"","townhallAdress":"Le Bourg - 58290 - LIMANTON"},{"text":"LIMON","href":"./58/limon.html","phone":"03 86 58 42 32","email":"communedelimon@wanadoo.fr","population":"180 habitants","website":"","townhallAdress":"Le Bourg - 58270 - LIMON"},{"text":"LIVRY","href":"./58/livry.html","phone":"03 86 37 43 15","email":"mairie@mairie-livry.cegeteldsl.com","population":"694 habitants","website":"","townhallAdress":"Le Bourg - 58240 - LIVRY"},{"text":"LORMES","href":"./58/lormes.html","phone":"03 86 22 31 55","email":"mairie.lormes@wanadoo.fr","population":"1375 habitants","website":"","townhallAdress":"1 place François Mitterrand - 58140 - LORMES"},{"text":"LUCENAY LES AIX","href":"./58/lucenay-les-aix.html","phone":"03 86 30 51 95","email":"mairie-lucenay.les.aix@wanadoo.fr","population":"1067 habitants","website":"","townhallAdress":"9 rue Ozon - 58380 - LUCENAY-LES-AIX"},{"text":"LURCY LE BOURG","href":"./58/lurcy-le-bourg.html","phone":"03 86 68 15 23","email":"mairie.lurcy.old@wanadoo.fr","population":"307 habitants","website":"","townhallAdress":"Le Bourg - 58700 - LURCY-LE-BOURG"},{"text":"LUTHENAY UXELOUP","href":"./58/luthenay-uxeloup.html","phone":"03 86 58 10 27","email":"luthenayuxeloup@idyle-telecom.com","population":"610 habitants","website":"","townhallAdress":"Le Bourg - 58240 - LUTHENAY-UXELOUP"},{"text":"LUZY","href":"./58/luzy.html","phone":"03 86 30 02 34","email":"mairie@luzy.fr","population":"2089 habitants","website":"","townhallAdress":"2 place de la Mairie - 58170 - LUZY"},{"text":"LYS","href":"./58/lys.html","phone":"03 86 29 30 06","email":"mairie.de.lys@cegetel.fr","population":"124 habitants","website":"","townhallAdress":"Le Bourg - 58190 - LYS"},{"text":"MAGNY COURS","href":"./58/magny-cours.html","phone":"03 86 58 13 36","email":"mairiemagnycours@wanadoo.fr","population":"1480 habitants","website":"","townhallAdress":"21 rue Vieux Magny - 58470 - MAGNY-COURS"},{"text":"MAGNY LORMES","href":"./58/magny-lormes.html","phone":"03 86 22 00 47","email":"mairiedemagny@wanadoo.fr","population":"100 habitants","website":"","townhallAdress":"Le Bourg - 58800 - MAGNY-LORMES"},{"text":"MARCY","href":"./58/marcy.html","phone":"03 86 29 44 81","email":"communedemarcy@wanadoo.fr","population":"166 habitants","website":"","townhallAdress":"Le Bourg - 58210 - MARCY"},{"text":"MARIGNY L EGLISE","href":"./58/marigny-l-eglise.html","phone":"03 86 22 61 57","email":"mairie-marigny@wanadoo.fr","population":"351 habitants","website":"","townhallAdress":"Le Bourg - 58140 - MARIGNY-L'EGLISE"},{"text":"MARIGNY SUR YONNE","href":"./58/marigny-sur-yonne.html","phone":"03 86 20 06 13","email":"marignysuryonne@wanadoo.fr","population":"205 habitants","website":"","townhallAdress":"Le Bourg - 58800 - MARIGNY-SUR-YONNE"},{"text":"MARS SUR ALLIER","href":"./58/mars-sur-allier.html","phone":"03 86 58 16 91","email":"mairie.marsallier@wanadoo.fr","population":"282 habitants","website":"","townhallAdress":"Le Bourg - 58240 - MARS-SUR-ALLIER"},{"text":"MARZY","href":"./58/marzy.html","phone":"03 86 57 09 25","email":"mairie-marzy@wanadoo.fr","population":"3645 habitants","website":"","townhallAdress":"Place de l'Eglise - 58180 - MARZY"},{"text":"MAUX","href":"./58/maux.html","phone":"03 86 84 40 08","email":"mairiemaux@orange.fr","population":"143 habitants","website":"","townhallAdress":"Le Bourg - 58290 - MAUX"},{"text":"MENESTREAU","href":"./58/menestreau.html","phone":"03 86 39 41 84","email":"mairie.menestreau@wanadoo.fr","population":"135 habitants","website":"","townhallAdress":"Le Bourg - 58410 - MENESTREAU"},{"text":"MENOU","href":"./58/menou.html","phone":"03 86 39 81 94","email":"mairie.menou@wanadoo.fr","population":"182 habitants","website":"","townhallAdress":"Le Bourg - 58210 - MENOU"},{"text":"MESVES SUR LOIRE","href":"./58/mesves-sur-loire.html","phone":"03 86 69 04 87","email":"mairiedemesvessurloire@wanadoo.fr","population":"676 habitants","website":"","townhallAdress":"15Bis route Antibes - 58400 - MESVES-SUR-LOIRE"},{"text":"METZ LE COMTE","href":"./58/metz-le-comte.html","phone":"03 86 29 84 37","email":"metz-le-comte.mairie@wanadoo.fr","population":"202 habitants","website":"","townhallAdress":"Le Bourg - 58190 - METZ-LE-COMTE"},{"text":"MHERE","href":"./58/mhere.html","phone":"03 86 22 70 43","email":"mairiedemhere@wanadoo.fr","population":"284 habitants","website":"","townhallAdress":"Le Bourg - 58140 - MHERE"},{"text":"MICHAUGUES","href":"./58/michaugues.html","phone":"03 86 29 03 20","email":"mairie.michaugues@orange.fr","population":"67 habitants","website":"","townhallAdress":"Le Bourg - 58420 - MICHAUGUES"},{"text":"MILLAY","href":"./58/millay.html","phone":"03 86 30 45 66","email":"mairiedemillay@wanadoo.fr","population":"462 habitants","website":"","townhallAdress":"Le Bourg - 58170 - MILLAY"},{"text":"MOISSY MOULINOT","href":"./58/moissy-moulinot.html","phone":"03 86 22 04 95","email":"","population":"27 habitants","website":"","townhallAdress":"Mairie - 58190 - MOISSY-MOULINOT"},{"text":"MONCEAUX LE COMTE","href":"./58/monceaux-le-comte.html","phone":"03 86 22 06 95","email":"monceaux_le_comte.cne@aliceadsl.fr","population":"163 habitants","website":"","townhallAdress":"Le Bourg - 58190 - MONCEAUX-LE-COMTE"},{"text":"MONTAMBERT","href":"./58/montambert.html","phone":"03 86 50 32 15","email":"mairie-montambert@wanadoo.fr","population":"134 habitants","website":"","townhallAdress":"Le Bourg - 58250 - MONTAMBERT"},{"text":"MONTAPAS","href":"./58/montapas.html","phone":"03 86 58 34 32","email":"mairiedemontapas@orange.fr","population":"291 habitants","website":"","townhallAdress":"Le Bourg - 58110 - MONTAPAS"},{"text":"MONTARON","href":"./58/montaron.html","phone":"03 86 30 60 94","email":"mairie.montaron@wanadoo.fr","population":"169 habitants","website":"","townhallAdress":"Le Bourg - 58250 - MONTARON"},{"text":"MONTENOISON","href":"./58/montenoison.html","phone":"03 86 60 10 42","email":"mairiemontenoison@wanadoo.fr","population":"127 habitants","website":"","townhallAdress":"Le Bourg - 58700 - MONTENOISON"},{"text":"MONT ET MARRE","href":"./58/mont-et-marre.html","phone":"03 86 84 11 34","email":"mairie.montetmarre@wanadoo.fr","population":"177 habitants","website":"","townhallAdress":"Le Bourg - 58110 - MONT-ET-MARRE"},{"text":"MONTIGNY AUX AMOGNES","href":"./58/montigny-aux-amognes.html","phone":"03 86 58 62 43","email":"mairie.montignyauxamognes@wanadoo.fr","population":"565 habitants","website":"","townhallAdress":"Le Bourg - 58130 - MONTIGNY-AUX-AMOGNES"},{"text":"MONTIGNY EN MORVAN","href":"./58/montigny-en-morvan.html","phone":"03 86 84 73 05","email":"mairie.montigny-en-morvan@wanadoo.fr","population":"336 habitants","website":"","townhallAdress":"Le Bourg - 58120 - MONTIGNY-EN-MORVAN"},{"text":"MONTIGNY SUR CANNE","href":"./58/montigny-sur-canne.html","phone":"03 86 50 06 96","email":"mairiemontignysurcanne@orange.fr","population":"173 habitants","website":"","townhallAdress":"Le Bourg - 58340 - MONTIGNY-SUR-CANNE"},{"text":"MONTREUILLON","href":"./58/montreuillon.html","phone":"03 86 84 72 41","email":"mairie-montreuillon@orange.fr","population":"317 habitants","website":"","townhallAdress":"Le Bourg - 58800 - MONTREUILLON"},{"text":"MONTSAUCHE LES SETTONS","href":"./58/montsauche-les-settons.html","phone":"03 86 84 51 05","email":"mairie-de-montsauche-les-settons@wanadoo.fr","population":"567 habitants","website":"","townhallAdress":"Place du 25 Juin 1944 - 58230 - MONTSAUCHE-LES-SETTONS"},{"text":"MORACHES","href":"./58/moraches.html","phone":"09 62 37 38 41","email":"mairie.moraches@wanadoo.fr","population":"123 habitants","website":"","townhallAdress":"Le Bourg - 58420 - MORACHES"},{"text":"MOULINS ENGILBERT","href":"./58/moulins-engilbert.html","phone":"03 86 84 21 48","email":"mairie-moulins-engilbert@wanadoo.fr","population":"1724 habitants","website":"","townhallAdress":"40 rue des Fosses - 58290 - MOULINS-ENGILBERT"},{"text":"MOURON SUR YONNE","href":"./58/mouron-sur-yonne.html","phone":"03 86 22 46 04","email":"mairiedemouronsuryonne@wanadoo.fr","population":"98 habitants","website":"","townhallAdress":"Le Bourg - 58800 - MOURON-SUR-YONNE"},{"text":"MOUSSY","href":"./58/moussy.html","phone":"03 86 68 06 36","email":"mairiemoussy@orange.fr","population":"111 habitants","website":"","townhallAdress":"Le Bourg - 58700 - MOUSSY"},{"text":"MOUX EN MORVAN","href":"./58/moux-en-morvan.html","phone":"03 86 76 11 50","email":"mairie.moux.en.morvan@wanadoo.fr","population":"638 habitants","website":"","townhallAdress":"Le Bourg - 58230 - MOUX-EN-MORVAN"},{"text":"MURLIN","href":"./58/murlin.html","phone":"03 86 38 11 10","email":"mairie.murlin@laposte.net","population":"112 habitants","website":"","townhallAdress":"Le Bourg - 58700 - MURLIN"},{"text":"MYENNES","href":"./58/myennes.html","phone":"03 86 28 17 90","email":"mairie.myennes@wanadoo.fr","population":"609 habitants","website":"","townhallAdress":"47 rue de Paris - 58440 - MYENNES"},{"text":"NANNAY","href":"./58/nannay.html","phone":"03 86 69 22 12","email":"mairie.nannay@wanadoo.fr","population":"131 habitants","website":"","townhallAdress":"Le Bourg - 58350 - NANNAY"},{"text":"NARCY","href":"./58/narcy.html","phone":"03 86 69 13 24","email":"mairie.narcy@wanadoo.fr","population":"527 habitants","website":"","townhallAdress":"Le Bourg - 58400 - NARCY"},{"text":"NEUFFONTAINES","href":"./58/neuffontaines.html","phone":"03 86 24 81 57","email":"mairie.neuffontaines@orange.fr","population":"130 habitants","website":"","townhallAdress":"Les Vignes du Haut - 58190 - NEUFFONTAINES"},{"text":"NEUILLY","href":"./58/neuilly.html","phone":"03 86 29 65 31","email":"mairie.neuilly58@wanadoo.fr","population":"132 habitants","website":"","townhallAdress":"Le Bourg - 58420 - NEUILLY"},{"text":"NEUVILLE LES DECIZE","href":"./58/neuville-les-decize.html","phone":"03 86 50 61 60","email":"ma.neuville@idyle-telecom.com","population":"277 habitants","website":"","townhallAdress":"Le Bourg - 58300 - NEUVILLE-LES-DECIZE"},{"text":"NEUVY SUR LOIRE","href":"./58/neuvy-sur-loire.html","phone":"03 86 39 20 33","email":"mairie.neuvy.loire@wanadoo.fr","population":"1457 habitants","website":"","townhallAdress":"Place de la Mairie - 58450 - NEUVY-SUR-LOIRE"},{"text":"NEVERS","href":"./58/nevers.html","phone":"03 86 68 46 46","email":"info@ville-nevers.fr","population":"39541 habitants","website":"","townhallAdress":"1 place de l'hôtel de Ville - 58000 - NEVERS"},{"text":"NOLAY","href":"./58/nolay.html","phone":"03 86 68 16 57","email":"mairie.nolay@wanadoo.fr","population":"362 habitants","website":"","townhallAdress":"Le Bourg - 58700 - NOLAY"},{"text":"NUARS","href":"./58/nuars.html","phone":"03 86 24 80 90","email":"mairiedenuars@wanadoo.fr","population":"144 habitants","website":"","townhallAdress":"Le Bourg - 58190 - NUARS"},{"text":"OISY","href":"./58/oisy.html","phone":"03 86 24 92 61","email":"oisy.mairie@wanadoo.fr","population":"306 habitants","website":"","townhallAdress":"Rue Saint Symphorien - 58500 - OISY"},{"text":"ONLAY","href":"./58/onlay.html","phone":"03 86 84 20 56","email":"mairie.onlay@numeo.fr","population":"170 habitants","website":"","townhallAdress":"Le Bourg - 58370 - ONLAY"},{"text":"OUAGNE","href":"./58/ouagne.html","phone":"03 86 27 19 44","email":"mairie.ouagne@wanadoo.fr","population":"177 habitants","website":"","townhallAdress":"Le Bourg - 58500 - OUAGNE"},{"text":"OUDAN","href":"./58/oudan.html","phone":"03 86 29 43 64","email":"mairie.oudan@wanadoo.fr","population":"137 habitants","website":"","townhallAdress":"Le Bourg - 58210 - OUDAN"},{"text":"OUGNY","href":"./58/ougny.html","phone":"03 86 84 07 56","email":"mairie.ougny@orange .fr","population":"47 habitants","website":"","townhallAdress":"Le Bourg - 58110 - OUGNY"},{"text":"OULON","href":"./58/oulon.html","phone":"03 86 68 16 88","email":"mairiedoulon@wanadoo.fr","population":"88 habitants","website":"","townhallAdress":"Le Bourg - 58700 - OULON"},{"text":"OUROUER","href":"./58/ourouer.html","phone":"03 86 58 64 55","email":"communeourouer@wanadoo.fr","population":"337 habitants","website":"","townhallAdress":"Le Bourg - 58130 - OUROUER"},{"text":"OUROUX EN MORVAN","href":"./58/ouroux-en-morvan.html","phone":"03 86 78 21 02","email":"mairie.ouroux-en-morvan@wanadoo.fr","population":"680 habitants","website":"","townhallAdress":"Le Bourg - 58230 - OUROUX-EN-MORVAN"},{"text":"PARIGNY LA ROSE","href":"./58/parigny-la-rose.html","phone":"03 86 29 43 71","email":"mairieparignylarose@wanadoo.fr","population":"29 habitants","website":"","townhallAdress":"Le Bourg - 58210 - PARIGNY-LA-ROSE"},{"text":"PARIGNY LES VAUX","href":"./58/parigny-les-vaux.html","phone":"03 86 68 88 07","email":"mairie.parigny-les-vaux@laposte.net","population":"998 habitants","website":"","townhallAdress":"Le Bourg - 58320 - PARIGNY-LES-VAUX"},{"text":"PAZY","href":"./58/pazy.html","phone":"03 86 20 14 61","email":"mairiedepazy@wanadoo.fr","population":"334 habitants","website":"","townhallAdress":"Le Bourg - 58800 - PAZY"},{"text":"PERROY","href":"./58/perroy.html","phone":"03 86 39 34 58","email":"mairie-perroy@wanadoo.fr","population":"206 habitants","website":"","townhallAdress":"Le Bourg - 58220 - PERROY"},{"text":"PLANCHEZ","href":"./58/planchez.html","phone":"03 86 78 42 03","email":"mairie.planchez@gmail.com","population":"362 habitants","website":"","townhallAdress":"Place Marcel Basdevant - 58230 - PLANCHEZ"},{"text":"POIL","href":"./58/poil.html","phone":"03 86 30 10 58","email":"mairiedepoil@wanadoo.fr","population":"162 habitants","website":"","townhallAdress":"Le Bourg - 58170 - POIL"},{"text":"POISEUX","href":"./58/poiseux.html","phone":"03 86 60 40 55","email":"mairie.poiseux@wanadoo.fr","population":"338 habitants","website":"","townhallAdress":"Le Bourg - 58130 - POISEUX"},{"text":"POUGNY","href":"./58/pougny.html","phone":"03 86 26 97 47","email":"mairie.pougny@wanadoo.fr","population":"469 habitants","website":"","townhallAdress":"Le Bourg - 58200 - POUGNY"},{"text":"POUGUES LES EAUX","href":"./58/pougues-les-eaux.html","phone":"03 86 90 96 00","email":"mairie.pougues-les-eaux@fr.oleane.com","population":"2572 habitants","website":"","townhallAdress":"Rue du Docteur Faucher - 58320 - POUGUES-LES-EAUX"},{"text":"POUILLY SUR LOIRE","href":"./58/pouilly-sur-loire.html","phone":"03 86 39 12 55","email":"mairiepouillysurloire@wanadoo.fr","population":"1848 habitants","website":"","townhallAdress":"50 rue Waldeck Rousseau - 58150 - POUILLY-SUR-LOIRE"},{"text":"POUQUES LORMES","href":"./58/pouques-lormes.html","phone":"03 86 22 03 04","email":"pouques-lormes@wanadoo.fr","population":"169 habitants","website":"","townhallAdress":"Le Bourg - 58140 - POUQUES-LORMES"},{"text":"POUSSEAUX","href":"./58/pousseaux.html","phone":"03 86 27 25 25","email":"mairiedepousseaux@orange.fr","population":"205 habitants","website":"","townhallAdress":"Rue Abbé Ernest Dreux - 58500 - POUSSEAUX"},{"text":"PREMERY","href":"./58/premery.html","phone":"03 86 68 12 40","email":"mairie-premery@wanadoo.fr","population":"2079 habitants","website":"","townhallAdress":"Place de la Mairie - 58700 - PREMERY"},{"text":"PREPORCHE","href":"./58/preporche.html","phone":"03 86 30 74 99","email":"mairie.preporche58@wanadoo.fr","population":"211 habitants","website":"","townhallAdress":"Le Bourg - 58360 - PREPORCHE"},{"text":"RAVEAU","href":"./58/raveau.html","phone":"03 86 70 07 57","email":"mairie.raveau@wanadoo.fr","population":"681 habitants","website":"","townhallAdress":"Le Bourg - 58400 - RAVEAU"},{"text":"REMILLY","href":"./58/remilly.html","phone":"03 86 30 92 88","email":"mairie.remilly@wanadoo.fr","population":"180 habitants","website":"","townhallAdress":"Le Bourg - 58250 - REMILLY"},{"text":"RIX","href":"./58/rix.html","phone":"03 86 27 24 40","email":"mairie.rix@wanadoo.fr","population":"201 habitants","website":"","townhallAdress":"Place de la Mairie - 58500 - RIX"},{"text":"ROUY","href":"./58/rouy.html","phone":"03 86 60 23 66","email":"","population":"622 habitants","website":"","townhallAdress":"Le Bourg - 58110 - ROUY"},{"text":"RUAGES","href":"./58/ruages.html","phone":"03 86 22 06 64","email":"mairie.ruages@orange.fr","population":"133 habitants","website":"","townhallAdress":"Le Bourg - 58190 - RUAGES"},{"text":"SAINCAIZE MEAUCE","href":"./58/saincaize-meauce.html","phone":"03 86 21 03 59","email":"mairie.saincaize.meauce@wanadoo.fr","population":"435 habitants","website":"","townhallAdress":"Le Bourg - 58470 - SAINCAIZE-MEAUCE"},{"text":"SAINT AGNAN","href":"./58/saint-agnan.html","phone":"03 86 78 72 44","email":"mairie-st-agnan-morvan@wanadoo.fr","population":"163 habitants","website":"","townhallAdress":"Le Bourg - 58230 - SAINT-AGNAN"},{"text":"SAINT AMAND EN PUISAYE","href":"./58/saint-amand-en-puisaye.html","phone":"03 86 39 63 72","email":"mairiesaintam@wanadoo.fr","population":"1349 habitants","website":"","townhallAdress":"36 Grande Rue - 58310 - SAINT-AMAND-EN-PUISAYE"},{"text":"SAINT ANDELAIN","href":"./58/saint-andelain.html","phone":"03 86 39 12 79","email":"mairie.st-andelain@wanadoo.fr","population":"548 habitants","website":"","townhallAdress":"Le Bourg - 58150 - SAINT-ANDELAIN"},{"text":"SAINT ANDRE EN MORVAN","href":"./58/saint-andre-en-morvan.html","phone":"03 86 22 63 08","email":"mairie.standre.morvan@wanadoo.fr","population":"310 habitants","website":"","townhallAdress":"Le Village - 58140 - SAINT-ANDRE-EN-MORVAN"},{"text":"SAINT AUBIN DES CHAUMES","href":"./58/saint-aubin-des-chaumes.html","phone":"03 86 24 80 07","email":"mairie-staubindeschaumes@wanadoo.fr","population":"69 habitants","website":"","townhallAdress":"Le Bourg - 58190 - SAINT-AUBIN-DES-CHAUMES"},{"text":"SAINT AUBIN LES FORGES","href":"./58/saint-aubin-les-forges.html","phone":"03 86 38 10 49","email":"staubinlesforges@wanadoo.fr","population":"447 habitants","website":"","townhallAdress":"Le Bourg - 58130 - SAINT-AUBIN-LES-FORGES"},{"text":"SAINT BENIN D AZY","href":"./58/saint-benin-d-azy.html","phone":"03 86 58 41 15","email":"mairie.st.benindazy@wanadoo.fr","population":"1272 habitants","website":"","townhallAdress":"1 place de la République - 58270 - SAINT-BENIN-D'AZY"},{"text":"SAINT BENIN DES BOIS","href":"./58/saint-benin-des-bois.html","phone":"03 86 58 33 95","email":"mairie58233@numeo.fr","population":"205 habitants","website":"","townhallAdress":"Le Bourg - 58330 - SAINT-BENIN-DES-BOIS"},{"text":"SAINT BONNOT","href":"./58/saint-bonnot.html","phone":"03 86 60 10 94","email":"mairiedestbonnot2@wanadoo.fr","population":"123 habitants","website":"","townhallAdress":"Le Bourg - 58700 - SAINT-BONNOT"},{"text":"SAINT BRISSON","href":"./58/saint-brisson.html","phone":"03 86 78 70 80","email":"mairiestbrisson58@wanadoo.fr","population":"284 habitants","website":"","townhallAdress":"Le Bourg - 58230 - SAINT-BRISSON"},{"text":"SAINT DIDIER","href":"./58/saint-didier.html","phone":"03 86 29 81 68","email":"saintdidier3@wanadoo.fr","population":"34 habitants","website":"","townhallAdress":"Le Bourg - 58190 - SAINT-DIDIER"},{"text":"SAINTE COLOMBE DES BOIS","href":"./58/sainte-colombe-des-bois.html","phone":"03 86 26 33 37","email":"mairie.stecolombedesbois@wanadoo.fr","population":"137 habitants","website":"","townhallAdress":"Le Bourg - 58220 - SAINTE-COLOMBE-DES-BOIS"},{"text":"SAINT ELOI","href":"./58/saint-eloi.html","phone":"03 86 37 77 00","email":"mairie.st.eloi@wanadoo.fr","population":"2084 habitants","website":"","townhallAdress":"Chemin Rural Bouchot - 58000 - SAINT-ELOI"},{"text":"SAINTE MARIE","href":"./58/sainte-marie.html","phone":"03 86 58 36 88","email":"mairie-ste-marie@orange.fr","population":"100 habitants","website":"","townhallAdress":"Le Bourg - 58330 - SAINTE-MARIE"},{"text":"SAINT FIRMIN","href":"./58/saint-firmin.html","phone":"03 86 58 66 59","email":"","population":"153 habitants","website":"","townhallAdress":"Le Bourg - 58270 - SAINT-FIRMIN"},{"text":"SAINT FRANCHY","href":"./58/saint-franchy.html","phone":"03 86 58 26 66","email":"mairie.saint-franchy@wanadoo.fr","population":"70 habitants","website":"","townhallAdress":"Le Bourg - 58330 - SAINT-FRANCHY"},{"text":"SAINT GERMAIN CHASSENAY","href":"./58/saint-germain-chassenay.html","phone":"03 86 25 12 12","email":"mairie.stgermainchassenay@wanadoo.fr","population":"392 habitants","website":"","townhallAdress":"Le Bourg - 58300 - SAINT-GERMAIN-CHASSENAY"},{"text":"SAINT GERMAIN DES BOIS","href":"./58/saint-germain-des-bois.html","phone":"03 86 27 01 95","email":"mairie.st.germain.des.bois58@wanadoo.fr","population":"114 habitants","website":"","townhallAdress":"Le Bourg - 58210 - SAINT-GERMAIN-DES-BOIS"},{"text":"SAINT GRATIEN SAVIGNY","href":"./58/saint-gratien-savigny.html","phone":"03 86 50 59 02","email":"mairie-stgratien@orange.fr","population":"128 habitants","website":"","townhallAdress":"Le Bourg - 58340 - SAINT-GRATIEN-SAVIGNY"},{"text":"SAINT HILAIRE EN MORVAN","href":"./58/saint-hilaire-en-morvan.html","phone":"03 86 85 11 20","email":"buteau.virginie@free.fr","population":"221 habitants","website":"","townhallAdress":"Le Bourg - 58120 - SAINT-HILAIRE-EN-MORVAN"},{"text":"SAINT HILAIRE FONTAINE","href":"./58/saint-hilaire-fontaine.html","phone":"03 86 50 31 70","email":"mairie.sthilairefontaine@wanadoo.fr","population":"193 habitants","website":"","townhallAdress":"Le Bourg - 58300 - SAINT-HILAIRE-FONTAINE"},{"text":"SAINT HONORE LES BAINS","href":"./58/saint-honore-les-bains.html","phone":"03 86 30 71 70","email":"mairie-de-st-honore-les-bains@wanadoo.fr","population":"854 habitants","website":"","townhallAdress":"1 place Firmin Bazot - 58360 - SAINT-HONORE-LES-BAINS"},{"text":"SAINT JEAN AUX AMOGNES","href":"./58/saint-jean-aux-amognes.html","phone":"03 86 58 60 66","email":"mairiestjeanamognes@orange.fr","population":"473 habitants","website":"","townhallAdress":"Le Bourg - 58270 - SAINT-JEAN-AUX-AMOGNES"},{"text":"SAINT LAURENT L ABBAYE","href":"./58/saint-laurent-l-abbaye.html","phone":"03 86 26 16 08","email":"mairie-slla@wanadoo.fr","population":"238 habitants","website":"","townhallAdress":"6 place de la Mairie - 58150 - SAINT-LAURENT-L'ABBAYE"},{"text":"SAINT LEGER DE FOUGERET","href":"./58/saint-leger-de-fougeret.html","phone":"03 86 85 14 70","email":"mairiedesaintlegerdefougeret@orange.fr","population":"293 habitants","website":"","townhallAdress":"Le Bourg - 58120 - SAINT-LEGER-DE-FOUGERET"},{"text":"SAINT LEGER DES VIGNES","href":"./58/saint-leger-des-vignes.html","phone":"03 86 25 09 76","email":"accueil@saintlegerdesvignes.fr","population":"2134 habitants","website":"","townhallAdress":"1 rue La Loge - 58300 - SAINT-LEGER-DES-VIGNES"},{"text":"SAINT LOUP","href":"./58/saint-loup.html","phone":null,"email":null,"population":null,"website":null,"townhallAdress":null},{"text":"SAINT MALO EN DONZIOIS","href":"./58/saint-malo-en-donziois.html","phone":"03 86 39 87 30","email":"stmaloendonziois@orange.fr","population":"133 habitants","website":"","townhallAdress":"Le Bourg - 58350 - SAINT-MALO-EN-DONZIOIS"},{"text":"SAINT MARTIN D HEUILLE","href":"./58/saint-martin-d-heuille.html","phone":"03 86 38 50 60","email":"st-martindheuille@wanadoo.fr","population":"601 habitants","website":"","townhallAdress":"Le Bourg - 58130 - SAINT-MARTIN-D'HEUILLE"},{"text":"SAINT MARTIN DU PUY","href":"./58/saint-martin-du-puy.html","phone":"03 86 22 64 76","email":"mairie.saintmartindupuy@wanadoo.fr","population":"341 habitants","website":"","townhallAdress":"Le Bourg - 58140 - SAINT-MARTIN-DU-PUY"},{"text":"SAINT MARTIN SUR NOHAIN","href":"./58/saint-martin-sur-nohain.html","phone":"03 86 26 13 04","email":"mairie.st-martin-sur-nohain@wanadoo.fr","population":"403 habitants","website":"","townhallAdress":"Le Bourg - 58150 - SAINT-MARTIN-SUR-NOHAIN"},{"text":"SAINT MAURICE","href":"./58/saint-maurice.html","phone":"03 86 58 32 77","email":"commune.stmaurice.58@orange.fr","population":"64 habitants","website":"","townhallAdress":"Le Bourg - 58330 - SAINT-MAURICE"},{"text":"SAINT OUEN SUR LOIRE","href":"./58/saint-ouen-sur-loire.html","phone":"03 86 50 11 01","email":"mairie-st-ouen-sur-loire58@wanadoo.fr","population":"509 habitants","website":"","townhallAdress":"80 route de Genève - 58160 - SAINT-OUEN-SUR-LOIRE"},{"text":"SAINT PARIZE EN VIRY","href":"./58/saint-parize-en-viry.html","phone":"03 86 50 61 77","email":"mlemaireparize@orange.fr","population":"161 habitants","website":"","townhallAdress":"Saint Parize - 58300 - SAINT-PARIZE-EN-VIRY"},{"text":"SAINT PARIZE LE CHATEL","href":"./58/saint-parize-le-chatel.html","phone":"03 86 58 12 82","email":"sympa-mairie@wanadoo.fr","population":"1328 habitants","website":"","townhallAdress":"Avenue de la  Mairie - 58490 - SAINT-PARIZE-LE-CHATEL"},{"text":"SAINT PERE","href":"./58/saint-pere.html","phone":"03 86 28 00 40","email":"mairie.st-pere@wanadoo.fr","population":"1085 habitants","website":"","townhallAdress":"Rue de la Mairie - 58200 - SAINT-PERE"},{"text":"SAINT PEREUSE","href":"./58/saint-pereuse.html","phone":"03 86 84 43 11","email":"mairie.st-pereuse@laposte.net","population":"284 habitants","website":"","townhallAdress":"Le Bourg - 58110 - SAINT-PEREUSE"},{"text":"SAINT PIERRE DU MONT","href":"./58/saint-pierre-du-mont.html","phone":"03 86 27 32 05","email":"mairiesaintpierredumont@wanadoo.fr","population":"194 habitants","website":"","townhallAdress":"Pouge - 58210 - SAINT-PIERRE-DU-MONT"},{"text":"SAINT PIERRE LE MOUTIER","href":"./58/saint-pierre-le-moutier.html","phone":"03 86 90 19 94","email":"mairie.stpierrelemoutier@wanadoo.fr","population":"2033 habitants","website":"","townhallAdress":"33 place de l'Eglise - 58240 - SAINT-PIERRE-LE-MOUTIER"},{"text":"SAINT QUENTIN SUR NOHAIN","href":"./58/saint-quentin-sur-nohain.html","phone":"03 86 26 19 91","email":"mairie.saint.quentin.sur.nohain@orange.fr","population":"128 habitants","website":"","townhallAdress":"Le Bourg - 58150 - SAINT-QUENTIN-SUR-NOHAIN"},{"text":"SAINT REVERIEN","href":"./58/saint-reverien.html","phone":"03 86 29 63 28","email":"mairie.saint-reverien@wanadoo.fr","population":"235 habitants","website":"","townhallAdress":"Le Bourg - 58420 - SAINT-REVERIEN"},{"text":"SAINT SAULGE","href":"./58/saint-saulge.html","phone":"03 86 58 30 33","email":"stsaulge-mairie@wanadoo.fr","population":"973 habitants","website":"","townhallAdress":"Place de l'Hôtel de Ville - 58330 - SAINT-SAULGE"},{"text":"SAINT SEINE","href":"./58/saint-seine.html","phone":"03 86 30 84 77","email":"mairie.stseine@wanadoo.fr","population":"227 habitants","website":"","townhallAdress":"Le Bourg - 58250 - SAINT-SEINE"},{"text":"SAINT SULPICE","href":"./58/saint-sulpice.html","phone":"03 86 58 67 66","email":"mairiesaintsulpice@wanadoo.fr","population":"480 habitants","website":"","townhallAdress":"Le Bourg - 58270 - SAINT-SULPICE"},{"text":"SAINT VERAIN","href":"./58/saint-verain.html","phone":"03 86 26 24 03","email":"mairie.saint.verain@wanadoo.fr","population":"375 habitants","website":"","townhallAdress":"Rue des Ecoles - 58310 - SAINT-VERAIN"},{"text":"SAIZY","href":"./58/saizy.html","phone":"03 86 24 80 21","email":"mairie.saizy58@laposte.net","population":"208 habitants","website":"","townhallAdress":"Le Bourg - 58190 - SAIZY"},{"text":"SARDY LES EPIRY","href":"./58/sardy-les-epiry.html","phone":"03 86 22 42 79","email":"mairie-sardy-les-epiry@wanadoo.fr","population":"151 habitants","website":"","townhallAdress":"Le Bourg - 58800 - SARDY-LES-EPIRY"},{"text":"SAUVIGNY LES BOIS","href":"./58/sauvigny-les-bois.html","phone":"03 86 37 10 23","email":"mairie.sauvigny.les.bois@wanadoo.fr","population":"1545 habitants","website":"","townhallAdress":"Place Neuh�usel - 58160 - SAUVIGNY-LES-BOIS"},{"text":"SAVIGNY POIL FOL","href":"./58/savigny-poil-fol.html","phone":"03 86 30 82 96","email":"mairie.savigny.poil.fol@wanadoo.fr","population":"137 habitants","website":"","townhallAdress":"Le Bourg - 58170 - SAVIGNY-POIL-FOL"},{"text":"SAXI BOURDON","href":"./58/saxi-bourdon.html","phone":"03 86 58 27 70","email":"","population":"300 habitants","website":"","townhallAdress":"Le Bourg - 58330 - SAXI-BOURDON"},{"text":"SEMELAY","href":"./58/semelay.html","phone":"03 86 30 90 88","email":"","population":"267 habitants","website":"","townhallAdress":"Le Bourg - 58360 - SEMELAY"},{"text":"SERMAGES","href":"./58/sermages.html","phone":"03 86 84 24 21","email":"sermages58@orange.fr","population":"227 habitants","website":"","townhallAdress":"Le Bourg - 58290 - SERMAGES"},{"text":"SERMOISE SUR LOIRE","href":"./58/sermoise-sur-loire.html","phone":"03 86 37 62 32","email":"mairie-sermoise-sur-loire@wanadoo.fr","population":"1719 habitants","website":"","townhallAdress":"Rue Frondot - 58000 - SERMOISE-SUR-LOIRE"},{"text":"SICHAMPS","href":"./58/sichamps.html","phone":"03 86 68 11 00","email":"mairie.sichamps@wanadoo.fr","population":"165 habitants","website":"","townhallAdress":"Le Bourg - 58700 - SICHAMPS"},{"text":"SOUGY SUR LOIRE","href":"./58/sougy-sur-loire.html","phone":"03 86 50 10 26","email":"sougy.mairie@wanadoo.fr","population":"607 habitants","website":"","townhallAdress":"Le Bourg - 58300 - SOUGY-SUR-LOIRE"},{"text":"SUILLY LA TOUR","href":"./58/suilly-la-tour.html","phone":"03 86 26 32 92","email":"mairiesuillylatour@wanadoo.fr","population":"588 habitants","website":"","townhallAdress":"27 rue Saint Symphorien - 58150 - SUILLY-LA-TOUR"},{"text":"SURGY","href":"./58/surgy.html","phone":"03 86 27 17 83","email":"mairie.surgy@orange.fr","population":"465 habitants","website":"","townhallAdress":"Place Etienne Gagneux - 58500 - SURGY"},{"text":"TACONNAY","href":"./58/taconnay.html","phone":"03 86 29 62 54","email":"","population":"74 habitants","website":"","townhallAdress":"Le Bourg - 58420 - TACONNAY"},{"text":"TALON","href":"./58/talon.html","phone":"03 86 29 32 56","email":"mairie-de-talon@wanadoo.fr","population":"50 habitants","website":"","townhallAdress":"Le Bourg - 58190 - TALON"},{"text":"TAMNAY EN BAZOIS","href":"./58/tamnay-en-bazois.html","phone":"03 86 84 03 15","email":"mairietamnayenbazois@wanadoo.fr","population":"186 habitants","website":"","townhallAdress":"Le Bourg - 58110 - TAMNAY-EN-BAZOIS"},{"text":"TANNAY","href":"./58/tannay.html","phone":"03 86 29 84 53","email":"mairie-tannay@wanadoo.fr","population":"629 habitants","website":"","townhallAdress":"1 place Charles Chaigneau - 58190 - TANNAY"},{"text":"TAZILLY","href":"./58/tazilly.html","phone":"03 86 30 08 17","email":"mairie.tazilly@wanadoo.fr","population":"266 habitants","website":"","townhallAdress":"Le Bourg - 58170 - TAZILLY"},{"text":"TEIGNY","href":"./58/teigny.html","phone":"03 86 24 80 46","email":"","population":"124 habitants","website":"","townhallAdress":"Le Bourg - 58190 - TEIGNY"},{"text":"TERNANT","href":"./58/ternant.html","phone":"03 86 30 84 10","email":"mairie@ternant.fr","population":"205 habitants","website":"","townhallAdress":"Le Bourg - 58250 - TERNANT"},{"text":"THAIX","href":"./58/thaix.html","phone":"03 86 50 23 11","email":"","population":"63 habitants","website":"","townhallAdress":"Bourg - 58250 - THAIX"},{"text":"THIANGES","href":"./58/thianges.html","phone":"03 86 50 83 50","email":"mairie.thianges@wanadoo.fr","population":"197 habitants","website":"","townhallAdress":"Le Bourg - 58260 - THIANGES"},{"text":"TINTURY","href":"./58/tintury.html","phone":"03 86 84 15 70","email":"","population":"205 habitants","website":"","townhallAdress":"Le Bourg - 58110 - TINTURY"},{"text":"TOURY LURCY","href":"./58/toury-lurcy.html","phone":"03 86 50 70 24","email":"mairie.tourylurcy@wanadoo.fr","population":"422 habitants","website":"","townhallAdress":"8 route Dornes - 58300 - TOURY-LURCY"},{"text":"TOURY SUR JOUR","href":"./58/toury-sur-jour.html","phone":"03 86 38 65 88","email":"mairie.toury-sur-jour@laposte.net","population":"129 habitants","website":"","townhallAdress":"Le Bourg - 58240 - TOURY-SUR-JOUR"},{"text":"TRACY SUR LOIRE","href":"./58/tracy-sur-loire.html","phone":"03 86 26 17 71","email":"mairie.tracy-sur-loire@wanadoo.fr","population":"990 habitants","website":"","townhallAdress":"5 rue Poste Boisgibault - 58150 - TRACY-SUR-LOIRE"},{"text":"TRESNAY","href":"./58/tresnay.html","phone":"03 86 38 67 00","email":"mairie.tresnay@wanadoo.fr","population":"171 habitants","website":"","townhallAdress":"Le Bourg - 58240 - TRESNAY"},{"text":"TROIS VEVRES","href":"./58/trois-vevres.html","phone":"03 86 50 97 22","email":"com.3vevres@wanadoo.fr","population":"245 habitants","website":"","townhallAdress":"Place de la Mairie - 58260 - TROIS-VEVRES"},{"text":"TRONSANGES","href":"./58/tronsanges.html","phone":"03 86 37 84 90","email":"communedetronsanges@orange.fr","population":"373 habitants","website":"","townhallAdress":"Le Bourg - 58400 - TRONSANGES"},{"text":"TRUCY L ORGUEILLEUX","href":"./58/trucy-l-orgueilleux.html","phone":"03 86 29 15 03","email":"mairie.trucy@wanadoo.fr","population":"233 habitants","website":"","townhallAdress":"Rue des Dames - 58460 - TRUCY-L'ORGUEILLEUX"},{"text":"URZY","href":"./58/urzy.html","phone":"03 86 38 52 78","email":"mairieurzy58@wanadoo.fr","population":"1868 habitants","website":"","townhallAdress":"450 route Greux - 58130 - URZY"},{"text":"VANDENESSE","href":"./58/vandenesse.html","phone":"03 86 30 74 06","email":"mairie58vandenesse@wanadoo.fr","population":"354 habitants","website":"","townhallAdress":"4 rue de la République - 58290 - VANDENESSE"},{"text":"VARENNES LES NARCY","href":"./58/varennes-les-narcy.html","phone":"03 86 69 10 87","email":"mairie.varenneslesnarcy@wanadoo.fr","population":"818 habitants","website":"","townhallAdress":"2 rue Vergennes - 58400 - VARENNES-LES-NARCY"},{"text":"VARENNES VAUZELLES","href":"./58/varennes-vauzelles.html","phone":"03 86 71 61 71","email":"mairie@ville-varennes-vauzelles.fr","population":"9731 habitants","website":"","townhallAdress":"54 avenu Louis Fouchère - 58640 - VARENNES-VAUZELLES"},{"text":"VARZY","href":"./58/varzy.html","phone":"03 86 29 43 73","email":"mairievarzy@wanadoo.fr","population":"1542 habitants","website":"","townhallAdress":"22 rue de l'Hôtel de Ville - 58210 - VARZY"},{"text":"VAUCLAIX","href":"./58/vauclaix.html","phone":"03 86 22 70 63","email":"mairiedevauclaix@orange.fr","population":"119 habitants","website":"","townhallAdress":"Le Bourg - 58140 - VAUCLAIX"},{"text":"VERNEUIL","href":"./58/verneuil.html","phone":"03 86 50 51 33","email":"mairie-verneuil@wanadoo.fr","population":"343 habitants","website":"","townhallAdress":"La Chaume - 58300 - VERNEUIL"},{"text":"VIELMANAY","href":"./58/vielmanay.html","phone":"03 86 69 13 08","email":"mairie.vielmanay@wanadoo.fr","population":"186 habitants","website":"","townhallAdress":"Le Bourg - 58150 - VIELMANAY"},{"text":"VIGNOL","href":"./58/vignol.html","phone":"03 86 24 80 83","email":"mairie.vignol@laposte.net","population":"91 habitants","website":"","townhallAdress":"Le Bourg - 58190 - VIGNOL"},{"text":"VILLAPOURCON","href":"./58/villapourcon.html","phone":"03 86 78 62 60","email":"mairievillapourcon@wanadoo.fr","population":"455 habitants","website":"","townhallAdress":"Le Bourg - 58370 - VILLAPOURCON"},{"text":"VILLE LANGY","href":"./58/ville-langy.html","phone":"03 86 60 22 32","email":"com.ville-langy@wanadoo.fr","population":"292 habitants","website":"","townhallAdress":"Chaume - 58270 - VILLE-LANGY"},{"text":"VILLIERS LE SEC","href":"./58/villiers-le-sec.html","phone":"03 86 27 32 95","email":"mairiedevillierslesec@wanadoo.fr","population":"50 habitants","website":"","townhallAdress":"Le Bourg - 58210 - VILLIERS-LE-SEC"},{"text":"VILLIERS SUR YONNE","href":"./58/villiers-sur-yonne.html","phone":"03 86 24 25 59","email":"mairie.villiers-sur-yonne@wanadoo.fr","population":"293 habitants","website":"","townhallAdress":"15 rue de l'Eglise - 58500 - VILLIERS-SUR-YONNE"},{"text":"VITRY LACHE","href":"./58/vitry-lache.html","phone":"03 86 29 65 89","email":"mairievitrylache@orange.fr","population":"130 habitants","website":"","townhallAdress":"Le Bourg - 58420 - VITRY-LACHE"}]}