{"text":"73 | Savoie","href":"savoie.html","townships":[{"text":"AIGUEBELETTE LE LAC","href":"./73/aiguebelette-le-lac.html","phone":"04 79 36 05 62","email":"mairie.aiguebelette@wanadoo.fr","population":"247 habitants","website":"","townhallAdress":"Le bourg - 73610 - AIGUEBELETTE-LE-LAC"},{"text":"AIGUEBELLE","href":"./73/aiguebelle.html","phone":"04 79 36 20 25","email":"mairie.aiguebelle73@wanadoo.fr","population":"1091 habitants","website":"","townhallAdress":"Chef Lieu - 73220 - AIGUEBELLE"},{"text":"AIGUEBLANCHE","href":"./73/aigueblanche.html","phone":"04 79 24 22 26","email":"mairie-daigueblanche@wanadoo.fr","population":"3048 habitants","website":"","townhallAdress":"250 Grande Rue - 73260 - AIGUEBLANCHE"},{"text":"AILLON LE JEUNE","href":"./73/aillon-le-jeune.html","phone":"04 79 54 60 72","email":"mairie@lesaillons.com","population":"445 habitants","website":"","townhallAdress":"Chef Lieu - 73340 - AILLON-LE-JEUNE"},{"text":"AILLON LE VIEUX","href":"./73/aillon-le-vieux.html","phone":"04 79 54 63 15","email":"mairie.aillonlevieux@wanadoo.fr","population":"176 habitants","website":"","townhallAdress":"Chef Lieu - 73340 - AILLON-LE-VIEUX"},{"text":"AIME","href":"./73/aime.html","phone":"04 79 09 74 38","email":"mairie.aime@wanadoo.fr","population":"3477 habitants","website":"","townhallAdress":"1112 avenue Tarentaise - 73210 - AIME"},{"text":"AITON","href":"./73/aiton.html","phone":"04 79 36 24 68","email":"mairie.aiton@wanadoo.fr","population":"1720 habitants","website":"","townhallAdress":"Chef Lieu - 73220 - AITON"},{"text":"AIX LES BAINS","href":"./73/aix-les-bains.html","phone":"04 79 35 07 95","email":"mairie@aixlesbains.fr","population":"27923 habitants","website":"","townhallAdress":"Place Maurice Mollard - 73100 - AIX-LES-BAINS"},{"text":"ALBENS","href":"./73/albens.html","phone":"04 79 54 17 59","email":"top@mairie-albens.fr","population":"3165 habitants","website":"","townhallAdress":"Place de l'Eglise - 73410 - ALBENS"},{"text":"ALBERTVILLE","href":"./73/albertville.html","phone":"04 79 10 43 00","email":"ville@albertville.com","population":"18683 habitants","website":"","townhallAdress":"12 cours de l'Hôtel de Ville - 73200 - ALBERTVILLE"},{"text":"ALBIEZ LE JEUNE","href":"./73/albiez-le-jeune.html","phone":"04 79 59 92 85","email":"mairie.albiezlejeune@wanadoo.fr","population":"107 habitants","website":"","townhallAdress":"Chef Lieu - 73300 - ALBIEZ-LE-JEUNE"},{"text":"ALBIEZ MONTROND","href":"./73/albiez-montrond.html","phone":"04 79 59 30 93","email":"mairie@albiez-montrond.com","population":"374 habitants","website":"","townhallAdress":"Chef Lieu - 73300 - ALBIEZ-MONTROND"},{"text":"ALLONDAZ","href":"./73/allondaz.html","phone":"04 79 37 05 41","email":"mairie-allondaz@wanadoo.fr","population":"214 habitants","website":"","townhallAdress":"Chef Lieu - 73200 - ALLONDAZ"},{"text":"APREMONT","href":"./73/apremont.html","phone":"04 79 28 33 09","email":"m.apremont@wanadoo.fr","population":"973 habitants","website":"","townhallAdress":"Le Gaz - 73190 - APREMONT"},{"text":"ARBIN","href":"./73/arbin.html","phone":"04 79 84 09 25","email":"mairie.arbin@wanadoo.fr","population":"768 habitants","website":"","townhallAdress":"Grande Rue - 73800 - ARBIN"},{"text":"ARGENTINE","href":"./73/argentine.html","phone":"04 79 36 23 11","email":"mairieargentine@wanadoo.fr","population":"876 habitants","website":"","townhallAdress":"Chef Lieu - 73220 - ARGENTINE"},{"text":"ARITH","href":"./73/arith.html","phone":"04 79 63 32 15","email":"mairie.arith@wanadoo.fr","population":"381 habitants","website":"","townhallAdress":"Bourchigny Haut - 73340 - ARITH"},{"text":"ARVILLARD","href":"./73/arvillard.html","phone":"04 79 25 51 24","email":"arvillard-mairie@wanadoo.fr","population":"838 habitants","website":"","townhallAdress":"Chef Lieu - 73110 - ARVILLARD"},{"text":"ATTIGNAT ONCIN","href":"./73/attignat-oncin.html","phone":"04 79 36 07 69","email":"","population":"554 habitants","website":"","townhallAdress":"Chef Lieu - 73610 - ATTIGNAT-ONCIN"},{"text":"AUSSOIS","href":"./73/aussois.html","phone":"04 79 20 30 40","email":"mairie.aussois@wanadoo.fr","population":"686 habitants","website":"","townhallAdress":"Rue de l'Eglise - 73500 - AUSSOIS"},{"text":"AVRESSIEUX","href":"./73/avressieux.html","phone":"04 76 37 05 09","email":"com.avressieux@wanadoo.fr","population":"463 habitants","website":"","townhallAdress":"Le Village - 73240 - AVRESSIEUX"},{"text":"AVRIEUX","href":"./73/avrieux.html","phone":"04 79 20 33 16","email":"commune.avrieux@wanadoo.fr","population":"391 habitants","website":"","townhallAdress":"154 rue de l'Eglise - 73500 - AVRIEUX"},{"text":"AYN","href":"./73/ayn.html","phone":"04 79 28 72 32","email":"mairie.ayn@wanadoo.fr","population":"340 habitants","website":"","townhallAdress":"Chef Lieu - 73470 - AYN"},{"text":"BARBERAZ","href":"./73/barberaz.html","phone":"04 79 33 39 37","email":"mairie@barberaz.net","population":"4855 habitants","website":"","townhallAdress":"23 route Apremont - 73000 - BARBERAZ"},{"text":"BARBY","href":"./73/barby.html","phone":"04 79 33 08 51","email":"mairie@barby73.fr","population":"3364 habitants","website":"","townhallAdress":"Place de la Mairie - 73230 - BARBY"},{"text":"BASSENS","href":"./73/bassens.html","phone":"04 79 70 47 17","email":"mairie@bassens-savoie.fr","population":"3717 habitants","website":"","townhallAdress":"9 Rue de l'Eglise - 73000 - BASSENS"},{"text":"BEAUFORT","href":"./73/beaufort.html","phone":"04 79 38 33 15","email":"commune.beaufort@wanadoo.fr","population":"2290 habitants","website":"","townhallAdress":"Place de la Mairie - 73270 - BEAUFORT"},{"text":"BELLECOMBE EN BAUGES","href":"./73/bellecombe-en-bauges.html","phone":"04 79 63 32 53","email":"mairie.bellecombe281@orange.fr","population":"631 habitants","website":"","townhallAdress":"Chef Lieu - 73340 - BELLECOMBE-EN-BAUGES"},{"text":"BELLENTRE","href":"./73/bellentre.html","phone":"04 79 07 11 06","email":"mairie.bellentre@wanadoo.fr","population":"966 habitants","website":"","townhallAdress":"Chef Lieu - 73210 - BELLENTRE"},{"text":"BELMONT TRAMONET","href":"./73/belmont-tramonet.html","phone":"04 76 32 80 00","email":"mairie.belmont-tramonet@wanadoo.fr","population":"537 habitants","website":"","townhallAdress":"Beauregard - 73330 - BELMONT-TRAMONET"},{"text":"BESSANS","href":"./73/bessans.html","phone":"04 79 05 96 05","email":"secretariat@bessans.com","population":"347 habitants","website":"","townhallAdress":"Place de la Mairie - 73480 - BESSANS"},{"text":"BETTON BETTONET","href":"./73/betton-bettonet.html","phone":"04 79 36 49 22","email":"mairie.bettonbettonnet@wanadoo.fr","population":"271 habitants","website":"","townhallAdress":"Chef Lieu - 73390 - BETTON-BETTONET"},{"text":"BILLIEME","href":"./73/billieme.html","phone":"04 79 36 85 82","email":"mairie-billieme@numeo.fr","population":"253 habitants","website":"","townhallAdress":"Chef Lieu - 73170 - BILLIEME"},{"text":"BONNEVAL","href":"./73/bonneval.html","phone":"04 79 22 52 78","email":"mairie-bonneval-tse@wanadoo.fr","population":"115 habitants","website":"","townhallAdress":"Villard Soffray - 73260 - BONNEVAL"},{"text":"BONNEVAL SUR ARC","href":"./73/bonneval-sur-arc.html","phone":"04 79 05 94 94","email":"info@bonneval-sur-arc.com","population":"252 habitants","website":"","townhallAdress":"La Ciamarella - 73480 - BONNEVAL-SUR-ARC"},{"text":"BONVILLARD","href":"./73/bonvillard.html","phone":"04 79 38 41 28","email":"mairie.bonvillard042@orange.fr","population":"349 habitants","website":"","townhallAdress":"Chef Lieu - 73460 - BONVILLARD"},{"text":"BONVILLARET","href":"./73/bonvillaret.html","phone":"04 79 36 34 08","email":"mairie-bonvillaret@wanadoo.fr","population":"100 habitants","website":"","townhallAdress":"Chef Lieu - 73220 - BONVILLARET"},{"text":"BOURDEAU","href":"./73/bourdeau.html","phone":"04 79 25 03 41","email":"mairie.bourdeau@wanadoo.fr","population":"523 habitants","website":"","townhallAdress":"Chef Lieu - 73370 - BOURDEAU"},{"text":"BOURGET EN HUILE","href":"./73/bourget-en-huile.html","phone":"04 79 65 02 00","email":"mairiebourgetenhuile@wanadoo.fr","population":"144 habitants","website":"","townhallAdress":"Chef Lieu - 73110 - BOURGET-EN-HUILE"},{"text":"BOURGNEUF","href":"./73/bourgneuf.html","phone":"04 79 36 42 22","email":"mairie.bourgneuf73@wanadoo.fr","population":"663 habitants","website":"","townhallAdress":"Les Quintes - 73390 - BOURGNEUF"},{"text":"BOURG SAINT MAURICE","href":"./73/bourg-saint-maurice.html","phone":"04 79 07 23 33","email":"mairie@bourgsaintmaurice.fr","population":"8061 habitants","website":"","townhallAdress":"1 place de l'Hôtel de Ville - 73700 - BOURG-SAINT-MAURICE"},{"text":"BOZEL","href":"./73/bozel.html","phone":"04 79 55 03 06","email":"mairie.bozel@cegetel.net","population":"2048 habitants","website":"","townhallAdress":"Rue Emile Machet - 73350 - BOZEL"},{"text":"BRAMANS","href":"./73/bramans.html","phone":"04 79 05 10 71","email":"info@bramans.fr","population":"395 habitants","website":"","townhallAdress":"Chef Lieu - 73500 - BRAMANS"},{"text":"BRIDES LES BAINS","href":"./73/brides-les-bains.html","phone":"04 79 55 21 55","email":"mairiebrideslesbains@wanadoo.fr","population":"594 habitants","website":"","townhallAdress":"Place Centenaire - 73570 - BRIDES-LES-BAINS"},{"text":"BRISON SAINT INNOCENT","href":"./73/brison-saint-innocent.html","phone":"04 79 54 33 60","email":"st-innocent@wanadoo.fr","population":"2179 habitants","website":"","townhallAdress":"Le Parc Despine - 73100 - BRISON-SAINT-INNOCENT"},{"text":"CESARCHES","href":"./73/cesarches.html","phone":"04 79 32 10 97","email":"mairie.cesarches@wanadoo.fr","population":"384 habitants","website":"","townhallAdress":"La Bruyère - 73200 - CESARCHES"},{"text":"CESSENS","href":"./73/cessens.html","phone":"04 79 63 10 10","email":"mairie.cessens@wanadoo.fr","population":"406 habitants","website":"","townhallAdress":"Chef Lieu - 73410 - CESSENS"},{"text":"CEVINS","href":"./73/cevins.html","phone":"04 79 38 20 28","email":"mairie.de.cevins@wanadoo.fr","population":"686 habitants","website":"","townhallAdress":"Le Colombier - 73730 - CEVINS"},{"text":"CHALLES LES EAUX","href":"./73/challes-les-eaux.html","phone":"04 79 72 80 91","email":"mairie.challes-les-eaux@wanadoo.fr","population":"5161 habitants","website":"","townhallAdress":"Avenue Charles Pillet - 73190 - CHALLES-LES-EAUX"},{"text":"CHAMBERY","href":"./73/chambery.html","phone":"04 79 60 20 20","email":"chambery@mairie-chambery.fr","population":"59109 habitants","website":"","townhallAdress":"30 rue Marconet - 73000 - CHAMBERY"},{"text":"CHAMOUSSET","href":"./73/chamousset.html","phone":"04 79 36 43 28","email":"mairiechamousset@wanadoo.fr","population":"538 habitants","website":"","townhallAdress":"Chef Lieu - 73390 - CHAMOUSSET"},{"text":"CHAMOUX SUR GELON","href":"./73/chamoux-sur-gelon.html","phone":"04 79 36 40 19","email":"mairie.chamoux@wanadoo.fr","population":"832 habitants","website":"","townhallAdress":"Chef Lieu - 73390 - CHAMOUX-SUR-GELON"},{"text":"CHAMPAGNEUX","href":"./73/champagneux.html","phone":"04 76 31 71 76","email":"mairie.champagneux@wanadoo.fr","population":"507 habitants","website":"","townhallAdress":"Place de la Mairie - 73240 - CHAMPAGNEUX"},{"text":"CHAMPAGNY EN VANOISE","href":"./73/champagny-en-vanoise.html","phone":"04 79 55 03 80","email":"champagny.mairie@wanadoo.fr","population":"689 habitants","website":"","townhallAdress":"Centre Administratif - 73350 - CHAMPAGNY-EN-VANOISE"},{"text":"CHAMPLAURENT","href":"./73/champlaurent.html","phone":"04 79 36 41 07","email":"mairiedechamplaurent@wanadoo.fr","population":"29 habitants","website":"","townhallAdress":"Chef Lieu - 73390 - CHAMPLAURENT"},{"text":"CHANAZ","href":"./73/chanaz.html","phone":"04 79 54 57 50","email":"mairie@chanaz.fr","population":"520 habitants","website":"","townhallAdress":"Chef Lieu - 73310 - CHANAZ"},{"text":"CHATEAUNEUF","href":"./73/chateauneuf.html","phone":"04 79 28 84 16","email":"mairie.de.chateauneuf@wanadoo.fr","population":"729 habitants","website":"","townhallAdress":"Maltaverne - 73390 - CHATEAUNEUF"},{"text":"CHIGNIN","href":"./73/chignin.html","phone":"04 79 28 10 12","email":"mairiedechignin@wanadoo.fr","population":"783 habitants","website":"","townhallAdress":"Chef Lieu - 73800 - CHIGNIN"},{"text":"CHINDRIEUX","href":"./73/chindrieux.html","phone":"04 79 54 20 36","email":"mairie.chindrieux@wanadoo.fr","population":"1230 habitants","website":"","townhallAdress":"313 rue de l'Eglise - 73310 - CHINDRIEUX"},{"text":"CLERY","href":"./73/clery.html","phone":"04 79 38 59 69","email":"mairie.clery@wanadoo.fr","population":"392 habitants","website":"","townhallAdress":"Chef Lieu - 73460 - CLERY"},{"text":"COGNIN","href":"./73/cognin.html","phone":"04 79 69 35 07","email":"mairie@cognin.fr","population":"6023 habitants","website":"","townhallAdress":"8 rue d'Epine - 73160 - COGNIN"},{"text":"COHENNOZ","href":"./73/cohennoz.html","phone":"04 79 37 33 82","email":"mairie.cohennoz@wanadoo.fr","population":"157 habitants","website":"","townhallAdress":"Chef Lieu - 73400 - COHENNOZ"},{"text":"COISE SAINT JEAN PIED GAUTHIER","href":"./73/coise-saint-jean-pied-gauthier.html","phone":"04 79 28 80 31","email":"coise3@wanadoo.fr","population":"1147 habitants","website":"","townhallAdress":"Coise - 73800 - COISE-SAINT-JEAN-PIED-GAUTHIER"},{"text":"CONJUX","href":"./73/conjux.html","phone":"04 79 54 25 40","email":"mairieconjux@numeo.fr","population":"200 habitants","website":"","townhallAdress":"Chef Lieu - 73310 - CONJUX"},{"text":"CORBEL","href":"./73/corbel.html","phone":"04 79 65 73 05","email":"mairiedecorbel@orange.fr","population":"136 habitants","website":"","townhallAdress":"Chef Lieu - 73160 - CORBEL"},{"text":"CREST VOLAND","href":"./73/crest-voland.html","phone":"04 79 31 61 52","email":"mairie.crestvoland@wanadoo.fr","population":"421 habitants","website":"","townhallAdress":"Immeuble Maison Crest Voland - 73590 - CREST-VOLAND"},{"text":"CRUET","href":"./73/cruet.html","phone":"04 79 84 29 62","email":"mairie.cruet@wanadoo.fr","population":"1069 habitants","website":"","townhallAdress":"Saint Laurent - 73800 - CRUET"},{"text":"CURIENNE","href":"./73/curienne.html","phone":"04 79 84 71 60","email":"mairie.curienne@wanadoo.fr","population":"677 habitants","website":"","townhallAdress":"Chef Lieu - 73190 - CURIENNE"},{"text":"DETRIER","href":"./73/detrier.html","phone":"04 79 65 69 23","email":"mairiedetrier@wanadoo.fr","population":"402 habitants","website":"","townhallAdress":"Chef Lieu - 73110 - DETRIER"},{"text":"DOMESSIN","href":"./73/domessin.html","phone":"04 76 37 23 14","email":"mairie.domessin@wanadoo.fr","population":"1548 habitants","website":"","townhallAdress":"Chef Lieu - 73330 - DOMESSIN"},{"text":"DOUCY EN BAUGES","href":"./73/doucy-en-bauges.html","phone":"04 79 54 80 70","email":"mairiedoucyenbauges@wanadoo.fr","population":"85 habitants","website":"","townhallAdress":"Chef Lieu - 73630 - DOUCY-EN-BAUGES"},{"text":"DRUMETTAZ CLARAFOND","href":"./73/drumettaz-clarafond.html","phone":"04 79 63 64 00","email":"drumettaz.mairie@wanadoo.fr","population":"2417 habitants","website":"","townhallAdress":"102 route du Chef Lieu - 73420 - DRUMETTAZ-CLARAFOND"},{"text":"DULLIN","href":"./73/dullin.html","phone":"04 79 36 01 88","email":"dullin.com@wanadoo.fr","population":"396 habitants","website":"","townhallAdress":"Chef Lieu - 73610 - DULLIN"},{"text":"ECOLE","href":"./73/ecole.html","phone":"04 79 54 84 76","email":"mairiedecole@wanadoo.fr","population":"250 habitants","website":"","townhallAdress":"Chef Lieu - 73630 - ECOLE"},{"text":"ENTREMONT LE VIEUX","href":"./73/entremont-le-vieux.html","phone":"04 79 65 82 48","email":"mairiedentremontlevieux@wanadoo.fr","population":"593 habitants","website":"","townhallAdress":"Chef Lieu - 73670 - ENTREMONT-LE-VIEUX"},{"text":"EPERSY","href":"./73/epersy.html","phone":"04 79 54 93 05","email":"mairie.epersy@wanadoo.fr","population":"327 habitants","website":"","townhallAdress":"Chef Lieu - 73410 - EPERSY"},{"text":"EPIERRE","href":"./73/epierre.html","phone":"04 79 36 10 91","email":"mairie.epierre@wanadoo.fr","population":"671 habitants","website":"","townhallAdress":"Chef Lieu - 73220 - EPIERRE"},{"text":"ESSERTS BLAY","href":"./73/esserts-blay.html","phone":"04 79 31 00 75","email":"mairie.essertsblay@wanadoo.fr","population":"725 habitants","website":"","townhallAdress":"Chef Lieu - 73540 - ESSERTS-BLAY"},{"text":"ETABLE","href":"./73/etable.html","phone":"04 79 25 74 45","email":"commune.etable@wanadoo.fr","population":"360 habitants","website":"","townhallAdress":"Chef Lieu - 73110 - ETABLE"},{"text":"FEISSONS SUR ISERE","href":"./73/feissons-sur-isere.html","phone":"04 79 22 51 70","email":"mairie.feissons-sur-isere@wanadoo.fr","population":"574 habitants","website":"","townhallAdress":"Le Rivet - 73260 - FEISSONS-SUR-ISERE"},{"text":"FEISSONS SUR SALINS","href":"./73/feissons-sur-salins.html","phone":"04 79 24 50 38","email":"mairiefeissonssalins@wanadoo.fr","population":"196 habitants","website":"","townhallAdress":"Chef Lieu - 73350 - FEISSONS-SUR-SALINS"},{"text":"FLUMET","href":"./73/flumet.html","phone":"04 79 31 60 97","email":"mairie-flumet@wanadoo.fr","population":"892 habitants","website":"","townhallAdress":"Route Aravis - 73590 - FLUMET"},{"text":"FONTAINE LE PUITS","href":"./73/fontaine-le-puits.html","phone":"04 79 24 30 60","email":"mairiefontainelepuits@wanadoo.fr","population":"143 habitants","website":"","townhallAdress":"Chef Lieu - 73600 - FONTAINE-LE-PUITS"},{"text":"FONTCOUVERTE LA TOUSSUIRE","href":"./73/fontcouverte-la-toussuire.html","phone":"04 79 56 71 57","email":"mairie73fontcouverte-la-toussuire@wanadoo.fr","population":"584 habitants","website":"","townhallAdress":"Chef Lieu - 73300 - FONTCOUVERTE-LA-TOUSSUIRE"},{"text":"FOURNEAUX","href":"./73/fourneaux.html","phone":"04 79 05 07 46","email":"commune-de-fourneaux@wanadoo.fr","population":"811 habitants","website":"","townhallAdress":"Place de la Mairie - 73500 - FOURNEAUX"},{"text":"FRANCIN","href":"./73/francin.html","phone":"04 79 84 04 43","email":"mairie.francin@cegetel.fr","population":"853 habitants","website":"","townhallAdress":"Chef Lieu - 73800 - FRANCIN"},{"text":"FRENEY","href":"./73/freney.html","phone":"04 79 05 08 06","email":"mairie-le-freney@wanadoo.fr","population":"118 habitants","website":"","townhallAdress":"Chef Lieu - 73500 - FRENEY"},{"text":"FRETERIVE","href":"./73/freterive.html","phone":"04 79 28 54 01","email":"mairie.freterive@wanadoo.fr","population":"450 habitants","website":"","townhallAdress":"Chef Lieu - 73250 - FRETERIVE"},{"text":"FRONTENEX","href":"./73/frontenex.html","phone":"04 79 31 40 10","email":"mairiefrontenex@wanadoo.fr","population":"1729 habitants","website":"","townhallAdress":"1 rue de la Mairie - 73460 - FRONTENEX"},{"text":"GERBAIX","href":"./73/gerbaix.html","phone":"04 79 28 73 50","email":"mairie.gerbaix@wanadoo.fr","population":"408 habitants","website":"","townhallAdress":"Chef Lieu - 73470 - GERBAIX"},{"text":"GILLY SUR ISERE","href":"./73/gilly-sur-isere.html","phone":"04 79 37 02 84","email":"mairie.gilly@wanadoo.fr","population":"2913 habitants","website":"","townhallAdress":"1 place de la Mairie - 73200 - GILLY-SUR-ISERE"},{"text":"GRANIER","href":"./73/granier.html","phone":"04 79 09 73 59","email":"mairiedegranier@wanadoo.fr","population":"371 habitants","website":"","townhallAdress":"Place de la Mairie - 73210 - GRANIER"},{"text":"GRESIN","href":"./73/gresin.html","phone":"04 76 31 76 60","email":"","population":"346 habitants","website":"","townhallAdress":"Le Village - 73240 - GRESIN"},{"text":"GRESY SUR AIX","href":"./73/gresy-sur-aix.html","phone":"04 79 34 80 50","email":"mairie.gresy-sur-aix@wanadoo.fr","population":"3723 habitants","website":"","townhallAdress":"Place de la Mairie - 73100 - GRESY-SUR-AIX"},{"text":"GRESY SUR ISERE","href":"./73/gresy-sur-isere.html","phone":"04 79 37 91 94","email":"commune.gresy@wanadoo.fr","population":"1283 habitants","website":"","townhallAdress":"Place de l'Hôtel de Ville - 73460 - GRESY-SUR-ISERE"},{"text":"GRIGNON","href":"./73/grignon.html","phone":"04 79 32 47 29","email":"mairiegrignon@wanadoo.fr","population":"2012 habitants","website":"","townhallAdress":"1580 CD 925 - 73200 - GRIGNON"},{"text":"HAUTECOUR","href":"./73/hautecour.html","phone":"04 79 24 02 62","email":"mairie-de-hautecour@wanadoo.fr","population":"304 habitants","website":"","townhallAdress":"Chef Lieu - 73600 - HAUTECOUR"},{"text":"HAUTELUCE","href":"./73/hauteluce.html","phone":"04 79 38 80 31","email":"contact@mairie-hauteluce.fr","population":"918 habitants","website":"","townhallAdress":"Chef Lieu - 73620 - HAUTELUCE"},{"text":"HAUTEVILLE","href":"./73/hauteville.html","phone":"04 79 28 86 75","email":"mairie.hauteville@numeo.fr","population":"305 habitants","website":"","townhallAdress":"Chef Lieu - 73390 - HAUTEVILLE"},{"text":"HERMILLON","href":"./73/hermillon.html","phone":"04 79 64 27 72","email":"mairie@hermillon.net","population":"546 habitants","website":"","townhallAdress":"564 route Cascade - 73300 - HERMILLON"},{"text":"JACOB BELLECOMBETTE","href":"./73/jacob-bellecombette.html","phone":"04 79 69 08 37","email":"mairie@jacob-bellecombette.fr","population":"4003 habitants","website":"","townhallAdress":"7 rue de la Mairie - 73000 - JACOB-BELLECOMBETTE"},{"text":"JARRIER","href":"./73/jarrier.html","phone":"04 79 64 20 86","email":"mairie.jarrier@wanadoo.fr","population":"478 habitants","website":"","townhallAdress":"Chef Lieu - 73300 - JARRIER"},{"text":"JARSY","href":"./73/jarsy.html","phone":"04 79 54 80 48","email":"jarsy2@wanadoo.fr","population":"295 habitants","website":"","townhallAdress":"Chef Lieu - 73630 - JARSY"},{"text":"JONGIEUX","href":"./73/jongieux.html","phone":"04 79 44 02 01","email":"mairie.jongieux@free.fr","population":"306 habitants","website":"","townhallAdress":"Aimavigne - 73170 - JONGIEUX"},{"text":"LA BALME","href":"./73/la-balme.html","phone":"04 79 36 87 50","email":"labalme-mairie@wanadoo.fr","population":"231 habitants","website":"","townhallAdress":"Chef Lieu - 73170 - LA-BALME"},{"text":"LA BATHIE","href":"./73/la-bathie.html","phone":"04 79 31 00 43","email":"mairie@labathie.fr","population":"2196 habitants","website":"","townhallAdress":"Rue Alphonse Lamartine - 73540 - LA-BATHIE"},{"text":"LA BAUCHE","href":"./73/la-bauche.html","phone":"04 79 36 65 17","email":"mairiedelabauche@orange.fr","population":"309 habitants","website":"","townhallAdress":"Chef Lieu - 73360 - LA-BAUCHE"},{"text":"LA BIOLLE","href":"./73/la-biolle.html","phone":"04 79 54 76 06","email":"mairie@la-biolle.fr","population":"2195 habitants","website":"","townhallAdress":"Immeuble Les Vernes - 73410 - LA-BIOLLE"},{"text":"LA BRIDOIRE","href":"./73/la-bridoire.html","phone":"04 79 31 11 13","email":"mairie.labridoire@wanadoo.fr","population":"1195 habitants","website":"","townhallAdress":"Le Village - 73520 - LA-BRIDOIRE"},{"text":"LA CHAMBRE","href":"./73/la-chambre.html","phone":"04 79 56 20 09","email":"mairie-la-chambre@wanadoo.fr","population":"1181 habitants","website":"","townhallAdress":"Grande Rue - 73130 - LA-CHAMBRE"},{"text":"LA CHAPELLE","href":"./73/la-chapelle.html","phone":"04 79 83 10 83","email":"mairie.la-chapelle@wanadoo.fr","population":"351 habitants","website":"","townhallAdress":"Chef Lieu - 73660 - LA-CHAPELLE"},{"text":"LA CHAPELLE BLANCHE","href":"./73/la-chapelle-blanche.html","phone":"04 79 25 51 64","email":"mairie.lachapelleblanche@wanadoo.fr","population":"580 habitants","website":"","townhallAdress":"Chef Lieu - 73110 - LA-CHAPELLE-BLANCHE"},{"text":"LA CHAPELLE DU MONT DU CHAT","href":"./73/la-chapelle-du-mont-du-chat.html","phone":"04 79 25 20 34","email":"chapelle.chat@numeo.fr","population":"241 habitants","website":"","townhallAdress":"Chef Lieu - 73370 - LA-CHAPELLE-DU-MONT-DU-CHAT"},{"text":"LA CHAPELLE SAINT MARTIN","href":"./73/la-chapelle-saint-martin.html","phone":"04 79 65 94 58","email":"mairie.lachapellestmartin@wanadoo.fr","population":"134 habitants","website":"","townhallAdress":"Chef Lieu - 73170 - LA-CHAPELLE-SAINT-MARTIN"},{"text":"LA CHAVANNE","href":"./73/la-chavanne.html","phone":"04 79 84 09 03","email":"lachavanne.mairie@wanadoo.fr","population":"586 habitants","website":"","townhallAdress":"Chef Lieu - 73800 - LA-CHAVANNE"},{"text":"LA COMPOTE","href":"./73/la-compote.html","phone":"04 79 54 84 43","email":"mairiedelacompote@wanadoo.fr","population":"224 habitants","website":"","townhallAdress":"Chef Lieu - 73630 - LA-COMPOTE"},{"text":"LA COTE D AIME","href":"./73/la-cote-d-aime.html","phone":"04 79 09 70 62","email":"mairie.cotedaime@wanadoo.fr","population":"881 habitants","website":"","townhallAdress":"Pierrolaz - 73210 - LA-COTE-D'AIME"},{"text":"LA CROIX DE LA ROCHETTE","href":"./73/la-croix-de-la-rochette.html","phone":"04 79 25 53 62","email":"mairie.lacroix73@orange.fr","population":"254 habitants","website":"","townhallAdress":"La Croix - 73110 - LA-CROIX-DE-LA-ROCHETTE"},{"text":"LA GIETTAZ","href":"./73/la-giettaz.html","phone":"04 79 32 92 87","email":"mairie@la-giettaz.com","population":"466 habitants","website":"","townhallAdress":"Chef Lieu - 73590 - LA-GIETTAZ"},{"text":"LAISSAUD","href":"./73/laissaud.html","phone":"04 79 28 92 94","email":"mairielaissaud@wanadoo.fr","population":"597 habitants","website":"","townhallAdress":"Chef Lieu - 73800 - LAISSAUD"},{"text":"LA LECHERE","href":"./73/la-lechere.html","phone":"04 79 22 52 44","email":"mairiedelalechere@wanadoo.fr","population":"1941 habitants","website":"","townhallAdress":"Le Bourg - 73260 - LA-LECHERE"},{"text":"LA MOTTE EN BAUGES","href":"./73/la-motte-en-bauges.html","phone":"04 79 63 37 71","email":"mairie.lamotteenbauges@wanadoo.fr","population":"433 habitants","website":"","townhallAdress":"Chef Lieu - 73340 - LA-MOTTE-EN-BAUGES"},{"text":"LA MOTTE SERVOLEX","href":"./73/la-motte-servolex.html","phone":"04 79 65 17 75","email":"ville@mairie-lamotteservolex.fr","population":"11975 habitants","website":"","townhallAdress":"36 avenue Costa de Beauregard - 73290 - LA-MOTTE-SERVOLEX"},{"text":"LANDRY","href":"./73/landry.html","phone":"04 79 07 08 71","email":"mairie@ville-landry.com","population":"742 habitants","website":"","townhallAdress":"Landry - 73210 - LANDRY"},{"text":"LANSLEBOURG MONT CENIS","href":"./73/lanslebourg-mont-cenis.html","phone":"04 79 05 91 62","email":"mairie.lanslebourg@wanadoo.fr","population":"621 habitants","website":"","townhallAdress":"Grande Rue - 73480 - LANSLEBOURG-MONT-CENIS"},{"text":"LANSLEVILLARD","href":"./73/lanslevillard.html","phone":"04 79 05 93 78","email":"mairie@lanslevillard.fr","population":"468 habitants","website":"","townhallAdress":"L'Envers - 73480 - LANSLEVILLARD"},{"text":"LA PERRIERE","href":"./73/la-perriere.html","phone":"04 79 55 20 26","email":"mairieperriere@wanadoo.fr","population":"438 habitants","website":"","townhallAdress":"Saint Jean - 73600 - LA-PERRIERE"},{"text":"LA RAVOIRE","href":"./73/la-ravoire.html","phone":"04 79 72 52 00","email":"mairie@laravoire.com","population":"7536 habitants","website":"","townhallAdress":"Centre cial Val Fleuri - 73490 - LA-RAVOIRE"},{"text":"LA ROCHETTE","href":"./73/la-rochette.html","phone":"04 79 25 50 32","email":"larochettesavoie.mairie@wanadoo.fr","population":"3344 habitants","website":"","townhallAdress":"1 place Albert Rey - 73110 - LA-ROCHETTE"},{"text":"LA TABLE","href":"./73/la-table.html","phone":"04 79 65 00 00","email":"commune.latable@orange.fr","population":"362 habitants","website":"","townhallAdress":"Chef Lieu - 73110 - LA-TABLE"},{"text":"LA THUILE","href":"./73/la-thuile.html","phone":"04 79 84 73 23","email":"la.thuile@wanadoo.fr","population":"288 habitants","website":"","townhallAdress":"Chef Lieu - 73190 - LA-THUILE"},{"text":"LA TRINITE","href":"./73/la-trinite.html","phone":"04 79 25 73 30","email":"mairie-la-roque-gageac@wanadoo.fr","population":"282 habitants","website":"","townhallAdress":"Chef Lieu - 73110 - LA-TRINITE"},{"text":"LE BOIS","href":"./73/le-bois.html","phone":"04 79 24 22 63","email":"mairielebois73@wanadoo.fr","population":"332 habitants","website":"","townhallAdress":"Chef Lieu - 73260 - LE-BOIS"},{"text":"LE BOURGET DU LAC","href":"./73/le-bourget-du-lac.html","phone":"04 79 26 12 12","email":"mairie@lebourgetdulac.fr","population":"4239 habitants","website":"","townhallAdress":"7 rue des Ecoles - 73370 - LE-BOURGET-DU-LAC"},{"text":"LE CHATEL","href":"./73/le-chatel.html","phone":"04 79 64 24 80","email":"secretariat@le-chatel.com","population":"196 habitants","website":"","townhallAdress":"Chef Lieu - 73300 - LE-CHATEL"},{"text":"LE CHATELARD","href":"./73/le-chatelard.html","phone":"04 79 54 82 44","email":"mairie@lechatelard.fr","population":"657 habitants","website":"","townhallAdress":"Route du Grand Pré - 73630 - LE-CHATELARD"},{"text":"LE NOYER","href":"./73/le-noyer.html","phone":"04 79 63 31 72","email":"mairie-lenoyer@wanadoo.fr","population":"169 habitants","website":"","townhallAdress":"Chef Lieu - 73340 - LE-NOYER"},{"text":"LEPIN LE LAC","href":"./73/lepin-le-lac.html","phone":"04 79 36 01 66","email":"mairie.lepinlelac@wanadoo.fr","population":"367 habitants","website":"","townhallAdress":"Le Rocheray - 73610 - LEPIN-LE-LAC"},{"text":"LE PONT DE BEAUVOISIN","href":"./73/le-pont-de-beauvoisin.html","phone":"04 76 37 04 62","email":"mairie.pont73@wanadoo.fr","population":"1909 habitants","website":"","townhallAdress":"21 rue de l'Hôtel de Ville - 73330 - LE-PONT-DE-BEAUVOISIN"},{"text":"LE PONTET","href":"./73/le-pontet.html","phone":"04 79 65 01 00","email":"communedepontet@orange.fr","population":"119 habitants","website":"","townhallAdress":"La Coche - 73110 - LE-PONTET"},{"text":"LES ALLUES","href":"./73/les-allues.html","phone":"04 79 08 61 04","email":"secgen@mairiedesallues.fr","population":"1910 habitants","website":"","townhallAdress":"Chef-Lieu - 73550 - LES-ALLUES"},{"text":"LES AVANCHERS VALMOREL","href":"./73/les-avanchers-valmorel.html","phone":"04 79 09 83 27","email":"mairie@valmorel.com","population":"788 habitants","website":"","townhallAdress":"Chef Lieu - 73260 - LES-AVANCHERS-VALMOREL"},{"text":"LES CHAPELLES","href":"./73/les-chapelles.html","phone":"04 79 07 07 67","email":"mairie.chapelles@wanadoo.fr","population":"498 habitants","website":"","townhallAdress":"Chef Lieu - 73700 - LES-CHAPELLES"},{"text":"LES CHAVANNES EN MAURIENNE","href":"./73/les-chavannes-en-maurienne.html","phone":"04 79 83 11 50","email":"info@les-chavannes.com","population":"220 habitants","website":"","townhallAdress":"L'Eglise - 73660 - LES-CHAVANNES-EN-MAURIENNE"},{"text":"LESCHERAINES","href":"./73/lescheraines.html","phone":"04 79 63 32 64","email":"mairie.lescheraines@wanadoo.fr","population":"753 habitants","website":"","townhallAdress":"Chef Lieu - 73340 - LESCHERAINES"},{"text":"LES DESERTS","href":"./73/les-deserts.html","phone":"04 79 25 81 42","email":"mairie.lesdeserts@wanadoo.fr","population":"858 habitants","website":"","townhallAdress":"La Combe - 73230 - LES-DESERTS"},{"text":"LES ECHELLES","href":"./73/les-echelles.html","phone":"04 79 36 60 49","email":"mairie.les.echelles@wanadoo.fr","population":"1258 habitants","website":"","townhallAdress":"Rue Stendhal - 73360 - LES-ECHELLES"},{"text":"LES MARCHES","href":"./73/les-marches.html","phone":"04 79 28 12 82","email":"mairielesmarches@wanadoo.fr","population":"2515 habitants","website":"","townhallAdress":"Chef Lieu - 73800 - LES-MARCHES"},{"text":"LES MOLLETTES","href":"./73/les-mollettes.html","phone":"04 79 28 92 92","email":"mairie.lesmollettes@wanadoo.fr","population":"662 habitants","website":"","townhallAdress":"Les Granges - 73800 - LES-MOLLETTES"},{"text":"LE VERNEIL","href":"./73/le-verneil.html","phone":"04 79 25 57 29","email":"mairieleverneil@orange.fr","population":"101 habitants","website":"","townhallAdress":"Chef Lieu Les Picollets - 73110 - LE-VERNEIL"},{"text":"LOISIEUX","href":"./73/loisieux.html","phone":"04 79 65 91 88","email":"mairie.loisieux@numeo.fr","population":"173 habitants","website":"","townhallAdress":"Chef Lieu - 73170 - LOISIEUX"},{"text":"LUCEY","href":"./73/lucey.html","phone":"04 79 44 00 01","email":"mairielucey@wanadoo.fr","population":"295 habitants","website":"","townhallAdress":"Chef Lieu - 73170 - LUCEY"},{"text":"MACOT LA PLAGNE","href":"./73/macot-la-plagne.html","phone":"04 79 09 71 52","email":"mairie@macotlaplagne.com","population":"1821 habitants","website":"","townhallAdress":"Place Général De Gaulle - 73210 - MACOT-LA-PLAGNE"},{"text":"MARCIEUX","href":"./73/marcieux.html","phone":"04 79 28 78 68","email":"mairie.marcieux@orange.fr","population":"172 habitants","website":"","townhallAdress":"Le Syndic - 73470 - MARCIEUX"},{"text":"MARTHOD","href":"./73/marthod.html","phone":"04 79 37 62 07","email":"mairie.marthod@wanadoo.fr","population":"1399 habitants","website":"","townhallAdress":"Chef Lieu - 73400 - MARTHOD"},{"text":"MERCURY","href":"./73/mercury.html","phone":"04 79 32 30 17","email":"mairie.mercury@wanadoo.fr","population":"2799 habitants","website":"","townhallAdress":"1209 route Chevron - 73200 - MERCURY"},{"text":"MERY","href":"./73/mery.html","phone":"04 79 63 60 00","email":"commune-de-mery-73@wanadoo.fr","population":"1317 habitants","website":"","townhallAdress":"Place de la Fontaine - 73420 - MERY"},{"text":"MEYRIEUX TROUET","href":"./73/meyrieux-trouet.html","phone":"04 79 65 94 89","email":"mairie.meyrieux.trouet@wanadoo.fr","population":"291 habitants","website":"","townhallAdress":"Chef Lieu - 73170 - MEYRIEUX-TROUET"},{"text":"MODANE","href":"./73/modane.html","phone":"04 79 05 04 01","email":"modane.mairie@wanadoo.fr","population":"3896 habitants","website":"","townhallAdress":"Place de l'Hôtel de Ville - 73500 - MODANE"},{"text":"MOGNARD","href":"./73/mognard.html","phone":"04 79 54 92 65","email":"mognard@cc-cantonalbens.fr","population":"407 habitants","website":"","townhallAdress":"Chef Lieu - 73410 - MOGNARD"},{"text":"MONTAGNOLE","href":"./73/montagnole.html","phone":"04 79 69 54 17","email":"mairie.montagnole@wanadoo.fr","population":"785 habitants","website":"","townhallAdress":"Mairie - Chef-lieu - 73000 - MONTAGNOLE"},{"text":"MONTAGNY","href":"./73/montagny.html","phone":"04 79 24 50 21","email":"mairie-de-montagny@wanadoo.fr","population":"602 habitants","website":"","townhallAdress":"Chef Lieu - 73350 - MONTAGNY"},{"text":"MONTAILLEUR","href":"./73/montailleur.html","phone":"04 79 31 44 56","email":"mairie-montailleur@wanadoo.fr","population":"607 habitants","website":"","townhallAdress":"Chef Lieu - 73460 - MONTAILLEUR"},{"text":"MONTAIMONT","href":"./73/montaimont.html","phone":"04 79 56 35 45","email":"communemontaimont@wanadoo.fr","population":"154 habitants","website":"","townhallAdress":"Chef Lieu - 73130 - MONTAIMONT"},{"text":"MONTCEL","href":"./73/montcel.html","phone":"04 79 63 50 83","email":"commune.lemontcel@wanadoo.fr","population":"913 habitants","website":"","townhallAdress":"Chef Lieu - 73100 - MONTCEL"},{"text":"MONTENDRY","href":"./73/montendry.html","phone":"04 79 36 47 37","email":"","population":"49 habitants","website":"","townhallAdress":"Chef Lieu - 73390 - MONTENDRY"},{"text":"MONTGELLAFREY","href":"./73/montgellafrey.html","phone":"04 79 59 44 47","email":"communedemontgellafrey@orange.fr","population":"71 habitants","website":"","townhallAdress":"Chef Lieu - 73130 - MONTGELLAFREY"},{"text":"MONTGILBERT","href":"./73/montgilbert.html","phone":"04 79 36 35 70","email":"communemontgilbert@wanadoo.fr","population":"126 habitants","website":"","townhallAdress":"Chef Lieu - 73220 - MONTGILBERT"},{"text":"MONTGIROD","href":"./73/montgirod.html","phone":"04 79 55 65 79","email":"mairiemontgirod@orange.fr","population":"439 habitants","website":"","townhallAdress":"Centron Bourg - 73210 - MONTGIROD"},{"text":"MONTHION","href":"./73/monthion.html","phone":"04 79 31 30 46","email":"mairie@monthion.fr","population":"475 habitants","website":"","townhallAdress":"40 route de l'Ecole - 73200 - MONTHION"},{"text":"MONTMELIAN","href":"./73/montmelian.html","phone":"04 79 84 07 31","email":"mairie@montmelian.com","population":"4033 habitants","website":"","townhallAdress":"Place Albert Serraz - 73800 - MONTMELIAN"},{"text":"MONTRICHER ALBANNE","href":"./73/montricher-albanne.html","phone":"04 79 59 61 50","email":"montricher.bochet@wanadoo.fr","population":"726 habitants","website":"","townhallAdress":"161 rue Mairie Bochet - 73870 - MONTRICHER-ALBANNE"},{"text":"MONTSAPEY","href":"./73/montsapey.html","phone":"04 79 36 23 52","email":"mairie@montsapey.fr","population":"70 habitants","website":"","townhallAdress":"Chef Lieu - 73220 - MONTSAPEY"},{"text":"MONTVALEZAN","href":"./73/montvalezan.html","phone":"04 79 06 84 12","email":"mairie.de.montvalezan@wanadoo.fr","population":"694 habitants","website":"","townhallAdress":"Chef Lieu - 73700 - MONTVALEZAN"},{"text":"MONTVERNIER","href":"./73/montvernier.html","phone":"04 79 64 28 26","email":"mairie-montvernier@wanadoo.fr","population":"214 habitants","website":"","townhallAdress":"Chef Lieu - 73300 - MONTVERNIER"},{"text":"MOTZ","href":"./73/motz.html","phone":"04 79 63 71 70","email":"commune.motz@wanadoo.fr","population":"395 habitants","website":"","townhallAdress":"Chef Lieu - 73310 - MOTZ"},{"text":"MOUTIERS","href":"./73/moutiers.html","phone":"04 79 24 06 66","email":"info@moutiers-savoie.com","population":"4308 habitants","website":"","townhallAdress":"Place de l'Hôtel de Ville - 73600 - MOUTIERS"},{"text":"MOUXY","href":"./73/mouxy.html","phone":"04 79 61 47 68","email":"mairie.de.mouxy@wanadoo.fr","population":"1942 habitants","website":"","townhallAdress":"Route de l'Eglise - 73100 - MOUXY"},{"text":"MYANS","href":"./73/myans.html","phone":"04 79 28 11 69","email":"mairiedemyans@wanadoo.fr","population":"1072 habitants","website":"","townhallAdress":"Place de la Mairie - 73800 - MYANS"},{"text":"NANCES","href":"./73/nances.html","phone":"04 79 28 73 88","email":"nances.mairie@wanadoo.fr","population":"425 habitants","website":"","townhallAdress":"Chef Lieu - 73470 - NANCES"},{"text":"NOTRE DAME DE BELLECOMBE","href":"./73/notre-dame-de-bellecombe.html","phone":"04 79 31 61 91","email":"ndb.mairie@wanadoo.fr","population":"522 habitants","website":"","townhallAdress":"Chef Lieu - 73590 - NOTRE-DAME-DE-BELLECOMBE"},{"text":"NOTRE DAME DES MILLIERES","href":"./73/notre-dame-des-millieres.html","phone":"04 79 38 40 95","email":"mairie.ndmillieres@wanadoo.fr","population":"920 habitants","website":"","townhallAdress":"Chef Lieu - 73460 - NOTRE-DAME-DES-MILLIERES"},{"text":"NOTRE DAME DU CRUET","href":"./73/notre-dame-du-cruet.html","phone":"04 79 59 88 33","email":"mairie.notredameducruet@wanadoo.fr","population":"188 habitants","website":"","townhallAdress":"L'Eglise - 73130 - NOTRE-DAME-DU-CRUET"},{"text":"NOTRE DAME DU PRE","href":"./73/notre-dame-du-pre.html","phone":"04 79 24 01 74","email":"mairienddp@orange.fr","population":"291 habitants","website":"","townhallAdress":"Chef Lieu - 73600 - NOTRE-DAME-DU-PRE"},{"text":"NOVALAISE","href":"./73/novalaise.html","phone":"04 79 28 70 38","email":"novalaise@wanadoo.fr","population":"1770 habitants","website":"","townhallAdress":"Les Marronniers Chef Lieu - 73470 - NOVALAISE"},{"text":"ONTEX","href":"./73/ontex.html","phone":"04 79 44 01 01","email":"mairie@ontex.fr","population":"80 habitants","website":"","townhallAdress":"Chef Lieu - 73310 - ONTEX"},{"text":"ORELLE","href":"./73/orelle.html","phone":"04 79 56 55 76","email":"info@orelle.fr","population":"412 habitants","website":"","townhallAdress":"Chef Lieu - 73140 - ORELLE"},{"text":"PALLUD","href":"./73/pallud.html","phone":"04 79 32 09 50","email":"mairie.pallud@wanadoo.fr","population":"662 habitants","website":"","townhallAdress":"81 route Bongain - 73200 - PALLUD"},{"text":"PEISEY NANCROIX","href":"./73/peisey-nancroix.html","phone":"04 79 07 92 33","email":"mairie.peiseynancroix@wanadoo.fr","population":"659 habitants","website":"","townhallAdress":"Peisey - 73210 - PEISEY-NANCROIX"},{"text":"PLANAISE","href":"./73/planaise.html","phone":"04 79 84 00 52","email":"mairie@planaise.fr","population":"423 habitants","website":"","townhallAdress":"Chef Lieu - 73800 - PLANAISE"},{"text":"PLANAY","href":"./73/planay.html","phone":"04 79 55 01 41","email":"mairie.planay@wanadoo.fr","population":"431 habitants","website":"","townhallAdress":"Planay - 73350 - PLANAY"},{"text":"PLANCHERINE","href":"./73/plancherine.html","phone":"04 79 32 46 02","email":"mairie.plancherine@wanadoo.fr","population":"386 habitants","website":"","townhallAdress":"Chef Lieu - 73200 - PLANCHERINE"},{"text":"PONTAMAFREY MONTPASCAL","href":"./73/pontamafrey-montpascal.html","phone":"04 79 83 40 03","email":"mairie.pontamafrey@wanadoo.fr","population":"360 habitants","website":"","townhallAdress":"Chef Lieu - 73300 - PONTAMAFREY-MONTPASCAL"},{"text":"PRALOGNAN LA VANOISE","href":"./73/pralognan-la-vanoise.html","phone":"04 79 08 71 23","email":"mairie@pralognan.com","population":"753 habitants","website":"","townhallAdress":"Avenue Chasseforêt - 73710 - PRALOGNAN-LA-VANOISE"},{"text":"PRESLE","href":"./73/presle.html","phone":"04 79 25 51 88","email":"mairie.presle@wanadoo.fr","population":"445 habitants","website":"","townhallAdress":"Chef Lieu - 73110 - PRESLE"},{"text":"PUGNY CHATENOD","href":"./73/pugny-chatenod.html","phone":"04 79 61 21 74","email":"mairie.pugny-chatenod@wanadoo.fr","population":"886 habitants","website":"","townhallAdress":"Chef Lieu - 73100 - PUGNY-CHATENOD"},{"text":"PUYGROS","href":"./73/puygros.html","phone":"04 79 84 70 65","email":"mairie.puygros@wanadoo.fr","population":"360 habitants","website":"","townhallAdress":"Chef Lieu - 73190 - PUYGROS"},{"text":"QUEIGE","href":"./73/queige.html","phone":"04 79 38 00 91","email":"mairie.queige@wanadoo.fr","population":"861 habitants","website":"","townhallAdress":"Chef Lieu - 73720 - QUEIGE"},{"text":"RANDENS","href":"./73/randens.html","phone":"04 79 36 21 13","email":"mairie.randens@libertysurf.fr","population":"836 habitants","website":"","townhallAdress":"Chef Lieu - 73220 - RANDENS"},{"text":"ROCHEFORT","href":"./73/rochefort.html","phone":"04 79 32 87 33","email":"jonathan.noel@publilink.be","population":"205 habitants","website":"","townhallAdress":"Chef Lieu - 73240 - ROCHEFORT"},{"text":"ROGNAIX","href":"./73/rognaix.html","phone":"04 79 38 21 94","email":"commune.de.rognaix@wanadoo.fr","population":"436 habitants","website":"","townhallAdress":"Les Chavonnes - 73730 - ROGNAIX"},{"text":"ROTHERENS","href":"./73/rotherens.html","phone":"04 79 25 78 07","email":"mairie-rotherens@orange.fr","population":"284 habitants","website":"","townhallAdress":"Chef Lieu - 73110 - ROTHERENS"},{"text":"RUFFIEUX","href":"./73/ruffieux.html","phone":"04 79 54 27 35","email":"mairie.ruffieux@wanadoo.fr","population":"803 habitants","website":"","townhallAdress":"Chef Lieu - 73310 - RUFFIEUX"},{"text":"SAINT ALBAN DE MONTBEL","href":"./73/saint-alban-de-montbel.html","phone":"04 79 36 02 14","email":"mairie.stalban.montbel@wanadoo.fr","population":"584 habitants","website":"","townhallAdress":"Chef Lieu - 73610 - SAINT-ALBAN-DE-MONTBEL"},{"text":"SAINT ALBAN DES HURTIERES","href":"./73/saint-alban-des-hurtieres.html","phone":"04 79 36 12 03","email":"mairie.stalbanhurt@wanadoo.fr","population":"311 habitants","website":"","townhallAdress":"Chef Lieu - 73220 - SAINT-ALBAN-DES-HURTIERES"},{"text":"SAINT ALBAN DES VILLARDS","href":"./73/saint-alban-des-villards.html","phone":"04 79 59 44 67","email":"mairie.stalban@wanadoo.fr","population":"72 habitants","website":"","townhallAdress":"Chef Lieu - 73130 - SAINT-ALBAN-DES-VILLARDS"},{"text":"SAINT ALBAN LEYSSE","href":"./73/saint-alban-leysse.html","phone":"04 79 33 13 57","email":"mairie.stalbanleysse@wanadoo.fr","population":"5751 habitants","website":"","townhallAdress":"120 avenue de la Mairie - 73230 - SAINT-ALBAN-LEYSSE"},{"text":"SAINT ANDRE","href":"./73/saint-andre.html","phone":"04 79 05 03 14","email":"mairie.st.andre.73@wanadoo.fr","population":"476 habitants","website":"","townhallAdress":"Chef Lieu - 73500 - SAINT-ANDRE"},{"text":"SAINT AVRE","href":"./73/saint-avre.html","phone":"04 79 56 22 87","email":"mairie.st.avre@wanadoo.fr","population":"792 habitants","website":"","townhallAdress":"Chef Lieu - 73130 - SAINT-AVRE"},{"text":"SAINT BALDOPH","href":"./73/saint-baldoph.html","phone":"04 79 28 30 05","email":"mairie.saint-baldoph@wanadoo.fr","population":"3010 habitants","website":"","townhallAdress":"Chemin de la Mairie - 73190 - SAINT-BALDOPH"},{"text":"SAINT BERON","href":"./73/saint-beron.html","phone":"04 76 31 10 35","email":"stberon.mairie@wanadoo.fr","population":"1487 habitants","website":"","townhallAdress":"Le Village - 73520 - SAINT-BERON"},{"text":"SAINT BON TARENTAISE","href":"./73/saint-bon-tarentaise.html","phone":"04 79 08 24 14","email":"mairie@mairie-courchevel.com","population":"1959 habitants","website":"","townhallAdress":"Saint Bon le Bas - 73120 - SAINT-BON-TARENTAISE"},{"text":"SAINT CASSIN","href":"./73/saint-cassin.html","phone":"04 79 69 47 26","email":"mairie.saint-cassin@wanadoo.fr","population":"790 habitants","website":"","townhallAdress":"Chef Lieu - 73160 - SAINT-CASSIN"},{"text":"SAINT CHRISTOPHE","href":"./73/saint-christophe.html","phone":"04 79 36 65 95","email":"mairiesaintchristophe@wanadoo.fr","population":"498 habitants","website":"","townhallAdress":"Le Villard - 73360 - SAINT-CHRISTOPHE"},{"text":"SAINT COLOMBAN DES VILLARDS","href":"./73/saint-colomban-des-villards.html","phone":"04 79 56 35 72","email":"mairie-st.col@wanadoo.fr","population":"183 habitants","website":"","townhallAdress":"Chef Lieu - 73130 - SAINT-COLOMBAN-DES-VILLARDS"},{"text":"SAINTE FOY TARENTAISE","href":"./73/sainte-foy-tarentaise.html","phone":"04 79 06 90 53","email":"mairie.stefoy@wanadoo.fr","population":"832 habitants","website":"","townhallAdress":"Chef Lieu - 73640 - SAINTE-FOY-TARENTAISE"},{"text":"SAINTE HELENE DU LAC","href":"./73/sainte-helene-du-lac.html","phone":"04 79 84 22 75","email":"mairie.stehelenedulac@wanadoo.fr","population":"671 habitants","website":"","townhallAdress":"Chef Lieu - 73800 - SAINTE-HELENE-DU-LAC"},{"text":"SAINTE HELENE SUR ISERE","href":"./73/sainte-helene-sur-isere.html","phone":"04 79 38 47 54","email":"mairie.ste-helene.isere@wanadoo.fr","population":"1122 habitants","website":"","townhallAdress":"1 place de la Mairie - 73460 - SAINTE-HELENE-SUR-ISERE"},{"text":"SAINTE MARIE D ALVEY","href":"./73/sainte-marie-d-alvey.html","phone":"04 76 32 59 33","email":"mairie.marialvey@numeo.fr","population":"138 habitants","website":"","townhallAdress":"Le Village - 73240 - SAINTE-MARIE-D'ALVEY"},{"text":"SAINTE MARIE DE CUINES","href":"./73/sainte-marie-de-cuines.html","phone":"04 79 56 22 35","email":"mairie@stemariedecuines.com","population":"749 habitants","website":"","townhallAdress":"Chef Lieu - 73130 - SAINTE-MARIE-DE-CUINES"},{"text":"SAINTE REINE","href":"./73/sainte-reine.html","phone":"04 79 54 82 45","email":"commune.sainte-reine@wanadoo.fr","population":"147 habitants","website":"","townhallAdress":"Chef Lieu - 73630 - SAINTE-REINE"},{"text":"SAINT ETIENNE DE CUINES","href":"./73/saint-etienne-de-cuines.html","phone":"04 79 56 22 38","email":"mairie-stetiennedecuines@wanadoo.fr","population":"1242 habitants","website":"","townhallAdress":"Place Jean Viard - 73130 - SAINT-ETIENNE-DE-CUINES"},{"text":"SAINT FRANC","href":"./73/saint-franc.html","phone":"04 76 31 20 98","email":"mairiesaintfranc@wanadoo.fr","population":"170 habitants","website":"","townhallAdress":"Thévenon - 73360 - SAINT-FRANC"},{"text":"SAINT FRANCOIS DE SALES","href":"./73/saint-francois-de-sales.html","phone":"04 79 63 30 85","email":"mairie-stfrancois@wanadoo.fr","population":"143 habitants","website":"","townhallAdress":"Charmillon d'en Bas - 73340 - SAINT-FRANCOIS-DE-SALES"},{"text":"SAINT FRANCOIS LONGCHAMP","href":"./73/saint-francois-longchamp.html","phone":"04 79 59 10 79","email":"mairiestfrancoislongchamp@wanadoo.fr","population":"214 habitants","website":"","townhallAdress":"Chef Lieu - 73130 - SAINT-FRANCOIS-LONGCHAMP"},{"text":"SAINT GENIX SUR GUIERS","href":"./73/saint-genix-sur-guiers.html","phone":"04 76 31 83 24","email":"mairie.stgenix@wanadoo.fr","population":"2171 habitants","website":"","townhallAdress":"Rue du Faubourg - 73240 - SAINT-GENIX-SUR-GUIERS"},{"text":"SAINT GEORGES DES HURTIERES","href":"./73/saint-georges-des-hurtieres.html","phone":"04 79 36 12 08","email":"hurtieres.mairie.stgeorges@wanadoo.fr","population":"272 habitants","website":"","townhallAdress":"Chef Lieu - 73220 - SAINT-GEORGES-DES-HURTIERES"},{"text":"SAINT GERMAIN LA CHAMBOTTE","href":"./73/saint-germain-la-chambotte.html","phone":"04 79 63 11 80","email":"mairie.stgermain@wanadoo.fr","population":"453 habitants","website":"","townhallAdress":"Saint Germain - 73410 - SAINT-GERMAIN-LA-CHAMBOTTE"},{"text":"SAINT GIROD","href":"./73/saint-girod.html","phone":"04 79 54 17 65","email":"mairie.saintgirod@online.fr","population":"560 habitants","website":"","townhallAdress":"Chef Lieu - 73410 - SAINT-GIROD"},{"text":"SAINT JEAN D ARVES","href":"./73/saint-jean-d-arves.html","phone":"04 79 59 72 64","email":"mairie.stjeandarves@wanadoo.fr","population":"253 habitants","website":"","townhallAdress":"Tour - 73530 - SAINT-JEAN-D'ARVES"},{"text":"SAINT JEAN D ARVEY","href":"./73/saint-jean-d-arvey.html","phone":"04 79 28 40 61","email":"","population":"1490 habitants","website":"","townhallAdress":"Chef Lieu - 73230 - SAINT-JEAN-D'ARVEY"},{"text":"SAINT JEAN DE BELLEVILLE","href":"./73/saint-jean-de-belleville.html","phone":"04 79 24 02 11","email":"mairiestjeandebelleville@wanadoo.fr","population":"501 habitants","website":"","townhallAdress":"Chef Lieu - 73440 - SAINT-JEAN-DE-BELLEVILLE"},{"text":"SAINT JEAN DE CHEVELU","href":"./73/saint-jean-de-chevelu.html","phone":"04 79 36 86 67","email":"stjeanchevelu@wanadoo.fr","population":"717 habitants","website":"","townhallAdress":"Le Mollard - 73170 - SAINT-JEAN-DE-CHEVELU"},{"text":"SAINT JEAN DE COUZ","href":"./73/saint-jean-de-couz.html","phone":"04 79 65 70 95","email":"mairie.stjeandecouz@wanadoo.fr","population":"253 habitants","website":"","townhallAdress":"Le Replat - 73160 - SAINT-JEAN-DE-COUZ"},{"text":"SAINT JEAN DE LA PORTE","href":"./73/saint-jean-de-la-porte.html","phone":"04 79 28 54 55","email":"mairie.stjeandelaporte@wanadoo.fr","population":"910 habitants","website":"","townhallAdress":"Chef Lieu - 73250 - SAINT-JEAN-DE-LA-PORTE"},{"text":"SAINT JEAN DE MAURIENNE","href":"./73/saint-jean-de-maurienne.html","phone":"04 79 64 11 44","email":"mairie@saintjeandemaurienne.fr","population":"8710 habitants","website":"","townhallAdress":"Place de l'Hôtel de Ville - 73300 - SAINT-JEAN-DE-MAURIENNE"},{"text":"SAINT JEOIRE PRIEURE","href":"./73/saint-jeoire-prieure.html","phone":"04 79 28 04 22","email":"mairie.stjeoire.prieure@wanadoo.fr","population":"997 habitants","website":"","townhallAdress":"90 chemin Le Prieuré - 73190 - SAINT-JEOIRE-PRIEURE"},{"text":"SAINT JULIEN MONTDENIS","href":"./73/saint-julien-montdenis.html","phone":"04 79 59 60 85","email":"info@saint-julien-montdenis.com","population":"1680 habitants","website":"","townhallAdress":"318 rue du Bourg - 73870 - SAINT-JULIEN-MONTDENIS"},{"text":"SAINT LEGER","href":"./73/saint-leger.html","phone":"04 79 36 10 27","email":"mairiestleger73@wanadoo.fr","population":"224 habitants","website":"","townhallAdress":"Le Plan d'en Haut - 73220 - SAINT-LEGER"},{"text":"SAINT MARCEL","href":"./73/saint-marcel.html","phone":"04 79 24 04 24","email":"mairie.saintmarcel@wanadoo.fr","population":"706 habitants","website":"","townhallAdress":"Immeuble La Peyrouse - 73600 - SAINT-MARCEL"},{"text":"SAINT MARTIN D ARC","href":"./73/saint-martin-d-arc.html","phone":"04 79 56 56 04","email":"stmartindarc@wanadoo.fr","population":"363 habitants","website":"","townhallAdress":"Chef Lieu - 73140 - SAINT-MARTIN-D'ARC"},{"text":"SAINT MARTIN DE BELLEVILLE","href":"./73/saint-martin-de-belleville.html","phone":"04 79 08 96 28","email":"mairie@mairie-smb.com","population":"2913 habitants","website":"","townhallAdress":"Chef Lieu - 73440 - SAINT-MARTIN-DE-BELLEVILLE"},{"text":"SAINT MARTIN DE LA PORTE","href":"./73/saint-martin-de-la-porte.html","phone":"04 79 56 50 03","email":"mairie-smlp@wanadoo.fr","population":"722 habitants","website":"","townhallAdress":"Chef Lieu - 73140 - SAINT-MARTIN-DE-LA-PORTE"},{"text":"SAINT MARTIN SUR LA CHAMBRE","href":"./73/saint-martin-sur-la-chambre.html","phone":"04 79 56 22 24","email":"mairie.stmartinsurlachambre@wanadoo.fr","population":"473 habitants","website":"","townhallAdress":"Reverdy - 73130 - SAINT-MARTIN-SUR-LA-CHAMBRE"},{"text":"SAINT MAURICE DE ROTHERENS","href":"./73/saint-maurice-de-rotherens.html","phone":"04 76 31 72 29","email":"stmauricederotherens.mairie@numeo.fr","population":"170 habitants","website":"","townhallAdress":"Le Village - 73240 - SAINT-MAURICE-DE-ROTHERENS"},{"text":"SAINT MICHEL DE MAURIENNE","href":"./73/saint-michel-de-maurienne.html","phone":"04 79 56 53 42","email":"info.stmicheldemaurienne@wanadoo.fr","population":"3017 habitants","website":"","townhallAdress":"Place de la Mairie - 73140 - SAINT-MICHEL-DE-MAURIENNE"},{"text":"SAINT NICOLAS LA CHAPELLE","href":"./73/saint-nicolas-la-chapelle.html","phone":"04 79 31 72 97","email":"mairie.stnicolaslachapelle@wanadoo.fr","population":"447 habitants","website":"","townhallAdress":"Chef Lieu - 73590 - SAINT-NICOLAS-LA-CHAPELLE"},{"text":"SAINT OFFENGE DESSOUS","href":"./73/saint-offenge-dessous.html","phone":"04 79 54 91 71","email":"mairie.stoff.dessous@wanadoo.fr","population":"579 habitants","website":"","townhallAdress":"Chef Lieu - 73100 - SAINT-OFFENGE-DESSOUS"},{"text":"SAINT OFFENGE DESSUS","href":"./73/saint-offenge-dessus.html","phone":"04 79 54 90 66","email":"communedestoffengedessus@wanadoo.fr","population":"269 habitants","website":"","townhallAdress":"Les Gonnards - 73100 - SAINT-OFFENGE-DESSUS"},{"text":"SAINT OURS","href":"./73/saint-ours.html","phone":"04 79 54 91 87","email":"st-ours.mairie@wanadoo.fr","population":"556 habitants","website":"","townhallAdress":"Bassa - 73410 - SAINT-OURS"},{"text":"SAINT OYEN","href":"./73/saint-oyen.html","phone":"04 79 24 25 01","email":"mairie@saint-oyen.com","population":"216 habitants","website":"","townhallAdress":"Chef Lieu - 73260 - SAINT-OYEN"},{"text":"SAINT PANCRACE","href":"./73/saint-pancrace.html","phone":"04 79 64 41 19","email":"mairiestpancrace@wanadoo.fr","population":"319 habitants","website":"","townhallAdress":"Chef Lieu - 73300 - SAINT-PANCRACE"},{"text":"SAINT PAUL","href":"./73/saint-paul.html","phone":"04 79 36 81 04","email":"mairie.stpaulsuryenne@wanadoo.fr","population":"581 habitants","website":"","townhallAdress":"Chef Lieu - 73170 - SAINT-PAUL"},{"text":"SAINT PAUL SUR ISERE","href":"./73/saint-paul-sur-isere.html","phone":"04 79 38 20 83","email":"mairie-stpaul@wanadoo.fr","population":"602 habitants","website":"","townhallAdress":"Chef Lieu - 73730 - SAINT-PAUL-SUR-ISERE"},{"text":"SAINT PIERRE D ALBIGNY","href":"./73/saint-pierre-d-albigny.html","phone":"04 79 28 50 23","email":"stpierredalb.73@wanadoo.fr","population":"3765 habitants","website":"","townhallAdress":"Rue Auguste Domenget - 73250 - SAINT-PIERRE-D'ALBIGNY"},{"text":"SAINT PIERRE D ALVEY","href":"./73/saint-pierre-d-alvey.html","phone":"04 79 65 95 76","email":"stpierredalvey.mairie@wanadoo.fr","population":"264 habitants","website":"","townhallAdress":"Le Bourg - 73170 - SAINT-PIERRE-D'ALVEY"},{"text":"SAINT PIERRE DE BELLEVILLE","href":"./73/saint-pierre-de-belleville.html","phone":"04 79 36 12 46","email":"mairiestpierre2@wanadoo.fr","population":"156 habitants","website":"","townhallAdress":"La Corbière - 73220 - SAINT-PIERRE-DE-BELLEVILLE"},{"text":"SAINT PIERRE DE CURTILLE","href":"./73/saint-pierre-de-curtille.html","phone":"04 79 54 25 48","email":"mairiestpierredecurtille@numeo.fr","population":"435 habitants","website":"","townhallAdress":"Le Paradis - 73310 - SAINT-PIERRE-DE-CURTILLE"},{"text":"SAINT PIERRE DE GENEBROZ","href":"./73/saint-pierre-de-genebroz.html","phone":"04 79 36 65 56","email":"mairiestpierredegenebroz@wanadoo.fr","population":"300 habitants","website":"","townhallAdress":"Chef Lieu - 73360 - SAINT-PIERRE-DE-GENEBROZ"},{"text":"SAINT PIERRE D ENTREMONT","href":"./73/saint-pierre-d-entremont.html","phone":"04 79 65 81 33","email":"mairie.stpierre.entremont73@wanadoo.fr","population":"443 habitants","website":"","townhallAdress":"Place René Cassin Chef Lieu - 73670 - SAINT-PIERRE-D'ENTREMONT"},{"text":"SAINT PIERRE DE SOUCY","href":"./73/saint-pierre-de-soucy.html","phone":"04 79 84 23 74","email":"comdestpierredesoucy@wanadoo.fr","population":"390 habitants","website":"","townhallAdress":"Chef Lieu - 73800 - SAINT-PIERRE-DE-SOUCY"},{"text":"SAINT REMY DE MAURIENNE","href":"./73/saint-remy-de-maurienne.html","phone":"04 79 83 13 70","email":"stremairie@wanadoo.fr","population":"1213 habitants","website":"","townhallAdress":"La Vachette - 73660 - SAINT-REMY-DE-MAURIENNE"},{"text":"SAINT SORLIN D ARVES","href":"./73/saint-sorlin-d-arves.html","phone":"04 79 59 70 67","email":"mairiestsorlindarves@wanadoo.fr","population":"379 habitants","website":"","townhallAdress":"La Ville - 73530 - SAINT-SORLIN-D'ARVES"},{"text":"SAINT SULPICE","href":"./73/saint-sulpice.html","phone":"04 79 69 22 64","email":"mairie-saintsulpice@wanadoo.fr","population":"726 habitants","website":"","townhallAdress":"Chef Lieu - 73160 - SAINT-SULPICE"},{"text":"SAINT THIBAUD DE COUZ","href":"./73/saint-thibaud-de-couz.html","phone":"04 79 65 71 01","email":"mairie.sthibaud@orange.fr","population":"897 habitants","website":"","townhallAdress":"Chef Lieu - 73160 - SAINT-THIBAUD-DE-COUZ"},{"text":"SAINT VITAL","href":"./73/saint-vital.html","phone":"04 79 31 42 65","email":"mairie.st.vital@wanadoo.fr","population":"680 habitants","website":"","townhallAdress":"Chef Lieu - 73460 - SAINT-VITAL"},{"text":"SALINS LES THERMES","href":"./73/salins-les-thermes.html","phone":"04 79 24 03 58","email":"mairie-de-salins-les-thermes@wanadoo.fr","population":"978 habitants","website":"","townhallAdress":"56 avenue des Thermes - 73600 - SALINS-LES-THERMES"},{"text":"SEEZ","href":"./73/seez.html","phone":"04 79 41 00 54","email":"administratif@seez.fr","population":"2377 habitants","website":"","townhallAdress":"1 rue Saint Jean Baptiste - BP 16 - 73700 - SEEZ"},{"text":"SERRIERES EN CHAUTAGNE","href":"./73/serrieres-en-chautagne.html","phone":"04 79 63 70 13","email":"mairie-serrieres@wanadoo.fr","population":"1001 habitants","website":"","townhallAdress":"Chef Lieu - 73310 - SERRIERES-EN-CHAUTAGNE"},{"text":"SOLLIERES SARDIERES","href":"./73/sollieres-sardieres.html","phone":"04 79 20 50 90","email":"sollieres-sardieres-mairie@wanadoo.fr","population":"197 habitants","website":"","townhallAdress":"Sollières Endroit - 73500 - SOLLIERES-SARDIERES"},{"text":"SONNAZ","href":"./73/sonnaz.html","phone":"04 79 72 00 32","email":"mairiedesonnaz@wanadoo.fr","population":"1298 habitants","website":"","townhallAdress":"Place de la Mairie - 73000 - SONNAZ"},{"text":"TERMIGNON","href":"./73/termignon.html","phone":"04 79 20 51 49","email":"mairie@termignon.net","population":"438 habitants","website":"","townhallAdress":"Rue Parrachée - 73500 - TERMIGNON"},{"text":"THENESOL","href":"./73/thenesol.html","phone":"04 79 37 65 29","email":"mairie.thenesol@wanadoo.fr","population":"237 habitants","website":"","townhallAdress":"Chef Lieu - 73200 - THENESOL"},{"text":"THOIRY","href":"./73/thoiry.html","phone":"04 79 28 40 89","email":"thoiry73@wanadoo.fr","population":"434 habitants","website":"","townhallAdress":"Chef Lieu - 73230 - THOIRY"},{"text":"TIGNES","href":"./73/tignes.html","phone":"04 79 40 06 40","email":"mairie@tignes.net","population":"2203 habitants","website":"","townhallAdress":"Immeuble Palafour Le Lac - 73320 - TIGNES"},{"text":"TOURNON","href":"./73/tournon.html","phone":"04 79 38 51 90","email":"mairie.tournon@wanadoo.fr","population":"576 habitants","website":"","townhallAdress":"Chef Lieu - 73460 - TOURNON"},{"text":"TOURS EN SAVOIE","href":"./73/tours-en-savoie.html","phone":"04 79 31 00 73","email":"mairie.toursensavoie@wanadoo.fr","population":"880 habitants","website":"","townhallAdress":"1307 route Porte de Tarentaise - 73790 - TOURS-EN-SAVOIE"},{"text":"TRAIZE","href":"./73/traize.html","phone":"04 79 65 95 34","email":"mairietraize@wanadoo.fr","population":"290 habitants","website":"","townhallAdress":"Chef Lieu - 73170 - TRAIZE"},{"text":"TRESSERVE","href":"./73/tresserve.html","phone":"04 79 61 45 20","email":"mairie.tresserve@wanadoo.fr","population":"3319 habitants","website":"","townhallAdress":"40 chemin Belledonne - 73100 - TRESSERVE"},{"text":"TREVIGNIN","href":"./73/trevignin.html","phone":"04 79 61 42 04","email":"mairiedetrevignin@wanadoo.fr","population":"747 habitants","website":"","townhallAdress":"Chef Lieu - 73100 - TREVIGNIN"},{"text":"UGINE","href":"./73/ugine.html","phone":"04 79 37 33 00","email":"mairie@ugine.com","population":"7309 habitants","website":"","townhallAdress":"Place de l'Hôtel de Ville - 73400 - UGINE"},{"text":"VAL D ISERE","href":"./73/val-d-isere.html","phone":"04 79 06 01 60","email":"secretariat@valdisere.fr","population":"1733 habitants","website":"","townhallAdress":"Immeuble Le Thovex - 73150 - VAL-D'ISERE"},{"text":"VALEZAN","href":"./73/valezan.html","phone":"04 79 07 66 41","email":"commune.valezan@wanadoo.fr","population":"182 habitants","website":"","townhallAdress":"Chef Lieu - 73210 - VALEZAN"},{"text":"VALLOIRE","href":"./73/valloire.html","phone":"04 79 59 03 11","email":"mairie@valloire.net","population":"1335 habitants","website":"","townhallAdress":"Chef Lieu - 73450 - VALLOIRE"},{"text":"VALMEINIER","href":"./73/valmeinier.html","phone":"04 79 56 51 06","email":"mairie@valmeinier.fr","population":"548 habitants","website":"","townhallAdress":"La Ville - 73450 - VALMEINIER"},{"text":"VENTHON","href":"./73/venthon.html","phone":"04 79 32 23 82","email":"mairie.venthon@wanadoo.fr","population":"642 habitants","website":"","townhallAdress":"Le Bourg - 73200 - VENTHON"},{"text":"VEREL DE MONTBEL","href":"./73/verel-de-montbel.html","phone":"04 76 37 28 09","email":"mairie.verel.de.montbel@wanadoo.fr","population":"290 habitants","website":"","townhallAdress":"Le Village - 73330 - VEREL-DE-MONTBEL"},{"text":"VEREL PRAGONDRAN","href":"./73/verel-pragondran.html","phone":"04 79 70 39 52","email":"mairie.verelpragondran@wanadoo.fr","population":"431 habitants","website":"","townhallAdress":"Vérel - 73230 - VEREL-PRAGONDRAN"},{"text":"VERRENS ARVEY","href":"./73/verrens-arvey.html","phone":"04 79 31 43 26","email":"mairie.verrens@cegetel.net","population":"760 habitants","website":"","townhallAdress":"Chef Lieu - 73460 - VERRENS-ARVEY"},{"text":"VERTHEMEX","href":"./73/verthemex.html","phone":"04 79 65 91 82","email":"mairie.verthemex@wanadoo.fr","population":"170 habitants","website":"","townhallAdress":"Chef Lieu - 73170 - VERTHEMEX"},{"text":"VILLARD D HERY","href":"./73/villard-d-hery.html","phone":"04 79 28 81 37","email":"mairie.villard-d-hery@wanadoo.fr","population":"248 habitants","website":"","townhallAdress":"Chef Lieu - 73800 - VILLARD-D'HERY"},{"text":"VILLARD LEGER","href":"./73/villard-leger.html","phone":"09 65 15 25 86","email":"mairiedevillardleger@wanadoo.fr","population":"503 habitants","website":"","townhallAdress":"Les Michelins - 73390 - VILLARD-LEGER"},{"text":"VILLARD SALLET","href":"./73/villard-sallet.html","phone":"04 79 25 58 99","email":"mairie.villardsallet@wanadoo.fr","population":"223 habitants","website":"","townhallAdress":"Louise Dufour - 73110 - VILLARD-SALLET"},{"text":"VILLARD SUR DORON","href":"./73/villard-sur-doron.html","phone":"04 79 38 38 96","email":"villard-sur-doron@wanadoo.fr","population":"686 habitants","website":"","townhallAdress":"Chef Lieu - 73270 - VILLARD-SUR-DORON"},{"text":"VILLAREMBERT","href":"./73/villarembert.html","phone":"04 79 56 74 65","email":"mairie.villarembert@wanadoo.fr","population":"263 habitants","website":"","townhallAdress":"Chef Lieu - 73300 - VILLAREMBERT"},{"text":"VILLARGONDRAN","href":"./73/villargondran.html","phone":"04 79 64 05 58","email":"mairie.villargondran@wanadoo.fr","population":"1004 habitants","website":"","townhallAdress":"Chef Lieu - 73300 - VILLARGONDRAN"},{"text":"VILLARLURIN","href":"./73/villarlurin.html","phone":"04 79 24 03 47","email":"mairievillarlurin@wanadoo.fr","population":"329 habitants","website":"","townhallAdress":"Chef Lieu - 73600 - VILLARLURIN"},{"text":"VILLARODIN BOURGET","href":"./73/villarodin-bourget.html","phone":"04 79 05 25 15","email":"mairievb@wanadoo.fr","population":"495 habitants","website":"","townhallAdress":"285 rue Saint Pierre - 73500 - VILLARODIN-BOURGET"},{"text":"VILLAROGER","href":"./73/villaroger.html","phone":"04 79 06 90 98","email":"mairie.villaroger@wanadoo.fr","population":"412 habitants","website":"","townhallAdress":"Chef Lieu - 73640 - VILLAROGER"},{"text":"VILLAROUX","href":"./73/villaroux.html","phone":"04 79 65 31 36","email":"mairie.villaroux@wanadoo.fr","population":"236 habitants","website":"","townhallAdress":"Chef Lieu - 73110 - VILLAROUX"},{"text":"VIMINES","href":"./73/vimines.html","phone":"04 79 69 07 69","email":"mairie-vimines@wanadoo.fr","population":"1722 habitants","website":"","townhallAdress":"Chef Lieu - 73160 - VIMINES"},{"text":"VIONS","href":"./73/vions.html","phone":"04 79 54 29 05","email":"mairie.vions@wanadoo.fr","population":"362 habitants","website":"","townhallAdress":"Chef Lieu - 73310 - VIONS"},{"text":"VIVIERS DU LAC","href":"./73/viviers-du-lac.html","phone":"04 79 61 24 89","email":"viviersdulac.mairie@wanadoo.fr","population":"1948 habitants","website":"","townhallAdress":"25 rue Antoine Montagnole - 73420 - VIVIERS-DU-LAC"},{"text":"VOGLANS","href":"./73/voglans.html","phone":"04 79 54 40 58","email":"mairie.voglans@wanadoo.fr","population":"1694 habitants","website":"","townhallAdress":"Rue Centrale - 73420 - VOGLANS"},{"text":"YENNE","href":"./73/yenne.html","phone":"04 79 36 70 48","email":"yenne.mairie@wanadoo.fr","population":"2893 habitants","website":"","townhallAdress":"Place Charles Dullin - 73170 - YENNE"}]}