{"text":"93 | Seine-Saint-Denis","href":"seine-saint-denis.html","townships":[{"text":"AUBERVILLIERS","href":"./93/aubervilliers.html","phone":"01 48 39 52 00","email":"secretariat-general@mairie-Aubervilliers.fr","population":"74221 habitants","website":"","townhallAdress":"2 rue commune de Paris - 93300 - AUBERVILLIERS"},{"text":"AULNAY SOUS BOIS","href":"./93/aulnay-sous-bois.html","phone":"01 48 79 63 63","email":"comexterne@aulnay-sous-bois.com","population":"83048 habitants","website":"","townhallAdress":"16 boulevard Félix faure - 93600 - AULNAY-SOUS-BOIS"},{"text":"BAGNOLET","href":"./93/bagnolet.html","phone":"01 49 93 60 00","email":"mairie@ville-bagnolet.fr","population":"34595 habitants","website":"","townhallAdress":"Place Salvador Allende - 93170 - BAGNOLET"},{"text":"BOBIGNY","href":"./93/bobigny.html","phone":"01 41 60 93 93","email":"comtown@comtown.com","population":"48528 habitants","website":"","townhallAdress":"31 avenue du Président Salvador Allende - 93000 - BOBIGNY"},{"text":"BONDY","href":"./93/bondy.html","phone":"01 48 50 53 00","email":"cab-maire@ville-bondy.fr","population":"53503 habitants","website":"","townhallAdress":"Square du 8 Mai 1945 - 93140 - BONDY"},{"text":"CLICHY SOUS BOIS","href":"./93/clichy-sous-bois.html","phone":"01 43 88 96 04","email":"webmaster@ville-clichy-sous-bois.fr","population":"29849 habitants","website":"","townhallAdress":"Place du 11 Novembre 1918 - 93390 - CLICHY-SOUS-BOIS"},{"text":"COUBRON","href":"./93/coubron.html","phone":"01 43 88 51 45","email":"cabinet.maire@coubron.fr","population":"4696 habitants","website":"","townhallAdress":"133 rue Jean Jaurès - 93470 - COUBRON"},{"text":"DRANCY","href":"./93/drancy.html","phone":"01 48 96 50 00","email":"maire@drancy.fr","population":"66454 habitants","website":"","townhallAdress":"Place Maurice Thorez - 93700 - DRANCY"},{"text":"DUGNY","href":"./93/dugny.html","phone":"01 49 92 66 66","email":"cabmaire@mairie-dugny.fr","population":"10519 habitants","website":"","townhallAdress":"1 rue de la Résistance - 93440 - DUGNY"},{"text":"EPINAY SUR SEINE","href":"./93/epinay-sur-seine.html","phone":"01 49 71 99 99","email":"communication@mairie-epinay93.fr","population":"52318 habitants","website":"","townhallAdress":"1 esplanade François Mitterrand - 93800 - EPINAY-SUR-SEINE"},{"text":"GAGNY","href":"./93/gagny.html","phone":"01 43 01 43 01","email":"info@mairie-gagny.fr","population":"38609 habitants","website":"","townhallAdress":"Place Foch - 93220 - GAGNY"},{"text":"GOURNAY SUR MARNE","href":"./93/gournay-sur-marne.html","phone":"01 43 05 06 41","email":"c.gonnet@gournay-sur-marne.fr","population":"6246 habitants","website":"","townhallAdress":"7 avenue Foch - 93460 - GOURNAY-SUR-MARNE"},{"text":"LA COURNEUVE","href":"./93/la-courneuve.html","phone":"01 49 92 60 00","email":"maire@ville-la-courneuve.fr","population":"37539 habitants","website":"","townhallAdress":"58 Avenue Gabriel Péri Bat A - 93120 - LA-COURNEUVE"},{"text":"LE BLANC MESNIL","href":"./93/le-blanc-mesnil.html","phone":"01 45 91 70 70","email":"lemensuel@ville-blanc-mesnil.fr","population":"51220 habitants","website":"","townhallAdress":"Place Gabriel Peri - 93150 - LE-BLANC-MESNIL"},{"text":"LE BOURGET","href":"./93/le-bourget.html","phone":"01 48 38 82 82","email":"service.communication@ville-lebourget.fr","population":"13019 habitants","website":"","townhallAdress":"65 avenue Division Leclerc - 93350 - LE-BOURGET"},{"text":"LE PRE SAINT GERVAIS","href":"./93/le-pre-saint-gervais.html","phone":"01 49 42 73 00","email":"communication@ville-du-pre-saint-gervais.fr","population":"17335 habitants","website":"","townhallAdress":"84 rue André Joineau - 93310 - LE-PRE-SAINT-GERVAIS"},{"text":"LE RAINCY","href":"./93/le-raincy.html","phone":"01 43 02 42 00","email":"leraincy@leraincy.com","population":"14321 habitants","website":"","townhallAdress":"121 avenue de la Résistance - 93340 - LE-RAINCY"},{"text":"LES LILAS","href":"./93/les-lilas.html","phone":"01 43 62 82 02","email":"ville@leslilas.fr","population":"22479 habitants","website":"","townhallAdress":"96 rue de Paris - 93260 - LES-LILAS"},{"text":"LES PAVILLONS SOUS BOIS","href":"./93/les-pavillons-sous-bois.html","phone":"01 48 02 75 75","email":"mairie@ville-pavillons-sous-bois.fr","population":"20644 habitants","website":"","townhallAdress":"144 avenue Jean Jaurès - 93320 - LES-PAVILLONS-SOUS-BOIS"},{"text":"L ILE SAINT DENIS","href":"./93/l-ile-saint-denis.html","phone":"01 49 22 11 00","email":"mairie@lile-saint-denis.fr","population":"7123 habitants","website":"","townhallAdress":"1 rue Méchin - 93450 - L'ILE-SAINT-DENIS"},{"text":"LIVRY GARGAN","href":"./93/livry-gargan.html","phone":"01 41 70 88 00","email":"courriermaire@ville-de-livry-gargan.fr","population":"42060 habitants","website":"","townhallAdress":"3 place François Mitterrand - 93190 - LIVRY-GARGAN"},{"text":"MONTFERMEIL","href":"./93/montfermeil.html","phone":"01 41 70 70 70","email":"elus@ville-montfermeil.fr","population":"26060 habitants","website":"","townhallAdress":"7 place Jean Mermoz - 93370 - MONTFERMEIL"},{"text":"MONTREUIL","href":"./93/montreuil.html","phone":"01 48 70 60 00","email":"site.internet@montreuil93.net","population":"102889 habitants","website":"","townhallAdress":"Place Jean Jaurès - 93100 - MONTREUIL"},{"text":"NEUILLY PLAISANCE","href":"./93/neuilly-plaisance.html","phone":"01 43 00 96 16","email":"contact@mairie-neuillyplaisance.com","population":"20354 habitants","website":"","townhallAdress":"6 rue du Général de Gaulle - 93360 - NEUILLY-PLAISANCE"},{"text":"NEUILLY SUR MARNE","href":"./93/neuilly-sur-marne.html","phone":"01 43 08 96 96","email":"mairie.neuilly.marne@wanadoo.fr","population":"33680 habitants","website":"","townhallAdress":"19 boulevard Carnot - 93330 - NEUILLY-SUR-MARNE"},{"text":"NOISY LE GRAND","href":"./93/noisy-le-grand.html","phone":"01 45 92 75 75","email":"mairie@ville-noisylegrand.fr","population":"63005 habitants","website":"","townhallAdress":"Place de la Libération - 93160 - NOISY-LE-GRAND"},{"text":"NOISY LE SEC","href":"./93/noisy-le-sec.html","phone":"01 49 42 66 00","email":"maire@noisylesec.fr","population":"39066 habitants","website":"","townhallAdress":"Place du Maréchal Foch - 93130 - NOISY-LE-SEC"},{"text":"PANTIN","href":"./93/pantin.html","phone":"01 49 15 40 00","email":"","population":"53658 habitants","website":"","townhallAdress":"84 88 avenue du Général Leclerc - 93500 - PANTIN"},{"text":"PIERREFITTE SUR SEINE","href":"./93/pierrefitte-sur-seine.html","phone":"01 49 40 49 40","email":"mairie@mairie-pierrefitte-sur-seine.fr","population":"28475 habitants","website":"","townhallAdress":"2 place de la Libération - 93380 - PIERREFITTE-SUR-SEINE"},{"text":"ROMAINVILLE","href":"./93/romainville.html","phone":"01 49 15 55 00","email":"courrier@ville-romainville.fr","population":"25783 habitants","website":"","townhallAdress":"4 rue de Paris - 93230 - ROMAINVILLE"},{"text":"ROSNY SOUS BOIS","href":"./93/rosny-sous-bois.html","phone":"01 49 35 37 00","email":"courrier@mairie-rosny-sous-bois.fr","population":"41565 habitants","website":"","townhallAdress":"20 rue Rochebrune - 93110 - ROSNY-SOUS-BOIS"},{"text":"SAINT DENIS","href":"./93/saint-denis.html","phone":"01 49 33 66 66","email":"mairie.saint.denis@ville-saint-denis.fr","population":"101880 habitants","website":"","townhallAdress":"2 place Victor Hugo - 93200 - SAINT-DENIS"},{"text":"SAINT OUEN","href":"./93/saint-ouen.html","phone":"01 49 45 67 89","email":"etat-civil@mairie-saint-ouen.fr","population":"44309 habitants","website":"","townhallAdress":"6 place de la République - 93400 - SAINT-OUEN"},{"text":"SEVRAN","href":"./93/sevran.html","phone":"01 49 36 52 00","email":"grp_accueil@ville-sevran.fr","population":"51449 habitants","website":"","townhallAdress":"5, rue Roger Le Maner - 93270 - SEVRAN"},{"text":"STAINS","href":"./93/stains.html","phone":"01 49 71 82 27","email":"courrier@stains.fr","population":"34890 habitants","website":"","townhallAdress":"6 avenue Paul Vaillant Couturier - 93240 - STAINS"},{"text":"TREMBLAY EN FRANCE","href":"./93/tremblay-en-france.html","phone":"01 49 63 71 35","email":"services@tremblayenfrance.fr","population":"35665 habitants","website":"","townhallAdress":"18 boulevard de l'Hôtel de Ville - 93290 - TREMBLAY-EN-FRANCE"},{"text":"VAUJOURS","href":"./93/vaujours.html","phone":"01 48 61 96 75","email":"contact@ville-vaujours.fr","population":"6173 habitants","website":"","townhallAdress":"20 rue Alexandre Boucher - 93410 - VAUJOURS"},{"text":"VILLEMOMBLE","href":"./93/villemomble.html","phone":"01 49 35 25 25","email":"secretariat-general@mairie-villemomble.fr","population":"28562 habitants","website":"","townhallAdress":"13Bis rue d'Avron - 93250 - VILLEMOMBLE"},{"text":"VILLEPINTE","href":"./93/villepinte.html","phone":"01 41 52 53 00","email":"mairie@ville-villepinte.fr","population":"35639 habitants","website":"","townhallAdress":"16 avenue Paul Vaillant Couturier - 93420 - VILLEPINTE"},{"text":"VILLETANEUSE","href":"./93/villetaneuse.html","phone":"01 49 40 76 00","email":"communication@mairie-villetaneuse.fr","population":"12520 habitants","website":"","townhallAdress":"1 place de l'Hôtel de Ville - 93430 - VILLETANEUSE"}]}