{"text":"81 | Tarn","href":"tarn.html","townships":[{"text":"AGUTS","href":"./81/aguts.html","phone":"05 63 75 72 09","email":"aguts.mairie@wanadoo.fr","population":"221 habitants","website":"","townhallAdress":"Le Bourg - 81470 - AGUTS"},{"text":"AIGUEFONDE","href":"./81/aiguefonde.html","phone":"05 63 61 22 59","email":"mairie.aiguefonde@wanadoo.fr","population":"2777 habitants","website":"","townhallAdress":"20 avenue de la Mairie - 81200 - AIGUEFONDE"},{"text":"ALBAN","href":"./81/alban.html","phone":"05 63 55 82 09","email":"mairie.alban@wanadoo.fr","population":"1011 habitants","website":"","townhallAdress":"16 avenue d'Albi - 81250 - ALBAN"},{"text":"ALBI","href":"./81/albi.html","phone":"05 63 49 10 10","email":"secretariat.maire@mairie-albi.fr","population":"51302 habitants","website":"","townhallAdress":"16 rue de l'Hôtel de Ville - 81000 - ALBI"},{"text":"ALBINE","href":"./81/albine.html","phone":"05 63 98 32 34","email":"mairie-albine@wanadoo.fr","population":"542 habitants","website":"","townhallAdress":"13 avenue de Ribaute - 81240 - ALBINE"},{"text":"ALGANS","href":"./81/algans.html","phone":"05 63 75 76 30","email":"mairie-algans-lastens@alsatis.net","population":"219 habitants","website":"","townhallAdress":"Le Bourg - 81470 - ALGANS"},{"text":"ALMAYRAC","href":"./81/almayrac.html","phone":"05 63 76 72 18","email":"mairie.almayrac@wanadoo.fr","population":"294 habitants","website":"","townhallAdress":"Le Bourg - 81190 - ALMAYRAC"},{"text":"ALOS","href":"./81/alos.html","phone":"05 63 33 95 97","email":"mairiealos@wanadoo.fr","population":"121 habitants","website":"","townhallAdress":"Le Bourg - 81140 - ALOS"},{"text":"AMARENS","href":"./81/amarens.html","phone":"05 63 56 19 24","email":"amarens81.mairie@wanadoo.fr","population":"71 habitants","website":"","townhallAdress":"Le Village - 81170 - AMARENS"},{"text":"AMBIALET","href":"./81/ambialet.html","phone":"05 63 55 32 10","email":"mairie.ambialet@wanadoo.fr","population":"453 habitants","website":"","townhallAdress":"La Condomine - 81430 - AMBIALET"},{"text":"AMBRES","href":"./81/ambres.html","phone":"05 63 58 31 35","email":"mairie-ambres@orange.fr","population":"885 habitants","website":"","townhallAdress":"Le Bourg - 81500 - AMBRES"},{"text":"ANDILLAC","href":"./81/andillac.html","phone":"05 63 33 95 91","email":"mairie.andillac@wanadoo.fr","population":"116 habitants","website":"","townhallAdress":"Le Bourg - 81140 - ANDILLAC"},{"text":"ANDOUQUE","href":"./81/andouque.html","phone":"05 63 56 53 04","email":"andouque.mairie0575@orange.fr","population":"394 habitants","website":"","townhallAdress":"Ligots - 81350 - ANDOUQUE"},{"text":"ANGLES","href":"./81/angles.html","phone":"05 63 70 97 19","email":"mairie.angles.81@wanadoo.fr","population":"575 habitants","website":"","townhallAdress":"Place de la Mairie - 81260 - ANGLES"},{"text":"APPELLE","href":"./81/appelle.html","phone":"05 63 75 06 00","email":"mairie-appelle@wanadoo.fr","population":"66 habitants","website":"","townhallAdress":"Le Bourg - 81700 - APPELLE"},{"text":"ARFONS","href":"./81/arfons.html","phone":"05 63 74 11 37","email":"mairie.arfons@orange.fr","population":"193 habitants","website":"","townhallAdress":"5 rue de la Mairie - 81110 - ARFONS"},{"text":"ARIFAT","href":"./81/arifat.html","phone":"05 63 75 12 91","email":"mairie.arifat@wanadoo.fr","population":"162 habitants","website":"","townhallAdress":"Saint Paul - 81360 - ARIFAT"},{"text":"ARTHES","href":"./81/arthes.html","phone":"05 63 55 10 11","email":"mairie@mairie-arthes.fr","population":"2432 habitants","website":"","townhallAdress":"Place Jean Jaurès - 81160 - ARTHES"},{"text":"ASSAC","href":"./81/assac.html","phone":"05 63 55 90 94","email":"mairie.assac@wanadoo.fr","population":"156 habitants","website":"","townhallAdress":"Le Bourg - 81340 - ASSAC"},{"text":"AUSSAC","href":"./81/aussac.html","phone":"05 63 55 42 17","email":"mairie.aussac@wanadoo.fr","population":"276 habitants","website":"","townhallAdress":"Le Bourg - 81600 - AUSSAC"},{"text":"AUSSILLON","href":"./81/aussillon.html","phone":"05 63 97 71 80","email":"service.accueil@ville-aussillon.fr","population":"6857 habitants","website":"","townhallAdress":"Boulevard de la Mairie - 81200 - AUSSILLON"},{"text":"BANNIERES","href":"./81/bannieres.html","phone":"05 63 58 75 40","email":"mairie-bannieres@alsatis.net","population":"156 habitants","website":"","townhallAdress":"Le Bourg - 81500 - BANNIERES"},{"text":"BARRE","href":"./81/barre.html","phone":"05 63 37 40 81","email":"mairiebarre@orange.fr","population":"215 habitants","website":"","townhallAdress":"Avenue Camarès - 81320 - BARRE"},{"text":"BEAUVAIS SUR TESCOU","href":"./81/beauvais-sur-tescou.html","phone":"05 63 40 58 74","email":"mairie.beauvais.tescou@wanadoo.fr","population":"296 habitants","website":"","townhallAdress":"Le Bourg - 81630 - BEAUVAIS-SUR-TESCOU"},{"text":"BELCASTEL","href":"./81/belcastel.html","phone":"05 63 58 75 55","email":"belcastel@mairie-belcastel.fr","population":"198 habitants","website":"","townhallAdress":"Le Bourg - 81500 - BELCASTEL"},{"text":"BELLEGARDE","href":"./81/bellegarde.html","phone":"05 63 55 32 46","email":"mairie-bellegarde2@wanadoo.fr","population":"392 habitants","website":"","townhallAdress":"Le Bourg - 81430 - BELLEGARDE"},{"text":"BELLESERRE","href":"./81/belleserre.html","phone":"05 63 74 10 76","email":"mairie-de-belleserre@alsatis.net","population":"163 habitants","website":"","townhallAdress":"Le Bourg - 81540 - BELLESERRE"},{"text":"BERLATS","href":"./81/berlats.html","phone":"05 63 74 55 67","email":"mairie.berlats@orange.fr","population":"110 habitants","website":"","townhallAdress":"Village - 81260 - BERLATS"},{"text":"BERNAC","href":"./81/bernac.html","phone":"05 63 55 23 15","email":"mairiedebernac@wanadoo.fr","population":"167 habitants","website":"","townhallAdress":"Le Bourg - 81150 - BERNAC"},{"text":"BERTRE","href":"./81/bertre.html","phone":"05 63 75 06 89","email":"mairie-de-bertre@alsatis.net","population":"86 habitants","website":"","townhallAdress":"Le Bourg - 81700 - BERTRE"},{"text":"BLAN","href":"./81/blan.html","phone":"05 63 75 04 09","email":"mairie-blan-81@wanadoo.fr","population":"938 habitants","website":"","townhallAdress":"Le Bourg - 81700 - BLAN"},{"text":"BLAYE LES MINES","href":"./81/blaye-les-mines.html","phone":"05 63 80 25 10","email":"contact@mairie-blaye.fr","population":"3210 habitants","website":"","townhallAdress":"145Bis avenue d'Albi - 81400 - BLAYE-LES-MINES"},{"text":"BOISSEZON","href":"./81/boissezon.html","phone":"05 63 50 52 59","email":"commune.boissezon@wanadoo.fr","population":"392 habitants","website":"","townhallAdress":"Rue du Fort - 81490 - BOISSEZON"},{"text":"BOURNAZEL","href":"./81/bournazel.html","phone":"05 63 56 11 52","email":"mairie.bournazel.81@wanadoo.fr","population":"171 habitants","website":"","townhallAdress":"Le Bourg - 81170 - BOURNAZEL"},{"text":"BOUT DU PONT DE L ARN","href":"./81/bout-du-pont-de-l-arn.html","phone":"05 63 97 55 60","email":"commune-du-bout-du-pont@wanadoo.fr","population":"1078 habitants","website":"","townhallAdress":"21 rue de la Mairie - 81660 - BOUT-DU-PONT-DE-L'ARN"},{"text":"BRASSAC","href":"./81/brassac.html","phone":"05 63 74 00 18","email":"mairie.brassac.agout@wanadoo.fr","population":"1456 habitants","website":"","townhallAdress":"Place de l'Hôtel de Ville - 81260 - BRASSAC"},{"text":"BRENS","href":"./81/brens.html","phone":"05 63 57 05 04","email":"mairie-de-brens@wanadoo.fr","population":"2155 habitants","website":"","townhallAdress":"5 place de la Mairie - 81600 - BRENS"},{"text":"BRIATEXTE","href":"./81/briatexte.html","phone":"05 63 58 40 19","email":"mairiebriatexte@wanadoo.fr","population":"1806 habitants","website":"","townhallAdress":"2 place du Monument - 81390 - BRIATEXTE"},{"text":"BROUSSE","href":"./81/brousse.html","phone":"05 63 75 95 68","email":"mairie.brousse@e-kiwi.fr","population":"305 habitants","website":"","townhallAdress":"Le Bourg - 81440 - BROUSSE"},{"text":"BROZE","href":"./81/broze.html","phone":"05 63 33 17 18","email":"mairie.broze@wanadoo.fr","population":"106 habitants","website":"","townhallAdress":"Broze Bas - 81600 - BROZE"},{"text":"BURLATS","href":"./81/burlats.html","phone":"05 63 35 07 83","email":"mairie-burlats@wanadoo.fr","population":"1929 habitants","website":"","townhallAdress":"1 place du 8 Mai 1945 - 81100 - BURLATS"},{"text":"BUSQUE","href":"./81/busque.html","phone":"05 63 34 40 54","email":"communedebusque@wanadoo.fr","population":"719 habitants","website":"","townhallAdress":"Le Bourg - 81300 - BUSQUE"},{"text":"CABANES","href":"./81/cabanes.html","phone":"05 63 42 04 34","email":"lescabannes-81-mairie@wanadoo.fr","population":"184 habitants","website":"","townhallAdress":"Le Bourg - 81500 - CABANES"},{"text":"CADALEN","href":"./81/cadalen.html","phone":"05 63 33 01 44","email":"cadalen.mairie@orange.fr","population":"1390 habitants","website":"","townhallAdress":"Le Bourg - 81600 - CADALEN"},{"text":"CADIX","href":"./81/cadix.html","phone":"05 63 55 93 05","email":"mairie.cadix@orange.fr","population":"241 habitants","website":"","townhallAdress":"Le Bourg - 81340 - CADIX"},{"text":"CAGNAC LES MINES","href":"./81/cagnac-les-mines.html","phone":"05 63 53 73 00","email":"mairie.cagnac@wanadoo.fr","population":"2198 habitants","website":"","townhallAdress":"Place du 8 Mai 1945 - 81130 - CAGNAC-LES-MINES"},{"text":"CAHUZAC","href":"./81/cahuzac.html","phone":"05 63 74 13 09","email":"cahuzac.mairie@wanadoo.fr","population":"341 habitants","website":"","townhallAdress":"Le Bourg - 81540 - CAHUZAC"},{"text":"CAHUZAC SUR VERE","href":"./81/cahuzac-sur-vere.html","phone":"05 63 33 90 18","email":"mairie.cahuzacsurvere@wanadoo.fr","population":"1046 habitants","website":"","townhallAdress":"Place Hautpoul - 81140 - CAHUZAC-SUR-VERE"},{"text":"CAMBON","href":"./81/cambon.html","phone":"05 63 63 00 00","email":"mairie.de.cambon@wanadoo.fr","population":"1835 habitants","website":"","townhallAdress":"4 place de la Mairie - 81990 - CAMBON"},{"text":"CAMBON LES LAVAUR","href":"./81/cambon-les-lavaur.html","phone":"05 63 75 75 75","email":"mairie.cambon.les.lavaur@wanadoo.fr","population":"262 habitants","website":"","townhallAdress":"Le Bourg - 81470 - CAMBON-LES-LAVAUR"},{"text":"CAMBOUNES","href":"./81/cambounes.html","phone":"05 63 50 51 54","email":"mairie.cambounes@wanadoo.fr","population":"353 habitants","website":"","townhallAdress":"Le Bourg - 81260 - CAMBOUNES"},{"text":"CAMBOUNET SUR LE SOR","href":"./81/cambounet-sur-le-sor.html","phone":"05 63 71 71 87","email":"mairie.cambounet-sor@wanadoo.fr","population":"816 habitants","website":"","townhallAdress":"5 rue de la Mairie - 81580 - CAMBOUNET-SUR-LE-SOR"},{"text":"CAMPAGNAC","href":"./81/campagnac.html","phone":"05 63 33 17 82","email":"mairie.campagnac@wanadoo.fr","population":"103 habitants","website":"","townhallAdress":"Le Bourg - 81140 - CAMPAGNAC"},{"text":"CARBES","href":"./81/carbes.html","phone":"05 63 50 38 05","email":"mairie.carbes@wanadoo.fr","population":"205 habitants","website":"","townhallAdress":"La Bautiès - 81570 - CARBES"},{"text":"CARLUS","href":"./81/carlus.html","phone":"05 63 54 54 05","email":"mairie-carlus@wanadoo.fr","population":"660 habitants","website":"","townhallAdress":"Le Bourg - 81990 - CARLUS"},{"text":"CARMAUX","href":"./81/carmaux.html","phone":"05 63 80 22 50","email":"com@carmaux.fr","population":"10461 habitants","website":"","townhallAdress":"Place de la Libération - 81400 - CARMAUX"},{"text":"CASTANET","href":"./81/castanet.html","phone":"05 63 56 80 55","email":"mairiedecastanet.tarn@wanadoo.fr","population":"181 habitants","website":"","townhallAdress":"Le Bourg - 81150 - CASTANET"},{"text":"CASTELNAU DE BRASSAC","href":"./81/castelnau-de-brassac.html","phone":"05 63 74 00 61","email":"castelnau.brassac.mairie@wanadoo.fr","population":"809 habitants","website":"","townhallAdress":"Le Bourg - 81260 - CASTELNAU-DE-BRASSAC"},{"text":"CASTELNAU DE LEVIS","href":"./81/castelnau-de-levis.html","phone":"05 63 46 15 98","email":"mairiecastelnaudelevis@wanadoo.fr","population":"1555 habitants","website":"","townhallAdress":"Rue Sicard Alaman - 81150 - CASTELNAU-DE-LEVIS"},{"text":"CASTELNAU DE MONTMIRAL","href":"./81/castelnau-de-montmiral.html","phone":"05 63 33 10 18","email":"mairie.castelnaumont@orange.fr","population":"970 habitants","website":"","townhallAdress":"Place des Arcades - 81140 - CASTELNAU-DE-MONTMIRAL"},{"text":"CASTRES","href":"./81/castres.html","phone":"05 63 71 58 58","email":"mairie@ville-castres.fr","population":"45023 habitants","website":"","townhallAdress":"Rue de l'Hôtel de Ville - 81100 - CASTRES"},{"text":"CAUCALIERES","href":"./81/caucalieres.html","phone":"05 63 61 21 13","email":"contact@mairie-caucalieres.fr","population":"340 habitants","website":"","townhallAdress":"1 rue de la Mairie - 81200 - CAUCALIERES"},{"text":"CESTAYROLS","href":"./81/cestayrols.html","phone":"05 63 56 81 55","email":"mairiedecestayrols@wanadoo.fr","population":"520 habitants","website":"","townhallAdress":"Le Bourg - 81150 - CESTAYROLS"},{"text":"COMBEFA","href":"./81/combefa.html","phone":"05 63 76 12 58","email":"mairiedecombefa@wanadoo.fr","population":"149 habitants","website":"","townhallAdress":"Le Bourg - 81640 - COMBEFA"},{"text":"CORDES SUR CIEL","href":"./81/cordes-sur-ciel.html","phone":"05 63 56 00 40","email":"mairie.cordes.sur.ciel@wanadoo.fr","population":"1074 habitants","website":"","townhallAdress":"39 grand rue Raimond VII - 81170 - CORDES-SUR-CIEL"},{"text":"COUFOULEUX","href":"./81/coufouleux.html","phone":"05 63 33 73 10","email":"mairie.couffouleux@free.fr","population":"2328 habitants","website":"","townhallAdress":"53 avenue Jean Bérenguier - 81800 - COUFOULEUX"},{"text":"COURRIS","href":"./81/courris.html","phone":"05 63 55 93 36","email":"mairie.courris@wanadoo.fr","population":"84 habitants","website":"","townhallAdress":"Village - 81340 - COURRIS"},{"text":"CRESPIN","href":"./81/crespin.html","phone":"05 63 76 34 38","email":"mairie-crespin81@orange.fr","population":"119 habitants","website":"","townhallAdress":"Le Village - 81350 - CRESPIN"},{"text":"CRESPINET","href":"./81/crespinet.html","phone":"05 63 56 44 71","email":"crespinet@wanadoo.fr","population":"143 habitants","website":"","townhallAdress":"Le Bourg - 81350 - CRESPINET"},{"text":"CUNAC","href":"./81/cunac.html","phone":"05 63 55 13 93","email":"mairie-cunac@wanadoo.fr","population":"1377 habitants","website":"","townhallAdress":"10 Grand Rue - 81990 - CUNAC"},{"text":"CUQ LES VIELMUR","href":"./81/cuq-les-vielmur.html","phone":null,"email":null,"population":null,"website":null,"townhallAdress":null},{"text":"CUQ TOULZA","href":"./81/cuq-toulza.html","phone":"05 63 75 71 17","email":"mairie.cuqtoulza@wanadoo.fr","population":"614 habitants","website":"","townhallAdress":"8 avenue Jean Jaurès - 81470 - CUQ-TOULZA"},{"text":"CURVALLE","href":"./81/curvalle.html","phone":"05 63 55 93 40","email":"mairie-de-curvalle@wanadoo.fr","population":"472 habitants","website":"","townhallAdress":"Villeneuve - 81250 - CURVALLE"},{"text":"DAMIATTE","href":"./81/damiatte.html","phone":"05 63 70 62 60","email":"communededamiatte@wanadoo.fr","population":"897 habitants","website":"","townhallAdress":"Avenue de Lavaur - 81220 - DAMIATTE"},{"text":"DENAT","href":"./81/denat.html","phone":"05 63 56 66 76","email":"mairie.denat@wanadoo.fr","population":"749 habitants","website":"","townhallAdress":"Le Bourg - 81120 - DENAT"},{"text":"DONNAZAC","href":"./81/donnazac.html","phone":"05 63 56 17 21","email":"mairie.donnazac@orange.fr","population":"93 habitants","website":"","townhallAdress":"Le Bourg - 81170 - DONNAZAC"},{"text":"DOURGNE","href":"./81/dourgne.html","phone":"05 63 50 31 20","email":"mairie-dourgne@wanadoo.fr","population":"1328 habitants","website":"","townhallAdress":"Place Jean Bugis - 81110 - DOURGNE"},{"text":"DURFORT","href":"./81/durfort.html","phone":"05 63 74 14 15","email":"mairie.durfort.tarn@orange.fr","population":"298 habitants","website":"","townhallAdress":"2 rue Plo - 81540 - DURFORT"},{"text":"ESCOUSSENS","href":"./81/escoussens.html","phone":"05 63 50 21 70","email":"mairie.escoussens@wanadoo.fr","population":"647 habitants","website":"","townhallAdress":"Place de l'Hôtel de Ville - 81290 - ESCOUSSENS"},{"text":"ESCROUX","href":"./81/escroux.html","phone":"05 63 37 04 50","email":"mairie.escroux@nordnet.fr","population":"50 habitants","website":"","townhallAdress":"Lacapelle - 81530 - ESCROUX"},{"text":"ESPERAUSSES","href":"./81/esperausses.html","phone":"05 63 74 07 43","email":"mairie.esperausses@wanadoo.fr","population":"153 habitants","website":"","townhallAdress":"Le Bourg - 81260 - ESPERAUSSES"},{"text":"FAUCH","href":"./81/fauch.html","phone":"05 63 55 54 16","email":"mairie.fauch@e-kiwi.fr","population":"484 habitants","website":"","townhallAdress":"Le Bourg - 81120 - FAUCH"},{"text":"FAUSSERGUES","href":"./81/faussergues.html","phone":"05 63 56 46 76","email":"faussergues@wanadoo.fr","population":"141 habitants","website":"","townhallAdress":"Le Bourg - 81340 - FAUSSERGUES"},{"text":"FAYSSAC","href":"./81/fayssac.html","phone":"05 63 41 72 44","email":"claude.barthez@free.fr","population":"353 habitants","website":"","townhallAdress":"Le Bourg - 81150 - FAYSSAC"},{"text":"FENOLS","href":"./81/fenols.html","phone":"05 63 56 65 57","email":"fenols.090@orange.fr","population":"247 habitants","website":"","townhallAdress":"Le Bourg - 81600 - FENOLS"},{"text":"FERRIERES","href":"./81/ferrieres.html","phone":"05 63 74 03 58","email":"mairie.ferrieres81@wanadoo.fr","population":"150 habitants","website":"","townhallAdress":"L'Ensalat - 81260 - FERRIERES"},{"text":"FIAC","href":"./81/fiac.html","phone":"05 63 58 05 26","email":"mairie.de.fiac@wanadoo.fr","population":"838 habitants","website":"","townhallAdress":"La Ville - 81500 - FIAC"},{"text":"FLORENTIN","href":"./81/florentin.html","phone":"05 63 55 42 06","email":"mairie.florentin@wanadoo.fr","population":"708 habitants","website":"","townhallAdress":"Le Bourg - 81150 - FLORENTIN"},{"text":"FRAISSINES","href":"./81/fraissines.html","phone":"05 63 55 96 42","email":"mairie-frayssines@wanadoo.fr","population":"100 habitants","website":"","townhallAdress":"Fonvieille - 81340 - FRAISSINES"},{"text":"FRAUSSEILLES","href":"./81/frausseilles.html","phone":"05 63 56 11 04","email":"frausseilles81.mairie@wanadoo.fr","population":"94 habitants","website":"","townhallAdress":"Village - 81170 - FRAUSSEILLES"},{"text":"FREJAIROLLES","href":"./81/frejairolles.html","phone":"05 63 53 03 31","email":"mairie.frejairolles@wanadoo.fr","population":"1259 habitants","website":"","townhallAdress":"12 Grand rue - 81990 - FREJAIROLLES"},{"text":"FREJEVILLE","href":"./81/frejeville.html","phone":"05 63 74 33 58","email":"mairiefrejeville@wanadoo.fr","population":"629 habitants","website":"","townhallAdress":"Le Bourg - 81570 - FREJEVILLE"},{"text":"GAILLAC","href":"./81/gaillac.html","phone":"05 63 81 20 20","email":"communication@ville-gaillac.fr","population":"13300 habitants","website":"","townhallAdress":"70 place Hautpoul - 81600 - GAILLAC"},{"text":"GARREVAQUES","href":"./81/garrevaques.html","phone":"05 63 75 04 50","email":"commune.garrevaques@wanadoo.fr","population":"309 habitants","website":"","townhallAdress":"Le Bourg - 81700 - GARREVAQUES"},{"text":"GARRIGUES","href":"./81/garrigues.html","phone":"05 63 58 25 11","email":"garrigues.mairie@wanadoo.fr","population":"307 habitants","website":"","townhallAdress":"Le Bourg - 81500 - GARRIGUES"},{"text":"GIJOUNET","href":"./81/gijounet.html","phone":"05 63 37 50 59","email":"mairiegijounet@wanadoo.fr","population":"137 habitants","website":"","townhallAdress":"Le Bourg - 81530 - GIJOUNET"},{"text":"GIROUSSENS","href":"./81/giroussens.html","phone":"05 63 41 61 90","email":"mairie.giroussens@wanadoo.fr","population":"1323 habitants","website":"","townhallAdress":"Place de la Mairie - 81500 - GIROUSSENS"},{"text":"GRAULHET","href":"./81/graulhet.html","phone":"05 63 42 85 50","email":"mairie@mairie-graulhet.fr","population":"12298 habitants","website":"","townhallAdress":"Place Elie Théophile - 81300 - GRAULHET"},{"text":"GRAZAC","href":"./81/grazac.html","phone":"05 63 33 76 53","email":"mairiegrazac81@e-kiwi.fr","population":"465 habitants","website":"","townhallAdress":"Le Bourg - 81800 - GRAZAC"},{"text":"GUITALENS","href":"./81/guitalens.html","phone":"05 63 50 03 57","email":"mairie.guitalens-lalbarede@orange.fr","population":"371 habitants","website":"","townhallAdress":"Place Gabriel Bert - 81220 - GUITALENS"},{"text":"ITZAC","href":"./81/itzac.html","phone":"05 63 56 36 96","email":"mairie.itzac@wanadoo.fr","population":"133 habitants","website":"","townhallAdress":"Le Bourg - 81170 - ITZAC"},{"text":"JONQUIERES","href":"./81/jonquieres.html","phone":"05 63 74 30 94","email":"mairie81440@orange.fr","population":"495 habitants","website":"","townhallAdress":"Jonquières - 81440 - JONQUIERES"},{"text":"JOUQUEVIEL","href":"./81/jouqueviel.html","phone":"05 63 76 92 66","email":"mairie.jouqueviel@wanadoo.fr","population":"97 habitants","website":"","townhallAdress":"Le Bourg - 81190 - JOUQUEVIEL"},{"text":"LABARTHE BLEYS","href":"./81/labarthe-bleys.html","phone":"05 63 56 13 67","email":"mairielabarthe-bleys@wanadoo.fr","population":"87 habitants","website":"","townhallAdress":"Labarthe Bleys - 81170 - LABARTHE-BLEYS"},{"text":"LABASTIDE DE LEVIS","href":"./81/labastide-de-levis.html","phone":"05 63 53 72 60","email":"labastide-de-levis@wanadoo.fr","population":"971 habitants","website":"","townhallAdress":"Le Bourg - 81150 - LABASTIDE-DE-LEVIS"},{"text":"LABASTIDE DENAT","href":"./81/labastide-denat.html","phone":"05 63 56 69 76","email":"mairie.labastide.denat@wanadoo.fr","population":"355 habitants","website":"","townhallAdress":"Le Bourg - 81120 - LABASTIDE-DENAT"},{"text":"LABASTIDE GABAUSSE","href":"./81/labastide-gabausse.html","phone":"05 63 36 80 00","email":"mairie.labastidegabausse@wanadoo.fr","population":"431 habitants","website":"","townhallAdress":"Labastide Basse - 81400 - LABASTIDE-GABAUSSE"},{"text":"LABASTIDE ROUAIROUX","href":"./81/labastide-rouairoux.html","phone":"05 63 98 01 26","email":"mairie@labastide-rouairoux.com","population":"1635 habitants","website":"","townhallAdress":"Place Jean Jaurès - 81270 - LABASTIDE-ROUAIROUX"},{"text":"LABASTIDE SAINT GEORGES","href":"./81/labastide-saint-georges.html","phone":"05 63 58 06 13","email":"labastide.stgeorges.mairie@wanadoo.fr","population":"1672 habitants","website":"","townhallAdress":"1 rue Jean Moulin - 81500 - LABASTIDE-SAINT-GEORGES"},{"text":"LABESSIERE CANDEIL","href":"./81/labessiere-candeil.html","phone":"05 63 34 60 89","email":"mairielabessierecandeil@wanadoo.fr","population":"755 habitants","website":"","townhallAdress":"Le Bourg - 81300 - LABESSIERE-CANDEIL"},{"text":"LABOULBENE","href":"./81/laboulbene.html","phone":"05 63 59 39 21","email":"mairie.laboulbene@wanadoo.fr","population":"146 habitants","website":"","townhallAdress":"Mazière - 81100 - LABOULBENE"},{"text":"LABOUTARIE","href":"./81/laboutarie.html","phone":"05 63 42 01 50","email":"mairie.laboutarie@wanadoo.fr","population":"452 habitants","website":"","townhallAdress":"Le Bourg - 81120 - LABOUTARIE"},{"text":"LABRUGUIERE","href":"./81/labruguiere.html","phone":"05 63 73 30 30","email":"commune-la-bruguiere@orange.fr","population":"6084 habitants","website":"","townhallAdress":"Place de l'Hotel de Ville - 81290 - LABRUGUIERE"},{"text":"LACABAREDE","href":"./81/lacabarede.html","phone":"05 63 98 31 78","email":"commune-lacabarede@orange.fr","population":"324 habitants","website":"","townhallAdress":"Le Bourg - 81240 - LACABAREDE"},{"text":"LACAPELLE PINET","href":"./81/lacapelle-pinet.html","phone":"05 63 76 41 90","email":"mairie.lacapellepinet@wanadoo.fr","population":"69 habitants","website":"","townhallAdress":"La Capelle - 81340 - LACAPELLE-PINET"},{"text":"LACAPELLE SEGALAR","href":"./81/lacapelle-segalar.html","phone":"05 63 53 92 94","email":"mairie.lacapellesegalar@e-kiwi.fr","population":"98 habitants","website":"","townhallAdress":"Le Bourg - 81170 - LACAPELLE-SEGALAR"},{"text":"LACAUNE","href":"./81/lacaune.html","phone":"05 63 37 00 18","email":"mairie@lacaune.com","population":"2868 habitants","website":"","townhallAdress":"1 rue de la Mairie - 81230 - LACAUNE"},{"text":"LACAZE","href":"./81/lacaze.html","phone":"05 63 37 55 98","email":"mairie.lacaze@orange.fr","population":"325 habitants","website":"","townhallAdress":"Le Bourg - 81330 - LACAZE"},{"text":"LACOUGOTTE CADOUL","href":"./81/lacougotte-cadoul.html","phone":"05 63 58 75 91","email":"lacougotte.cadoul.mairie@wanadoo.fr","population":"155 habitants","website":"","townhallAdress":"Le Bourg - 81500 - LACOUGOTTE-CADOUL"},{"text":"LACROISILLE","href":"./81/lacroisille.html","phone":"05 63 70 22 38","email":"mairielacroisille@wanadoo.fr","population":"143 habitants","website":"","townhallAdress":"Le Bourg - 81470 - LACROISILLE"},{"text":"LACROUZETTE","href":"./81/lacrouzette.html","phone":"05 63 50 60 16","email":"mairie.lacrouzette.81@wanadoo.fr","population":"1825 habitants","website":"","townhallAdress":"Rue de la Mairie - 81210 - LACROUZETTE"},{"text":"LAGARDIOLLE","href":"./81/lagardiolle.html","phone":"05 63 50 35 71","email":"mairie.lagardiolle@e-kiwi.fr","population":"239 habitants","website":"","townhallAdress":"Le Bourg - 81110 - LAGARDIOLLE"},{"text":"LAGARRIGUE","href":"./81/lagarrigue.html","phone":"05 63 35 50 41","email":"mairie@lagarrigue81.fr","population":"1764 habitants","website":"","townhallAdress":"Rue de la Mairie - 81090 - LAGARRIGUE"},{"text":"LAGRAVE","href":"./81/lagrave.html","phone":"05 63 81 44 45","email":"mairie-lagrave@wanadoo.fr","population":"1742 habitants","website":"","townhallAdress":"Place de l'Eglise - 81150 - LAGRAVE"},{"text":"LALBAREDE","href":"./81/lalbarede.html","phone":"05 63 50 01 76","email":"mairie.guitalens-lalbarede@orange.fr","population":"264 habitants","website":"","townhallAdress":"Le Bourg - 81220 - LALBAREDE"},{"text":"LAMILLARIE","href":"./81/lamillarie.html","phone":"05 63 56 65 06","email":"mairie.lamillarie@wanadoo.fr","population":"409 habitants","website":"","townhallAdress":"Le Bourg - 81120 - LAMILLARIE"},{"text":"LAMONTELARIE","href":"./81/lamontelarie.html","phone":"05 63 74 01 92","email":"lamontelarie@hautlanguedoc.fr","population":"62 habitants","website":"","townhallAdress":"Le Bourg - 81260 - LAMONTELARIE"},{"text":"LAPARROUQUIAL","href":"./81/laparrouquial.html","phone":"05 63 76 16 01","email":"mairie-de-laparrouquial@wanadoo.fr","population":"107 habitants","website":"","townhallAdress":"Laparrouquial - 81640 - LAPARROUQUIAL"},{"text":"LARROQUE","href":"./81/larroque.html","phone":"05 63 33 11 75","email":"larroque.mairie@wanadoo.fr","population":"173 habitants","website":"","townhallAdress":"Le Bourg - 81140 - LARROQUE"},{"text":"LA SAUZIERE SAINT JEAN","href":"./81/la-sauziere-saint-jean.html","phone":"05 63 40 55 55","email":"mairie.la-sauziere-st-jean@wanadoo.fr","population":"220 habitants","website":"","townhallAdress":"Le Bourg - 81630 - LA-SAUZIERE-SAINT-JEAN"},{"text":"LASFAILLADES","href":"./81/lasfaillades.html","phone":"05 63 70 98 66","email":"mairie.lasfaillades@wanadoo.fr","population":"75 habitants","website":"","townhallAdress":"Bouisset des Plos - 81260 - LASFAILLADES"},{"text":"LASGRAISSES","href":"./81/lasgraisses.html","phone":"05 63 33 00 69","email":"mairie-de-lasgraisses@e-kiwi.fr","population":"349 habitants","website":"","townhallAdress":"Le Bourg - 81300 - LASGRAISSES"},{"text":"LAUTREC","href":"./81/lautrec.html","phone":"05 63 75 90 04","email":"mairie-lautrec@wanadoo.fr","population":"1749 habitants","website":"","townhallAdress":"Rue Mercadial - 81440 - LAUTREC"},{"text":"LAVAUR","href":"./81/lavaur.html","phone":"05 63 83 12 20","email":"mairie.lavaur.81@wanadoo.fr","population":"10542 habitants","website":"","townhallAdress":"Place de la Résistance - 81500 - LAVAUR"},{"text":"LE BEZ","href":"./81/le-bez.html","phone":"05 63 74 01 07","email":"mairie.du.bez@wanadoo.fr","population":"814 habitants","website":"","townhallAdress":"Le Bourg - 81260 - LE-BEZ"},{"text":"LEDAS ET PENTHIES","href":"./81/ledas-et-penthies.html","phone":"05 63 76 33 54","email":"mairie.ledas-penthies@orange.fr","population":"169 habitants","website":"","townhallAdress":"Le Bourg - 81340 - LEDAS-ET-PENTHIES"},{"text":"LE DOURN","href":"./81/le-dourn.html","phone":"05 63 56 44 01","email":"mairie.ledourn@wanadoo.fr","population":"134 habitants","website":"","townhallAdress":"Albignac - 81340 - LE-DOURN"},{"text":"LE FRAYSSE","href":"./81/le-fraysse.html","phone":"05 63 55 80 08","email":"mairie.le.fraysse@wanadoo.fr","population":"394 habitants","website":"","townhallAdress":"Le Bourg - 81430 - LE-FRAYSSE"},{"text":"LE GARRIC","href":"./81/le-garric.html","phone":"05 63 36 51 00","email":"mairie.legarric@laposte.net","population":"1168 habitants","website":"","townhallAdress":"15 route Valdéries - 81450 - LE-GARRIC"},{"text":"LE MARGNES","href":"./81/le-margnes.html","phone":"05 63 74 01 23","email":"mairie.le.margnes@wanadoo.fr","population":"47 habitants","website":"","townhallAdress":"Lagrange - 81260 - LE-MARGNES"},{"text":"LE MASNAU MASSUGUIES","href":"./81/le-masnau-massuguies.html","phone":"05 63 37 53 98","email":"mairie.masnau-massuguies@wanadoo.fr","population":"321 habitants","website":"","townhallAdress":"Saint Paul de Massuguiés - 81530 - LE-MASNAU-MASSUGUIES"},{"text":"LEMPAUT","href":"./81/lempaut.html","phone":"05 63 75 51 22","email":"mairie.lempaut@wanadoo.fr","population":"686 habitants","website":"","townhallAdress":"Place de la Mairie - 81700 - LEMPAUT"},{"text":"LE RIALET","href":"./81/le-rialet.html","phone":"05 63 61 38 75","email":"le.rialet.mairie@wanadoo.fr","population":"48 habitants","website":"","townhallAdress":"Le Bourg - 81240 - LE-RIALET"},{"text":"LE RIOLS","href":"./81/le-riols.html","phone":"05 63 65 43 29","email":"mairie.leriols@wanadoo.fr","population":"117 habitants","website":"","townhallAdress":"Le Bourg - 81170 - LE-RIOLS"},{"text":"LES CABANNES","href":"./81/les-cabannes.html","phone":"05 63 56 01 38","email":"lescabannes-81-mairie@wanadoo.fr","population":"350 habitants","website":"","townhallAdress":"40 promenade de l�Autan - 81170 - LES-CABANNES"},{"text":"LES CAMMAZES","href":"./81/les-cammazes.html","phone":"05 63 74 11 83","email":"lescammazes@wanadoo.fr","population":"313 habitants","website":"","townhallAdress":"27 rue de la Fontaine - 81540 - LES-CAMMAZES"},{"text":"LESCOUT","href":"./81/lescout.html","phone":"05 63 75 53 25","email":"mairie.lescout@wanadoo.fr","population":"510 habitants","website":"","townhallAdress":"Le Bourg - 81110 - LESCOUT"},{"text":"LESCURE D ALBIGEOIS","href":"./81/lescure-d-albigeois.html","phone":"05 63 60 76 73","email":"mairie@mairie-lescure.fr","population":"4090 habitants","website":"","townhallAdress":"Avenue Hermet - 81380 - LESCURE-D'ALBIGEOIS"},{"text":"LE SEGUR","href":"./81/le-segur.html","phone":"05 63 76 17 70","email":"mairie.lesegur@wanadoo.fr","population":"244 habitants","website":"","townhallAdress":"Le Bourg - 81640 - LE-SEGUR"},{"text":"LE SEQUESTRE","href":"./81/le-sequestre.html","phone":"05 63 54 40 13","email":"mairie-le-sequestre@wanadoo.fr","population":"1629 habitants","website":"","townhallAdress":"Place Jules Ferry - 81990 - LE-SEQUESTRE"},{"text":"LE TRAVET","href":"./81/le-travet.html","phone":"05 63 55 71 49","email":"mairie.letravet@wanadoo.fr","population":"135 habitants","website":"","townhallAdress":"Le Bourg - 81120 - LE-TRAVET"},{"text":"LE VERDIER","href":"./81/le-verdier.html","phone":"05 63 33 95 03","email":"mairie.leverdier@wanadoo.fr","population":"235 habitants","website":"","townhallAdress":"Rue de La Mairie - 81140 - LE-VERDIER"},{"text":"LE VINTROU","href":"./81/le-vintrou.html","phone":"05 63 61 05 89","email":"mairie-vintrou@orange.fr","population":"84 habitants","website":"","townhallAdress":"Le Bourg - 81240 - LE-VINTROU"},{"text":"LISLE SUR TARN","href":"./81/lisle-sur-tarn.html","phone":"05 63 33 35 18","email":"mairie@ville-lisle-sur-tarn.fr","population":"4232 habitants","website":"","townhallAdress":"Place Paul Saissac - 81310 - LISLE-SUR-TARN"},{"text":"LIVERS CAZELLES","href":"./81/livers-cazelles.html","phone":"05 63 56 00 72","email":"mairie.liverscazelles@orange.fr","population":"256 habitants","website":"","townhallAdress":"Cayrols - 81170 - LIVERS-CAZELLES"},{"text":"LOMBERS","href":"./81/lombers.html","phone":"05 63 55 53 08","email":"mairie.lombers@wanadoo.fr","population":"1001 habitants","website":"","townhallAdress":"Place du Village - 81120 - LOMBERS"},{"text":"LOUBERS","href":"./81/loubers.html","phone":"05 63 56 35 57","email":"loubers81.mairie@wanadoo.fr","population":"97 habitants","website":"","townhallAdress":"Le Bourg - 81170 - LOUBERS"},{"text":"LOUPIAC","href":"./81/loupiac.html","phone":"05 63 33 76 82","email":"loupiac.mairie@wanadoo.fr","population":"358 habitants","website":"","townhallAdress":"Le Bourg - 81800 - LOUPIAC"},{"text":"LUGAN","href":"./81/lugan.html","phone":"05 63 41 84 49","email":"lugan.mairie@wanadoo.fr","population":"424 habitants","website":"","townhallAdress":"Lugan - 81500 - LUGAN"},{"text":"MAGRIN","href":"./81/magrin.html","phone":"05 63 70 66 32","email":"mairie-de-magrin@alsatis.net","population":"137 habitants","website":"","townhallAdress":"Le Bourg - 81220 - MAGRIN"},{"text":"MAILHOC","href":"./81/mailhoc.html","phone":"05 63 56 80 92","email":"mairie.mailhoc@orange.fr","population":"238 habitants","website":"","townhallAdress":"Le Bourg - 81130 - MAILHOC"},{"text":"MARNAVES","href":"./81/marnaves.html","phone":"05 63 56 38 14","email":"marnaves81.mairie@wanadoo.fr","population":"83 habitants","website":"","townhallAdress":"Le Bourg - 81170 - MARNAVES"},{"text":"MARSAL","href":"./81/marsal.html","phone":"05 63 45 01 22","email":"mairie.marsal@packsurfwifi.com","population":"287 habitants","website":"","townhallAdress":"Le Bourg - 81430 - MARSAL"},{"text":"MARSSAC SUR TARN","href":"./81/marssac-sur-tarn.html","phone":"05 63 55 40 47","email":"mairie-marssac@wanadoo.fr","population":"2882 habitants","website":"","townhallAdress":"Rue Tonimarié - 81150 - MARSSAC-SUR-TARN"},{"text":"MARZENS","href":"./81/marzens.html","phone":"05 63 58 31 45","email":"mairie-de-marzens@alsatis.net","population":"309 habitants","website":"","townhallAdress":"Saint Sauveur - 81500 - MARZENS"},{"text":"MASSAC SERAN","href":"./81/massac-seran.html","phone":"05 63 41 35 31","email":"mairiemassacseran@orange.fr","population":"264 habitants","website":"","townhallAdress":"Le Bourg - 81500 - MASSAC-SERAN"},{"text":"MASSAGUEL","href":"./81/massaguel.html","phone":"05 63 50 32 98","email":"mairie.massaguel@wanadoo.fr","population":"456 habitants","website":"","townhallAdress":"Le Bourg - 81110 - MASSAGUEL"},{"text":"MASSALS","href":"./81/massals.html","phone":"05 63 55 86 04","email":"mairie.massals@wanadoo.fr","population":"139 habitants","website":"","townhallAdress":"Le Bourg - 81250 - MASSALS"},{"text":"MAURENS SCOPONT","href":"./81/maurens-scopont.html","phone":"05 63 75 71 91","email":"mairie.maurens-scopont@e-kiwi.fr","population":"180 habitants","website":"","townhallAdress":"Maurens - 81470 - MAURENS-SCOPONT"},{"text":"MAZAMET","href":"./81/mazamet.html","phone":"05 63 61 12 75","email":"sg@ville-mazamet.com","population":"10590 habitants","website":"","townhallAdress":"Place Georges Tournier - 81200 - MAZAMET"},{"text":"MEZENS","href":"./81/mezens.html","phone":"05 63 40 10 66","email":"mairie.mezens@wanadoo.fr","population":"404 habitants","website":"","townhallAdress":"Grand'rue - 81800 - MEZENS"},{"text":"MILHARS","href":"./81/milhars.html","phone":"05 63 56 33 08","email":"mairiedemilhars@wanadoo.fr","population":"267 habitants","website":"","townhallAdress":"Le Bourg - 81170 - MILHARS"},{"text":"MILHAVET","href":"./81/milhavet.html","phone":"05 63 56 86 12","email":"milhavet.cne@wanadoo.fr","population":"87 habitants","website":"","townhallAdress":"Le Bourg - 81130 - MILHAVET"},{"text":"MIOLLES","href":"./81/miolles.html","phone":"05 63 55 92 31","email":"mairie.miolles@gmail.com","population":"110 habitants","website":"","townhallAdress":"Le Bourg - 81250 - MIOLLES"},{"text":"MIRANDOL BOURGNOUNAC","href":"./81/mirandol-bourgnounac.html","phone":"05 63 76 90 11","email":"mairie.mirandol@wanadoo.fr","population":"1085 habitants","website":"","townhallAdress":"1 place de la Mairie - 81190 - MIRANDOL-BOURGNOUNAC"},{"text":"MISSECLE","href":"./81/missecle.html","phone":"05 63 42 05 93","email":"mairiemissecle@orange.fr","population":"94 habitants","website":"","townhallAdress":"Le Bourg - 81300 - MISSECLE"},{"text":"MONESTIES","href":"./81/monesties.html","phone":"05 63 80 14 00","email":"mairie.monesties@wanadoo.fr","population":"1340 habitants","website":"","townhallAdress":"Place de la Mairie - 81640 - MONESTIES"},{"text":"MONTANS","href":"./81/montans.html","phone":"05 63 57 07 43","email":"mairiedemontans@wanadoo.fr","population":"1284 habitants","website":"","townhallAdress":"Le Bourg - 81600 - MONTANS"},{"text":"MONTAURIOL","href":"./81/montauriol.html","phone":"05 63 76 38 14","email":"mairiemontauriol@wanadoo.fr","population":"53 habitants","website":"","townhallAdress":"Le Bourg - 81190 - MONTAURIOL"},{"text":"MONTCABRIER","href":"./81/montcabrier.html","phone":"05 63 58 71 15","email":"montcabrier.mairie@wanadoo.fr","population":"217 habitants","website":"","townhallAdress":"Au Téroun - 81500 - MONTCABRIER"},{"text":"MONTDRAGON","href":"./81/montdragon.html","phone":"05 63 42 00 24","email":"mairie.montdragon@wanadoo.fr","population":"599 habitants","website":"","townhallAdress":"Place de la Mairie - 81440 - MONTDRAGON"},{"text":"MONTDURAUSSE","href":"./81/montdurausse.html","phone":"05 63 33 53 01","email":"commune.montdurausse@orange.fr","population":"305 habitants","website":"","townhallAdress":"Le Bourg - 81630 - MONTDURAUSSE"},{"text":"MONTELS","href":"./81/montels.html","phone":"05 63 33 21 45","email":"mairie.montels@wanadoo.fr","population":"112 habitants","website":"","townhallAdress":"Montels - 81140 - MONTELS"},{"text":"MONTFA","href":"./81/montfa.html","phone":"05 63 59 52 09","email":"montfa2@wanadoo.fr","population":"338 habitants","website":"","townhallAdress":"La Chicane - 81210 - MONTFA"},{"text":"MONTGAILLARD","href":"./81/montgaillard.html","phone":"05 63 33 54 79","email":"montgaillard81@wanadoo.fr","population":"322 habitants","website":"","townhallAdress":"Le Bourg - 81800 - MONTGAILLARD"},{"text":"MONTGEY","href":"./81/montgey.html","phone":"05 63 75 72 33","email":"mairie-de-montgey@alsatis.net","population":"258 habitants","website":"","townhallAdress":"Le Bourg - 81470 - MONTGEY"},{"text":"MONTIRAT","href":"./81/montirat.html","phone":"05 63 76 92 02","email":"mairie.montirat@wanadoo.fr","population":"270 habitants","website":"","townhallAdress":"Montirat - 81190 - MONTIRAT"},{"text":"MONTPINIER","href":"./81/montpinier.html","phone":"05 63 59 36 48","email":"montpinier.mairie@wanadoo.fr","population":"171 habitants","website":"","townhallAdress":"La Parinié - 81440 - MONTPINIER"},{"text":"MONTREDON LABESSONNIE","href":"./81/montredon-labessonnie.html","phone":"05 63 75 14 18","email":"mairie.montredonlabessonnie@wanadoo.fr","population":"2111 habitants","website":"","townhallAdress":"12 Grand'Rue - 81360 - MONTREDON-LABESSONNIE"},{"text":"MONT ROC","href":"./81/mont-roc.html","phone":"05 63 55 72 05","email":"mairie-montroc@wanadoo.fr","population":"184 habitants","website":"","townhallAdress":"Montroc - 81120 - MONT-ROC"},{"text":"MONTROSIER","href":"./81/montrosier.html","phone":"05 63 68 23 75","email":"","population":"31 habitants","website":"","townhallAdress":"Le Bourg - 81170 - MONTROSIER"},{"text":"MONTVALEN","href":"./81/montvalen.html","phone":"05 63 40 58 37","email":"mairie.montvalen@wanadoo.fr","population":"207 habitants","website":"","townhallAdress":"Le Bourg - 81630 - MONTVALEN"},{"text":"MOULARES","href":"./81/moulares.html","phone":"05 63 76 33 07","email":"moulares.mairie@wanadoo.fr","population":"289 habitants","website":"","townhallAdress":"Le Bourg - 81190 - MOULARES"},{"text":"MOULAYRES","href":"./81/moulayres.html","phone":"05 63 42 05 23","email":"mairie.moulayres@wanadoo.fr","population":"162 habitants","website":"","townhallAdress":"Le Bourg - 81300 - MOULAYRES"},{"text":"MOULIN MAGE","href":"./81/moulin-mage.html","phone":"05 63 37 40 19","email":"mairie.moulin-mage@wanadoo.fr","population":"346 habitants","website":"","townhallAdress":"Le Bourg - 81320 - MOULIN-MAGE"},{"text":"MOUZENS","href":"./81/mouzens.html","phone":"05 63 75 72 40","email":"mouzens81@orange.fr","population":"124 habitants","website":"","townhallAdress":"Le Bourg - 81470 - MOUZENS"},{"text":"MOUZIEYS PANENS","href":"./81/mouzieys-panens.html","phone":"05 63 56 12 07","email":"mairie.mouzieyspanens@wanadoo.fr","population":"216 habitants","website":"","townhallAdress":"Mouzieys - 81170 - MOUZIEYS-PANENS"},{"text":"MOUZIEYS TEULET","href":"./81/mouzieys-teulet.html","phone":"05 63 55 30 63","email":"mairie.mouzieyspanens@wanadoo.fr","population":"425 habitants","website":"","townhallAdress":"Mouzieys - 81430 - MOUZIEYS-TEULET"},{"text":"MURAT SUR VEBRE","href":"./81/murat-sur-vebre.html","phone":"05 63 37 41 16","email":"mairie.murat81@wanadoo.fr","population":"867 habitants","website":"","townhallAdress":"Avenue du Languedoc - 81320 - MURAT-SUR-VEBRE"},{"text":"NAGES","href":"./81/nages.html","phone":"05 63 37 40 48","email":"mairie.nages81@wanadoo.fr","population":"349 habitants","website":"","townhallAdress":"Le Bourg - 81320 - NAGES"},{"text":"NAVES","href":"./81/naves.html","phone":"05 63 74 85 22","email":"mairie-naves@wanadoo.fr","population":"750 habitants","website":"","townhallAdress":"Bel Air - 81710 - NAVES"},{"text":"NOAILHAC","href":"./81/noailhac.html","phone":"05 63 50 50 05","email":"mairie-noailhac@orange.fr","population":"834 habitants","website":"","townhallAdress":"Place Paul Granaud - 81490 - NOAILHAC"},{"text":"NOAILLES","href":"./81/noailles.html","phone":"05 63 56 85 24","email":"noailles81.mairie@wanadoo.fr","population":"182 habitants","website":"","townhallAdress":"Le Bourg - 81170 - NOAILLES"},{"text":"ORBAN","href":"./81/orban.html","phone":"05 63 55 46 47","email":"mairiedorban@orange.fr","population":"314 habitants","website":"","townhallAdress":"Le Bourg - 81120 - ORBAN"},{"text":"PADIES","href":"./81/padies.html","phone":"05 63 53 42 48","email":"mairie.padies81@orange.fr","population":"200 habitants","website":"","townhallAdress":"La Salle - 81340 - PADIES"},{"text":"PALLEVILLE","href":"./81/palleville.html","phone":"05 63 75 04 60","email":"mairie-de-palleville@orange.fr","population":"451 habitants","website":"","townhallAdress":"Hameau Palleville - 81700 - PALLEVILLE"},{"text":"PAMPELONNE","href":"./81/pampelonne.html","phone":"05 63 76 32 09","email":"mairie.pampelonne@wanadoo.fr","population":"771 habitants","website":"","townhallAdress":"1 avenue de Thuriès - 81190 - PAMPELONNE"},{"text":"PARISOT","href":"./81/parisot.html","phone":"05 63 33 38 03","email":"parisot81@wanadoo.fr","population":"743 habitants","website":"","townhallAdress":"Le Bourg - 81310 - PARISOT"},{"text":"PAULINET","href":"./81/paulinet.html","phone":"05 63 55 81 65","email":"mairie.paulinet@wanadoo.fr","population":"570 habitants","website":"","townhallAdress":"Paulinet - 81250 - PAULINET"},{"text":"PAYRIN AUGMONTEL","href":"./81/payrin-augmontel.html","phone":"05 63 61 04 00","email":"payrin-augmontel@wanadoo.fr","population":"2217 habitants","website":"","townhallAdress":"Avenue de la Mairie - 81660 - PAYRIN-AUGMONTEL"},{"text":"PECHAUDIER","href":"./81/pechaudier.html","phone":"05 63 75 72 05","email":"pechaudier@orange.fr","population":"195 habitants","website":"","townhallAdress":"Le Bourg - 81470 - PECHAUDIER"},{"text":"PENNE","href":"./81/penne.html","phone":"05 63 56 31 11","email":"mairiedepenne@orange.fr","population":"562 habitants","website":"","townhallAdress":"Le Bourg - 81140 - PENNE"},{"text":"PEYREGOUX","href":"./81/peyregoux.html","phone":"05 63 75 92 10","email":"mairie.peyregoux@orange.fr","population":"125 habitants","website":"","townhallAdress":"Larroque - 81440 - PEYREGOUX"},{"text":"PEYROLE","href":"./81/peyrole.html","phone":"05 63 58 43 04","email":"mairiepeyrole@wanadoo.fr","population":"475 habitants","website":"","townhallAdress":"Le Bourg - 81310 - PEYROLE"},{"text":"PONT DE L ARN","href":"./81/pont-de-l-arn.html","phone":"05 63 61 14 05","email":"mairie.pontdelarn@wanadoo.fr","population":"2959 habitants","website":"","townhallAdress":"1 boulevard de la Mairie - 81660 - PONT-DE-L'ARN"},{"text":"POUDIS","href":"./81/poudis.html","phone":"05 63 75 04 86","email":"mairie.poudis@wanadoo.fr","population":"210 habitants","website":"","townhallAdress":"Le Bourg - 81700 - POUDIS"},{"text":"POULAN POUZOLS","href":"./81/poulan-pouzols.html","phone":"05 63 55 98 39","email":"","population":"442 habitants","website":"","townhallAdress":"Poulan - 81120 - POULAN-POUZOLS"},{"text":"PRADES","href":"./81/prades.html","phone":"05 63 70 61 36","email":"mairie-de-prades@alsatis.net","population":"136 habitants","website":"","townhallAdress":"Le Bourg - 81220 - PRADES"},{"text":"PRATVIEL","href":"./81/pratviel.html","phone":"05 63 41 35 06","email":"mairie-de-pratviel@alsatis.net","population":"94 habitants","website":"","townhallAdress":"Le Bourg - 81500 - PRATVIEL"},{"text":"PUECHOURSI","href":"./81/puechoursi.html","phone":"05 63 75 71 34","email":"mairie-puechoursy@wanadoo.fr","population":"95 habitants","website":"","townhallAdress":"Le Bourg - 81470 - PUECHOURSI"},{"text":"PUYBEGON","href":"./81/puybegon.html","phone":"05 63 58 43 07","email":"mairiedepuybegon@orange.fr","population":"532 habitants","website":"","townhallAdress":"Le Bourg - 81390 - PUYBEGON"},{"text":"PUYCALVEL","href":"./81/puycalvel.html","phone":"05 63 75 91 44","email":"mairie.puycalvel@wanadoo.fr","population":"202 habitants","website":"","townhallAdress":"Le Bourg - 81440 - PUYCALVEL"},{"text":"PUYCELCI","href":"./81/puycelci.html","phone":"05 63 33 11 14","email":"commune-puycelsi@orange.fr","population":"502 habitants","website":"","townhallAdress":"Le Bourg - 81140 - PUYCELCI"},{"text":"PUYGOUZON","href":"./81/puygouzon.html","phone":"05 63 43 27 43","email":"mairie.puygouzon@wanadoo.fr","population":"2958 habitants","website":"","townhallAdress":"La Cayrié - 81990 - PUYGOUZON"},{"text":"PUYLAURENS","href":"./81/puylaurens.html","phone":"05 63 75 00 18","email":"mairiepuylaurens@wanadoo.fr","population":"3063 habitants","website":"","townhallAdress":"1 rue de la Mairie - 81700 - PUYLAURENS"},{"text":"RABASTENS","href":"./81/rabastens.html","phone":"05 63 33 64 00","email":"mairie.rabastens@wanadoo.fr","population":"4943 habitants","website":"","townhallAdress":"3 quai Escoussières - 81800 - RABASTENS"},{"text":"RAYSSAC","href":"./81/rayssac.html","phone":"05 63 55 72 57","email":"mairie.rayssac@wanadoo.fr","population":"266 habitants","website":"","townhallAdress":"Le Bourg - 81330 - RAYSSAC"},{"text":"REALMONT","href":"./81/realmont.html","phone":"05 63 79 25 80","email":"mairie-realmont@wanadoo.fr","population":"3273 habitants","website":"","townhallAdress":"Rue de l'Hôtel de Ville - 81120 - REALMONT"},{"text":"RIVIERES","href":"./81/rivieres.html","phone":"05 63 41 72 65","email":"rivieres.mairie@wanadoo.fr","population":"940 habitants","website":"","townhallAdress":"Le Bourg - 81600 - RIVIERES"},{"text":"RONEL","href":"./81/ronel.html","phone":"05 63 55 57 58","email":"mairie.ronel@e-kiwi.fr","population":"212 habitants","website":"","townhallAdress":"Saint Martial - 81120 - RONEL"},{"text":"ROQUECOURBE","href":"./81/roquecourbe.html","phone":"05 63 75 80 29","email":"mairie-roquecourbe@wanadoo.fr","population":"2279 habitants","website":"","townhallAdress":"1 rue Victor Laur - 81210 - ROQUECOURBE"},{"text":"ROQUEMAURE","href":"./81/roquemaure.html","phone":"05 61 84 01 18","email":"mairie.roquemaure@wanadoo.fr","population":"360 habitants","website":"","townhallAdress":"Village - 81800 - ROQUEMAURE"},{"text":"ROQUEVIDAL","href":"./81/roquevidal.html","phone":"05 63 58 70 90","email":"c.damiano@wanadoo.fr","population":"123 habitants","website":"","townhallAdress":"Le Bourg - 81470 - ROQUEVIDAL"},{"text":"ROSIERES","href":"./81/rosieres.html","phone":"05 63 76 53 23","email":"mairie.rosieres.tarn@wanadoo.fr","population":"743 habitants","website":"","townhallAdress":"Rue de la Mairie - 81400 - ROSIERES"},{"text":"ROUAIROUX","href":"./81/rouairoux.html","phone":"05 63 98 32 94","email":"mairie-rouairoux@wanadoo.fr","population":"387 habitants","website":"","townhallAdress":"Le Bourg - 81240 - ROUAIROUX"},{"text":"ROUFFIAC","href":"./81/rouffiac.html","phone":"05 63 54 22 92","email":"rouffiac.81@free.fr","population":"571 habitants","website":"","townhallAdress":"Le Bourg - 81150 - ROUFFIAC"},{"text":"ROUMEGOUX","href":"./81/roumegoux.html","phone":"05 63 55 60 37","email":"mairie.roumegoux@e-kiwi.fr","population":"235 habitants","website":"","townhallAdress":"Le Bourg - 81120 - ROUMEGOUX"},{"text":"ROUSSAYROLLES","href":"./81/roussayrolles.html","phone":"05 63 56 38 97","email":"secretariat@mairie-roussayrolles.fr","population":"71 habitants","website":"","townhallAdress":"Le Bourg - 81140 - ROUSSAYROLLES"},{"text":"SAINT AFFRIQUE LES MONTAGNES","href":"./81/saint-affrique-les-montagnes.html","phone":"05 63 50 25 45","email":"mairie-saint-affrique-les-montagnes@wanadoo.fr","population":"739 habitants","website":"","townhallAdress":"1 avenue des Platanes - 81290 - SAINT-AFFRIQUE-LES-MONTAGNES"},{"text":"SAINT AGNAN","href":"./81/saint-agnan.html","phone":"05 63 41 47 04","email":"stagnan.mairie@wanadoo.fr","population":"229 habitants","website":"","townhallAdress":"Le Bourg - 81500 - SAINT-AGNAN"},{"text":"SAINT AMANCET","href":"./81/saint-amancet.html","phone":"05 63 74 18 15","email":"","population":"175 habitants","website":"","townhallAdress":"Le Bourg - 81110 - SAINT-AMANCET"},{"text":"SAINT AMANS SOULT","href":"./81/saint-amans-soult.html","phone":"05 63 98 30 43","email":"mairie-soult@wanadoo.fr","population":"1763 habitants","website":"","townhallAdress":"22 route Nationale - 81240 - SAINT-AMANS-SOULT"},{"text":"SAINT AMANS VALTORET","href":"./81/saint-amans-valtoret.html","phone":"05 63 98 30 28","email":"mairie.st.amans.valtoret@wanadoo.fr","population":"941 habitants","website":"","townhallAdress":"Rue de la Mairie - 81240 - SAINT-AMANS-VALTORET"},{"text":"SAINT ANDRE","href":"./81/saint-andre.html","phone":"05 63 55 80 94","email":"mairie.st.andre@wanadoo.fr","population":"107 habitants","website":"","townhallAdress":"Le Bourg - 81250 - SAINT-ANDRE"},{"text":"SAINT ANTONIN DE LACALM","href":"./81/saint-antonin-de-lacalm.html","phone":"05 63 55 55 78","email":"mairie.stantonindelacalm@e-kiwi.fr","population":"244 habitants","website":"","townhallAdress":"Le Bourg - 81120 - SAINT-ANTONIN-DE-LACALM"},{"text":"SAINT AVIT","href":"./81/saint-avit.html","phone":"05 63 50 37 70","email":"mairie-stavit81@wanadoo.fr","population":"226 habitants","website":"","townhallAdress":"Le Bourg - 81110 - SAINT-AVIT"},{"text":"SAINT BEAUZILE","href":"./81/saint-beauzile.html","phone":"05 63 33 10 83","email":"","population":"115 habitants","website":"","townhallAdress":"Le Bourg - 81140 - SAINT-BEAUZILE"},{"text":"SAINT BENOIT DE CARMAUX","href":"./81/saint-benoit-de-carmaux.html","phone":"05 63 80 24 10","email":"mairie-stbenoit@wanadoo.fr","population":"2163 habitants","website":"","townhallAdress":"Place de la Mairie - 81400 - SAINT-BENOIT-DE-CARMAUX"},{"text":"SAINT CHRISTOPHE","href":"./81/saint-christophe.html","phone":"05 63 76 92 50","email":"info@comune.saint-christophe.ao.it","population":"129 habitants","website":"","townhallAdress":"Le Bourg - 81190 - SAINT-CHRISTOPHE"},{"text":"SAINT CIRGUE","href":"./81/saint-cirgue.html","phone":"05 63 56 41 96","email":"mairie-st-cirgue@wanadoo.fr","population":"223 habitants","website":"","townhallAdress":"Le Bourg - 81340 - SAINT-CIRGUE"},{"text":"SAINTE CECILE DU CAYROU","href":"./81/sainte-cecile-du-cayrou.html","phone":"05 63 33 11 50","email":"mairie.saintececileducayrou@wanadoo.fr","population":"125 habitants","website":"","townhallAdress":"Le Bourg - 81140 - SAINTE-CECILE-DU-CAYROU"},{"text":"SAINTE CROIX","href":"./81/sainte-croix.html","phone":"05 63 56 82 90","email":"mairiedesaintecroix.tarn@orange.fr","population":"346 habitants","website":"","townhallAdress":"Le Bourg - 81150 - SAINTE-CROIX"},{"text":"SAINTE GEMME","href":"./81/sainte-gemme.html","phone":"05 63 76 66 98","email":"mairie.saintegemme@wanadoo.fr","population":"788 habitants","website":"","townhallAdress":"Le Bourg - 81190 - SAINTE-GEMME"},{"text":"SAINT GAUZENS","href":"./81/saint-gauzens.html","phone":"05 63 58 40 47","email":"mairie-st-gauzens@wanadoo.fr","population":"741 habitants","website":"","townhallAdress":"Le Bourg - 81390 - SAINT-GAUZENS"},{"text":"SAINT GENEST DE CONTEST","href":"./81/saint-genest-de-contest.html","phone":"05 63 55 51 41","email":"mairie.stgenestdecontest@wanadoo.fr","population":"249 habitants","website":"","townhallAdress":"Saint Genest l'Eglise - 81440 - SAINT-GENEST-DE-CONTEST"},{"text":"SAINT GERMAIN DES PRES","href":"./81/saint-germain-des-pres.html","phone":"05 63 75 54 55","email":"mairie.saintgermain81@e-kiwi.fr","population":"805 habitants","website":"","townhallAdress":"Saint Germain - 81700 - SAINT-GERMAIN-DES-PRES"},{"text":"SAINT GERMIER","href":"./81/saint-germier.html","phone":"05 63 59 40 23","email":"mairiestgermier@wanadoo.fr","population":"146 habitants","website":"","townhallAdress":"Le Bourg - 81210 - SAINT-GERMIER"},{"text":"SAINT GREGOIRE","href":"./81/saint-gregoire.html","phone":"05 63 55 13 60","email":"mairie.stgregoire81@e-kiwi.fr","population":"425 habitants","website":"","townhallAdress":"Le Bourg - 81350 - SAINT-GREGOIRE"},{"text":"SAINT JEAN DE MARCEL","href":"./81/saint-jean-de-marcel.html","phone":"05 63 76 58 12","email":"mairie.stjeandemarcel@orange.fr","population":"330 habitants","website":"","townhallAdress":"Le Bourg - 81350 - SAINT-JEAN-DE-MARCEL"},{"text":"SAINT JEAN DE RIVES","href":"./81/saint-jean-de-rives.html","phone":"05 63 41 66 00","email":"stjeanderives.mairie@wanadoo.fr","population":"365 habitants","website":"","townhallAdress":"7 rue Castelas - 81500 - SAINT-JEAN-DE-RIVES"},{"text":"SAINT JEAN DE VALS","href":"./81/saint-jean-de-vals.html","phone":"05 63 72 21 49","email":"mairie.saintjeandevals@orange.fr","population":"64 habitants","website":"","townhallAdress":"Le Bourg - 81210 - SAINT-JEAN-DE-VALS"},{"text":"SAINT JUERY","href":"./81/saint-juery.html","phone":"05 63 78 22 80","email":"mairie@ville-saint-juery.fr","population":"7191 habitants","website":"","townhallAdress":"Place de la Mairie - 81160 - SAINT-JUERY"},{"text":"SAINT JULIEN DU PUY","href":"./81/saint-julien-du-puy.html","phone":"05 63 42 00 18","email":"mairie.stjuliendupuy@wanadoo.fr","population":"393 habitants","website":"","townhallAdress":"La Bartelle - 81440 - SAINT-JULIEN-DU-PUY"},{"text":"SAINT JULIEN GAULENE","href":"./81/saint-julien-gaulene.html","phone":"05 63 53 42 52","email":"mairie.st.julien.gaulene@wanadoo.fr","population":"187 habitants","website":"","townhallAdress":"Saint Julien - 81340 - SAINT-JULIEN-GAULENE"},{"text":"SAINT LIEUX LAFENASSE","href":"./81/saint-lieux-lafenasse.html","phone":"05 63 55 53 95","email":"mairie.lafenasse@wanadoo.fr","population":"432 habitants","website":"","townhallAdress":"2 place Jacques Durand - 81120 - SAINT-LIEUX-LAFENASSE"},{"text":"SAINT LIEUX LES LAVAUR","href":"./81/saint-lieux-les-lavaur.html","phone":"05 63 41 62 77","email":"","population":"827 habitants","website":"","townhallAdress":"Le Bourg - 81500 - SAINT-LIEUX-LES-LAVAUR"},{"text":"SAINT MARCEL CAMPES","href":"./81/saint-marcel-campes.html","phone":"05 63 56 08 19","email":"commune.st-marcel.campes.tarn@wanadoo.fr","population":"244 habitants","website":"","townhallAdress":"Campes - 81170 - SAINT-MARCEL-CAMPES"},{"text":"SAINT MARTIN LAGUEPIE","href":"./81/saint-martin-laguepie.html","phone":"05 63 30 24 59","email":"mairie.st-martin-laguepie@wanadoo.fr","population":"448 habitants","website":"","townhallAdress":"Le Bourg - 81170 - SAINT-MARTIN-LAGUEPIE"},{"text":"SAINT MICHEL DE VAX","href":"./81/saint-michel-de-vax.html","phone":"05 63 56 39 09","email":"mairiedesaintmichel@wanadoo.fr","population":"69 habitants","website":"","townhallAdress":"Le Bourg - 81140 - SAINT-MICHEL-DE-VAX"},{"text":"SAINT MICHEL LABADIE","href":"./81/saint-michel-labadie.html","phone":"05 63 53 40 16","email":"mairie.st.michel.labadie@wanadoo.fr","population":"100 habitants","website":"","townhallAdress":"Le Bourg - 81340 - SAINT-MICHEL-LABADIE"},{"text":"SAINT PAUL CAP DE JOUX","href":"./81/saint-paul-cap-de-joux.html","phone":"05 63 70 60 18","email":"mairiesaintpaul@wanadoo.fr","population":"1062 habitants","website":"","townhallAdress":"Place de l'Hôtel de Ville - 81220 - SAINT-PAUL-CAP-DE-JOUX"},{"text":"SAINT PIERRE DE TRIVISY","href":"./81/saint-pierre-de-trivisy.html","phone":"05 63 50 42 17","email":"communedestpierredetrivisy@wanadoo.fr","population":"621 habitants","website":"","townhallAdress":"Place de la Mairie - 81330 - SAINT-PIERRE-DE-TRIVISY"},{"text":"SAINT SALVI DE CARCAVES","href":"./81/saint-salvi-de-carcaves.html","phone":"05 63 37 56 76","email":"mairie.stsalvi@orange.fr","population":"92 habitants","website":"","townhallAdress":"Le Bourg - 81530 - SAINT-SALVI-DE-CARCAVES"},{"text":"SAINT SALVY DE LA BALME","href":"./81/saint-salvy-de-la-balme.html","phone":"05 63 50 52 00","email":"mairiesaintsalvy@wanadoo.fr","population":"588 habitants","website":"","townhallAdress":"Rue Albanie Moulis - 81490 - SAINT-SALVY-DE-LA-BALME"},{"text":"SAINT SERNIN LES LAVAUR","href":"./81/saint-sernin-les-lavaur.html","phone":"05 63 75 01 10","email":"stserninleslavaur.mairie@wanadoo.fr","population":"124 habitants","website":"","townhallAdress":"Le Bourg - 81700 - SAINT-SERNIN-LES-LAVAUR"},{"text":"SAINT SULPICE DE LA POINTE","href":"./81/saint-sulpice-de-la-pointe.html","phone":"05 63 40 22 00","email":"mairie@ville-saint-sulpice-81.fr","population":"7624 habitants","website":"","townhallAdress":"Avenue Auguste Milhes - 81370 - SAINT-SULPICE-DE-LA-POINTE"},{"text":"SAINT URCISSE","href":"./81/saint-urcisse.html","phone":"05 63 33 51 95","email":"mairie.saint-urcisse@wanadoo.fr","population":"223 habitants","website":"","townhallAdress":"Le Bourg - 81630 - SAINT-URCISSE"},{"text":"SAIX","href":"./81/saix.html","phone":"05 63 74 71 76","email":"mairie@ville-saix.fr","population":"3448 habitants","website":"","townhallAdress":"2 place Jean Jaures - 81710 - SAIX"},{"text":"SALIES","href":"./81/salies.html","phone":"05 63 48 19 30","email":"mairie-salie@wanadoo.fr","population":"778 habitants","website":"","townhallAdress":"Le Bourg - 81990 - SALIES"},{"text":"SALLES","href":"./81/salles.html","phone":"05 63 76 13 59","email":"sallessurcerou.mairie@wanadoo.fr","population":"200 habitants","website":"","townhallAdress":"Mairie - 81640 - SALLES"},{"text":"SALVAGNAC","href":"./81/salvagnac.html","phone":"05 63 33 50 18","email":"mairie.salvagnac@wanadoo.fr","population":"1056 habitants","website":"","townhallAdress":"Place de la Mairie - 81630 - SALVAGNAC"},{"text":"SAUSSENAC","href":"./81/saussenac.html","phone":"05 63 56 52 53","email":"mairie.saussenac@wanadoo.fr","population":"492 habitants","website":"","townhallAdress":"Le Bourg - 81350 - SAUSSENAC"},{"text":"SAUVETERRE","href":"./81/sauveterre.html","phone":"05 63 98 40 34","email":"sauveterre81@orange.fr","population":"174 habitants","website":"","townhallAdress":"Le Bourg - 81240 - SAUVETERRE"},{"text":"SEMALENS","href":"./81/semalens.html","phone":"05 63 71 74 43","email":"mairie-de-semalens@semalens.cegeteldsl.com","population":"2048 habitants","website":"","townhallAdress":"2 Les Promenades - 81570 - SEMALENS"},{"text":"SENAUX","href":"./81/senaux.html","phone":"05 63 37 26 25","email":"mairie.senaux@wanadoo.fr","population":"42 habitants","website":"","townhallAdress":"Le Bourg - 81530 - SENAUX"},{"text":"SENOUILLAC","href":"./81/senouillac.html","phone":"05 63 41 71 98","email":"mairiesenouillac@wanadoo.fr","population":"1097 habitants","website":"","townhallAdress":"7 avenue des Vignes - 81600 - SENOUILLAC"},{"text":"SERENAC","href":"./81/serenac.html","phone":"05 63 56 43 46","email":"serenac@wanadoo.fr","population":"483 habitants","website":"","townhallAdress":"Le Bourg - 81350 - SERENAC"},{"text":"SERVIES","href":"./81/servies.html","phone":"05 63 82 51 60","email":"mairie-servies@wanadoo.fr","population":"621 habitants","website":"","townhallAdress":"Le Bourg - 81220 - SERVIES"},{"text":"SIEURAC","href":"./81/sieurac.html","phone":"05 63 55 56 55","email":"mairie.sieurac@orange.fr","population":"260 habitants","website":"","townhallAdress":"Le Bourg - 81120 - SIEURAC"},{"text":"SOREZE","href":"./81/soreze.html","phone":"05 63 74 40 30","email":"mairie@ville-soreze.fr","population":"2609 habitants","website":"","townhallAdress":"Allée Ravelin - 81540 - SOREZE"},{"text":"SOUAL","href":"./81/soual.html","phone":"05 63 75 52 49","email":"mairie-de-soual@wanadoo.fr","population":"2175 habitants","website":"","townhallAdress":"Place de la Mairie - 81580 - SOUAL"},{"text":"SOUEL","href":"./81/souel.html","phone":"05 63 56 17 28","email":"mairie.souel@wanadoo.fr","population":"180 habitants","website":"","townhallAdress":"Le Bourg - 81170 - SOUEL"},{"text":"TAIX","href":"./81/taix.html","phone":"05 63 56 25 19","email":"mairie.taix@wanadoo.fr","population":"328 habitants","website":"","townhallAdress":"Le Bourg - 81130 - TAIX"},{"text":"TANUS","href":"./81/tanus.html","phone":"05 63 76 36 79","email":"mairie.tanus@wanadoo.fr","population":"547 habitants","website":"","townhallAdress":"Avenue Paul Bodin - 81190 - TANUS"},{"text":"TAURIAC","href":"./81/tauriac.html","phone":"05 63 40 55 22","email":"mairietauriac81@orange.fr","population":"229 habitants","website":"","townhallAdress":"Le Bourg - 81630 - TAURIAC"},{"text":"TECOU","href":"./81/tecou.html","phone":"05 63 33 01 43","email":"mairie-de-tecou@wanadoo.fr","population":"911 habitants","website":"","townhallAdress":"22, Le Bourg - 81600 - TECOU"},{"text":"TEILLET","href":"./81/teillet.html","phone":"05 63 55 70 08","email":"mairie-teillet@wanadoo.fr","population":"453 habitants","website":"","townhallAdress":"Le Bourg - 81120 - TEILLET"},{"text":"TERRE CLAPIER","href":"./81/terre-clapier.html","phone":"05 63 55 71 53","email":"mairie.terreclapier@wanadoo.fr","population":"247 habitants","website":"","townhallAdress":"Le Bourg - 81120 - TERRE-CLAPIER"},{"text":"TERSSAC","href":"./81/terssac.html","phone":"05 63 54 39 30","email":"mairie-de-terssac@wanadoo.fr","population":"1029 habitants","website":"","townhallAdress":"Rue de la Mairie - 81150 - TERSSAC"},{"text":"TEULAT","href":"./81/teulat.html","phone":"05 63 58 74 08","email":"teulat.mairie262@orange.fr","population":"447 habitants","website":"","townhallAdress":"Le Bourg - 81500 - TEULAT"},{"text":"TEYSSODE","href":"./81/teyssode.html","phone":"05 63 70 62 22","email":"mairie.teyssode@wanadoo.fr","population":"359 habitants","website":"","townhallAdress":"Le Bourg - 81220 - TEYSSODE"},{"text":"TONNAC","href":"./81/tonnac.html","phone":"05 63 56 35 69","email":"tonnac81.mairie@wanadoo.fr","population":"128 habitants","website":"","townhallAdress":"Le Bourg - 81170 - TONNAC"},{"text":"TREBAN","href":"./81/treban.html","phone":"05 63 76 39 93","email":"mairie.treban@orange.fr","population":"46 habitants","website":"","townhallAdress":"Le Bourg - 81190 - TREBAN"},{"text":"TREBAS","href":"./81/trebas.html","phone":"05 63 55 85 47","email":"trebaslesbains@free.fr","population":"421 habitants","website":"","townhallAdress":"Le Bourg - 81340 - TREBAS"},{"text":"TREVIEN","href":"./81/trevien.html","phone":"05 63 76 16 84","email":"catrevien@wanadoo.fr","population":"185 habitants","website":"","townhallAdress":"La Pastrie - 81190 - TREVIEN"},{"text":"VABRE","href":"./81/vabre.html","phone":"05 63 74 40 60","email":"mairie.vabre@wanadoo.fr","population":"843 habitants","website":"","townhallAdress":"3 place de la Mairie - 81330 - VABRE"},{"text":"VALDERIES","href":"./81/valderies.html","phone":"05 63 56 50 05","email":"mairie.valderies@wanadoo.fr","population":"916 habitants","website":"","townhallAdress":"Le Bourg - 81350 - VALDERIES"},{"text":"VALDURENQUE","href":"./81/valdurenque.html","phone":"05 63 50 51 18","email":"mairiedevaldurenque@wanadoo.fr","population":"733 habitants","website":"","townhallAdress":"Avenue de Castres - 81090 - VALDURENQUE"},{"text":"VALENCE D ALBIGEOIS","href":"./81/valence-d-albigeois.html","phone":"05 63 53 41 00","email":"mairievalence81@wanadoo.fr","population":"1286 habitants","website":"","townhallAdress":"Rue de la Mairie - 81340 - VALENCE-D'ALBIGEOIS"},{"text":"VAOUR","href":"./81/vaour.html","phone":"05 63 56 30 41","email":"mairie.vaour@wanadoo.fr","population":"298 habitants","website":"","townhallAdress":"Le Bourg - 81140 - VAOUR"},{"text":"VEILHES","href":"./81/veilhes.html","phone":"05 63 58 71 01","email":"mairie.veilhes@orange.fr","population":"108 habitants","website":"","townhallAdress":"Mairie Le Bourg - 81500 - VEILHES"},{"text":"VENES","href":"./81/venes.html","phone":"05 63 75 91 14","email":"mairie.venes@orange.fr","population":"732 habitants","website":"","townhallAdress":"Le Bourg - 81440 - VENES"},{"text":"VERDALLE","href":"./81/verdalle.html","phone":"05 63 50 32 48","email":"mairie.verdalle@wanadoo.fr","population":"1150 habitants","website":"","townhallAdress":"Le Bourg - 81110 - VERDALLE"},{"text":"VIANE","href":"./81/viane.html","phone":"05 63 37 50 34","email":"mairie-viane81@wanadoo.fr","population":"670 habitants","website":"","townhallAdress":"Place du Petit Train - 81530 - VIANE"},{"text":"VIELMUR SUR AGOUT","href":"./81/vielmur-sur-agout.html","phone":"05 63 74 30 11","email":"vielmur.mairie@wanadoo.fr","population":"1363 habitants","website":"","townhallAdress":"Place de l'Esplanade - 81570 - VIELMUR-SUR-AGOUT"},{"text":"VIEUX","href":"./81/vieux.html","phone":"05 63 33 92 14","email":"commune.vieux@wanadoo.fr","population":"177 habitants","website":"","townhallAdress":"Le Bourg - 81140 - VIEUX"},{"text":"VILLEFRANCHE D ALBIGEOIS","href":"./81/villefranche-d-albigeois.html","phone":"05 63 55 30 15","email":"villefranche.dalbigeois@wanadoo.fr","population":"1070 habitants","website":"","townhallAdress":"Place de la Mairie - 81430 - VILLEFRANCHE-D'ALBIGEOIS"},{"text":"VILLENEUVE LES LAVAUR","href":"./81/villeneuve-les-lavaur.html","phone":"05 63 58 71 06","email":"villeneuve.les.lavaur.mairie@wanadoo.fr","population":"142 habitants","website":"","townhallAdress":"Place de l'Eglise - 81500 - VILLENEUVE-LES-LAVAUR"},{"text":"VILLENEUVE SUR VERE","href":"./81/villeneuve-sur-vere.html","phone":"05 63 56 82 00","email":"villeneuvesurvere@wanadoo.fr","population":"426 habitants","website":"","townhallAdress":"Le Bourg - 81130 - VILLENEUVE-SUR-VERE"},{"text":"VINDRAC ALAYRAC","href":"./81/vindrac-alayrac.html","phone":"05 63 56 26 10","email":"mairiedevindrac@wanadoo.fr","population":"156 habitants","website":"","townhallAdress":"Le Bourg - 81170 - VINDRAC-ALAYRAC"},{"text":"VIRAC","href":"./81/virac.html","phone":"05 63 56 24 56","email":"mairiedevirac@orange.fr","population":"232 habitants","website":"","townhallAdress":"Le Bourg - 81640 - VIRAC"},{"text":"VITERBE","href":"./81/viterbe.html","phone":"05 63 70 61 84","email":"mairie.de.viterbe@wanadoo.fr","population":"350 habitants","website":"","townhallAdress":"Le Bourg - 81220 - VITERBE"},{"text":"VIVIERS LES LAVAUR","href":"./81/viviers-les-lavaur.html","phone":"05 63 58 75 99","email":"mairie@viviers-les-lavaur.org","population":"186 habitants","website":"","townhallAdress":"Le Bourg - 81500 - VIVIERS-LES-LAVAUR"},{"text":"VIVIERS LES MONTAGNES","href":"./81/viviers-les-montagnes.html","phone":"05 63 74 77 03","email":"mairie.vivierslesmontagnes@wanadoo.fr","population":"1727 habitants","website":"","townhallAdress":"1 place de la Mairie - 81290 - VIVIERS-LES-MONTAGNES"}]}