{"text":"90 | Territoire de Belfort","href":"territoire-de-belfort.html","townships":[{"text":"ANDELNANS","href":"./90/andelnans.html","phone":"03 84 56 12 05","email":"mairie.andelnans@libertysurf.fr","population":"1277 habitants","website":"","townhallAdress":"5 rue Peintre Maurice Ehlinger - 90400 - ANDELNANS"},{"text":"ANGEOT","href":"./90/angeot.html","phone":"03 84 23 84 87","email":"mairie.angeot@wanadoo.fr","population":"307 habitants","website":"","townhallAdress":"2 rue de l'Ecole - 90150 - ANGEOT"},{"text":"ANJOUTEY","href":"./90/anjoutey.html","phone":"03 84 54 66 45","email":"mairie.danjoutey@wanadoo.fr","population":"675 habitants","website":"","townhallAdress":"1 rue Frairie - 90170 - ANJOUTEY"},{"text":"ARGIESANS","href":"./90/argiesans.html","phone":"03 84 28 12 33","email":"mairie-argiesans@wanadoo.fr","population":"460 habitants","website":"","townhallAdress":"23 rue Charles de Gaulle - 90800 - ARGIESANS"},{"text":"AUTRECHENE","href":"./90/autrechene.html","phone":"03 84 23 46 74","email":"mairie.autrechene@wanadoo.fr","population":"316 habitants","website":"","townhallAdress":"2 impasse de la Mairie - 90140 - AUTRECHENE"},{"text":"AUXELLES BAS","href":"./90/auxelles-bas.html","phone":"03 84 29 32 93","email":"commune.auxelles.bas@wanadoo.fr","population":"483 habitants","website":"","townhallAdress":"3 rue des Ecoles - 90200 - AUXELLES-BAS"},{"text":"AUXELLES HAUT","href":"./90/auxelles-haut.html","phone":"03 84 29 52 01","email":"mairie.auxelleshaut@wanadoo.fr","population":"316 habitants","website":"","townhallAdress":"18 rue des Bruyères - 90200 - AUXELLES-HAUT"},{"text":"BANVILLARS","href":"./90/banvillars.html","phone":"03 84 28 59 90","email":"mairie.banvillars@wanadoo.fr","population":"280 habitants","website":"","townhallAdress":"1 rue Argiesans - 90800 - BANVILLARS"},{"text":"BAVILLIERS","href":"./90/bavilliers.html","phone":"03 84 57 38 88","email":"mairie@bavilliers.fr","population":"4969 habitants","website":"","townhallAdress":"38 Grande Rue Mitterrand - 90800 - BAVILLIERS"},{"text":"BEAUCOURT","href":"./90/beaucourt.html","phone":"03 84 58 75 75","email":"contact@ville-beaucourt.fr","population":"5095 habitants","website":"","townhallAdress":"Place Roger Salengro - 90500 - BEAUCOURT"},{"text":"BELFORT","href":"./90/belfort.html","phone":"03 84 54 24 24","email":"courrier@mairie-belfort.fr","population":"52342 habitants","website":"","townhallAdress":"Place des Armes - 90000 - BELFORT"},{"text":"BERMONT","href":"./90/bermont.html","phone":"03 84 56 00 21","email":"mairie.bermont@wanadoo.fr","population":"315 habitants","website":"","townhallAdress":"10 Grande Rue - 90400 - BERMONT"},{"text":"BESSONCOURT","href":"./90/bessoncourt.html","phone":"03 84 29 93 67","email":"bessoncourt.mairie@wanadoo.fr","population":"979 habitants","website":"","townhallAdress":"19 rue des Magnolias - 90160 - BESSONCOURT"},{"text":"BETHONVILLIERS","href":"./90/bethonvilliers.html","phone":"03 84 23 87 40","email":"mairie.bethonvilliers@wanadoo.fr","population":"254 habitants","website":"","townhallAdress":"4 chemin du Canal du Moulin - 90150 - BETHONVILLIERS"},{"text":"BORON","href":"./90/boron.html","phone":"03 84 23 30 96","email":"mairie.boron@wanadoo.fr","population":"417 habitants","website":"","townhallAdress":"7 rue de la Libération - 90100 - BORON"},{"text":"BOTANS","href":"./90/botans.html","phone":"03 84 56 11 19","email":"mairie.debotans@wanadoo.fr","population":"282 habitants","website":"","townhallAdress":"4 Grande Rue - 90400 - BOTANS"},{"text":"BOURG SOUS CHATELET","href":"./90/bourg-sous-chatelet.html","phone":"03 84 23 00 73","email":"mairiedebourg@wanadoo.fr","population":"132 habitants","website":"","townhallAdress":"15 rue de la Forêt - 90110 - BOURG-SOUS-CHATELET"},{"text":"BOUROGNE","href":"./90/bourogne.html","phone":"03 84 27 81 73","email":"mairie.bourogne@wanadoo.fr","population":"1962 habitants","website":"","townhallAdress":"5 rue des écoles - 90140 - BOUROGNE"},{"text":"BREBOTTE","href":"./90/brebotte.html","phone":"03 84 23 30 61","email":"mairie.brebotte90@wanadoo.fr","population":"336 habitants","website":"","townhallAdress":"Place de la mairie - 90140 - BREBOTTE"},{"text":"BRETAGNE","href":"./90/bretagne.html","phone":"03 84 23 37 44","email":"mairie-bretagne@wanadoo.fr","population":"247 habitants","website":"","townhallAdress":"1 route de Grosne - 90130 - BRETAGNE"},{"text":"BUC","href":"./90/buc.html","phone":"03 84 56 89 03","email":"mairie-buc90@wanadoo.fr","population":"318 habitants","website":"","townhallAdress":"7 rue du Général Charles de Gaulle - 90800 - BUC"},{"text":"CHARMOIS","href":"./90/charmois.html","phone":"03 84 27 72 20","email":"mairie.charmois@wanadoo.fr","population":"298 habitants","website":"","townhallAdress":"3 rue Froidefontaine - 90140 - CHARMOIS"},{"text":"CHATENOIS LES FORGES","href":"./90/chatenois-les-forges.html","phone":"03 84 29 40 67","email":"chatenois.mairie@wanadoo.fr","population":"2846 habitants","website":"","townhallAdress":"84 rue du Général de Gaulle - 90700 - CHATENOIS-LES-FORGES"},{"text":"CHAUX","href":"./90/chaux.html","phone":"03 84 27 10 30","email":"mairie.chaux90@wanadoo.fr","population":"1094 habitants","website":"","townhallAdress":"1 rue Saint Martin - 90330 - CHAUX"},{"text":"CHAVANATTE","href":"./90/chavanatte.html","phone":"03 84 29 67 44","email":"mairie.chavanatte@laposte.net","population":"157 habitants","website":"","townhallAdress":"21 rue Principale - 90100 - CHAVANATTE"},{"text":"CHAVANNES LES GRANDS","href":"./90/chavannes-les-grands.html","phone":"03 84 23 30 23","email":"mairie-chavanneslesgrands@wanadoo.fr","population":"317 habitants","website":"","townhallAdress":"8 rue de l'Eglise - 90100 - CHAVANNES-LES-GRANDS"},{"text":"CHEVREMONT","href":"./90/chevremont.html","phone":"03 84 21 08 56","email":"commune-chevremont@wanadoo.fr","population":"1455 habitants","website":"","townhallAdress":"2 rue de l'Eglise - 90340 - CHEVREMONT"},{"text":"COURCELLES","href":"./90/courcelles.html","phone":"03 84 29 64 28","email":"courcellesmairie@orange.fr","population":"123 habitants","website":"","townhallAdress":"1 rue d'Ajoie - 90100 - COURCELLES"},{"text":"COURTELEVANT","href":"./90/courtelevant.html","phone":"03 84 29 68 12","email":"mairie-courtelevant@wanadoo.fr","population":"398 habitants","website":"","townhallAdress":"5 rue de l'Eglise - 90100 - COURTELEVANT"},{"text":"CRAVANCHE","href":"./90/cravanche.html","phone":"03 84 26 07 10","email":"contact@cravanche.fr","population":"1933 habitants","website":"","townhallAdress":"2 rue Pierre et Marie Curie - 90300 - CRAVANCHE"},{"text":"CROIX","href":"./90/croix.html","phone":"03 84 36 23 23","email":"mairie.croix90@wanadoo.fr","population":"165 habitants","website":"","townhallAdress":"22 rue Principale - 90100 - CROIX"},{"text":"CUNELIERES","href":"./90/cunelieres.html","phone":"03 84 23 30 36","email":"mairie-cunelieres@orange.fr","population":"289 habitants","website":"","townhallAdress":"23 rue des Orgues - 90150 - CUNELIERES"},{"text":"DANJOUTIN","href":"./90/danjoutin.html","phone":"03 84 28 24 21","email":"secretariat@mairiedanjoutin.fr","population":"3650 habitants","website":"","townhallAdress":"44 rue du Docteur Jacquot - 90400 - DANJOUTIN"},{"text":"DELLE","href":"./90/delle.html","phone":"03 84 36 66 66","email":"mairie@delle.fr","population":"6159 habitants","website":"","townhallAdress":"1 place François Mitterrand - 90100 - DELLE"},{"text":"DENNEY","href":"./90/denney.html","phone":"03 84 29 82 04","email":"mairie@denney.fr","population":"776 habitants","website":"","townhallAdress":"Place Yvau Damidaux - 90160 - DENNEY"},{"text":"DORANS","href":"./90/dorans.html","phone":"03 84 56 10 27","email":"mairie.dorans@wanadoo.fr","population":"584 habitants","website":"","townhallAdress":"10 rue des Lilas - 90400 - DORANS"},{"text":"EGUENIGUE","href":"./90/eguenigue.html","phone":"03 84 29 86 19","email":"mairie.eguenigue@wanadoo.fr","population":"280 habitants","website":"","townhallAdress":"8 rue Jean Moulin - 90150 - EGUENIGUE"},{"text":"ELOIE","href":"./90/eloie.html","phone":"03 84 26 04 34","email":"eloie.mairie@wanadoo.fr","population":"972 habitants","website":"","townhallAdress":"31 Grande Rue - 90300 - ELOIE"},{"text":"ESSERT","href":"./90/essert.html","phone":"03 84 21 33 20","email":"mairie@essert-france.eu","population":"3240 habitants","website":"","townhallAdress":"17 bis rue De Lattre De Tassigny - 90850 - ESSERT"},{"text":"ETUEFFONT","href":"./90/etueffont.html","phone":"03 84 54 60 40","email":"etueffont.mairie@wanadoo.fr","population":"1552 habitants","website":"","townhallAdress":"1 rue Rougemont - 90170 - ETUEFFONT"},{"text":"EVETTE SALBERT","href":"./90/evette-salbert.html","phone":"03 84 29 21 20","email":"mairie@evettesalbert.fr","population":"2114 habitants","website":"","townhallAdress":"Rue des 5 Frères Jardot - 90350 - EVETTE-SALBERT"},{"text":"FAVEROIS","href":"./90/faverois.html","phone":"03 84 36 05 16","email":"mairie.faverois@wanadoo.fr","population":"523 habitants","website":"","townhallAdress":"1 rue de Suarce - 90100 - FAVEROIS"},{"text":"FECHE L EGLISE","href":"./90/feche-l-eglise.html","phone":"03 84 36 06 38","email":"mairie.feche@wanadoo.fr","population":"785 habitants","website":"","townhallAdress":"16 Grande Rue - 90100 - FECHE-L'EGLISE"},{"text":"FELON","href":"./90/felon.html","phone":"03 84 23 07 70","email":"mairiefelon@orange.fr","population":"253 habitants","website":"","townhallAdress":"Rue de l'Eglise - 90110 - FELON"},{"text":"FLORIMONT","href":"./90/florimont.html","phone":"03 84 29 67 24","email":"mairie.de.florimont@wanadoo.fr","population":"423 habitants","website":"","townhallAdress":"Mairie - 90100 - FLORIMONT"},{"text":"FONTAINE","href":"./90/fontaine.html","phone":"03 84 23 80 12","email":"fontaine.mairie@wanadoo.fr","population":"622 habitants","website":"","townhallAdress":"1 place de Turenne - 90150 - FONTAINE"},{"text":"FONTENELLE","href":"./90/fontenelle.html","phone":"03 84 23 44 93","email":"mairie.fontenelle90@wanadoo.fr","population":"116 habitants","website":"","townhallAdress":"6 rue des Chenevières - 90340 - FONTENELLE"},{"text":"FOUSSEMAGNE","href":"./90/foussemagne.html","phone":"03 84 23 34 40","email":"secretariat@foussemagne.com","population":"943 habitants","website":"","townhallAdress":"11 rue d'Alsace - 90150 - FOUSSEMAGNE"},{"text":"FRAIS","href":"./90/frais.html","phone":"03 84 23 82 62","email":"mairie.frais90@orange.fr","population":"242 habitants","website":"","townhallAdress":"2 rue Charron - 90150 - FRAIS"},{"text":"FROIDEFONTAINE","href":"./90/froidefontaine.html","phone":"03 84 27 84 20","email":"mairie.froidefontaine@wanadoo.fr","population":"469 habitants","website":"","townhallAdress":"17 rue Principale - 90140 - FROIDEFONTAINE"},{"text":"GIROMAGNY","href":"./90/giromagny.html","phone":"03 84 27 14 18","email":"mairie@giromagny.fr","population":"3348 habitants","website":"","townhallAdress":"28 Grande Rue - 90200 - GIROMAGNY"},{"text":"GRANDVILLARS","href":"./90/grandvillars.html","phone":"03 84 27 80 34","email":"mairie.grandvillars@wanadoo.fr","population":"3191 habitants","website":"","townhallAdress":"9 rue Kléber - 90600 - GRANDVILLARS"},{"text":"GROSMAGNY","href":"./90/grosmagny.html","phone":"03 84 29 33 03","email":"mairie.grosmagny@wanadoo.fr","population":"541 habitants","website":"","townhallAdress":"1 rue des Etangs - 90200 - GROSMAGNY"},{"text":"GROSNE","href":"./90/grosne.html","phone":"03 84 23 37 61","email":"mairie.grosne@wanadoo.fr","population":"307 habitants","website":"","townhallAdress":"21 rue Charles de Gaulle - 90100 - GROSNE"},{"text":"JONCHEREY","href":"./90/joncherey.html","phone":"03 84 36 01 46","email":"mairie.joncherey@orange.fr","population":"1380 habitants","website":"","townhallAdress":"3 Place de l�Eglise - 90100 - JONCHEREY"},{"text":"LACHAPELLE SOUS CHAUX","href":"./90/lachapelle-sous-chaux.html","phone":"03 84 29 20 04","email":"mairie.lsc@wanadoo.fr","population":"702 habitants","website":"","townhallAdress":"4 rue Rhome - 90300 - LACHAPELLE-SOUS-CHAUX"},{"text":"LACHAPELLE SOUS ROUGEMONT","href":"./90/lachapelle-sous-rougemont.html","phone":"03 84 27 60 68","email":"mairielachapelle-rougemont@wanadoo.fr","population":"521 habitants","website":"","townhallAdress":"29 rue du Général Charles de Gaulle - 90360 - LACHAPELLE-SOUS-ROUGEMONT"},{"text":"LACOLLONGE","href":"./90/lacollonge.html","phone":"09.63.66.43.29","email":"mairie.lacollonge@wanadoo.fr","population":"259 habitants","website":"","townhallAdress":"14 rue de la mairie - 90150 - LACOLLONGE"},{"text":"LAGRANGE","href":"./90/lagrange.html","phone":"03 84 23 85 61","email":"mairie.lagrange@wanadoo.fr","population":"100 habitants","website":"","townhallAdress":"9 rue L'Escarcette - 90150 - LAGRANGE"},{"text":"LAMADELEINE VAL DES ANGES","href":"./90/lamadeleine-val-des-anges.html","phone":"03 84 54 79 29","email":"lamadeleine-valdesanges@wanadoo.fr","population":"33 habitants","website":"","townhallAdress":"Le Bourg - 90170 - LAMADELEINE-VAL-DES-ANGES"},{"text":"LARIVIERE","href":"./90/lariviere.html","phone":"03 84 23 88 83","email":"mairie.lariviere@wanadoo.fr","population":"293 habitants","website":"","townhallAdress":"1 rue Margrabant - 90150 - LARIVIERE"},{"text":"LEBETAIN","href":"./90/lebetain.html","phone":"03 84 36 05 08","email":"lebetain.mairie@wanadoo.fr","population":"464 habitants","website":"","townhallAdress":"1 rue Côteau Français - 90100 - LEBETAIN"},{"text":"LEPUIX GY","href":"./90/lepuix-gy.html","phone":"03 84 29 32 45","email":"mairielepuix-gy@wanadoo.fr","population":"1128 habitants","website":"","townhallAdress":"11 rue de l'Eglise - B.P. 37 - 90200 - LEPUIX-GY"},{"text":"LEPUIX NEUF","href":"./90/lepuix-neuf.html","phone":"03 84 29 66 90","email":"lepuixneuf.mairie@free.fr","population":"266 habitants","website":"","townhallAdress":"Place de l'Amitié et de la Fraternité - 90100 - LEPUIX-NEUF"},{"text":"LEVAL","href":"./90/leval.html","phone":"03 84 23 08 72","email":"mairie.de.leval@wanadoo.fr","population":"184 habitants","website":"","townhallAdress":"21 rue Principale - 90110 - LEVAL"},{"text":"MENONCOURT","href":"./90/menoncourt.html","phone":"03 84 29 90 47","email":"mairie.menoncourt@wanadoo.fr","population":"403 habitants","website":"","townhallAdress":"7 rue du Vieux Lavoir - 90150 - MENONCOURT"},{"text":"MEROUX","href":"./90/meroux.html","phone":"03 84 56 04 30","email":"mairie.meroux@wanadoo.fr","population":"844 habitants","website":"","townhallAdress":"2 place de la mairie - 90400 - MEROUX"},{"text":"MEZIRE","href":"./90/mezire.html","phone":"03 84 27 80 75","email":"MAIRIE.MEZIRE@wanadoo.fr","population":"1426 habitants","website":"","townhallAdress":"5 route de la Forge - 90120 - MEZIRE"},{"text":"MONTBOUTON","href":"./90/montbouton.html","phone":"03 84 56 90 50","email":"mairiemontbouton@wanadoo.fr","population":"442 habitants","website":"","townhallAdress":"Grande Rue - 90500 - MONTBOUTON"},{"text":"MONTREUX CHATEAU","href":"./90/montreux-chateau.html","phone":"03 84 23 30 16","email":"mairie-montreux-chateau@wanadoo.fr","population":"931 habitants","website":"","townhallAdress":"Place Maréchal de Lattre de Tassigny - 90130 - MONTREUX-CHATEAU"},{"text":"MORVILLARS","href":"./90/morvillars.html","phone":"03 84 27 80 36","email":"communedemorvillars@orange.fr","population":"1021 habitants","website":"","townhallAdress":"3 place du Marché - 90120 - MORVILLARS"},{"text":"MOVAL","href":"./90/moval.html","phone":"03 84 56 04 12","email":"mairie-moval@wanadoo.fr","population":"319 habitants","website":"","townhallAdress":"4 rue de la Liberté - 90400 - MOVAL"},{"text":"NOVILLARD","href":"./90/novillard.html","phone":"03 84 23 39 91","email":"mairie.novillard@wanadoo.fr","population":"248 habitants","website":"","townhallAdress":"14 Grande Rue - 90340 - NOVILLARD"},{"text":"OFFEMONT","href":"./90/offemont.html","phone":"03 84 26 01 49","email":"contact@mairie-offemont.fr","population":"3453 habitants","website":"","townhallAdress":"96 rue Aristide Briand - 90300 - OFFEMONT"},{"text":"PEROUSE","href":"./90/perouse.html","phone":"03 84 28 05 99","email":"mairie.perouse@wanadoo.fr","population":"1086 habitants","website":"","townhallAdress":"1 Place de la Mairie - 90160 - PEROUSE"},{"text":"PETIT CROIX","href":"./90/petit-croix.html","phone":"03 84 23 39 56","email":"mairie.petit.croix@wanadoo.fr","population":"339 habitants","website":"","townhallAdress":"20 Grande Rue - 90130 - PETIT-CROIX"},{"text":"PETITEFONTAINE","href":"./90/petitefontaine.html","phone":"03 84 27 61 24","email":"mairie.petitefontaine@orange.fr","population":"200 habitants","website":"","townhallAdress":"6 rue des Maronniers - 90360 - PETITEFONTAINE"},{"text":"PETITMAGNY","href":"./90/petitmagny.html","phone":"03 84 54 65 58","email":"mairie.petitmagny@wanadoo.fr","population":"286 habitants","website":"","townhallAdress":"Grande Rue - 90170 - PETITMAGNY"},{"text":"PHAFFANS","href":"./90/phaffans.html","phone":"03 84 29 88 45","email":"mairie-phaffans@wanadoo.fr","population":"348 habitants","website":"","townhallAdress":"5 rue de la Mairie - 90150 - PHAFFANS"},{"text":"RECHESY","href":"./90/rechesy.html","phone":"03 84 29 63 57","email":"mairie.rechesy@wanadoo.fr","population":"800 habitants","website":"","townhallAdress":"3 place de la  Mairie - 90370 - RECHESY"},{"text":"RECOUVRANCE","href":"./90/recouvrance.html","phone":"03 84 23 41 56","email":"recouvrance.mairie@wanadoo.fr","population":"63 habitants","website":"","townhallAdress":"1 rue de la Presle - 90140 - RECOUVRANCE"},{"text":"REPPE","href":"./90/reppe.html","phone":"03 84 23 80 47","email":"commune.reppe@orange.fr","population":"325 habitants","website":"","townhallAdress":"3 Place de l'église - 90150 - REPPE"},{"text":"RIERVESCEMONT","href":"./90/riervescemont.html","phone":"03 84 29 57 59","email":"mairie.riervescemont@wanadoo.fr","population":"73 habitants","website":"","townhallAdress":"11 vallée du Brinval - 90200 - RIERVESCEMONT"},{"text":"ROMAGNY SOUS ROUGEMONT","href":"./90/romagny-sous-rougemont.html","phone":"03 84 23 04 15","email":"mairie-romagny-sous-rougemont@orange.fr","population":"221 habitants","website":"","townhallAdress":"40 rue des Vosges - 90110 - ROMAGNY-SOUS-ROUGEMONT"},{"text":"ROPPE","href":"./90/roppe.html","phone":"03 84 29 91 70","email":"mairie.roppe@wanadoo.fr","population":"829 habitants","website":"","townhallAdress":"33 avenue De Gaulle - 90380 - ROPPE"},{"text":"ROUGEGOUTTE","href":"./90/rougegoutte.html","phone":"03 84 27 12 67","email":"mairie-rougegoutte@wanadoo.fr","population":"996 habitants","website":"","townhallAdress":"16 rue des Ecoles - 90200 - ROUGEGOUTTE"},{"text":"ROUGEMONT LE CHATEAU","href":"./90/rougemont-le-chateau.html","phone":"03 84 23 00 18","email":"mairie.rougemont-le-chateau@wanadoo.fr","population":"1450 habitants","website":"","townhallAdress":"3 place de l'Eglise - 90110 - ROUGEMONT-LE-CHATEAU"},{"text":"SAINT DIZIER L EVEQUE","href":"./90/saint-dizier-l-eveque.html","phone":"03 84 36 09 39","email":"mairiestdizier90@wanadoo.fr","population":"402 habitants","website":"","townhallAdress":"31 rue Principale - 90100 - SAINT-DIZIER-L'EVEQUE"},{"text":"SAINT GERMAIN LE CHATELET","href":"./90/saint-germain-le-chatelet.html","phone":"03 84 23 71 92","email":"mairiesaintgermain@wanadoo.fr","population":"616 habitants","website":"","townhallAdress":"3 rue du Bourg - 90110 - SAINT-GERMAIN-LE-CHATELET"},{"text":"SERMAMAGNY","href":"./90/sermamagny.html","phone":"03 84 29 21 37","email":"mairiedesermamagny@wanadoo.fr","population":"845 habitants","website":"","townhallAdress":"33 Grande Rue - 90300 - SERMAMAGNY"},{"text":"SEVENANS","href":"./90/sevenans.html","phone":"03 84 56 01 47","email":"mairiesevenans@wanadoo.fr","population":"806 habitants","website":"","townhallAdress":"7 rue de Delle - 90400 - SEVENANS"},{"text":"SUARCE","href":"./90/suarce.html","phone":"03 84 29 65 00","email":"mairie.suarce@gmail.com","population":"434 habitants","website":"","townhallAdress":"10 rue d'Alsace - 90100 - SUARCE"},{"text":"THIANCOURT","href":"./90/thiancourt.html","phone":"03 84 56 24 29","email":"mairie.thiancourt@wanadoo.fr","population":"253 habitants","website":"","townhallAdress":"125 rue de la Mairie - 90100 - THIANCOURT"},{"text":"TREVENANS","href":"./90/trevenans.html","phone":"03 84 29 42 97","email":"mairie.trevenans@wanadoo.fr","population":"1058 habitants","website":"","townhallAdress":"1 rue du Canal - 90400 - TREVENANS"},{"text":"URCEREY","href":"./90/urcerey.html","phone":"03 84 28 62 33","email":"mairie.urcerey@wanadoo.fr","population":"247 habitants","website":"","townhallAdress":"2 rue Fernand Anthony - 90800 - URCEREY"},{"text":"VALDOIE","href":"./90/valdoie.html","phone":"03 84 57 64 64","email":"contact@mairievaldoie.com","population":"5249 habitants","website":"","townhallAdress":"1 place André Larger - B.P. 27 - 90300 - VALDOIE"},{"text":"VAUTHIERMONT","href":"./90/vauthiermont.html","phone":"03 84 23 83 92","email":"mairie.vauthiermont@laposte.net","population":"244 habitants","website":"","townhallAdress":"8 rue du Lavoir - 90150 - VAUTHIERMONT"},{"text":"VELLESCOT","href":"./90/vellescot.html","phone":"03 84 23 47 59","email":"mairie.vellescot@wanadoo.fr","population":"245 habitants","website":"","townhallAdress":"8 rue Moulins - 90100 - VELLESCOT"},{"text":"VESCEMONT","href":"./90/vescemont.html","phone":"03 84 29 37 23","email":"commune.vescemont@wanadoo.fr","population":"744 habitants","website":"","townhallAdress":"8 Grande Rue - 90200 - VESCEMONT"},{"text":"VETRIGNE","href":"./90/vetrigne.html","phone":"03 84 29 80 02","email":"mairie.vetrigne@wanadoo.fr","population":"518 habitants","website":"","townhallAdress":"54 Grande Rue - 90300 - VETRIGNE"},{"text":"VEZELOIS","href":"./90/vezelois.html","phone":"03 84 56 04 95","email":"mairie.vezelois@laposte.net","population":"855 habitants","website":"","townhallAdress":"118 rue Brebotte - 90400 - VEZELOIS"},{"text":"VILLARS LE SEC","href":"./90/villars-le-sec.html","phone":"03 84 36 33 00","email":"mairie.villars90@gmail.com","population":"144 habitants","website":"","townhallAdress":"11 rue Principale - 90100 - VILLARS-LE-SEC"}]}