{"text":"83 | Var","href":"var.html","townships":[{"text":"AIGUINES","href":"./83/aiguines.html","phone":"04 94 70 21 93","email":"mairie.d.aiguines@wanadoo.fr","population":"257 habitants","website":"","townhallAdress":"Place de la Mairie - 83630 - AIGUINES"},{"text":"AMPUS","href":"./83/ampus.html","phone":"04 94 70 97 11","email":"ampus@mairie-ampus.fr","population":"863 habitants","website":"","townhallAdress":"Place de la Mairie - 83111 - AMPUS"},{"text":"ARTIGNOSC SUR VERDON","href":"./83/artignosc-sur-verdon.html","phone":"04 94 80 70 04","email":"mairie-artignosc@wanadoo.fr","population":"267 habitants","website":"","townhallAdress":"Le Village - 83630 - ARTIGNOSC-SUR-VERDON"},{"text":"ARTIGUES","href":"./83/artigues.html","phone":"04 94 80 31 02","email":"mairieartigues@wanadoo.fr","population":"218 habitants","website":"","townhallAdress":"Le Village - 83560 - ARTIGUES"},{"text":"AUPS","href":"./83/aups.html","phone":"04 94 70 00 07","email":"aups.mairie@wanadoo.fr","population":"2107 habitants","website":"","townhallAdress":"Place Frédéric Mistral - 83630 - AUPS"},{"text":"BAGNOLS EN FORET","href":"./83/bagnols-en-foret.html","phone":"04 94 40 31 50","email":"mairie@bagnolsenforet.fr","population":"2243 habitants","website":"","townhallAdress":"Place de la Mairie - 83600 - BAGNOLS-EN-FORET"},{"text":"BANDOL","href":"./83/bandol.html","phone":"04 94 29 37 00","email":"secretariat.general@bandol.org","population":"8859 habitants","website":"","townhallAdress":"Allée Jean Moulin - 83150 - BANDOL"},{"text":"BARGEME","href":"./83/bargeme.html","phone":"04 94 50 21 94","email":"bargeme.commune@orange.fr","population":"142 habitants","website":"","townhallAdress":"Le Village - 83840 - BARGEME"},{"text":"BARGEMON","href":"./83/bargemon.html","phone":"04 94 39 09 20","email":"mairie.bargemon@wanadoo.fr","population":"1493 habitants","website":"","townhallAdress":"Place de la Mairie - 83830 - BARGEMON"},{"text":"BARJOLS","href":"./83/barjols.html","phone":"04 94 72 80 60","email":"commune.barjols@wanadoo.fr","population":"3088 habitants","website":"","townhallAdress":"Place Capitaine Vincens - 83670 - BARJOLS"},{"text":"BAUDINARD SUR VERDON","href":"./83/baudinard-sur-verdon.html","phone":"04 94 70 18 61","email":"baudinard@wanadoo.fr","population":"155 habitants","website":"","townhallAdress":"Grand Rue - 83630 - BAUDINARD-SUR-VERDON"},{"text":"BAUDUEN","href":"./83/bauduen.html","phone":"04 94 50 99 05","email":"amenagement.terr@wanadoo.fr","population":"320 habitants","website":"","townhallAdress":"Place du Monument aux Morts - 83630 - BAUDUEN"},{"text":"BELGENTIER","href":"./83/belgentier.html","phone":"04 94 33 13 00","email":"mairie.belgentier@wanadoo.fr","population":"2400 habitants","website":"","townhallAdress":"Rue Peiresc - 83210 - BELGENTIER"},{"text":"BESSE SUR ISSOLE","href":"./83/besse-sur-issole.html","phone":"04 94 69 70 04","email":"mairie.besse@wanadoo.fr","population":"2746 habitants","website":"","townhallAdress":"11 place Noël Blache - 83890 - BESSE-SUR-ISSOLE"},{"text":"BORMES LES MIMOSAS","href":"./83/bormes-les-mimosas.html","phone":"04 94 05 34 50","email":"contact@ville-bormes.fr","population":"7256 habitants","website":"","townhallAdress":"Place  Saint François - 83230 - BORMES-LES-MIMOSAS"},{"text":"BRAS","href":"./83/bras.html","phone":"04 94 37 23 40","email":"mairie.bras@wanadoo.fr","population":"2172 habitants","website":"","townhallAdress":"Route de Brignoles - 83149 - BRAS"},{"text":"BRENON","href":"./83/brenon.html","phone":"04 94 85 69 31","email":"mairiebrenon@wanadoo.fr","population":"28 habitants","website":"","townhallAdress":"Hameau des Henry - 83840 - BRENON"},{"text":"BRIGNOLES","href":"./83/brignoles.html","phone":"04 94 86 22 22","email":"contact@brignoles.fr","population":"16059 habitants","website":"","townhallAdress":"9 place Caramy - 83170 - BRIGNOLES"},{"text":"BRUE AURIAC","href":"./83/brue-auriac.html","phone":"04 98 05 26 26","email":"mairie.brue-auriac@wanadoo.fr","population":"1160 habitants","website":"","townhallAdress":"Chemin du Gavelier - 83119 - BRUE-AURIAC"},{"text":"CABASSE","href":"./83/cabasse.html","phone":"04 98 05 12 80","email":"accueil@mairie-cabasse.fr","population":"1801 habitants","website":"","townhallAdress":"Place de la République - 83340 - CABASSE"},{"text":"CALLAS","href":"./83/callas.html","phone":"04 94 76 61 07","email":"callas.mairie@wanadoo.fr","population":"1782 habitants","website":"","townhallAdress":"Place de la Victoire - 83830 - CALLAS"},{"text":"CALLIAN","href":"./83/callian.html","phone":"04 94 39 98 40","email":"contact@callian.fr","population":"3062 habitants","website":"","townhallAdress":"Place de la Mairie - 83440 - CALLIAN"},{"text":"CAMPS LA SOURCE","href":"./83/camps-la-source.html","phone":"04 94 80 83 59","email":"Mairie.Camps.La.Source@wanadoo.fr","population":"1684 habitants","website":"","townhallAdress":"Place de la Mairie - 83170 - CAMPS-LA-SOURCE"},{"text":"CARCES","href":"./83/carces.html","phone":"04 94 04 50 14","email":"accueil@mairie-carces.fr","population":"3039 habitants","website":"","townhallAdress":"31 rue Maréchal Foch - 83570 - CARCES"},{"text":"CARNOULES","href":"./83/carnoules.html","phone":"04 94 13 80 00","email":"mairie.de.carnoules@wanadoo.fr","population":"3201 habitants","website":"","townhallAdress":"2 cours Victor Hugo - 83660 - CARNOULES"},{"text":"CARQUEIRANNE","href":"./83/carqueiranne.html","phone":"04 94 01 40 40","email":"monsieurlemaire@carqueiranne.fr","population":"9798 habitants","website":"","townhallAdress":"Place de la République - 83320 - CARQUEIRANNE"},{"text":"CAVALAIRE SUR MER","href":"./83/cavalaire-sur-mer.html","phone":"04 94 00 48 00","email":"cabinet.du.maire@cavalaire.fr","population":"6625 habitants","website":"","townhallAdress":"Place Benjamin Gaillard - 83240 - CAVALAIRE-SUR-MER"},{"text":"CHATEAUDOUBLE","href":"./83/chateaudouble.html","phone":"04 98 10 51 35","email":"chateaudouble@wanadoo.fr","population":"479 habitants","website":"","townhallAdress":"Place Vieille - 83300 - CHATEAUDOUBLE"},{"text":"CHATEAUVERT","href":"./83/chateauvert.html","phone":"04 94 77 02 02","email":"mairie@chateauvert.fr","population":"157 habitants","website":"","townhallAdress":"Route de Barjols - 83670 - CHATEAUVERT"},{"text":"CHATEAUVIEUX","href":"./83/chateauvieux.html","phone":"04 94 84 20 16","email":"chateauvieux3@wanadoo.fr","population":"69 habitants","website":"","townhallAdress":"Quartier Plus Haut Village - 83840 - CHATEAUVIEUX"},{"text":"CLAVIERS","href":"./83/claviers.html","phone":"04 94 76 62 07","email":"mairie.claviers@wanadoo.fr","population":"598 habitants","website":"","townhallAdress":"3 Place du 8 Mai 1945 - 83830 - CLAVIERS"},{"text":"COGOLIN","href":"./83/cogolin.html","phone":"04 94 56 65 45","email":"mairie@cogolin.fr","population":"11318 habitants","website":"","townhallAdress":"Place de la République - 83310 - COGOLIN"},{"text":"COLLOBRIERES","href":"./83/collobrieres.html","phone":"04 94 13 83 83","email":"mairie-de-collobrieres1@wanadoo.fr","population":"1830 habitants","website":"","townhallAdress":"Place de la Libération - 83610 - COLLOBRIERES"},{"text":"COMPS SUR ARTUBY","href":"./83/comps-sur-artuby.html","phone":"04 94 50 24 00","email":"mairie.compsurartuby@wanadoo.fr","population":"330 habitants","website":"","townhallAdress":"Place de la République - 83840 - COMPS-SUR-ARTUBY"},{"text":"CORRENS","href":"./83/correns.html","phone":"04 94 37 21 95","email":"mairie@correns.fr","population":"825 habitants","website":"","townhallAdress":"Place du Général de Gaulle - 83570 - CORRENS"},{"text":"COTIGNAC","href":"./83/cotignac.html","phone":"04 94 72 60 20","email":"mairie.cotignac@wanadoo.fr","population":"2231 habitants","website":"","townhallAdress":"1 place de la Mairie - 83570 - COTIGNAC"},{"text":"CUERS","href":"./83/cuers.html","phone":"04 94 13 50 70","email":"tbiancherin@ville-de-cuers.com","population":"9870 habitants","website":"","townhallAdress":"Immeuble Peyssoneau, place François Mitterrand - 83390 - CUERS"},{"text":"DRAGUIGNAN","href":"./83/draguignan.html","phone":"04 94 60 31 31","email":"mairie@ville-draguignan.fr","population":"38250 habitants","website":"","townhallAdress":"28 rue Georges Cisson - 83300 - DRAGUIGNAN"},{"text":"ENTRECASTEAUX","href":"./83/entrecasteaux.html","phone":"04 94 37 22 88","email":"dentrecasteaux.mairie@wanadoo.fr","population":"1040 habitants","website":"","townhallAdress":"Cours Gabriel Péri - 83570 - ENTRECASTEAUX"},{"text":"ESPARRON","href":"./83/esparron.html","phone":"04 94 80 60 26","email":"esparron.de.pallieres@wanadoo.fr","population":"257 habitants","website":"","townhallAdress":"Place de l' Eglise - 83560 - ESPARRON"},{"text":"EVENOS","href":"./83/evenos.html","phone":"04 94 98 50 86","email":"mairie.evenos@wanadoo.fr","population":"2200 habitants","website":"","townhallAdress":"Route nationale 8 - 83330 - EVENOS"},{"text":"FAYENCE","href":"./83/fayence.html","phone":"04 94 39 15 00","email":"mairie-fayence@wanadoo.fr","population":"4950 habitants","website":"","townhallAdress":"2 place de la République - 83440 - FAYENCE"},{"text":"FIGANIERES","href":"./83/figanieres.html","phone":"04 94 50 93 60","email":"figanieres@wanadoo.fr","population":"2536 habitants","website":"","townhallAdress":"10 rue Cantoun de Carles - 83830 - FIGANIERES"},{"text":"FLASSANS SUR ISSOLE","href":"./83/flassans-sur-issole.html","phone":"04 94 37 00 50","email":"mairie.flassans.sur.issole@wanadoo.fr","population":"2905 habitants","website":"","townhallAdress":"Avenue du Général de Gaulle - 83340 - FLASSANS-SUR-ISSOLE"},{"text":"FLAYOSC","href":"./83/flayosc.html","phone":"04 94 70 40 03","email":"accueil@ville-flayosc.fr","population":"4439 habitants","website":"","townhallAdress":"32 boulevard Jean Moulin - 83780 - FLAYOSC"},{"text":"FORCALQUEIRET","href":"./83/forcalqueiret.html","phone":"04 98 05 13 99","email":"accueil@mairie-forcalqueiret.net","population":"2107 habitants","website":"","townhallAdress":"2 avenue Frédéric Mistral - 83136 - FORCALQUEIRET"},{"text":"FOX AMPHOUX","href":"./83/fox-amphoux.html","phone":"04 94 80 71 58","email":"mairie.fox@wanadoo.fr","population":"429 habitants","website":"","townhallAdress":"Hameau Amphoux - 83670 - FOX-AMPHOUX"},{"text":"FREJUS","href":"./83/frejus.html","phone":"04 94 17 66 00","email":"info@ville-frejus.fr","population":"53286 habitants","website":"","townhallAdress":"Place Formige - BP 10 - 83600 - FREJUS"},{"text":"GAREOULT","href":"./83/gareoult.html","phone":"04 94 04 94 72","email":"mairie@ville-gareoult.fr","population":"5626 habitants","website":"","townhallAdress":"Place de la Mairie - 83136 - GAREOULT"},{"text":"GASSIN","href":"./83/gassin.html","phone":"04 94 56 62 00","email":"secretariat@mairie-gassin.fr","population":"2940 habitants","website":"","townhallAdress":"Place de la Mairie - 83580 - GASSIN"},{"text":"GINASSERVIS","href":"./83/ginasservis.html","phone":"04 98 05 21 41","email":"mairie@ginasservis.fr","population":"1434 habitants","website":"","townhallAdress":"Place de la Mairie - 83560 - GINASSERVIS"},{"text":"GONFARON","href":"./83/gonfaron.html","phone":"04 94 78 30 05","email":"mairie-gonfaron@wanadoo.fr","population":"3900 habitants","website":"","townhallAdress":"Avenue du 8 Mai 1945 - 83590 - GONFARON"},{"text":"GRIMAUD","href":"./83/grimaud.html","phone":"04 94 55 69 00","email":"","population":"4300 habitants","website":"","townhallAdress":"Rue de la Mairie - 83310 - GRIMAUD"},{"text":"HYERES","href":"./83/hyeres.html","phone":"04 94 35 90 00","email":"contact@jacquespoliti.fr","population":"56199 habitants","website":"","townhallAdress":"12 avenue Joseph CLOTIS - 83400 - HYERES"},{"text":"LA BASTIDE","href":"./83/la-bastide.html","phone":"04 94 76 80 19","email":"mairie.labastide0779@orange.fr","population":"185 habitants","website":"","townhallAdress":"Le Village - 83840 - LA-BASTIDE"},{"text":"LA CADIERE D AZUR","href":"./83/la-cadiere-d-azur.html","phone":"04 94 98 25 25","email":"secretariat@lacadieredazur.com","population":"5240 habitants","website":"","townhallAdress":"Avenue Gabriel Péri - 83740 - LA-CADIERE-D'AZUR"},{"text":"LA CELLE","href":"./83/la-celle.html","phone":"04 94 69 09 04","email":"mairie.la.celle@wanadoo.fr","population":"1340 habitants","website":"","townhallAdress":"Place de la Mairie - 83170 - LA-CELLE"},{"text":"LA CRAU","href":"./83/la-crau.html","phone":"04 94 01 56 80","email":"mairie@villedelacrau.fr","population":"16607 habitants","website":"","townhallAdress":"Rue Chasselas - 83260 - LA-CRAU"},{"text":"LA CROIX VALMER","href":"./83/la-croix-valmer.html","phone":"04 94 55 13 13","email":"contact@lacroixvalmer.fr","population":"3571 habitants","website":"","townhallAdress":"Rue Louis Martin - 83420 - LA-CROIX-VALMER"},{"text":"LA FARLEDE","href":"./83/la-farlede.html","phone":"04 94 27 85 85","email":"mairie@lafarlede.fr","population":"7971 habitants","website":"","townhallAdress":"140 place de la Liberté - 83210 - LA-FARLEDE"},{"text":"LA GARDE","href":"./83/la-garde.html","phone":"04 94 08 98 00","email":"contact-mairie@ville-lagarde.fr","population":"25955 habitants","website":"","townhallAdress":"Rue Jean Baptiste Lavène - 83130 - LA-GARDE"},{"text":"LA GARDE FREINET","href":"./83/la-garde-freinet.html","phone":"04 94 55 21 00","email":"maire@lagardefreinet.fr","population":"1827 habitants","website":"","townhallAdress":"Rue de la Mairie - 83680 - LA-GARDE-FREINET"},{"text":"LA LONDE LES MAURES","href":"./83/la-londe-les-maures.html","phone":"04 94 01 55 00","email":"contact@lalondelesmaures.fr","population":"10184 habitants","website":"","townhallAdress":"Place du 11 Novembre - 83250 - LA-LONDE-LES-MAURES"},{"text":"LA MARTRE","href":"./83/la-martre.html","phone":"04 94 60 47 90","email":"mairie-lamartre@orange.fr","population":"162 habitants","website":"","townhallAdress":"Place de la Mairie - 83840 - LA-MARTRE"},{"text":"LA MOLE","href":"./83/la-mole.html","phone":"04 94 49 57 17","email":"la.mole.mairie@wanadoo.fr","population":"958 habitants","website":"","townhallAdress":"Place de la Mairie - 83310 - LA-MOLE"},{"text":"LA MOTTE","href":"./83/la-motte.html","phone":"04 94 50 44 55","email":"secretaire-general@ville-la-motte.com","population":"2875 habitants","website":"","townhallAdress":"Place Georges Clémenceau - 83920 - LA-MOTTE"},{"text":"LA ROQUEBRUSSANNE","href":"./83/la-roquebrussanne.html","phone":"04 94 37 00 90","email":"mairie@laroquebrussanne.fr","population":"2180 habitants","website":"","townhallAdress":"31 rue Georges Clémenceau - 83136 - LA-ROQUEBRUSSANNE"},{"text":"LA ROQUE ESCLAPON","href":"./83/la-roque-esclapon.html","phone":"04 94 50 40 50","email":"mairie.laroque-esclapon@orange.fr","population":"240 habitants","website":"","townhallAdress":"Place de la Mairie - 83840 - LA-ROQUE-ESCLAPON"},{"text":"LA SEYNE SUR MER","href":"./83/la-seyne-sur-mer.html","phone":"04 94 06 95 00","email":"courrier@la-seyne.com","population":"59032 habitants","website":"","townhallAdress":"17 Bis rue Messine - 83500 - LA-SEYNE-SUR-MER"},{"text":"LA VALETTE DU VAR","href":"./83/la-valette-du-var.html","phone":"04 94 61 90 90","email":"philippe.huc-andre@lavalette83.fr","population":"22656 habitants","website":"","townhallAdress":"Place du Général de Gaulle - 83160 - LA-VALETTE-DU-VAR"},{"text":"LA VERDIERE","href":"./83/la-verdiere.html","phone":"04 94 04 12 10","email":"mairiedelaverdiere@wanadoo.fr","population":"1372 habitants","website":"","townhallAdress":"Quartier Sous Ville - 83560 - LA-VERDIERE"},{"text":"LE BEAUSSET","href":"./83/le-beausset.html","phone":"04 94 98 55 75","email":"cabinetdumaire@ville-lebeausset.fr","population":"8993 habitants","website":"","townhallAdress":"Place Jean Jaurès - 83330 - LE-BEAUSSET"},{"text":"LE BOURGUET","href":"./83/le-bourguet.html","phone":"04 94 76 91 82","email":"commune.lebourguet@nordnet.fr","population":"24 habitants","website":"","townhallAdress":"Le Village - 83840 - LE-BOURGUET"},{"text":"LE CANNET DES MAURES","href":"./83/le-cannet-des-maures.html","phone":"04 94 50 06 00","email":"accueil@lecannetdesmaures.com","population":"3995 habitants","website":"","townhallAdress":"Parc Henri Pellegrin - 83340 - LE-CANNET-DES-MAURES"},{"text":"LE CASTELLET","href":"./83/le-castellet.html","phone":"04 94 98 57 90","email":"dgs@ville-lecastellet.fr","population":"4331 habitants","website":"","townhallAdress":"Place du Champ de Bataille - 83330 - LE-CASTELLET"},{"text":"LE LAVANDOU","href":"./83/le-lavandou.html","phone":"04 94 05 15 70","email":"mairie@le-lavandou.fr","population":"5913 habitants","website":"","townhallAdress":"Place Ernest Reyer - 83980 - LE-LAVANDOU"},{"text":"LE LUC","href":"./83/le-luc.html","phone":"04 94 50 01 00","email":"","population":"8919 habitants","website":"","townhallAdress":"3 place de la Liberté - 83340 - LE-LUC"},{"text":"LE MUY","href":"./83/le-muy.html","phone":"04 94 19 84 24","email":"info@ville-lemuy.fr","population":"8858 habitants","website":"","townhallAdress":"4 rue de l'Hôtel de Ville - 83490 - LE-MUY"},{"text":"LE PRADET","href":"./83/le-pradet.html","phone":"04 94 08 69 47","email":"accueil@le-pradet.fr","population":"11273 habitants","website":"","townhallAdress":"Parc Victor Cravéro - 83220 - LE-PRADET"},{"text":"LE REVEST LES EAUX","href":"./83/le-revest-les-eaux.html","phone":"04 94 98 19 90","email":"contactmairie@lerevest83.fr","population":"3774 habitants","website":"","townhallAdress":"Place Jean Jaurès - 83200 - LE-REVEST-LES-EAUX"},{"text":"LES ADRETS DE L ESTEREL","href":"./83/les-adrets-de-l-esterel.html","phone":"04 94 19 36 66","email":"accueil@mairie-adrets-esterel.fr","population":"2768 habitants","website":"","townhallAdress":"Place de la Mairie - 83600 - LES-ADRETS-DE-L'ESTEREL"},{"text":"LES ARCS","href":"./83/les-arcs.html","phone":"04 94 47 56 70","email":"lesarcs.mairie@wanadoo.fr","population":"6375 habitants","website":"","townhallAdress":"Place du Général de Gaulle - 83460 - LES-ARCS"},{"text":"LES MAYONS","href":"./83/les-mayons.html","phone":"04 94 60 00 93","email":"mairielesmayons@wanadoo.fr","population":"613 habitants","website":"","townhallAdress":"Place de la Victoire - 83340 - LES-MAYONS"},{"text":"LES SALLES SUR VERDON","href":"./83/les-salles-sur-verdon.html","phone":"04 98 10 63 56","email":"mairielessalles@hotmail.fr","population":"210 habitants","website":"","townhallAdress":"Place Sainte-Anne - 83630 - LES-SALLES-SUR-VERDON"},{"text":"LE THORONET","href":"./83/le-thoronet.html","phone":"04 94 73 87 11","email":"mairie-le-thoronet@wanadoo.fr","population":"2099 habitants","website":"","townhallAdress":"Place Sadi Carnot - 83340 - LE-THORONET"},{"text":"LE VAL","href":"./83/le-val.html","phone":"04 94 37 02 20","email":"contact@mairie-leval.fr","population":"4000 habitants","website":"","townhallAdress":"Place de la Libération - 83143 - LE-VAL"},{"text":"LORGUES","href":"./83/lorgues.html","phone":"04 94 73 70 06","email":"","population":"9175 habitants","website":"","townhallAdress":"Cours de la République - 83510 - LORGUES"},{"text":"MAZAUGUES","href":"./83/mazaugues.html","phone":"04 94 86 95 03","email":"mairie.mazaugues@wanadoo.fr","population":"726 habitants","website":"","townhallAdress":"46 boulevard Lambert - 83136 - MAZAUGUES"},{"text":"MEOUNES LES MONTRIEUX","href":"./83/meounes-les-montrieux.html","phone":"04 94 13 83 20","email":"mairie@meounes.com","population":"1867 habitants","website":"","townhallAdress":"Route de Brignoles - 83136 - MEOUNES-LES-MONTRIEUX"},{"text":"MOISSAC BELLEVUE","href":"./83/moissac-bellevue.html","phone":"04 94 70 16 21","email":"mairiemoissac83@wanadoo.fr","population":"290 habitants","website":"","townhallAdress":"LE COURS - 83630 - MOISSAC-BELLEVUE"},{"text":"MONS","href":"./83/mons.html","phone":"04 94 39 22 39","email":"mairie-mons83@wanadoo.fr","population":"883 habitants","website":"","townhallAdress":"Rue Jean Vadon - 83440 - MONS"},{"text":"MONTAUROUX","href":"./83/montauroux.html","phone":"04 94 50 41 00","email":"mairie@montauroux.com","population":"5140 habitants","website":"","townhallAdress":"Place du Clos - 83440 - MONTAUROUX"},{"text":"MONTFERRAT","href":"./83/montferrat.html","phone":"04 94 50 21 91","email":"mairie-montferrat@wanadoo.fr","population":"1160 habitants","website":"","townhallAdress":"1 placette de la Mairie - 83131 - MONTFERRAT"},{"text":"MONTFORT SUR ARGENS","href":"./83/montfort-sur-argens.html","phone":"04 94 37 22 90","email":"montfort.sur.argens.mairie@wanadoo.fr","population":"1135 habitants","website":"","townhallAdress":"7 rue de Rouguière - 83570 - MONTFORT-SUR-ARGENS"},{"text":"MONTMEYAN","href":"./83/montmeyan.html","phone":"04 94 69 60 80","email":"mairie.montmeyan@wanadoo.fr","population":"568 habitants","website":"","townhallAdress":"Avenue du Verdon - 83670 - MONTMEYAN"},{"text":"NANS LES PINS","href":"./83/nans-les-pins.html","phone":"04 94 37 21 41","email":"elus@mairie-nanslespins.fr","population":"4065 habitants","website":"","townhallAdress":"Avenue Julien Jourdan - 83860 - NANS-LES-PINS"},{"text":"NEOULES","href":"./83/neoules.html","phone":"04 94 37 22 77","email":"mairie.neoules@wanadoo.fr","population":"2463 habitants","website":"","townhallAdress":"Place de la Liberté - 83136 - NEOULES"},{"text":"OLLIERES","href":"./83/ollieres.html","phone":"04 94 78 02 33","email":"mairie@ollieres.fr","population":"639 habitants","website":"","townhallAdress":"Route de Rians - 83470 - OLLIERES"},{"text":"OLLIOULES","href":"./83/ollioules.html","phone":"04 94 30 41 41","email":"mairie.d-ollioules@wanadoo.fr","population":"13452 habitants","website":"","townhallAdress":"Avenue du Général de Gaulle - 83190 - OLLIOULES"},{"text":"PIERREFEU DU VAR","href":"./83/pierrefeu-du-var.html","phone":"04 94 13 53 13","email":"maire@pierrefeu-du-var.fr","population":"5157 habitants","website":"","townhallAdress":"Place Urbain Senès - 83390 - PIERREFEU-DU-VAR"},{"text":"PIGNANS","href":"./83/pignans.html","phone":"04 94 13 54 90","email":"ville-de-pignans@wanadoo.fr","population":"3158 habitants","website":"","townhallAdress":"Place de la Mairie - 83790 - PIGNANS"},{"text":"PLAN D AUPS SAINTE BAUME","href":"./83/plan-d-aups-sainte-baume.html","phone":"04 42 04 50 10","email":"mairie.plan-d-aups83@wanadoo.fr","population":"1195 habitants","website":"","townhallAdress":"Chemin départemental 80 - 83640 - PLAN-D'AUPS-SAINTE-BAUME"},{"text":"PLAN DE LA TOUR","href":"./83/plan-de-la-tour.html","phone":"04 94 55 07 55","email":"mairie@plandelatour.net","population":"2524 habitants","website":"","townhallAdress":"Place Foch - 83120 - PLAN-DE-LA-TOUR"},{"text":"PONTEVES","href":"./83/ponteves.html","phone":"04 94 77 11 41","email":"courrier@mairie-ponteves.fr","population":"688 habitants","website":"","townhallAdress":"L'Esplanade - 83670 - PONTEVES"},{"text":"POURCIEUX","href":"./83/pourcieux.html","phone":"04 94 78 02 05","email":"mairie.pourcieux@wanadoo.fr","population":"1081 habitants","website":"","townhallAdress":"Rue de l'Eglise - 83470 - POURCIEUX"},{"text":"POURRIERES","href":"./83/pourrieres.html","phone":"04 98 05 11 70","email":"pourrieres@pourrieres.fr","population":"4505 habitants","website":"","townhallAdress":"Place Jules Michel - 83910 - POURRIERES"},{"text":"PUGET SUR ARGENS","href":"./83/puget-sur-argens.html","phone":"04 94 19 67 00","email":"contact@pugetsurargens.fr","population":"7115 habitants","website":"","townhallAdress":"137 boulevard Cavalier - 83480 - PUGET-SUR-ARGENS"},{"text":"PUGET VILLE","href":"./83/puget-ville.html","phone":"04 94 13 82 00","email":"mairie@puget-ville.org","population":"3675 habitants","website":"","townhallAdress":"Rue de la Libération - 83390 - PUGET-VILLE"},{"text":"RAMATUELLE","href":"./83/ramatuelle.html","phone":"04 98 12 66 66","email":"mairie.ramatuelle@wanadoo.fr","population":"2327 habitants","website":"","townhallAdress":"Place de l'Ormeau - 83350 - RAMATUELLE"},{"text":"RAYOL CANADEL SUR MER","href":"./83/rayol-canadel-sur-mer.html","phone":"04 94 15 61 00","email":"mairie-du-rayol@wanadoo.fr","population":"586 habitants","website":"","townhallAdress":"Route Nationale 559 - 83820 - RAYOL-CANADEL-SUR-MER"},{"text":"REGUSSE","href":"./83/regusse.html","phone":"04 94 70 16 23","email":"mairie.regusse@wanadoo.fr","population":"1814 habitants","website":"","townhallAdress":"Quartier le Plantier - 83630 - REGUSSE"},{"text":"RIANS","href":"./83/rians.html","phone":"04 94 72 64 80","email":"secretariatmairieriansvar@orange.fr","population":"4299 habitants","website":"","townhallAdress":"30 rue de la République - 83560 - RIANS"},{"text":"RIBOUX","href":"./83/riboux.html","phone":"04 42 73 88 68","email":"mairieriboux@wanadoo.fr","population":"22 habitants","website":"","townhallAdress":"Village - 13780 - RIBOUX"},{"text":"ROCBARON","href":"./83/rocbaron.html","phone":"04 94 72 84 72","email":"rocbaron.maire@wanadoo.fr","population":"3431 habitants","website":"","townhallAdress":"Place du Souvenir Français - 83136 - ROCBARON"},{"text":"ROQUEBRUNE SUR ARGENS","href":"./83/roquebrune-sur-argens.html","phone":"04 94 19 59 59","email":"mairie@ville-roquebrune-argens.fr","population":"11677 habitants","website":"","townhallAdress":"Rue Portiques - 83520 - ROQUEBRUNE-SUR-ARGENS"},{"text":"ROUGIERS","href":"./83/rougiers.html","phone":"04 98 05 93 30","email":"mairie.de-rougiers@wanadoo.fr","population":"1411 habitants","website":"","townhallAdress":"15 avenue de Brignoles - 83170 - ROUGIERS"},{"text":"SAINT ANTONIN DU VAR","href":"./83/saint-antonin-du-var.html","phone":"04 94 04 42 08","email":"saint.antonin.mairie@orange.fr","population":"612 habitants","website":"","townhallAdress":"Place de la Mairie - 83510 - SAINT-ANTONIN-DU-VAR"},{"text":"SAINT CYR SUR MER","href":"./83/saint-cyr-sur-mer.html","phone":"04 94 26 26 22","email":"mairie@saintcyrsurmer.fr","population":"11942 habitants","website":"","townhallAdress":"Place d'Estienne d'Orves - 83270 - SAINT-CYR-SUR-MER"},{"text":"SAINTE ANASTASIE SUR ISSOLE","href":"./83/sainte-anastasie-sur-issole.html","phone":"04 94 69 64 40","email":"s.anastasie@wanadoo.fr","population":"1922 habitants","website":"","townhallAdress":"Rue Notre Dame - 83136 - SAINTE-ANASTASIE-SUR-ISSOLE"},{"text":"SAINTE MAXIME","href":"./83/sainte-maxime.html","phone":"04 94 79 42 42","email":"mairie@ste-maxime.fr","population":"13909 habitants","website":"","townhallAdress":"Boulevard des Mimosas - 83120 - SAINTE-MAXIME"},{"text":"SAINT JULIEN LE MONTAGNIER","href":"./83/saint-julien-le-montagnier.html","phone":"04 94 80 04 78","email":"mairie.stjulien@orange.fr","population":"1569 habitants","website":"","townhallAdress":"Quartier Saint Pierre - 83560 - SAINT-JULIEN-LE-MONTAGNIER"},{"text":"SAINT MANDRIER SUR MER","href":"./83/saint-mandrier-sur-mer.html","phone":"04 94 11 51 60","email":"info@ville-saintmandrier.fr","population":"6371 habitants","website":"","townhallAdress":"Avenue Marc Baron - 83430 - SAINT-MANDRIER-SUR-MER"},{"text":"SAINT MARTIN DE PALLIERES","href":"./83/saint-martin-de-pallieres.html","phone":"04 94 72 80 45","email":"mairie-stmartindepallieres@wanadoo.fr","population":"152 habitants","website":"","townhallAdress":"Place Majourale - 83560 - SAINT-MARTIN-DE-PALLIERES"},{"text":"SAINT MAXIMIN LA SAINTE BAUME","href":"./83/saint-maximin-la-sainte-baume.html","phone":"04 94 78 00 09","email":"mairie@st-maximin.fr","population":"14470 habitants","website":"","townhallAdress":"Place de l'Hôtel de Ville - 83470 - SAINT-MAXIMIN-LA-SAINTE-BAUME"},{"text":"SAINT PAUL EN FORET","href":"./83/saint-paul-en-foret.html","phone":"04 94 39 08 80","email":"mairie.saintpaulenforet@orange.fr","population":"1521 habitants","website":"","townhallAdress":"Rue de la Mairie - 83440 - SAINT-PAUL-EN-FORET"},{"text":"SAINT RAPHAEL","href":"./83/saint-raphael.html","phone":"04 94 82 15 00","email":"webmaster@ville-saintraphael.fr","population":"34600 habitants","website":"","townhallAdress":"26 place Sadi Carnot - 83700 - SAINT-RAPHAEL"},{"text":"SAINT TROPEZ","href":"./83/saint-tropez.html","phone":"04 94 55 90 00","email":"communication@ville-sainttropez.fr","population":"5718 habitants","website":"","townhallAdress":"Place de l'Hôtel de Ville - 83990 - SAINT-TROPEZ"},{"text":"SAINT ZACHARIE","href":"./83/saint-zacharie.html","phone":"04 42 32 63 32","email":"cabinetdumaire@commune-saint-zacharie.fr","population":"4862 habitants","website":"","townhallAdress":"1 cours Louis Blanc - 83640 - SAINT-ZACHARIE"},{"text":"SALERNES","href":"./83/salernes.html","phone":"04 94 60 40 00","email":"mairie@ville-salernes.fr","population":"3707 habitants","website":"","townhallAdress":"Place Georges Clémenceau - 83690 - SALERNES"},{"text":"SANARY SUR MER","href":"./83/sanary-sur-mer.html","phone":"04 94 32 97 00","email":"mairie-sanary-sur-mer@wanadoo.fr","population":"18066 habitants","website":"","townhallAdress":"2 quai Général de Gaulle - 83110 - SANARY-SUR-MER"},{"text":"SEILLANS","href":"./83/seillans.html","phone":"04 94 50 45 46","email":"mairie.de.seillans@wanadoo.fr","population":"2589 habitants","website":"","townhallAdress":"Rue du Valat - 83440 - SEILLANS"},{"text":"SEILLONS SOURCE D ARGENS","href":"./83/seillons-source-d-argens.html","phone":"04 98 05 20 40","email":"mairie.seillons@wanadoo.fr","population":"2098 habitants","website":"","townhallAdress":"Place Gabriel Péri - 83470 - SEILLONS-SOURCE-D'ARGENS"},{"text":"SIGNES","href":"./83/signes.html","phone":"04 94 25 30 80","email":"mairie@signes.com","population":"2810 habitants","website":"","townhallAdress":"5 rue Saint Jean - 83870 - SIGNES"},{"text":"SILLANS LA CASCADE","href":"./83/sillans-la-cascade.html","phone":"04 94 04 63 04","email":"mairie.sillans-la-cascade@wanadoo.fr","population":"589 habitants","website":"","townhallAdress":"Château de Sillans, rue de la Mairie - 83690 - SILLANS-LA-CASCADE"},{"text":"SIX FOURS LES PLAGES","href":"./83/six-fours-les-plages.html","phone":"04 94 34 93 00","email":"","population":"35505 habitants","website":"","townhallAdress":"Place Jean Jaurès - 83140 - SIX-FOURS-LES-PLAGES"},{"text":"SOLLIES PONT","href":"./83/sollies-pont.html","phone":"04 94 13 58 00","email":"mairie@ville-sollies-pont.fr","population":"10925 habitants","website":"","townhallAdress":"26 avenue Sixième RTS - 83210 - SOLLIES-PONT"},{"text":"SOLLIES TOUCAS","href":"./83/sollies-toucas.html","phone":"04 94 28 90 47","email":"stoucas.mairie@wanadoo.fr","population":"5077 habitants","website":"","townhallAdress":"Place Clément Balestra - 83210 - SOLLIES-TOUCAS"},{"text":"SOLLIES VILLE","href":"./83/sollies-ville.html","phone":"04 94 13 80 30","email":"mairie.solliesville@wanadoo.fr","population":"2481 habitants","website":"","townhallAdress":"8 avenue 6ème RTS - 83210 - SOLLIES-VILLE"},{"text":"TANNERON","href":"./83/tanneron.html","phone":"04 93 60 68 13","email":"","population":"1492 habitants","website":"","townhallAdress":"Place de la Mairie - 83440 - TANNERON"},{"text":"TARADEAU","href":"./83/taradeau.html","phone":"04 94 99 70 30","email":"mairie.taradeau@wanadoo.fr","population":"1721 habitants","website":"","townhallAdress":"Place de la Mairie - 83460 - TARADEAU"},{"text":"TAVERNES","href":"./83/tavernes.html","phone":"04 98 05 36 36","email":"mairiedetavernes@wanadoo.fr","population":"1059 habitants","website":"","townhallAdress":"Place de La Mairie - 83670 - TAVERNES"},{"text":"TOULON","href":"./83/toulon.html","phone":"04 94 36 30 00","email":"contact@mairie-toulon.fr","population":"168768 habitants","website":"","townhallAdress":"Avenue de la République - 83000 - TOULON"},{"text":"TOURRETTES","href":"./83/tourrettes.html","phone":"04 94 39 07 20","email":"mairie@mairie-tourrettes-83.fr","population":"2650 habitants","website":"","townhallAdress":"1 place de la Mairie - 83440 - TOURRETTES"},{"text":"TOURTOUR","href":"./83/tourtour.html","phone":"04 98 10 25 25","email":"accueil@mairietourtour.com","population":"535 habitants","website":"","townhallAdress":"Château Rasphélis - 83690 - TOURTOUR"},{"text":"TOURVES","href":"./83/tourves.html","phone":"04 94 37 00 00","email":"mairie.tourves@wanadoo.fr","population":"4845 habitants","website":"","townhallAdress":"Place de l'Hôtel de Ville - 83170 - TOURVES"},{"text":"TRANS EN PROVENCE","href":"./83/trans-en-provence.html","phone":"04 94 60 62 49","email":"accueil@transenprovence-mairie.fr","population":"5486 habitants","website":"","townhallAdress":"25 avenue de la Gare - 83720 - TRANS-EN-PROVENCE"},{"text":"TRIGANCE","href":"./83/trigance.html","phone":"04 94 76 91 01","email":"mairie.de.trigance@mcom.fr","population":"162 habitants","website":"","townhallAdress":"Place Saint Michel - 83840 - TRIGANCE"},{"text":"VARAGES","href":"./83/varages.html","phone":"04 94 72 85 10","email":"mairie.varages@wanadoo.fr","population":"1113 habitants","website":"","townhallAdress":"Place de la IVème République - 83670 - VARAGES"},{"text":"VERIGNON","href":"./83/verignon.html","phone":"04 94 70 07 81","email":"mairie.verignon@nordnet.fr","population":"17 habitants","website":"","townhallAdress":"Le Hameau - 83630 - VERIGNON"},{"text":"VIDAUBAN","href":"./83/vidauban.html","phone":"04 94 99 99 00","email":"vidauban-mairie@wanadoo.fr","population":"9701 habitants","website":"","townhallAdress":"Place Georges Clémenceau - 83550 - VIDAUBAN"},{"text":"VILLECROZE","href":"./83/villecroze.html","phone":"04 94 70 63 06","email":"accueil@mairie-villecroze.com","population":"1130 habitants","website":"","townhallAdress":"Route de Salernes, D51 - 83690 - VILLECROZE"},{"text":"VINON SUR VERDON","href":"./83/vinon-sur-verdon.html","phone":"04 92 78 80 31","email":"vinon.sur.verdon@wanadoo.fr","population":"3905 habitants","website":"","townhallAdress":"Avenue de la Libération - 83560 - VINON-SUR-VERDON"},{"text":"VINS SUR CARAMY","href":"./83/vins-sur-caramy.html","phone":"04 94 37 00 40","email":"mairie.vins.sur.caramy@wanadoo.fr","population":"824 habitants","website":"","townhallAdress":"Place de l'Eglise - 83170 - VINS-SUR-CARAMY"}]}