{"text":"84 | Vaucluse","href":"vaucluse.html","townships":[{"text":"ALTHEN DES PALUDS","href":"./84/althen-des-paluds.html","phone":"04 90 62 01 02","email":"adpmairie@yahoo.fr","population":"2469 habitants","website":"","townhallAdress":"Place de la Mairie - 84210 - ALTHEN-DES-PALUDS"},{"text":"ANSOUIS","href":"./84/ansouis.html","phone":"04 90 09 83 79","email":"mairie@ansouis.fr","population":"1133 habitants","website":"","townhallAdress":"Impasse de la mairie - 84240 - ANSOUIS"},{"text":"APT","href":"./84/apt.html","phone":"04 90 74 00 34","email":"mairie@apt.fr","population":"11450 habitants","website":"","townhallAdress":"Place Gabriel Péri - 84400 - APT"},{"text":"AUBIGNAN","href":"./84/aubignan.html","phone":"04 90 62 61 14","email":"mairie@aubignan.fr","population":"4744 habitants","website":"","townhallAdress":"Rue Baroncelli de Javon - 84810 - AUBIGNAN"},{"text":"AUREL","href":"./84/aurel.html","phone":"04 90 64 00 76","email":"aurel.mairie@wanadoo.fr","population":"186 habitants","website":"","townhallAdress":"Village - 84390 - AUREL"},{"text":"AURIBEAU","href":"./84/auribeau.html","phone":"04 90 75 20 65","email":"","population":"72 habitants","website":"","townhallAdress":"Village - 84400 - AURIBEAU"},{"text":"AVIGNON","href":"./84/avignon.html","phone":"04 90 80 80 00","email":"contact@mairie-avignon.com","population":"93566 habitants","website":"","townhallAdress":"Place de l'Horloge - 84000 - AVIGNON"},{"text":"BEAUMES DE VENISE","href":"./84/beaumes-de-venise.html","phone":"04 90 62 94 34","email":"accueil.mairie@beaumes-de-venise.fr","population":"2277 habitants","website":"","townhallAdress":"Place du Marché - 84190 - BEAUMES-DE-VENISE"},{"text":"BEAUMETTES","href":"./84/beaumettes.html","phone":"04 90 72 22 60","email":"mairie.lesbeaumettes@wanadoo.fr","population":"202 habitants","website":"","townhallAdress":"Le Village - 84220 - BEAUMETTES"},{"text":"BEAUMONT DE PERTUIS","href":"./84/beaumont-de-pertuis.html","phone":"04 90 08 01 05","email":"beaumontdepertuis.84014@wanadoo.fr","population":"1024 habitants","website":"","townhallAdress":"Avenue de Verdun - 84120 - BEAUMONT-DE-PERTUIS"},{"text":"BEAUMONT DU VENTOUX","href":"./84/beaumont-du-ventoux.html","phone":"04 90 65 21 13","email":"mbeaumontvx@wanadoo.fr","population":"336 habitants","website":"","townhallAdress":"Place de la Mairie - 84340 - BEAUMONT-DU-VENTOUX"},{"text":"BEDARRIDES","href":"./84/bedarrides.html","phone":"04 90 33 01 48","email":"secretariat.maire@ville-bedarrides.fr","population":"5173 habitants","website":"","townhallAdress":"Place de la Mairie - 84370 - BEDARRIDES"},{"text":"BEDOIN","href":"./84/bedoin.html","phone":"04 90 65 60 08","email":"mairie.bedoin@wanadoo.fr","population":"3089 habitants","website":"","townhallAdress":"Rue Barral des Baux - 84410 - BEDOIN"},{"text":"BLAUVAC","href":"./84/blauvac.html","phone":"04 90 61 81 41","email":"blauvac@wanadoo.fr","population":"434 habitants","website":"","townhallAdress":"Le Village - 84570 - BLAUVAC"},{"text":"BOLLENE","href":"./84/bollene.html","phone":"04 90 40 51 00","email":"mairie.bollene@wanadoo.fr","population":"14309 habitants","website":"","townhallAdress":"Place Reynaud de la Gardette - 84500 - BOLLENE"},{"text":"BONNIEUX","href":"./84/bonnieux.html","phone":"04 90 75 80 06","email":"mairiedebonnieux@wanadoo.fr","population":"1449 habitants","website":"","townhallAdress":"Rue de la Mairie - 84480 - BONNIEUX"},{"text":"BRANTES","href":"./84/brantes.html","phone":"04 75 28 09 46","email":"mairie.brantes@orange.fr","population":"83 habitants","website":"","townhallAdress":"Le Village - 84390 - BRANTES"},{"text":"BUISSON","href":"./84/buisson.html","phone":"04 90 28 90 20","email":"communebuisson@wanadoo.fr","population":"327 habitants","website":"","townhallAdress":"Le Village - 84110 - BUISSON"},{"text":"BUOUX","href":"./84/buoux.html","phone":"04 90 74 07 65","email":"mairiedebuoux@orange.fr","population":"134 habitants","website":"","townhallAdress":"Village - 84480 - BUOUX"},{"text":"CABRIERES D AIGUES","href":"./84/cabrieres-d-aigues.html","phone":"04 90 77 61 84","email":"mairie.cabrieres@wanadoo.fr","population":"856 habitants","website":"","townhallAdress":"Rue de la Poste - 84240 - CABRIERES-D'AIGUES"},{"text":"CABRIERES D AVIGNON","href":"./84/cabrieres-d-avignon.html","phone":"04 90 76 92 04","email":"mairiecabrieres84@orange-business.fr","population":"1779 habitants","website":"","townhallAdress":"Cours Jean Giono - 84220 - CABRIERES-D'AVIGNON"},{"text":"CADENET","href":"./84/cadenet.html","phone":"04 90 68 13 26","email":"mairie@cadenet.com","population":"4045 habitants","website":"","townhallAdress":"16 cours Voltaire - 84160 - CADENET"},{"text":"CADEROUSSE","href":"./84/caderousse.html","phone":"04 90 51 90 69","email":"ville.caderousse@free.fr","population":"2765 habitants","website":"","townhallAdress":"Rue Berbiguier - 84860 - CADEROUSSE"},{"text":"CAIRANNE","href":"./84/cairanne.html","phone":"04 90 30 82 12","email":"cairanne.mairie@wanadoo.fr","population":"908 habitants","website":"","townhallAdress":"Route Sainte Cécile - 84290 - CAIRANNE"},{"text":"CAMARET SUR AIGUES","href":"./84/camaret-sur-aigues.html","phone":"04 90 37 22 60","email":"contact@camaret.org","population":"4605 habitants","website":"","townhallAdress":"Cours Midi - 84850 - CAMARET-SUR-AIGUES"},{"text":"CAROMB","href":"./84/caromb.html","phone":"04 90 62 40 28","email":"contact@ville-caromb.fr","population":"3240 habitants","website":"","townhallAdress":"141 Avenue du Grand Jardin - 84330 - CAROMB"},{"text":"CARPENTRAS","href":"./84/carpentras.html","phone":"04 90 60 84 00","email":"mairie@carpentras.fr","population":"29601 habitants","website":"","townhallAdress":"Place Maurice Charretier - 84200 - CARPENTRAS"},{"text":"CASENEUVE","href":"./84/caseneuve.html","phone":"04 90 75 20 01","email":"mairie84750@orange.fr","population":"422 habitants","website":"","townhallAdress":"Rue de la Mairie - 84750 - CASENEUVE"},{"text":"CASTELLET","href":"./84/castellet.html","phone":"04 90 75 21 66","email":"mairie.castellet@wanadoo.fr","population":"118 habitants","website":"","townhallAdress":"Village - 84400 - CASTELLET"},{"text":"CAUMONT SUR DURANCE","href":"./84/caumont-sur-durance.html","phone":"04 90 01 20 20","email":"info@caumont-sur-durance.fr","population":"4636 habitants","website":"","townhallAdress":"Place du 8 Mai 1945 - 84510 - CAUMONT-SUR-DURANCE"},{"text":"CAVAILLON","href":"./84/cavaillon.html","phone":"04 90 71 24 18","email":"communication@ville-cavaillon.fr","population":"26105 habitants","website":"","townhallAdress":"Place Joseph Guis - 84300 - CAVAILLON"},{"text":"CHATEAUNEUF DE GADAGNE","href":"./84/chateauneuf-de-gadagne.html","phone":"04 90 22 41 10","email":"contact@chateauneufdegadagne.com","population":"3271 habitants","website":"","townhallAdress":"1 place Pastière - 84470 - CHATEAUNEUF-DE-GADAGNE"},{"text":"CHATEAUNEUF DU PAPE","href":"./84/chateauneuf-du-pape.html","phone":"04 90 83 57 57","email":"info@mairie.chateauneuf.com","population":"2151 habitants","website":"","townhallAdress":"1 rue Joseph Ducos - 84230 - CHATEAUNEUF-DU-PAPE"},{"text":"CHEVAL BLANC","href":"./84/cheval-blanc.html","phone":"04 90 71 01 17","email":"mairie@ville-chevalblanc.fr","population":"4130 habitants","website":"","townhallAdress":"Rue de l'Eglise - 84460 - CHEVAL-BLANC"},{"text":"COURTHEZON","href":"./84/courthezon.html","phone":"04 90 70 72 06","email":"mairie@courthezon.fr","population":"5385 habitants","website":"","townhallAdress":"1 boulevard Jean Vilar - 84350 - COURTHEZON"},{"text":"CRESTET","href":"./84/crestet.html","phone":"04 90 36 06 72","email":"mairiecrestet@orange.fr","population":"478 habitants","website":"","townhallAdress":"Les Condamines - 84110 - CRESTET"},{"text":"CRILLON LE BRAVE","href":"./84/crillon-le-brave.html","phone":"04 90 65 60 61","email":"mairie.crillonlebrave@wanadoo.fr","population":"457 habitants","website":"","townhallAdress":"Rue de l'Eglise - 84410 - CRILLON-LE-BRAVE"},{"text":"CUCURON","href":"./84/cucuron.html","phone":"04 90 77 22 01","email":"mairie-cucuron@wanadoo.fr","population":"1850 habitants","website":"","townhallAdress":"Rue de la Mairie - 84160 - CUCURON"},{"text":"ENTRAIGUES SUR LA SORGUE","href":"./84/entraigues-sur-la-sorgue.html","phone":"04 90 83 17 16","email":"contact@mairie-entraigues.fr","population":"7595 habitants","website":"","townhallAdress":"44 place du 8 Mai 1945 - 84320 - ENTRAIGUES-SUR-LA-SORGUE"},{"text":"ENTRECHAUX","href":"./84/entrechaux.html","phone":"04 90 46 00 11","email":"mairie.entrechaux@wanadoo.fr","population":"1019 habitants","website":"","townhallAdress":"Le Village - 84340 - ENTRECHAUX"},{"text":"FAUCON","href":"./84/faucon.html","phone":"04 90 46 40 25","email":"mairie.faucon@free.fr","population":"420 habitants","website":"","townhallAdress":"Place de la Chapelle - 84110 - FAUCON"},{"text":"FLASSAN","href":"./84/flassan.html","phone":"04 90 61 81 22","email":"mairie.flassan84@wanadoo.fr","population":"417 habitants","website":"","townhallAdress":"Place de la Mairie - 84410 - FLASSAN"},{"text":"FONTAINE DE VAUCLUSE","href":"./84/fontaine-de-vaucluse.html","phone":"04 90 20 31 79","email":"mairie.fontainedevaucluse@orange.fr","population":"694 habitants","website":"","townhallAdress":"Place de la Mairie - 84800 - FONTAINE-DE-VAUCLUSE"},{"text":"GARGAS","href":"./84/gargas.html","phone":"04 90 74 12 70","email":"info@ville-gargas.fr","population":"3104 habitants","website":"","townhallAdress":"Place de la Mairie - 84400 - GARGAS"},{"text":"GIGNAC","href":"./84/gignac.html","phone":"04 90 74 20 74","email":"mairiedegignac@orange.fr","population":"60 habitants","website":"","townhallAdress":"Placeto - 84400 - GIGNAC"},{"text":"GIGONDAS","href":"./84/gigondas.html","phone":"04 90 65 86 90","email":"informations@gigondas-mairie.fr","population":"597 habitants","website":"","townhallAdress":"Place du Portail - 84190 - GIGONDAS"},{"text":"GORDES","href":"./84/gordes.html","phone":"04 90 72 02 08","email":"gordes@wanadoo.fr","population":"2174 habitants","website":"","townhallAdress":"Place du Château - 84220 - GORDES"},{"text":"GOULT","href":"./84/goult.html","phone":"04 90 72 20 16","email":"mairie-goult@wanadoo.fr","population":"1272 habitants","website":"","townhallAdress":"Place Jean Moulin - 84220 - GOULT"},{"text":"GRAMBOIS","href":"./84/grambois.html","phone":"04 90 77 91 13","email":"mairie.grambois@wanadoo.fr","population":"1174 habitants","website":"","townhallAdress":"Le Village - 84240 - GRAMBOIS"},{"text":"GRILLON","href":"./84/grillon.html","phone":"04 90 35 00 81","email":"mairiegrillon@orange.fr","population":"1748 habitants","website":"","townhallAdress":"Avenue Comtat - 84600 - GRILLON"},{"text":"JONQUERETTES","href":"./84/jonquerettes.html","phone":"04 90 22 42 69","email":"mairie@jonquerettes.fr","population":"1255 habitants","website":"","townhallAdress":"Place de la Mairie - 84450 - JONQUERETTES"},{"text":"JONQUIERES","href":"./84/jonquieres.html","phone":"04 90 70 59 00","email":"mairie@jonquieres.fr","population":"4358 habitants","website":"","townhallAdress":"Place de la Mairie - 84150 - JONQUIERES"},{"text":"JOUCAS","href":"./84/joucas.html","phone":"04 90 05 78 00","email":"mairie.joucas@wanadoo.fr","population":"324 habitants","website":"","townhallAdress":"Le Village - 84220 - JOUCAS"},{"text":"LA BASTIDE DES JOURDANS","href":"./84/la-bastide-des-jourdans.html","phone":"04 90 77 81 04","email":"bastidedesj@wanadoo.fr","population":"1305 habitants","website":"","townhallAdress":"Place de la République - 84240 - LA-BASTIDE-DES-JOURDANS"},{"text":"LA BASTIDONNE","href":"./84/la-bastidonne.html","phone":"04 90 09 63 95","email":"mairie.labastidonne@wanadoo.fr","population":"762 habitants","website":"","townhallAdress":"Rue Ferrages - 84120 - LA-BASTIDONNE"},{"text":"LACOSTE","href":"./84/lacoste.html","phone":"04 90 75 84 97","email":"mairie@lacoste-84.com","population":"450 habitants","website":"","townhallAdress":"Place de la Mairie - 84480 - LACOSTE"},{"text":"LAFARE","href":"./84/lafare.html","phone":"04 90 62 96 17","email":"joelle.mairielafare@orange.fr","population":"105 habitants","website":"","townhallAdress":"Allée Grand Jardin - 84190 - LAFARE"},{"text":"LAGARDE D APT","href":"./84/lagarde-d-apt.html","phone":"04 90 75 00 93","email":"mairiedelagardedapt@orange.fr","population":"36 habitants","website":"","townhallAdress":"Le Village - 84400 - LAGARDE-D'APT"},{"text":"LAGARDE PAREOL","href":"./84/lagarde-pareol.html","phone":"04 90 30 81 91","email":"mairie.lagardepareol@orange.fr","population":"281 habitants","website":"","townhallAdress":"Route Sainte Cécile - 84290 - LAGARDE-PAREOL"},{"text":"LAGNES","href":"./84/lagnes.html","phone":"04 90 20 30 19","email":"commune-de-lagnes@wanadoo.fr","population":"1718 habitants","website":"","townhallAdress":"Place de la Mairie - 84800 - LAGNES"},{"text":"LA MOTTE D AIGUES","href":"./84/la-motte-d-aigues.html","phone":"04 90 77 62 09","email":"mairie-lamotte@wanadoo.fr","population":"1319 habitants","website":"","townhallAdress":"Parc Sosthène et Irma Reybaud - 84240 - LA-MOTTE-D'AIGUES"},{"text":"LAMOTTE DU RHONE","href":"./84/lamotte-du-rhone.html","phone":"04 90 30 20 32","email":"mairie.lamotte@wanadoo.fr","population":"415 habitants","website":"","townhallAdress":"Place de la Liberté - 84840 - LAMOTTE-DU-RHONE"},{"text":"LAPALUD","href":"./84/lapalud.html","phone":"04 90 40 30 73","email":"accueil@lapalud.net","population":"3504 habitants","website":"","townhallAdress":"35 cours des Platanes - 84840 - LAPALUD"},{"text":"LA ROQUE ALRIC","href":"./84/la-roque-alric.html","phone":"04 90 62 96 71","email":"mairie.laroquealric@gmail.com","population":"71 habitants","website":"","townhallAdress":"Le Village - 84190 - LA-ROQUE-ALRIC"},{"text":"LA ROQUE SUR PERNES","href":"./84/la-roque-sur-pernes.html","phone":"04 90 66 53 33","email":"mairie.laroque.pernes@wanadoo.fr","population":"427 habitants","website":"","townhallAdress":"Rue Eugène Imbert - 84210 - LA-ROQUE-SUR-PERNES"},{"text":"LA TOUR D AIGUES","href":"./84/la-tour-d-aigues.html","phone":"04 90 07 41 08","email":"accueil.mairie@latourdaigues.fr","population":"4061 habitants","website":"","townhallAdress":"Place de l'Eglise - 84240 - LA-TOUR-D'AIGUES"},{"text":"LAURIS","href":"./84/lauris.html","phone":"04 90 08 20 01","email":"commune.lauris@wanadoo.fr","population":"3373 habitants","website":"","townhallAdress":"Place Joseph Garnier - 84360 - LAURIS"},{"text":"LE BARROUX","href":"./84/le-barroux.html","phone":"04 90 62 43 11","email":"contact@mairie-lebarroux.fr","population":"631 habitants","website":"","townhallAdress":"Rue Mairie - 84330 - LE-BARROUX"},{"text":"LE BEAUCET","href":"./84/le-beaucet.html","phone":"04 90 66 00 23","email":"mairie.beaucet@wanadoo.fr","population":"377 habitants","website":"","townhallAdress":"Place de la Mairie - 84210 - LE-BEAUCET"},{"text":"LE PONTET","href":"./84/le-pontet.html","phone":"04 90 31 66 00","email":"siteofficiel@ville-le-pontet84.fr","population":"17760 habitants","website":"","townhallAdress":"Rue de l'Hôtel de Ville - 84130 - LE-PONTET"},{"text":"LE THOR","href":"./84/le-thor.html","phone":"04 90 33 91 84","email":"communication@ville-lethor.fr","population":"7881 habitants","website":"","townhallAdress":"Cours Gambetta - 84250 - LE-THOR"},{"text":"LIOUX","href":"./84/lioux.html","phone":"04 90 05 61 64","email":"mairie.lioux@wanadoo.fr","population":"258 habitants","website":"","townhallAdress":"Le Village - 84220 - LIOUX"},{"text":"L ISLE SUR LA SORGUE","href":"./84/l-isle-sur-la-sorgue.html","phone":"04 90 38 06 45","email":"communication@mairie-islesurlasorgue.fr","population":"19525 habitants","website":"","townhallAdress":"Rue Carnot - 84800 - L'ISLE-SUR-LA-SORGUE"},{"text":"LORIOL DU COMTAT","href":"./84/loriol-du-comtat.html","phone":"04 90 12 91 10","email":"mairiedeloriol@wanadoo.fr","population":"2286 habitants","website":"","townhallAdress":"Place de la Mairie - 84870 - LORIOL-DU-COMTAT"},{"text":"LOURMARIN","href":"./84/lourmarin.html","phone":"04 90 68 04 13","email":"mairie@lourmarin.com","population":"1044 habitants","website":"","townhallAdress":"Rue Henri de Savournin - 84160 - LOURMARIN"},{"text":"MALAUCENE","href":"./84/malaucene.html","phone":"04 90 65 20 17","email":"mairie@malaucene.fr","population":"2750 habitants","website":"","townhallAdress":"Cours Isnards - 84340 - MALAUCENE"},{"text":"MALEMORT DU COMTAT","href":"./84/malemort-du-comtat.html","phone":"04 90 69 71 11","email":"accueil-mairie@malemortducomtat.fr","population":"1438 habitants","website":"","townhallAdress":"Avenue Docteur Tondut - 84570 - MALEMORT-DU-COMTAT"},{"text":"MAUBEC","href":"./84/maubec.html","phone":"04 90 76 92 09","email":"mairiemaubec@wanadoo.fr","population":"1868 habitants","website":"","townhallAdress":"450 grande rue - 84660 - MAUBEC"},{"text":"MAZAN","href":"./84/mazan.html","phone":"04 90 69 70 19","email":"mairie-mazan@wanadoo.fr","population":"5628 habitants","website":"","townhallAdress":"66 boulevard Tournelle - 84380 - MAZAN"},{"text":"MENERBES","href":"./84/menerbes.html","phone":"04 90 72 22 05","email":"mairiemenerbes@wanadoo.fr","population":"1174 habitants","website":"","townhallAdress":"Place de l'Horloge - 84560 - MENERBES"},{"text":"MERINDOL","href":"./84/merindol.html","phone":"04 90 72 81 07","email":"mairie.merindol@wanadoo.fr","population":"1965 habitants","website":"","townhallAdress":"Place de la Mairie - 84360 - MERINDOL"},{"text":"METHAMIS","href":"./84/methamis.html","phone":"04 90 61 81 02","email":"mairie.de.methamis@wanadoo.fr","population":"398 habitants","website":"","townhallAdress":"Place de la Mairie - 84570 - METHAMIS"},{"text":"MIRABEAU","href":"./84/mirabeau.html","phone":"04 90 77 00 04","email":"mairiemirabeau@wanadoo.fr","population":"1098 habitants","website":"","townhallAdress":"Rue de la Mairie - 84120 - MIRABEAU"},{"text":"MODENE","href":"./84/modene.html","phone":"04 90 62 41 89","email":"mairiedemodene@orange.fr","population":"392 habitants","website":"","townhallAdress":"Place de l'Hôtel de Ville - 84330 - MODENE"},{"text":"MONDRAGON","href":"./84/mondragon.html","phone":"04 90 40 82 51","email":"mairiedemondragon@wanadoo.fr","population":"3609 habitants","website":"","townhallAdress":"545 rue des Anciens Combattants - 84430 - MONDRAGON"},{"text":"MONIEUX","href":"./84/monieux.html","phone":"04 90 64 03 09","email":"mairie-de-monieux@wanadoo.fr","population":"342 habitants","website":"","townhallAdress":"Place de la Mairie - 84390 - MONIEUX"},{"text":"MONTEUX","href":"./84/monteux.html","phone":"04 90 66 97 00","email":"ville.monteux@monteux.fr","population":"10921 habitants","website":"","townhallAdress":"Place de l'Hôtel de Ville - 84170 - MONTEUX"},{"text":"MORIERES LES AVIGNON","href":"./84/morieres-les-avignon.html","phone":"04 90 83 87 12","email":"contacts@morieres.fr","population":"7718 habitants","website":"","townhallAdress":"53 rue Louis Pasteur - 84310 - MORIERES-LES-AVIGNON"},{"text":"MORMOIRON","href":"./84/mormoiron.html","phone":"04 90 61 80 17","email":"mairie-mormoiron1@wanadoo.fr","population":"1859 habitants","website":"","townhallAdress":"Rue de la Mairie - 84570 - MORMOIRON"},{"text":"MORNAS","href":"./84/mornas.html","phone":"04 90 37 00 97","email":"mairie-mornas@orange.fr","population":"2297 habitants","website":"","townhallAdress":"Place de la Mairie - 84550 - MORNAS"},{"text":"MURS","href":"./84/murs.html","phone":"04 90 72 60 00","email":"mairiedemurs@wanadoo.fr","population":"433 habitants","website":"","townhallAdress":"Le Village - 84220 - MURS"},{"text":"OPPEDE","href":"./84/oppede.html","phone":"04 90 76 90 06","email":"mairie-oppede@wanadoo.fr","population":"1357 habitants","website":"","townhallAdress":"Les Poulivets - 84580 - OPPEDE"},{"text":"ORANGE","href":"./84/orange.html","phone":"04 90 51 41 41","email":"communication@ville-orange.fr","population":"30755 habitants","website":"","townhallAdress":"Place Clémenceau - 84100 - ORANGE"},{"text":"PERNES LES FONTAINES","href":"./84/pernes-les-fontaines.html","phone":"04 90 61 45 00","email":"mairie@ville-pernes-les-fontaines.fr","population":"10703 habitants","website":"","townhallAdress":"Place Aristide Briand - 84210 - PERNES-LES-FONTAINES"},{"text":"PERTUIS","href":"./84/pertuis.html","phone":"04 90 79 02 74","email":"communication@mairie-pertuis.fr","population":"19148 habitants","website":"","townhallAdress":"rue Voltaire � BP 37 - 84120 - PERTUIS"},{"text":"PEYPIN D AIGUES","href":"./84/peypin-d-aigues.html","phone":"04 90 77 76 01","email":"mairie.peypin.aigues@orange.fr","population":"611 habitants","website":"","townhallAdress":"Place Fontaine - 84240 - PEYPIN-D'AIGUES"},{"text":"PIOLENC","href":"./84/piolenc.html","phone":"04 90 29 63 66","email":"mairie.piolenc@wanadoo.fr","population":"4672 habitants","website":"","townhallAdress":"Place de la Résistance - 84420 - PIOLENC"},{"text":"PUGET","href":"./84/puget.html","phone":"04 90 08 21 96","email":"mairie.puget@wanadoo.fr","population":"670 habitants","website":"","townhallAdress":"Place du Temple - 84360 - PUGET"},{"text":"PUYMERAS","href":"./84/puymeras.html","phone":"04 90 46 40 90","email":"mairie.puymeras@gmail.com","population":"639 habitants","website":"","townhallAdress":"Place de la Mairie - 84110 - PUYMERAS"},{"text":"PUYVERT","href":"./84/puyvert.html","phone":"04 90 08 38 24","email":"mairie.puyvert@wanadoo.fr","population":"726 habitants","website":"","townhallAdress":"Rue des Ecoles - 84160 - PUYVERT"},{"text":"RASTEAU","href":"./84/rasteau.html","phone":"04 90 46 10 47","email":"mairie@rasteau.fr","population":"764 habitants","website":"","townhallAdress":"Place Apparent - 84110 - RASTEAU"},{"text":"RICHERENCHES","href":"./84/richerenches.html","phone":"04 90 28 02 00","email":"mairie.richerenches@orange.fr","population":"774 habitants","website":"","townhallAdress":"Avenue Rabasse - 84600 - RICHERENCHES"},{"text":"ROAIX","href":"./84/roaix.html","phone":"04 90 46 11 46","email":"mairie.roaix@wanadoo.fr","population":"621 habitants","website":"","townhallAdress":"Route d'Orange - 84110 - ROAIX"},{"text":"ROBION","href":"./84/robion.html","phone":"04 90 76 60 44","email":"dgs@mairie-robion.fr","population":"4071 habitants","website":"","townhallAdress":"Place Clément Gros - 84440 - ROBION"},{"text":"ROUSSILLON","href":"./84/roussillon.html","phone":"04 90 05 60 16","email":"accueil@roussillon-en-provence.fr","population":"1309 habitants","website":"","townhallAdress":"Place de la Mairie - 84220 - ROUSSILLON"},{"text":"RUSTREL","href":"./84/rustrel.html","phone":"04 90 04 91 09","email":"rustrel.mairie@wanadoo.fr","population":"695 habitants","website":"","townhallAdress":"Rue du Château - 84400 - RUSTREL"},{"text":"SABLET","href":"./84/sablet.html","phone":"04 90 46 90 19","email":"sablet.mairie@wanadoo.fr","population":"1344 habitants","website":"","townhallAdress":"Route de Vaison - 84110 - SABLET"},{"text":"SAIGNON","href":"./84/saignon.html","phone":"04 90 74 16 30","email":"mairiedesaignon@wanadoo.fr","population":"1064 habitants","website":"","townhallAdress":"Place de l'Eglise - 84400 - SAIGNON"},{"text":"SAINT CHRISTOL","href":"./84/saint-christol.html","phone":"04 90 75 01 05","email":"mairie-saintchristol@wanadoo.fr","population":"1118 habitants","website":"","townhallAdress":"Place de la Mairie - 84390 - SAINT-CHRISTOL"},{"text":"SAINT DIDIER","href":"./84/saint-didier.html","phone":"04 90 66 01 39","email":"mairie@saint-didier84.fr","population":"2073 habitants","website":"","townhallAdress":"Place de la Mairie - 84210 - SAINT-DIDIER"},{"text":"SAINTE CECILE LES VIGNES","href":"./84/sainte-cecile-les-vignes.html","phone":"04 90 30 80 17","email":"mairie@sainte-cecile.org","population":"2285 habitants","website":"","townhallAdress":"Place de la Mairie - 84290 - SAINTE-CECILE-LES-VIGNES"},{"text":"SAINT HIPPOLYTE LE GRAVEYRON","href":"./84/saint-hippolyte-le-graveyron.html","phone":"04 90 62 41 73","email":"mairiesainthippolytelegraveyron@wanadoo.fr","population":"171 habitants","website":"","townhallAdress":"Route de Beaumes de Venise - 84330 - SAINT-HIPPOLYTE-LE-GRAVEYRON"},{"text":"SAINT LEGER DU VENTOUX","href":"./84/saint-leger-du-ventoux.html","phone":"04 75 28 02 27","email":"mairie-st-leger-ventoux@orange.fr","population":"32 habitants","website":"","townhallAdress":"Le Village - 84390 - SAINT-LEGER-DU-VENTOUX"},{"text":"SAINT MARCELLIN LES VAISON","href":"./84/saint-marcellin-les-vaison.html","phone":"04 90 36 04 08","email":"st-marcellin-vaison@wanadoo.fr","population":"352 habitants","website":"","townhallAdress":"38 rue Magdeleine - 84110 - SAINT-MARCELLIN-LES-VAISON"},{"text":"SAINT MARTIN DE CASTILLON","href":"./84/saint-martin-de-castillon.html","phone":"04 90 75 20 08","email":"mairiedesaintmartindecastillon@orange.fr","population":"762 habitants","website":"","townhallAdress":"Grand Rue - 84750 - SAINT-MARTIN-DE-CASTILLON"},{"text":"SAINT MARTIN DE LA BRASQUE","href":"./84/saint-martin-de-la-brasque.html","phone":"04 90 77 61 02","email":"mairiestmartin3@orange.fr","population":"740 habitants","website":"","townhallAdress":"Le Cours - 84760 - SAINT-MARTIN-DE-LA-BRASQUE"},{"text":"SAINT PANTALEON","href":"./84/saint-pantaleon.html","phone":"04 90 72 23 08","email":"mairie.stpantaleon@wanadoo.fr","population":"192 habitants","website":"","townhallAdress":"Village - 84220 - SAINT-PANTALEON"},{"text":"SAINT PIERRE DE VASSOLS","href":"./84/saint-pierre-de-vassols.html","phone":"04 90 62 41 10","email":"mairie84vassols@wanadoo.fr","population":"502 habitants","website":"","townhallAdress":"Place Constant Auguste - 84330 - SAINT-PIERRE-DE-VASSOLS"},{"text":"SAINT ROMAIN EN VIENNOIS","href":"./84/saint-romain-en-viennois.html","phone":"04 90 46 41 98","email":"commune.stromain@orange.fr","population":"858 habitants","website":"","townhallAdress":"Le Village - 84110 - SAINT-ROMAIN-EN-VIENNOIS"},{"text":"SAINT ROMAN DE MALEGARDE","href":"./84/saint-roman-de-malegarde.html","phone":"04 90 28 92 28","email":"mairie.stromandemalegarde@wanadoo.fr","population":"297 habitants","website":"","townhallAdress":"Place de Verdun - 84290 - SAINT-ROMAN-DE-MALEGARDE"},{"text":"SAINT SATURNIN LES APT","href":"./84/saint-saturnin-les-apt.html","phone":"04 90 75 43 12","email":"mairie-saintsaturninlesapt@wanadoo.fr","population":"2706 habitants","website":"","townhallAdress":"9 place de la Mairie - 84490 - SAINT-SATURNIN-LES-APT"},{"text":"SAINT SATURNIN LES AVIGNON","href":"./84/saint-saturnin-les-avignon.html","phone":"04 90 22 63 00","email":"mairie@saintsaturnin.com","population":"5049 habitants","website":"","townhallAdress":"Boulevard Libération - 84450 - SAINT-SATURNIN-LES-AVIGNON"},{"text":"SAINT TRINIT","href":"./84/saint-trinit.html","phone":"04 90 75 01 85","email":"mairie.sainttrinit.84@wanadoo.fr","population":"126 habitants","website":"","townhallAdress":"Le Village - 84390 - SAINT-TRINIT"},{"text":"SANNES","href":"./84/sannes.html","phone":"04 90 77 62 29","email":"mairie.sannes@wanadoo.fr","population":"163 habitants","website":"","townhallAdress":"Ecole Sannes - 84240 - SANNES"},{"text":"SARRIANS","href":"./84/sarrians.html","phone":"04 90 12 21 21","email":"mairie@ville-sarrians.fr","population":"5783 habitants","website":"","townhallAdress":"Boulevard Comtat Venaissin - 84260 - SARRIANS"},{"text":"SAULT","href":"./84/sault.html","phone":"04 90 64 02 30","email":"mairie-sault-84@orange.fr","population":"1331 habitants","website":"","townhallAdress":"Place du Marché - 84390 - SAULT"},{"text":"SAUMANE DE VAUCLUSE","href":"./84/saumane-de-vaucluse.html","phone":"04 90 20 32 79","email":"mairie-saumane@wanadoo.fr","population":"797 habitants","website":"","townhallAdress":"Rue de l'Ecole - 84800 - SAUMANE-DE-VAUCLUSE"},{"text":"SAVOILLAN","href":"./84/savoillan.html","phone":"04 75 28 80 97","email":"commune-de-savoillans@orange.fr","population":"101 habitants","website":"","townhallAdress":"Le Village - 84390 - SAVOILLAN"},{"text":"SEGURET","href":"./84/seguret.html","phone":"04 90 46 91 06","email":"mairie.seguret@orange.fr","population":"945 habitants","website":"","townhallAdress":"Rue Poternes - 84110 - SEGURET"},{"text":"SERIGNAN DU COMTAT","href":"./84/serignan-du-comtat.html","phone":"04 90 70 00 03","email":"p.rousseau@serignanducomtat.com","population":"2488 habitants","website":"","townhallAdress":"Place de la Mairie - 84830 - SERIGNAN-DU-COMTAT"},{"text":"SIVERGUES","href":"./84/sivergues.html","phone":"04 90 74 02 93","email":"","population":"47 habitants","website":"","townhallAdress":"La Sédiaque - 84400 - SIVERGUES"},{"text":"SORGUES","href":"./84/sorgues.html","phone":"04 90 39 71 00","email":"mairie@ville-sorgues.fr","population":"18764 habitants","website":"","townhallAdress":"Route d'Entraigues - 84700 - SORGUES"},{"text":"SUZETTE","href":"./84/suzette.html","phone":"04 90 62 96 39","email":"mairie.suzette@orange.fr","population":"123 habitants","website":"","townhallAdress":"Le Village - 84190 - SUZETTE"},{"text":"TAILLADES","href":"./84/taillades.html","phone":"04 90 71 09 98","email":"mairie.taillades@wanadoo.fr","population":"1931 habitants","website":"","townhallAdress":"Place de la Mairie - 84300 - TAILLADES"},{"text":"TRAVAILLAN","href":"./84/travaillan.html","phone":"04 90 37 24 01","email":"mairie.travaillan@wanadoo.fr","population":"672 habitants","website":"","townhallAdress":"Place Jean Moulin - 84850 - TRAVAILLAN"},{"text":"UCHAUX","href":"./84/uchaux.html","phone":"04 90 40 62 40","email":"mairie.uchaux@wanadoo.fr","population":"1413 habitants","website":"","townhallAdress":"Place de la Mairie - 84100 - UCHAUX"},{"text":"VACQUEYRAS","href":"./84/vacqueyras.html","phone":"04 90 65 84 24","email":"mairie.vacqueyras@orange.fr","population":"1080 habitants","website":"","townhallAdress":"Place de la Mairie - 84190 - VACQUEYRAS"},{"text":"VAISON LA ROMAINE","href":"./84/vaison-la-romaine.html","phone":"04 90 36 50 00","email":"mairie@vaison-la-romaine.com","population":"6392 habitants","website":"","townhallAdress":"6 cours Taulignan - 84110 - VAISON-LA-ROMAINE"},{"text":"VALREAS","href":"./84/valreas.html","phone":"04 90 35 00 45","email":"communication@mairie-valreas.fr","population":"10093 habitants","website":"","townhallAdress":"8 place Aristide Briand - 84600 - VALREAS"},{"text":"VAUGINES","href":"./84/vaugines.html","phone":"04 90 77 25 08","email":"mairie.vaugines@wanadoo.fr","population":"586 habitants","website":"","townhallAdress":"Place de la Mairie - 84160 - VAUGINES"},{"text":"VEDENE","href":"./84/vedene.html","phone":"04 90 23 76 76","email":"villedevedene@avignon.pacwan.net","population":"10131 habitants","website":"","townhallAdress":"Rue Jean Moulin - 84270 - VEDENE"},{"text":"VELLERON","href":"./84/velleron.html","phone":"04 90 20 00 71","email":"contact@velleron.fr","population":"3101 habitants","website":"","townhallAdress":"Place du Château - 84740 - VELLERON"},{"text":"VENASQUE","href":"./84/venasque.html","phone":"04 90 66 02 93","email":"mairie@venasque.fr","population":"1158 habitants","website":"","townhallAdress":"Place de la Mairie - 84210 - VENASQUE"},{"text":"VIENS","href":"./84/viens.html","phone":"04 90 75 20 02","email":"commune-de-viens@wanadoo.fr","population":"585 habitants","website":"","townhallAdress":"Place Ormeau - 84750 - VIENS"},{"text":"VILLARS","href":"./84/villars.html","phone":"04 90 75 40 01","email":"mairie.villars.vaucluse@wanadoo.fr","population":"740 habitants","website":"","townhallAdress":"Le Village - 84400 - VILLARS"},{"text":"VILLEDIEU","href":"./84/villedieu.html","phone":"04 90 28 92 50","email":"villedieu.mairie@wanadoo.fr","population":"521 habitants","website":"","townhallAdress":"Place de la Libération - 84110 - VILLEDIEU"},{"text":"VILLELAURE","href":"./84/villelaure.html","phone":"04 90 09 83 83","email":"villelauremairie@orange.fr","population":"3167 habitants","website":"","townhallAdress":"160 avenue Winston Churchill - 84530 - VILLELAURE"},{"text":"VILLES SUR AUZON","href":"./84/villes-sur-auzon.html","phone":"04 90 61 82 05","email":"commune-villes-sur-auzon@wanadoo.fr","population":"1271 habitants","website":"","townhallAdress":"Place de la Mairie - 84570 - VILLES-SUR-AUZON"},{"text":"VIOLES","href":"./84/violes.html","phone":"04 90 70 92 11","email":"mairie-de-violes@wanadoo.fr","population":"1589 habitants","website":"","townhallAdress":"Cours Rigot - 84150 - VIOLES"},{"text":"VISAN","href":"./84/visan.html","phone":"04 90 28 50 90","email":"sg.visan@orange.fr","population":"1970 habitants","website":"","townhallAdress":"Place du Jeu de Paume - 84820 - VISAN"},{"text":"VITROLLES EN LUBERON","href":"./84/vitrolles-en-luberon.html","phone":"04 90 77 82 01","email":"mairie.vitrolles-en-luberon@wanadoo.fr","population":"186 habitants","website":"","townhallAdress":"Rue de la Mairie - 84240 - VITROLLES-EN-LUBERON"}]}