{"text":"86 | Vienne","href":"vienne.html","townships":[{"text":"ADRIERS","href":"./86/adriers.html","phone":"05 49 48 73 06","email":"adriers@cg86.fr","population":"758 habitants","website":"","townhallAdress":"41 rue Principale - 86430 - ADRIERS"},{"text":"AMBERRE","href":"./86/amberre.html","phone":"05 49 50 53 40","email":"amberre@wanadoo.fr","population":"487 habitants","website":"","townhallAdress":"Place du 11 Novembre - 86110 - AMBERRE"},{"text":"ANCHE","href":"./86/anche.html","phone":"05 49 42 42 77","email":"anche@cg86.fr","population":"306 habitants","website":"","townhallAdress":"Le Bourg - 86700 - ANCHE"},{"text":"ANGLES SUR L ANGLIN","href":"./86/angles-sur-l-anglin.html","phone":"05 49 48 61 20","email":"angles-sur-langlin@cg86.fr","population":"396 habitants","website":"","townhallAdress":"18 rue Saint Jean - 86260 - ANGLES-SUR-L'ANGLIN"},{"text":"ANGLIERS","href":"./86/angliers.html","phone":"05 49 98 19 10","email":"angliers@cg86.fr","population":"672 habitants","website":"","townhallAdress":"8 allée Aubert de Tourny - 86330 - ANGLIERS"},{"text":"ANTIGNY","href":"./86/antigny.html","phone":"05 49 48 04 49","email":"antigny@cg86.fr","population":"609 habitants","website":"","townhallAdress":"42 place de la Mairie - 86310 - ANTIGNY"},{"text":"ANTRAN","href":"./86/antran.html","phone":"05 49 02 64 47","email":"antran@cg86.fr","population":"1153 habitants","website":"","townhallAdress":"Rue de la Mairie - 86100 - ANTRAN"},{"text":"ARCAY","href":"./86/arcay.html","phone":"05 49 98 18 08","email":"arcay@cg86.fr","population":"407 habitants","website":"","townhallAdress":"Route Chasseigne - 86200 - ARCAY"},{"text":"ARCHIGNY","href":"./86/archigny.html","phone":"05 49 85 31 26","email":"contact@mairie-archigny.fr","population":"1041 habitants","website":"","townhallAdress":"38 rue Roger Furge - 86210 - ARCHIGNY"},{"text":"ASLONNES","href":"./86/aslonnes.html","phone":"05 49 42 52 07","email":"aslonnes@cg86.fr","population":"986 habitants","website":"","townhallAdress":"Place de la Mairie - 86340 - ASLONNES"},{"text":"ASNIERES SUR BLOUR","href":"./86/asnieres-sur-blour.html","phone":"05 49 48 74 17","email":"asnieres-sur-blour@cg86.fr","population":"208 habitants","website":"","townhallAdress":"Route Maraichère - 86430 - ASNIERES-SUR-BLOUR"},{"text":"ASNOIS","href":"./86/asnois.html","phone":"05 49 87 51 43","email":"communeasnois@wanadoo.fr","population":"149 habitants","website":"","townhallAdress":"Le Bourg - 86250 - ASNOIS"},{"text":"AULNAY","href":"./86/aulnay.html","phone":"05 49 22 75 13","email":"aulnay@cg86.fr","population":"110 habitants","website":"","townhallAdress":"2 rue Saint Clair - 86330 - AULNAY"},{"text":"AVAILLES EN CHATELLERAULT","href":"./86/availles-en-chatellerault.html","phone":"05 49 93 60 09","email":"availles-en-chatellerault@cg86.fr","population":"1550 habitants","website":"","townhallAdress":"1 place René Descartes - 86530 - AVAILLES-EN-CHATELLERAULT"},{"text":"AVAILLES LIMOUZINE","href":"./86/availles-limouzine.html","phone":"05 49 48 50 16","email":"availles-limouzine@cg86.fr","population":"1339 habitants","website":"","townhallAdress":"1 place de la Mairie - 86460 - AVAILLES-LIMOUZINE"},{"text":"AVANTON","href":"./86/avanton.html","phone":"05 49 51 63 46","email":"sg@avanton.fr","population":"1844 habitants","website":"","townhallAdress":"5 rue de la Poste - 86170 - AVANTON"},{"text":"AYRON","href":"./86/ayron.html","phone":"05 49 60 11 72","email":"ayron@cg86.fr","population":"1109 habitants","website":"","townhallAdress":"1 route des Poitiers - 86190 - AYRON"},{"text":"BASSES","href":"./86/basses.html","phone":"05 49 98 18 63","email":"basses@cg86.fr","population":"363 habitants","website":"","townhallAdress":"4 rue Colette Duval - 86200 - BASSES"},{"text":"BEAUMONT","href":"./86/beaumont.html","phone":"05 49 85 50 55","email":"mairie@beaumont.fr","population":"1758 habitants","website":"","townhallAdress":"2 place du 11 Novembre - 86490 - BEAUMONT"},{"text":"BELLEFONDS","href":"./86/bellefonds.html","phone":"05 49 85 23 22","email":"bellefonds@cg86.fr","population":"236 habitants","website":"","townhallAdress":"Le Bourg - 86210 - BELLEFONDS"},{"text":"BENASSAY","href":"./86/benassay.html","phone":"05 49 57 87 04","email":"benassay@cg86.fr","population":"879 habitants","website":"","townhallAdress":"Place de la Mairie - 86470 - BENASSAY"},{"text":"BERRIE","href":"./86/berrie.html","phone":"05 49 22 94 25","email":"berrie@cg86.fr","population":"265 habitants","website":"","townhallAdress":"6 rue Château Le Bourg - 86120 - BERRIE"},{"text":"BERTHEGON","href":"./86/berthegon.html","phone":"05 49 22 80 64","email":"berthegon@cg86.fr","population":"282 habitants","website":"","townhallAdress":"Le Bourg - 86420 - BERTHEGON"},{"text":"BERUGES","href":"./86/beruges.html","phone":"05 49 53 32 54","email":"beruges@wanadoo.fr","population":"1302 habitants","website":"","townhallAdress":"1Bis place de l'Eglise - 86190 - BERUGES"},{"text":"BETHINES","href":"./86/bethines.html","phone":"05 49 48 03 09","email":"mairiebethines@wanadoo.fr","population":"498 habitants","website":"","townhallAdress":"11 rue Salleron - 86310 - BETHINES"},{"text":"BEUXES","href":"./86/beuxes.html","phone":"05 49 98 70 71","email":"beuxes@cg86.fr","population":"514 habitants","website":"","townhallAdress":"Le Bourg - 86120 - BEUXES"},{"text":"BIARD","href":"./86/biard.html","phone":"05 49 37 60 40","email":"info@ville-biard.fr","population":"1663 habitants","website":"","townhallAdress":"21 rue des Ecoles - 86580 - BIARD"},{"text":"BIGNOUX","href":"./86/bignoux.html","phone":"05 49 61 21 91","email":"bignoux@cg86.fr","population":"1069 habitants","website":"","townhallAdress":"1 rue Bignolas - 86800 - BIGNOUX"},{"text":"BLANZAY","href":"./86/blanzay.html","phone":"05 49 87 07 77","email":"blanzay@cg86.fr","population":"852 habitants","website":"","townhallAdress":"18 rue du Cèdre - 86400 - BLANZAY"},{"text":"BLASLAY","href":"./86/blaslay.html","phone":"05 49 54 13 24","email":"blaslay@cg86.fr","population":"514 habitants","website":"","townhallAdress":"1 place de l'Eglise - 86170 - BLASLAY"},{"text":"BONNES","href":"./86/bonnes.html","phone":"05 49 56 40 17","email":"bonnes@cg86.fr","population":"1700 habitants","website":"","townhallAdress":"Place Jean Baptiste Guiot - 86300 - BONNES"},{"text":"BONNEUIL MATOURS","href":"./86/bonneuil-matours.html","phone":"05 49 85 23 82","email":"mairie@bonneuil-matours.com","population":"2004 habitants","website":"","townhallAdress":"4 rue du 8 Mai 1945 - 86210 - BONNEUIL-MATOURS"},{"text":"BOURESSE","href":"./86/bouresse.html","phone":"05 49 42 73 10","email":"bouresse@cg86.fr","population":"620 habitants","website":"","townhallAdress":"Rue des Halles - 86410 - BOURESSE"},{"text":"BOURG ARCHAMBAULT","href":"./86/bourg-archambault.html","phone":"05 49 91 81 06","email":"bourg-archambault@cg86.fr","population":"203 habitants","website":"","townhallAdress":"Route de Brigueil - 86390 - BOURG-ARCHAMBAULT"},{"text":"BOURNAND","href":"./86/bournand.html","phone":"05 49 98 73 21","email":"bournand.mairie@wanadoo.fr","population":"662 habitants","website":"","townhallAdress":"14 rue de la Mairie - 86120 - BOURNAND"},{"text":"BRIGUEIL LE CHANTRE","href":"./86/brigueil-le-chantre.html","phone":"05 49 91 70 16","email":"brigueil-le-chantre@cg86.fr","population":"513 habitants","website":"","townhallAdress":"Le Bourg - 86290 - BRIGUEIL-LE-CHANTRE"},{"text":"BRION","href":"./86/brion.html","phone":"05 49 59 37 04","email":"brion@cg86.fr","population":"245 habitants","website":"","townhallAdress":"Place de l'Eglise - 86160 - BRION"},{"text":"BRUX","href":"./86/brux.html","phone":"05 49 59 23 02","email":"brux@cg86.fr","population":"692 habitants","website":"","townhallAdress":"4, rue de la Mairie - 86510 - BRUX"},{"text":"BUXEROLLES","href":"./86/buxerolles.html","phone":"05 49 38 38 49","email":"contact@buxerolles.fr","population":"10298 habitants","website":"","townhallAdress":"12 rue de l'Hôtel de Ville - 86180 - BUXEROLLES"},{"text":"BUXEUIL","href":"./86/buxeuil.html","phone":"02 47 59 72 08","email":"buxeuil@cg86.fr","population":"900 habitants","website":"","townhallAdress":"Rue de L'Eglise - 37160 - BUXEUIL"},{"text":"CEAUX EN COUHE","href":"./86/ceaux-en-couhe.html","phone":"05 49 59 27 08","email":"ceaux-en-couhe@cg86.fr","population":"534 habitants","website":"","townhallAdress":"Route Couhé - 86700 - CEAUX-EN-COUHE"},{"text":"CEAUX EN LOUDUN","href":"./86/ceaux-en-loudun.html","phone":"05 49 22 52 48","email":"ceaux-en-loudun@cg86.fr","population":"601 habitants","website":"","townhallAdress":"1 place de l'Eglise - 86200 - CEAUX-EN-LOUDUN"},{"text":"CELLE L EVESCAULT","href":"./86/celle-l-evescault.html","phone":"05 49 43 52 56","email":"celle-levescault@cg86.fr","population":"1294 habitants","website":"","townhallAdress":"Grand'Rue - 86600 - CELLE-L'EVESCAULT"},{"text":"CENON SUR VIENNE","href":"./86/cenon-sur-vienne.html","phone":"05 49 21 33 07","email":"cenon-sur-vienne@cg86.fr","population":"1876 habitants","website":"","townhallAdress":"Place de Savoie - 86530 - CENON-SUR-VIENNE"},{"text":"CERNAY","href":"./86/cernay.html","phone":"05 49 90 82 66","email":"cernay@ville-cernay.fr","population":"437 habitants","website":"","townhallAdress":"4 rue Fontaine d'Amour - 86140 - CERNAY"},{"text":"CHABOURNAY","href":"./86/chabournay.html","phone":"05 49 51 24 12","email":"chabournay@cg86.fr","population":"884 habitants","website":"","townhallAdress":"10 rue de l'Ecole - 86380 - CHABOURNAY"},{"text":"CHALAIS","href":"./86/chalais.html","phone":"05 49 98 51 14","email":"chalais@cg86.fr","population":"541 habitants","website":"","townhallAdress":"4 rue de la Mairie - 86200 - CHALAIS"},{"text":"CHALANDRAY","href":"./86/chalandray.html","phone":"05 49 60 14 06","email":"chalandray@cg86.fr","population":"737 habitants","website":"","townhallAdress":"40 route des Poitiers - 86190 - CHALANDRAY"},{"text":"CHAMPAGNE LE SEC","href":"./86/champagne-le-sec.html","phone":"05 49 87 15 34","email":"champagne-le-sec@cg86.fr","population":"217 habitants","website":"","townhallAdress":"Le Bourg - 86510 - CHAMPAGNE-LE-SEC"},{"text":"CHAMPAGNE SAINT HILAIRE","href":"./86/champagne-saint-hilaire.html","phone":"05 49 37 30 91","email":"champagne-saint-hilaire@cg86.fr","population":"948 habitants","website":"","townhallAdress":"1 place de la  Mairie - 86160 - CHAMPAGNE-SAINT-HILAIRE"},{"text":"CHAMPIGNY LE SEC","href":"./86/champigny-le-sec.html","phone":"05 49 54 61 20","email":"champigny-le-sec@cg86.fr","population":"1042 habitants","website":"","townhallAdress":"Place de la Mairie - 86170 - CHAMPIGNY-LE-SEC"},{"text":"CHAMPNIERS","href":"./86/champniers.html","phone":"05 49 87 07 36","email":"courrier@champniers.fr","population":"375 habitants","website":"","townhallAdress":"1 rue Buissonnière - 86400 - CHAMPNIERS"},{"text":"CHAPELLE VIVIERS","href":"./86/chapelle-viviers.html","phone":"05 49 56 91 52","email":"la-chapelle-viviers@cg86.fr","population":"487 habitants","website":"","townhallAdress":"Place de l'Eglise - 86300 - CHAPELLE-VIVIERS"},{"text":"CHARRAIS","href":"./86/charrais.html","phone":"05 49 51 21 88","email":"charrais@cg86.fr","population":"858 habitants","website":"","townhallAdress":"48 rue des Ecoles Etables - 86170 - CHARRAIS"},{"text":"CHARROUX","href":"./86/charroux.html","phone":"05 49 87 50 33","email":"contact@mairie-charroux-en-poitou.fr","population":"1215 habitants","website":"","townhallAdress":"1 rue Paille - 86250 - CHARROUX"},{"text":"CHASSENEUIL DU POITOU","href":"./86/chasseneuil-du-poitou.html","phone":"05 49 52 77 19","email":"maire@mairie-chasseneuildupoitou.fr","population":"4608 habitants","website":"","townhallAdress":"Rue du 11 Novembre - 86360 - CHASSENEUIL-DU-POITOU"},{"text":"CHATAIN","href":"./86/chatain.html","phone":"05 49 87 51 79","email":"chatain@cg86.fr","population":"334 habitants","website":"","townhallAdress":"Le Bourg - 86250 - CHATAIN"},{"text":"CHATEAU GARNIER","href":"./86/chateau-garnier.html","phone":"05 49 87 80 11","email":"mairie.chateaugarnier@wanadoo.fr","population":"640 habitants","website":"","townhallAdress":"Le Bourg - 86350 - CHATEAU-GARNIER"},{"text":"CHATEAU LARCHER","href":"./86/chateau-larcher.html","phone":"05 49 43 40 56","email":"chateau-larcher@cg86.fr","population":"946 habitants","website":"","townhallAdress":"4 rue de la Mairie - 86370 - CHATEAU-LARCHER"},{"text":"CHATELLERAULT","href":"./86/chatellerault.html","phone":"05 49 20 20 20","email":"informatique@capc-chatellerault.fr","population":"35096 habitants","website":"","townhallAdress":"78 boulevard Blossac - 86100 - CHATELLERAULT"},{"text":"CHATILLON","href":"./86/chatillon.html","phone":"05 49 59 19 28","email":"chatillon@cg86.fr","population":"214 habitants","website":"","townhallAdress":"Le Bourg - 86700 - CHATILLON"},{"text":"CHAUNAY","href":"./86/chaunay.html","phone":"05 49 59 25 05","email":"chaunay@cg86.fr","population":"1221 habitants","website":"","townhallAdress":"41 Grand Rue - 86510 - CHAUNAY"},{"text":"CHAUVIGNY","href":"./86/chauvigny.html","phone":"05 49 45 99 10","email":"","population":"7028 habitants","website":"","townhallAdress":"1 rue du Moulin Saint Léger - 86300 - CHAUVIGNY"},{"text":"CHENECHE","href":"./86/cheneche.html","phone":"05 49 51 24 61","email":"cheneche@cg86.fr","population":"306 habitants","website":"","townhallAdress":"Rue Gilles de Rais - 86380 - CHENECHE"},{"text":"CHENEVELLES","href":"./86/chenevelles.html","phone":"05 49 85 33 06","email":"chenevelles@cg86.fr","population":"443 habitants","website":"","townhallAdress":"Place de l'Eglise - 86450 - CHENEVELLES"},{"text":"CHERVES","href":"./86/cherves.html","phone":"05 49 51 06 82","email":"cherves@cg86.fr","population":"581 habitants","website":"","townhallAdress":"5 rue de la Mairie - 86170 - CHERVES"},{"text":"CHIRE EN MONTREUIL","href":"./86/chire-en-montreuil.html","phone":"05 49 51 84 50","email":"","population":"886 habitants","website":"","townhallAdress":"Place René Le Cesve - 86190 - CHIRE-EN-MONTREUIL"},{"text":"CHOUPPES","href":"./86/chouppes.html","phone":"05 49 50 43 38","email":"chouppes@cg86.fr","population":"746 habitants","website":"","townhallAdress":"Place du 8 Mai 1945 - 86110 - CHOUPPES"},{"text":"CISSE","href":"./86/cisse.html","phone":"05 49 54 40 26","email":"cisse@cg86.fr","population":"2472 habitants","website":"","townhallAdress":"2 rue Plat d'Etain - 86170 - CISSE"},{"text":"CIVAUX","href":"./86/civaux.html","phone":"05 49 48 45 08","email":"civaux@cg86.fr","population":"957 habitants","website":"","townhallAdress":"2 place Gomelange - 86320 - CIVAUX"},{"text":"CIVRAY","href":"./86/civray.html","phone":"05 49 87 00 49","email":"","population":"3002 habitants","website":"","townhallAdress":"12 place Général de Gaulle - 86400 - CIVRAY"},{"text":"CLOUE","href":"./86/cloue.html","phone":"05 49 43 37 36","email":"cloue@cg86.fr","population":"450 habitants","website":"","townhallAdress":"Grand'Rue - 86600 - CLOUE"},{"text":"COLOMBIERS","href":"./86/colombiers.html","phone":"05 49 90 02 25","email":"info@colombiers.com","population":"1498 habitants","website":"","townhallAdress":"Place de la Mairie - 86490 - COLOMBIERS"},{"text":"COUHE","href":"./86/couhe.html","phone":"05 49 37 44 20","email":"","population":"1936 habitants","website":"","townhallAdress":"80 Grand'Rue - 86700 - COUHE"},{"text":"COULOMBIERS","href":"./86/coulombiers.html","phone":"05 49 60 90 25","email":"","population":"1111 habitants","website":"","townhallAdress":"32 route Nationale - 86600 - COULOMBIERS"},{"text":"COULONGES","href":"./86/coulonges.html","phone":"05 49 91 77 08","email":"coulonges-les-herolles@cg86.fr","population":"266 habitants","website":"","townhallAdress":"Le Bourg - 86290 - COULONGES"},{"text":"COUSSAY","href":"./86/coussay.html","phone":"05 49 50 55 28","email":"coussay@cg86.fr","population":"272 habitants","website":"","townhallAdress":"Place du 11 Novembre - 86110 - COUSSAY"},{"text":"COUSSAY LES BOIS","href":"./86/coussay-les-bois.html","phone":"05 49 86 23 54","email":"coussay-les-bois@cg86.fr","population":"836 habitants","website":"","townhallAdress":"7 rue de l'Eglise - 86270 - COUSSAY-LES-BOIS"},{"text":"CRAON","href":"./86/craon.html","phone":"05 49 60 03 35","email":"contact@ville-craon53.fr","population":"201 habitants","website":"","townhallAdress":"1 place Saint Michel - 86110 - CRAON"},{"text":"CROUTELLE","href":"./86/croutelle.html","phone":"05 49 53 06 09","email":"croutelle@cg86.fr","population":"796 habitants","website":"","townhallAdress":"33 Grand'Rue - 86240 - CROUTELLE"},{"text":"CUHON","href":"./86/cuhon.html","phone":"05 49 60 01 04","email":"cuhon@cg86.fr","population":"364 habitants","website":"","townhallAdress":"1 place de la Mairie - 86110 - CUHON"},{"text":"CURCAY SUR DIVE","href":"./86/curcay-sur-dive.html","phone":"05 49 98 56 04","email":"","population":"238 habitants","website":"","townhallAdress":"4 rue du Donjon - 86120 - CURCAY-SUR-DIVE"},{"text":"CURZAY SUR VONNE","href":"./86/curzay-sur-vonne.html","phone":"05 49 53 51 64","email":"curzay-sur-vonne@cg86.fr","population":"465 habitants","website":"","townhallAdress":"Place de la Mairie - 86600 - CURZAY-SUR-VONNE"},{"text":"DANGE SAINT ROMAIN","href":"./86/dange-saint-romain.html","phone":"05 49 86 40 01","email":"","population":"3211 habitants","website":"","townhallAdress":"5 place de la Promenade - 86220 - DANGE-SAINT-ROMAIN"},{"text":"DERCE","href":"./86/derce.html","phone":"05 49 22 80 10","email":"derce@cg86.fr","population":"166 habitants","website":"","townhallAdress":"Le Bourg - 86420 - DERCE"},{"text":"DIENNE","href":"./86/dienne.html","phone":"05 49 42 60 51","email":"dienne@cg86.fr","population":"493 habitants","website":"","townhallAdress":"Route Verrières - 86410 - DIENNE"},{"text":"DISSAY","href":"./86/dissay.html","phone":"05 49 52 34 56","email":"accueil@dissay.fr","population":"2953 habitants","website":"","townhallAdress":"240 rue de l'Eglise - 86130 - DISSAY"},{"text":"DOUSSAY","href":"./86/doussay.html","phone":"05 49 90 73 04","email":"doussay@cg86.fr","population":"604 habitants","website":"","townhallAdress":"Le Bourg - 86140 - DOUSSAY"},{"text":"FLEIX","href":"./86/fleix.html","phone":"05 49 46 33 84","email":"fleix@cg86.fr","population":"150 habitants","website":"","townhallAdress":"Le Bourg - 86300 - FLEIX"},{"text":"FLEURE","href":"./86/fleure.html","phone":"05 49 42 60 15","email":"fleure@cg86.fr","population":"1014 habitants","website":"","townhallAdress":"Route de Poitiers - 86340 - FLEURE"},{"text":"FONTAINE LE COMTE","href":"./86/fontaine-le-comte.html","phone":"05 49 62 67 05","email":"fontaine-le-comte@cg86.fr","population":"3487 habitants","website":"","townhallAdress":"Esplanade des Citoyens - 86240 - FONTAINE-LE-COMTE"},{"text":"FROZES","href":"./86/frozes.html","phone":"05 49 51 84 14","email":"frozes@cg86.fr","population":"495 habitants","website":"","townhallAdress":"4 place de la Croix - 86190 - FROZES"},{"text":"GENCAY","href":"./86/gencay.html","phone":"05 49 59 31 36","email":"mairiedegencay@wanadoo.fr","population":"1721 habitants","website":"","townhallAdress":"Place du Marché - 86160 - GENCAY"},{"text":"GENOUILLE","href":"./86/genouille.html","phone":"05 49 87 10 71","email":"genouille@cg86.fr","population":"533 habitants","website":"","townhallAdress":"Le Bourg - 86250 - GENOUILLE"},{"text":"GIZAY","href":"./86/gizay.html","phone":"05 49 42 56 45","email":"gizay@cg86.fr","population":"392 habitants","website":"","townhallAdress":"1 route Nieuil - 86340 - GIZAY"},{"text":"GLENOUZE","href":"./86/glenouze.html","phone":"05 49 98 54 33","email":"glenouze@cg86.fr","population":"113 habitants","website":"","townhallAdress":"Place de l'Eglise - 86200 - GLENOUZE"},{"text":"GOUEX","href":"./86/gouex.html","phone":"05 49 48 46 14","email":"gouex@cg86.fr","population":"537 habitants","website":"","townhallAdress":"3 rue de la Mairie - 86320 - GOUEX"},{"text":"GUESNES","href":"./86/guesnes.html","phone":"05 49 22 80 53","email":"guesnes@cg86.fr","population":"237 habitants","website":"","townhallAdress":"Route des Chauleries - 86420 - GUESNES"},{"text":"HAIMS","href":"./86/haims.html","phone":"05 49 91 13 77","email":"haims@cg86.fr","population":"236 habitants","website":"","townhallAdress":"Le Bourg - 86310 - HAIMS"},{"text":"INGRANDES","href":"./86/ingrandes.html","phone":"05 49 02 64 44","email":"ingrandes-sur-vienne@cg86.fr","population":"1920 habitants","website":"","townhallAdress":"Rue de la Gare - 86220 - INGRANDES"},{"text":"ITEUIL","href":"./86/iteuil.html","phone":"05 49 55 00 17","email":"","population":"2887 habitants","website":"","townhallAdress":"4 place de la Mairie - 86240 - ITEUIL"},{"text":"JARDRES","href":"./86/jardres.html","phone":"05 49 56 70 56","email":"jardres@cg86.fr","population":"1125 habitants","website":"","townhallAdress":"3 rue de la Mairie - 86800 - JARDRES"},{"text":"JAUNAY CLAN","href":"./86/jaunay-clan.html","phone":"05 49 62 37 00","email":"info@jaunay-clan.fr","population":"5982 habitants","website":"","townhallAdress":"72Ter Grand Rue - 86130 - JAUNAY-CLAN"},{"text":"JAZENEUIL","href":"./86/jazeneuil.html","phone":"05 49 89 05 20","email":"jazeneuil@cg86.fr","population":"811 habitants","website":"","townhallAdress":"Le Bourg - 86600 - JAZENEUIL"},{"text":"JOUHET","href":"./86/jouhet.html","phone":"05 49 91 05 32","email":"mairiedejouhet@free.fr","population":"519 habitants","website":"","townhallAdress":"Le Bourg - 86500 - JOUHET"},{"text":"JOURNET","href":"./86/journet.html","phone":"05 49 91 62 11","email":"journet@cg86.fr","population":"382 habitants","website":"","townhallAdress":"Route La Trimouille - 86290 - JOURNET"},{"text":"JOUSSE","href":"./86/jousse.html","phone":"05 49 87 81 03","email":"jousse@cg86.fr","population":"338 habitants","website":"","townhallAdress":"Le Bourg - 86350 - JOUSSE"},{"text":"LA BUSSIERE","href":"./86/la-bussiere.html","phone":"05 49 48 03 61","email":"mairie-la-bussiere-loiret@wanadoo.fr","population":"380 habitants","website":"","townhallAdress":"Route Saint Pierre - 86310 - LA-BUSSIERE"},{"text":"LA CHAPELLE BATON","href":"./86/la-chapelle-baton.html","phone":"05 49 87 11 58","email":"mairie.79chapbat@orange.fr","population":"379 habitants","website":"","townhallAdress":"Le Bourg - 86250 - LA-CHAPELLE-BATON"},{"text":"LA CHAPELLE MONTREUIL","href":"./86/la-chapelle-montreuil.html","phone":"05 49 57 83 18","email":"la-chapelle-montreuil@cg86.fr","population":"625 habitants","website":"","townhallAdress":"Rue de la Mairie - 86470 - LA-CHAPELLE-MONTREUIL"},{"text":"LA CHAPELLE MOULIERE","href":"./86/la-chapelle-mouliere.html","phone":"05 49 56 64 36","email":"la-chapelle-mouliere@cg86.fr","population":"625 habitants","website":"","townhallAdress":"Place de la Mairie - 86210 - LA-CHAPELLE-MOULIERE"},{"text":"LA CHAUSSEE","href":"./86/la-chaussee.html","phone":"05 49 22 73 67","email":"","population":"166 habitants","website":"","townhallAdress":"4 rue Saint Jean de Sauves - 86330 - LA-CHAUSSEE"},{"text":"LA FERRIERE AIROUX","href":"./86/la-ferriere-airoux.html","phone":"05 49 59 33 32","email":"mairie.laferriereairoux@wanadoo.fr","population":"328 habitants","website":"","townhallAdress":"Le Bourg - 86160 - LA-FERRIERE-AIROUX"},{"text":"LA GRIMAUDIERE","href":"./86/la-grimaudiere.html","phone":"05 49 60 03 18","email":"la-grimaudiere@cg86.fr","population":"403 habitants","website":"","townhallAdress":"Rue de la Poste - 86330 - LA-GRIMAUDIERE"},{"text":"LA PUYE","href":"./86/la-puye.html","phone":"05 49 46 41 14","email":"la-puye@cg86.fr","population":"588 habitants","website":"","townhallAdress":"9 place de la Mairie - 86260 - LA-PUYE"},{"text":"LA ROCHE POSAY","href":"./86/la-roche-posay.html","phone":"05 49 86 20 59","email":"mairie@ville-larocheposay.com","population":"1608 habitants","website":"","townhallAdress":"Place de la République - 86270 - LA-ROCHE-POSAY"},{"text":"LA ROCHE RIGAULT","href":"./86/la-roche-rigault.html","phone":"05 49 98 15 13","email":"commune-rocherigault@wanadoo.fr","population":"580 habitants","website":"","townhallAdress":"Rue des Charmilles - 86200 - LA-ROCHE-RIGAULT"},{"text":"LATHUS","href":"./86/lathus.html","phone":null,"email":null,"population":null,"website":null,"townhallAdress":null},{"text":"LATILLE","href":"./86/latille.html","phone":"05 49 51 88 42","email":"mairie.latille@wanadoo.fr","population":"1447 habitants","website":"","townhallAdress":"7 rue du Docteur Roux - 86190 - LATILLE"},{"text":"LA TRIMOUILLE","href":"./86/la-trimouille.html","phone":"05 49 91 60 14","email":"la-trimouille@cg86.fr","population":"981 habitants","website":"","townhallAdress":"7 place de la Mairie - 86290 - LA-TRIMOUILLE"},{"text":"LAUTHIERS","href":"./86/lauthiers.html","phone":"05 49 46 97 76","email":"lauthiers@cg86.fr","population":"99 habitants","website":"","townhallAdress":"Le Bourg - 86300 - LAUTHIERS"},{"text":"LAVAUSSEAU","href":"./86/lavausseau.html","phone":"05 49 57 81 05","email":"lavausseau@cg86.fr","population":"790 habitants","website":"","townhallAdress":"2 place de la Mairie - 86470 - LAVAUSSEAU"},{"text":"LA VILLEDIEU DU CLAIN","href":"./86/la-villedieu-du-clain.html","phone":"05 49 42 51 13","email":"la-villedieu-du-clain@cg86.fr","population":"1465 habitants","website":"","townhallAdress":"Place de la Mairie - 86340 - LA-VILLEDIEU-DU-CLAIN"},{"text":"LAVOUX","href":"./86/lavoux.html","phone":"05 49 56 64 07","email":"contact@mairie-lavoux.fr","population":"1140 habitants","website":"","townhallAdress":"Place Carriers - 86800 - LAVOUX"},{"text":"LEIGNE LES BOIS","href":"./86/leigne-les-bois.html","phone":"05 49 86 53 81","email":"leigne-les-bois@cg86.fr","population":"584 habitants","website":"","townhallAdress":"Place de l'Eglise - 86450 - LEIGNE-LES-BOIS"},{"text":"LEIGNES SUR FONTAINE","href":"./86/leignes-sur-fontaine.html","phone":"05 49 56 90 10","email":"leignes-sur-fontaine@cg86.fr","population":"551 habitants","website":"","townhallAdress":"Route Paizay - 86300 - LEIGNES-SUR-FONTAINE"},{"text":"LEIGNE SUR USSEAU","href":"./86/leigne-sur-usseau.html","phone":"05 49 86 01 73","email":"mairie@akeonet.com","population":"469 habitants","website":"","townhallAdress":"Le Bourg - 86230 - LEIGNE-SUR-USSEAU"},{"text":"LENCLOITRE","href":"./86/lencloitre.html","phone":"05 49 90 75 54","email":"lencloitre@cg86.fr","population":"2406 habitants","website":"","townhallAdress":"1 place Général Pierre - 86140 - LENCLOITRE"},{"text":"LE ROCHEREAU","href":"./86/le-rochereau.html","phone":"05 49 54 61 40","email":"le-rochereau@scg.fr","population":"696 habitants","website":"","townhallAdress":"3 rue des Moulins - 86170 - LE-ROCHEREAU"},{"text":"LESIGNY","href":"./86/lesigny.html","phone":"05 49 86 23 15","email":"lesigny@cg86.fr","population":"541 habitants","website":"","townhallAdress":"5 Grand Rue - 86270 - LESIGNY"},{"text":"LES ORMES","href":"./86/les-ormes.html","phone":"05 49 85 61 30","email":"les-ormes@cg86.fr","population":"1573 habitants","website":"","townhallAdress":"11 place de la Mairie - 86220 - LES-ORMES"},{"text":"LES TROIS MOUTIERS","href":"./86/les-trois-moutiers.html","phone":"05 49 22 63 90","email":"mairie-3moutiers@wanadoo.fr","population":"984 habitants","website":"","townhallAdress":"14 rue Aristide Gigot - 86120 - LES-TROIS-MOUTIERS"},{"text":"LEUGNY","href":"./86/leugny.html","phone":"05 49 85 90 67","email":"leugny@cg86.fr","population":"442 habitants","website":"","townhallAdress":"7 rue de la Mairie - 86220 - LEUGNY"},{"text":"LE VIGEANT","href":"./86/le-vigeant.html","phone":"05 49 48 76 55","email":"le-vigeant@cg86.fr","population":"760 habitants","website":"","townhallAdress":"Rue du 4 Août - 86150 - LE-VIGEANT"},{"text":"LHOMMAIZE","href":"./86/lhommaize.html","phone":"05 49 42 70 03","email":"lhommaize@cg86.fr","population":"823 habitants","website":"","townhallAdress":"12 route Verrières - 86410 - LHOMMAIZE"},{"text":"LIGLET","href":"./86/liglet.html","phone":"05 49 91 62 84","email":"liglet@cg86.fr","population":"306 habitants","website":"","townhallAdress":"Route d'Hérolles - 86290 - LIGLET"},{"text":"LIGUGE","href":"./86/liguge.html","phone":"05 49 55 21 24","email":"liguge@cg86.fr","population":"2942 habitants","website":"","townhallAdress":"Place Révérend Père Lambert - 86240 - LIGUGE"},{"text":"LINAZAY","href":"./86/linazay.html","phone":"05 49 87 08 43","email":"linazay@cg86.fr","population":"225 habitants","website":"","townhallAdress":"Le Bourg - 86400 - LINAZAY"},{"text":"LINIERS","href":"./86/liniers.html","phone":"05 49 56 64 12","email":"liniers@cg86.fr","population":"515 habitants","website":"","townhallAdress":"2 rue Linarois - 86800 - LINIERS"},{"text":"L ISLE JOURDAIN","href":"./86/l-isle-jourdain.html","phone":"05 49 48 70 54","email":"accueil@mairie-islejourdain.fr","population":"1259 habitants","website":"","townhallAdress":"4 avenue Jean Augry - 86150 - L'ISLE-JOURDAIN"},{"text":"LIZANT","href":"./86/lizant.html","phone":"05 49 87 09 95","email":"lizant@cg86.fr","population":"467 habitants","website":"","townhallAdress":"Route Bioussac - 86400 - LIZANT"},{"text":"LOUDUN","href":"./86/loudun.html","phone":"05 49 98 15 38","email":"mairie@ville-loudunfr","population":"7503 habitants","website":"","townhallAdress":"1 rue Gambetta - 86200 - LOUDUN"},{"text":"LUCHAPT","href":"./86/luchapt.html","phone":"05 49 48 73 76","email":"luchapt@cg86.fr","population":"317 habitants","website":"","townhallAdress":"Le Bourg - 86430 - LUCHAPT"},{"text":"LUSIGNAN","href":"./86/lusignan.html","phone":"05 49 43 31 48","email":"lusignan@cg86.fr","population":"2695 habitants","website":"","townhallAdress":"Place du 8 Mai 1945 - 86600 - LUSIGNAN"},{"text":"LUSSAC LES CHATEAUX","href":"./86/lussac-les-chateaux.html","phone":"05 49 48 40 33","email":"lussac-les-chateaux@cg86.fr","population":"2434 habitants","website":"","townhallAdress":"9 route Montmorillon - 86320 - LUSSAC-LES-CHATEAUX"},{"text":"MAGNE","href":"./86/magne.html","phone":"05 49 59 33 04","email":"magne@cg86.fr","population":"625 habitants","website":"","townhallAdress":"Rue Anatole de Briey - 86160 - MAGNE"},{"text":"MAILLE","href":"./86/maille.html","phone":"05 49 60 12 56","email":"86maille@wanadoo.fr","population":"560 habitants","website":"","townhallAdress":"4 rue Picard - 86190 - MAILLE"},{"text":"MAIRE","href":"./86/maire.html","phone":"05 49 86 24 72","email":"mairie.maire86@wanadoo.fr","population":"202 habitants","website":"","townhallAdress":"Place de la Mairie - 86270 - MAIRE"},{"text":"MAISONNEUVE","href":"./86/maisonneuve.html","phone":"05 49 51 07 83","email":"maisonneuve@cg86.fr","population":"305 habitants","website":"","townhallAdress":"2 Grand Rue - 86170 - MAISONNEUVE"},{"text":"MARCAY","href":"./86/marcay.html","phone":"05 49 60 95 63","email":"marcay@cg86.fr","population":"813 habitants","website":"","townhallAdress":"Le Bourg - 86370 - MARCAY"},{"text":"MARIGNY BRIZAY","href":"./86/marigny-brizay.html","phone":"05 49 52 09 77","email":"marigny-brizay@cg86.fr","population":"1135 habitants","website":"","townhallAdress":"Place Elie Fournier - 86380 - MARIGNY-BRIZAY"},{"text":"MARIGNY CHEMEREAU","href":"./86/marigny-chemereau.html","phone":"05 49 43 41 90","email":"marigny-chemereau@cg86.fr","population":"507 habitants","website":"","townhallAdress":"Rue du Parc - 86370 - MARIGNY-CHEMEREAU"},{"text":"MARNAY","href":"./86/marnay.html","phone":"05 49 59 40 44","email":"mairie.marnay@wanadoo.fr","population":"601 habitants","website":"","townhallAdress":"Le Bourg - 86160 - MARNAY"},{"text":"MARTAIZE","href":"./86/martaize.html","phone":"05 49 22 73 32","email":"martaize@cg86.fr","population":"378 habitants","website":"","townhallAdress":"10 rue de la Mairie - 86330 - MARTAIZE"},{"text":"MASSOGNES","href":"./86/massognes.html","phone":"05 49 51 00 62","email":"massognes@cg86.fr","population":"271 habitants","website":"","townhallAdress":"3 rue de la Paix - 86170 - MASSOGNES"},{"text":"MAULAY","href":"./86/maulay.html","phone":"05 49 98 29 20","email":"maulay@cg86.fr","population":"194 habitants","website":"","townhallAdress":"Rue de la Mairie - 86200 - MAULAY"},{"text":"MAUPREVOIR","href":"./86/mauprevoir.html","phone":"05 49 87 52 12","email":"mairiemauprevoir@wanadoo.fr","population":"665 habitants","website":"","townhallAdress":"6 place de la Mairie - 86460 - MAUPREVOIR"},{"text":"MAZEROLLES","href":"./86/mazerolles.html","phone":"05 49 48 41 92","email":"mairie-mazerolles@wanadoo.fr","population":"808 habitants","website":"","townhallAdress":"48 route Bouresse - 86320 - MAZEROLLES"},{"text":"MAZEUIL","href":"./86/mazeuil.html","phone":"05 49 60 00 11","email":"mazeuil@cg86.fr","population":"252 habitants","website":"","townhallAdress":"14 rue de la Commanderie - 86110 - MAZEUIL"},{"text":"MESSEME","href":"./86/messeme.html","phone":"05 49 98 28 18","email":"messeme@cg86.fr","population":"216 habitants","website":"","townhallAdress":"Place de l'Eglise - 86200 - MESSEME"},{"text":"MIGNALOUX BEAUVOIR","href":"./86/mignaloux-beauvoir.html","phone":"05 49 46 72 07","email":"webmaster@ville-mignaloux-beauvoir.fr","population":"4086 habitants","website":"","townhallAdress":"268 route de la Gare - 86550 - MIGNALOUX-BEAUVOIR"},{"text":"MIGNE AUXANCES","href":"./86/migne-auxances.html","phone":"05 49 51 71 02","email":"secretariat-migne-auxances@cg86.fr","population":"6089 habitants","website":"","townhallAdress":"1 rue du 8 Mai 1945 - 86440 - MIGNE-AUXANCES"},{"text":"MILLAC","href":"./86/millac.html","phone":"05 49 48 75 04","email":"communedemillac@orange.fr","population":"544 habitants","website":"","townhallAdress":"18 rue des Cabanes - 86150 - MILLAC"},{"text":"MIREBEAU","href":"./86/mirebeau.html","phone":"05 49 50 40 53","email":"mirebeau@cg86.fr","population":"2287 habitants","website":"","townhallAdress":"1 place de la République - 86110 - MIREBEAU"},{"text":"MONCONTOUR","href":"./86/moncontour.html","phone":"05 49 98 91 29","email":"renauded@wanadoo.fr","population":"1034 habitants","website":"","townhallAdress":"Place de la Mairie - 86330 - MONCONTOUR"},{"text":"MONDION","href":"./86/mondion.html","phone":"05 49 86 05 52","email":"mairie.mondion86@numeo.fr","population":"139 habitants","website":"","townhallAdress":"Le Bourg - 86230 - MONDION"},{"text":"MONTAMISE","href":"./86/montamise.html","phone":"05 49 44 90 19","email":"mairie@montamise.fr","population":"3088 habitants","website":"","townhallAdress":"11 place de la Mairie - 86360 - MONTAMISE"},{"text":"MONTHOIRON","href":"./86/monthoiron.html","phone":"05 49 93 63 01","email":"monthoiron@cg86.fr","population":"659 habitants","website":"","townhallAdress":"Le Bourg - 86210 - MONTHOIRON"},{"text":"MONTMORILLON","href":"./86/montmorillon.html","phone":"05 49 91 13 26","email":"servicesadministratifs@ville-montmorillon.fr","population":"6948 habitants","website":"","townhallAdress":"15 rue du Four - 86500 - MONTMORILLON"},{"text":"MONTREUIL BONNIN","href":"./86/montreuil-bonnin.html","phone":"05 49 57 89 11","email":"mairie-montreuil-bonnin@wanadoo.fr","population":"666 habitants","website":"","townhallAdress":"3 rue Fée Mélusine - 86470 - MONTREUIL-BONNIN"},{"text":"MONTS SUR GUESNES","href":"./86/monts-sur-guesnes.html","phone":"05 49 22 82 70","email":"monts-sur-guesnes@cg86.fr","population":"639 habitants","website":"","townhallAdress":"12 place Frezeau de la Frezellière - 86420 - MONTS-SUR-GUESNES"},{"text":"MORTON","href":"./86/morton.html","phone":"05 49 22 96 94","email":"sclaycamp@visitmorton.com","population":"340 habitants","website":"","townhallAdress":"Place Prieuré - 86120 - MORTON"},{"text":"MOULISMES","href":"./86/moulismes.html","phone":"05 49 91 90 64","email":"moulismes@cg86.fr","population":"417 habitants","website":"","townhallAdress":"Route nationale 147 - 86500 - MOULISMES"},{"text":"MOUSSAC","href":"./86/moussac.html","phone":"05 49 48 75 58","email":"mairie.moussac@orange.fr","population":"509 habitants","website":"","townhallAdress":"Le Bourg - 86150 - MOUSSAC"},{"text":"MOUTERRE SILLY","href":"./86/mouterre-silly.html","phone":"05 49 98 09 62","email":"mouterre-silly@cg86.fr","population":"725 habitants","website":"","townhallAdress":"12 rue Saint Maximin - 86200 - MOUTERRE-SILLY"},{"text":"MOUTERRE SUR BLOURDE","href":"./86/mouterre-sur-blourde.html","phone":"05 49 48 76 02","email":"mouterre-sur-blourde@cg86.fr","population":"177 habitants","website":"","townhallAdress":"Le Bourg - 86430 - MOUTERRE-SUR-BLOURDE"},{"text":"NAINTRE","href":"./86/naintre.html","phone":"05 49 90 03 65","email":"mairie@naintre.fr","population":"5900 habitants","website":"","townhallAdress":"19 place Gambetta - 86530 - NAINTRE"},{"text":"NALLIERS","href":"./86/nalliers.html","phone":"05 49 48 03 95","email":"nalliers@cg86.fr","population":"321 habitants","website":"","townhallAdress":"5 rue des Ecoles - 86310 - NALLIERS"},{"text":"NERIGNAC","href":"./86/nerignac.html","phone":"05 49 48 47 74","email":"nerignac@cg86.fr","population":"144 habitants","website":"","townhallAdress":"15A rue de la Mairie - 86150 - NERIGNAC"},{"text":"NEUVILLE DE POITOU","href":"./86/neuville-de-poitou.html","phone":"05 49 51 20 44","email":"accueil@neuvilledepoitou.fr","population":"4887 habitants","website":"","townhallAdress":"1 place Joffre - 86170 - NEUVILLE-DE-POITOU"},{"text":"NIEUIL L ESPOIR","href":"./86/nieuil-l-espoir.html","phone":"05 49 42 65 04","email":"contact@nieuil-espoir.com","population":"2242 habitants","website":"","townhallAdress":"Place de l'Eglise - 86340 - NIEUIL-L'ESPOIR"},{"text":"NOUAILLE MAUPERTUIS","href":"./86/nouaille-maupertuis.html","phone":"05 49 55 16 16","email":"elus@nouaille.com","population":"2836 habitants","website":"","townhallAdress":"32-34 rue de l'Abbaye - 86340 - NOUAILLE-MAUPERTUIS"},{"text":"NUEIL SOUS FAYE","href":"./86/nueil-sous-faye.html","phone":"05 49 22 50 67","email":"nueil-sous-faye@cg86.fr","population":"253 habitants","website":"","townhallAdress":"Place Saint Georges - 86200 - NUEIL-SOUS-FAYE"},{"text":"ORCHES","href":"./86/orches.html","phone":"05 49 90 71 76","email":"orches.mairie@wanadoo.fr","population":"418 habitants","website":"","townhallAdress":"Le Bourg - 86230 - ORCHES"},{"text":"OUZILLY","href":"./86/ouzilly.html","phone":"05 49 90 74 15","email":"ouzilly@orange.fr","population":"810 habitants","website":"","townhallAdress":"Le Bourg - 86380 - OUZILLY"},{"text":"OYRE","href":"./86/oyre.html","phone":"05 49 02 60 18","email":"oyre@cg86.fr","population":"934 habitants","website":"","townhallAdress":"11 route Saint Sauveur - 86220 - OYRE"},{"text":"PAIZAY LE SEC","href":"./86/paizay-le-sec.html","phone":"05 49 46 33 42","email":"paizay-le-sec@cg86.fr","population":"439 habitants","website":"","townhallAdress":"Le Bourg - 86300 - PAIZAY-LE-SEC"},{"text":"PAYRE","href":"./86/payre.html","phone":"05 49 42 42 13","email":"payre@cg86.fr","population":"1044 habitants","website":"","townhallAdress":"Le Bourg - 86700 - PAYRE"},{"text":"PAYROUX","href":"./86/payroux.html","phone":"05 49 87 82 09","email":"payroux@cg86.fr","population":"516 habitants","website":"","townhallAdress":"Le Bourg - 86350 - PAYROUX"},{"text":"PERSAC","href":"./86/persac.html","phone":"05 49 48 47 15","email":"persac@cg86.fr","population":"877 habitants","website":"","townhallAdress":"3 Grand'rue - 86320 - PERSAC"},{"text":"PINDRAY","href":"./86/pindray.html","phone":"05 49 91 05 59","email":"pindray@cg86.fr","population":"262 habitants","website":"","townhallAdress":"Le Bourg - 86500 - PINDRAY"},{"text":"PLAISANCE","href":"./86/plaisance.html","phone":"05 49 91 90 02","email":"plaisance@cg86.fr","population":"162 habitants","website":"","townhallAdress":"Route Moulismes - 86500 - PLAISANCE"},{"text":"PLEUMARTIN","href":"./86/pleumartin.html","phone":"05 49 86 50 10","email":"pleumartin@cg86.fr","population":"1179 habitants","website":"","townhallAdress":"2 avenue Jourde - 86450 - PLEUMARTIN"},{"text":"POITIERS","href":"./86/poitiers.html","phone":"05 49 52 35 35","email":"comm@mairie-poitiers.fr","population":"91901 habitants","website":"","townhallAdress":"15 place Maréchal - 86000 - POITIERS"},{"text":"PORT DE PILES","href":"./86/port-de-piles.html","phone":"05 49 85 63 07","email":"mairie.portdepiles@wanadoo.fr","population":"539 habitants","website":"","townhallAdress":"2 rue de la Mairie - 86220 - PORT-DE-PILES"},{"text":"POUANCAY","href":"./86/pouancay.html","phone":"05 49 22 95 98","email":"pouancay@cg86.fr","population":"249 habitants","website":"","townhallAdress":"Le Bourg - 86120 - POUANCAY"},{"text":"POUANT","href":"./86/pouant.html","phone":"05 49 22 50 62","email":"pouant@cg86.fr","population":"442 habitants","website":"","townhallAdress":"2 place Jean Catin - 86200 - POUANT"},{"text":"POUILLE","href":"./86/pouille.html","phone":"05 49 56 81 95","email":"contact@mairie-pouille.fr","population":"604 habitants","website":"","townhallAdress":"Route Jardres - 86800 - POUILLE"},{"text":"PRESSAC","href":"./86/pressac.html","phone":"05 49 48 51 16","email":"pressac@cg86.fr","population":"540 habitants","website":"","townhallAdress":"43 rue Bois de la Jarte - 86460 - PRESSAC"},{"text":"PRINCAY","href":"./86/princay.html","phone":"05 49 22 80 23","email":"princay@cg86.fr","population":"238 habitants","website":"","townhallAdress":"La Sicotière - 86420 - PRINCAY"},{"text":"QUEAUX","href":"./86/queaux.html","phone":"05 49 48 48 08","email":"contact@queaux.fr","population":"617 habitants","website":"","townhallAdress":"8 rue de la Mairie - 86150 - QUEAUX"},{"text":"QUINCAY","href":"./86/quincay.html","phone":"05 49 60 42 16","email":"quincay@cg86.fr","population":"2154 habitants","website":"","townhallAdress":"Place Champ de la Bataille - 86190 - QUINCAY"},{"text":"RANTON","href":"./86/ranton.html","phone":"05 49 98 54 37","email":"ranton@cg86.fr","population":"194 habitants","website":"","townhallAdress":"Rue de la Mairie - 86200 - RANTON"},{"text":"RASLAY","href":"./86/raslay.html","phone":"05 49 22 93 78","email":"mairie.raslay@wanadoo.fr","population":"114 habitants","website":"","townhallAdress":"Le Bourg - 86120 - RASLAY"},{"text":"ROCHES PREMARIE ANDILLE","href":"./86/roches-premarie-andille.html","phone":"05 49 42 50 09","email":"roches-premarie-andille@cg86.fr","population":"1664 habitants","website":"","townhallAdress":"Route de Poitiers - 86340 - ROCHES-PREMARIE-ANDILLE"},{"text":"ROIFFE","href":"./86/roiffe.html","phone":"05 49 98 76 17","email":"mairie.roiffe@wanadoo.fr","population":"678 habitants","website":"","townhallAdress":"Place Aumetz - 86120 - ROIFFE"},{"text":"ROMAGNE","href":"./86/romagne.html","phone":"05 49 87 70 68","email":"mairie.romagne35@wanadoo.fr","population":"985 habitants","website":"","townhallAdress":"Place du 8 Mai - 86700 - ROMAGNE"},{"text":"ROUILLE","href":"./86/rouille.html","phone":"05 49 43 90 28","email":"rouille@cg86.fr","population":"2615 habitants","website":"","townhallAdress":"8 rue de la Libération - 86480 - ROUILLE"},{"text":"SAINT BENOIT","href":"./86/saint-benoit.html","phone":"05 49 37 44 00","email":"communication@ville-saintbenoit.re","population":"7234 habitants","website":"","townhallAdress":"11 rue Paul Gauvin - 86280 - SAINT-BENOIT"},{"text":"SAINT CHRISTOPHE","href":"./86/saint-christophe.html","phone":"05 49 86 03 83","email":"saint-christophe@cg86.fr","population":"354 habitants","website":"","townhallAdress":"Le Bourg - 86230 - SAINT-CHRISTOPHE"},{"text":"SAINT CLAIR","href":"./86/saint-clair.html","phone":"05 49 22 77 16","email":"saint-clair@cg86.fr","population":"203 habitants","website":"","townhallAdress":"Le Bourg - 86330 - SAINT-CLAIR"},{"text":"SAINT CYR","href":"./86/saint-cyr.html","phone":"05 49 52 40 37","email":"dg@saintcyr78.fr","population":"1002 habitants","website":"","townhallAdress":"Rue de la Mairie - 86130 - SAINT-CYR"},{"text":"SAINTE RADEGONDE","href":"./86/sainte-radegonde.html","phone":"05 49 46 32 11","email":"mairie.ste-radegonde@wanadoo.fr","population":"146 habitants","website":"","townhallAdress":"Le Bourg - 86300 - SAINTE-RADEGONDE"},{"text":"SAINT GAUDENT","href":"./86/saint-gaudent.html","phone":"05 49 87 10 33","email":"saint-gaudent@cg86.fr","population":"302 habitants","website":"","townhallAdress":"Le Bourg - 86400 - SAINT-GAUDENT"},{"text":"SAINT GENEST D AMBIERE","href":"./86/saint-genest-d-ambiere.html","phone":"05 49 90 75 01","email":"saint-genest-ambiere@cg86.fr","population":"1227 habitants","website":"","townhallAdress":"Place de la Mairie - 86140 - SAINT-GENEST-D'AMBIERE"},{"text":"SAINT GEORGES LES BAILLARGEAUX","href":"./86/saint-georges-les-baillargeaux.html","phone":"05 49 52 81 02","email":"mairie@saint-georges-les-baillargeaux.fr","population":"3731 habitants","website":"","townhallAdress":"16 place de la Liberté - 86130 - SAINT-GEORGES-LES-BAILLARGEAUX"},{"text":"SAINT GERMAIN","href":"./86/saint-germain.html","phone":"05 49 48 00 80","email":"saint-germain@cg86.fr","population":"977 habitants","website":"","townhallAdress":"20 rue Léon Barbarin - 86310 - SAINT-GERMAIN"},{"text":"SAINT GERVAIS LES TROIS CLOCHE","href":"./86/saint-gervais-les-trois-cloche.html","phone":"05 49 86 01 71","email":"saint-gervais-les-trois-clochers@cg86.fr","population":"1169 habitants","website":"","townhallAdress":"Avenue Jules Edouard Ménard - 86230 - SAINT-GERVAIS-LES-TROIS-CLOCHE"},{"text":"SAINT JEAN DE SAUVES","href":"./86/saint-jean-de-sauves.html","phone":"05 49 50 80 92","email":"saint-jean-de-sauves@cg86.fr","population":"1363 habitants","website":"","townhallAdress":"Rue Prée - 86330 - SAINT-JEAN-DE-SAUVES"},{"text":"SAINT JULIEN L ARS","href":"./86/saint-julien-l-ars.html","phone":"05 49 56 71 24","email":"contact@mairie-saintjulienlars.fr","population":"2255 habitants","website":"","townhallAdress":"Place de la Mairie - 86800 - SAINT-JULIEN-L'ARS"},{"text":"SAINT LAON","href":"./86/saint-laon.html","phone":"05 49 98 12 00","email":"saint-laon@cg86.fr","population":"127 habitants","website":"","townhallAdress":"Rond-point du 19 Mars 1962 - 86200 - SAINT-LAON"},{"text":"SAINT LAURENT DE JOURDES","href":"./86/saint-laurent-de-jourdes.html","phone":"05 49 42 71 24","email":"saint-laurent-de-jourdes@cg86.fr","population":"168 habitants","website":"","townhallAdress":"Le Bourg - 86410 - SAINT-LAURENT-DE-JOURDES"},{"text":"SAINT LEGER DE MONTBRILLAIS","href":"./86/saint-leger-de-montbrillais.html","phone":"05 49 22 92 74","email":"mairie-stlegerdemontbrillais@wanadoo.fr","population":"393 habitants","website":"","townhallAdress":"1 Rue des Léodégariens - 86120 - SAINT-LEGER-DE-MONTBRILLAIS"},{"text":"SAINT LEOMER","href":"./86/saint-leomer.html","phone":"05 49 91 62 59","email":"saint-leomer@cg86.fr","population":"183 habitants","website":"","townhallAdress":"Le Bourg - 86290 - SAINT-LEOMER"},{"text":"SAINT MACOUX","href":"./86/saint-macoux.html","phone":"05 49 87 09 13","email":"saint-macoux@cg86.fr","population":"475 habitants","website":"","townhallAdress":"Le Bourg - 86400 - SAINT-MACOUX"},{"text":"SAINT MARTIN L ARS","href":"./86/saint-martin-l-ars.html","phone":"05 49 87 81 56","email":"saint-martin-lars@cg86.fr","population":"411 habitants","website":"","townhallAdress":"Le Bourg - 86350 - SAINT-MARTIN-L'ARS"},{"text":"SAINT MAURICE LA CLOUERE","href":"./86/saint-maurice-la-clouere.html","phone":"05 49 59 31 65","email":"saint-maurice-la-clouere@cg86.fr","population":"1169 habitants","website":"","townhallAdress":"58 rue Principale - 86160 - SAINT-MAURICE-LA-CLOUERE"},{"text":"SAINT PIERRE DE MAILLE","href":"./86/saint-pierre-de-maille.html","phone":"05 49 48 60 19","email":"saint-pierre-de-maille@cg86.fr","population":"939 habitants","website":"","townhallAdress":"2 rue du 8 Mai 1945 - 86260 - SAINT-PIERRE-DE-MAILLE"},{"text":"SAINT PIERRE D EXIDEUIL","href":"./86/saint-pierre-d-exideuil.html","phone":"05 49 87 03 96","email":"saint-pierre-dexideuil@cg86.fr","population":"827 habitants","website":"","townhallAdress":"Route Chaunay - 86400 - SAINT-PIERRE-D'EXIDEUIL"},{"text":"SAINT REMY SUR CREUSE","href":"./86/saint-remy-sur-creuse.html","phone":"05 49 85 92 63","email":"saint-remy-sur-creuse@cg86.fr","population":"412 habitants","website":"","townhallAdress":"Le Bourg - 86220 - SAINT-REMY-SUR-CREUSE"},{"text":"SAINT ROMAIN","href":"./86/saint-romain.html","phone":"05 49 87 21 88","email":"saint-romain-en-charroux@cg86.fr","population":"421 habitants","website":"","townhallAdress":"Le Bourg - 86250 - SAINT-ROMAIN"},{"text":"SAINT SAUVANT","href":"./86/saint-sauvant.html","phone":"05 49 59 70 20","email":"saint-sauvant@cg86.fr","population":"1342 habitants","website":"","townhallAdress":"Rue du Temple - 86600 - SAINT-SAUVANT"},{"text":"SAINT SAUVEUR","href":"./86/saint-sauveur.html","phone":"05 49 23 03 77","email":"saint-sauveur@cg86.fr","population":"1073 habitants","website":"","townhallAdress":"Place de la Mairie - 86100 - SAINT-SAUVEUR"},{"text":"SAINT SAVIN","href":"./86/saint-savin.html","phone":"05 49 48 00 46","email":"saint-savin@cg86.fr","population":"945 habitants","website":"","townhallAdress":"2 place de la  Libération - 86310 - SAINT-SAVIN"},{"text":"SAINT SAVIOL","href":"./86/saint-saviol.html","phone":"05 49 87 08 56","email":"saint-saviol@cg86.fr","population":"471 habitants","website":"","townhallAdress":"La Croix Bardon - 86400 - SAINT-SAVIOL"},{"text":"SAINT SECONDIN","href":"./86/saint-secondin.html","phone":"05 49 59 51 18","email":"saint-secondin@cg86.fr","population":"566 habitants","website":"","townhallAdress":"Le Bourg - 86350 - SAINT-SECONDIN"},{"text":"SAIRES","href":"./86/saires.html","phone":"05 49 22 83 10","email":"saires@cg86.fr","population":"153 habitants","website":"","townhallAdress":"Le Bourg - 86420 - SAIRES"},{"text":"SAIX","href":"./86/saix.html","phone":"05 49 22 92 53","email":"saix@cg86.fr","population":"216 habitants","website":"","townhallAdress":"Le Bourg - 86120 - SAIX"},{"text":"SAMMARCOLLES","href":"./86/sammarcolles.html","phone":"05 49 98 08 25","email":"sammarcolles@cg86.fr","population":"609 habitants","website":"","townhallAdress":"2 rue de l'Eglise - 86200 - SAMMARCOLLES"},{"text":"SANXAY","href":"./86/sanxay.html","phone":"05 49 53 51 20","email":"sanxay@cg86.fr","population":"565 habitants","website":"","townhallAdress":"Place de la Mairie - 86600 - SANXAY"},{"text":"SAULGE","href":"./86/saulge.html","phone":"05 49 91 05 79","email":"saulge@cg86.fr","population":"992 habitants","website":"","townhallAdress":"1 rue Le Toffé - 86500 - SAULGE"},{"text":"SAVIGNE","href":"./86/savigne.html","phone":"05 49 87 06 25","email":"savigne@cg86.fr","population":"1344 habitants","website":"","townhallAdress":"22 route de Limoges - 86400 - SAVIGNE"},{"text":"SAVIGNY LEVESCAULT","href":"./86/savigny-levescault.html","phone":"05 49 56 55 25","email":"contact@mairie-savignylevescault.fr","population":"1036 habitants","website":"","townhallAdress":"Rue de la Mairie - 86800 - SAVIGNY-LEVESCAULT"},{"text":"SAVIGNY SOUS FAYE","href":"./86/savigny-sous-faye.html","phone":"05 49 90 70 59","email":"savigny-sous-faye@cg86.fr","population":"337 habitants","website":"","townhallAdress":"Le Bourg - 86140 - SAVIGNY-SOUS-FAYE"},{"text":"SCORBE CLAIRVAUX","href":"./86/scorbe-clairvaux.html","phone":"05 49 93 81 60","email":"scorbe-clairvaux@wanadoo.fr","population":"2441 habitants","website":"","townhallAdress":"2 place de la Mairie - 86140 - SCORBE-CLAIRVAUX"},{"text":"SENILLE","href":"./86/senille.html","phone":"05 49 93 65 14","email":"senille@cg86.fr","population":"665 habitants","website":"","townhallAdress":"Place de l'Eglise - 86100 - SENILLE"},{"text":"SERIGNY","href":"./86/serigny.html","phone":"05 49 86 03 68","email":"mairie.serigny61@wanadoo.fr","population":"300 habitants","website":"","townhallAdress":"Le Bourg - 86230 - SERIGNY"},{"text":"SEVRES ANXAUMONT","href":"./86/sevres-anxaumont.html","phone":"05 49 56 50 12","email":"contact@mairie-sevresanxaumont.fr","population":"1991 habitants","website":"","townhallAdress":"Place Paul Dezanneau - 86800 - SEVRES-ANXAUMONT"},{"text":"SILLARS","href":"./86/sillars.html","phone":"05 49 48 49 08","email":"sillars@cg86.fr","population":"623 habitants","website":"","townhallAdress":"Le Bourg - 86320 - SILLARS"},{"text":"SMARVES","href":"./86/smarves.html","phone":"05 49 88 54 60","email":"smarves@cg86.fr","population":"2456 habitants","website":"","townhallAdress":"Place de la Mairie - 86240 - SMARVES"},{"text":"SOMMIERES DU CLAIN","href":"./86/sommieres-du-clain.html","phone":"05 49 87 70 14","email":"contact@sommieres-vienne.com","population":"798 habitants","website":"","townhallAdress":"2, Place de la Mairie - 86160 - SOMMIERES-DU-CLAIN"},{"text":"SOSSAIS","href":"./86/sossais.html","phone":"05 49 90 73 61","email":"sossay@cg86.fr","population":"409 habitants","website":"","townhallAdress":"Route Lencloitre - 86230 - SOSSAIS"},{"text":"SURIN","href":"./86/surin.html","phone":"05 49 87 10 52","email":"surin.mairie@wanadoo.fr","population":"150 habitants","website":"","townhallAdress":"Le Bourg - 86250 - SURIN"},{"text":"TERCE","href":"./86/terce.html","phone":"05 49 56 84 13","email":"terce@cg86.fr","population":"1082 habitants","website":"","townhallAdress":"7 route de Chauvigny - 86800 - TERCE"},{"text":"TERNAY","href":"./86/ternay.html","phone":"05 49 22 92 43","email":"mairie@ternay.fr","population":"213 habitants","website":"","townhallAdress":"Les Lamberts - 86120 - TERNAY"},{"text":"THOLLET","href":"./86/thollet.html","phone":"05 49 91 73 70","email":"thollet@cg86.fr","population":"174 habitants","website":"","townhallAdress":"Route Bouchaud - 86290 - THOLLET"},{"text":"THURAGEAU","href":"./86/thurageau.html","phone":"05 49 50 43 14","email":"thurageau@cg86.fr","population":"823 habitants","website":"","townhallAdress":"Place de la Mairie - 86110 - THURAGEAU"},{"text":"THURE","href":"./86/thure.html","phone":"05 49 93 86 19","email":"contact@ville-thure.fr","population":"2916 habitants","website":"","townhallAdress":"13 rue Maurice Bedel - 86540 - THURE"},{"text":"USSEAU","href":"./86/usseau.html","phone":"05 49 02 72 24","email":"mairie.usseau@wanadoo.fr","population":"662 habitants","website":"","townhallAdress":"2 place Maurice Bedel - 86230 - USSEAU"},{"text":"USSON DU POITOU","href":"./86/usson-du-poitou.html","phone":"05 49 59 50 17","email":"mairie.ussondupoitou@wanadoo.fr","population":"1354 habitants","website":"","townhallAdress":"21 rue Général de Gaulle - 86350 - USSON-DU-POITOU"},{"text":"VALDIVIENNE","href":"./86/valdivienne.html","phone":"05 49 56 30 26","email":"valdivienne@cg86.fr","population":"2490 habitants","website":"","townhallAdress":"7 rue Abbé Arnault - 86300 - VALDIVIENNE"},{"text":"VARENNES","href":"./86/varennes.html","phone":"05 49 50 44 64","email":"varennes@cg86.fr","population":"367 habitants","website":"","townhallAdress":"5 rue de la Mairie - 86110 - VARENNES"},{"text":"VAUX EN COUHE","href":"./86/vaux-en-couhe.html","phone":"05 49 59 29 15","email":"vaux-en-couhe@cg86.fr","population":"662 habitants","website":"","townhallAdress":"Le Bourg - 86700 - VAUX-EN-COUHE"},{"text":"VAUX SUR VIENNE","href":"./86/vaux-sur-vienne.html","phone":"05 49 86 41 51","email":"vaux-sur-vienne@cg86.fr","population":"608 habitants","website":"","townhallAdress":"10 rue de la Mairie - 86220 - VAUX-SUR-VIENNE"},{"text":"VELLECHES","href":"./86/velleches.html","phone":"05 49 86 41 76","email":"velleches@cg86.fr","population":"385 habitants","website":"","townhallAdress":"Le Bourg - 86230 - VELLECHES"},{"text":"VENDEUVRE DU POITOU","href":"./86/vendeuvre-du-poitou.html","phone":"05 49 54 59 60","email":"vendeuvre-du-poitou@cg86.fr","population":"2856 habitants","website":"","townhallAdress":"15 route Lencloître - 86380 - VENDEUVRE-DU-POITOU"},{"text":"VERNON","href":"./86/vernon.html","phone":"05 49 42 61 53","email":"vernon@cg86.fr","population":"624 habitants","website":"","townhallAdress":"2 rue du Château - 86340 - VERNON"},{"text":"VERRIERES","href":"./86/verrieres.html","phone":"05 49 42 71 77","email":"contact@verrieres-le-buisson.fr","population":"890 habitants","website":"","townhallAdress":"Place de la Mairie - 86410 - VERRIERES"},{"text":"VERRUE","href":"./86/verrue.html","phone":"05 49 50 42 39","email":"verrue@cg86.fr","population":"375 habitants","website":"","townhallAdress":"8 rue de la Mairie - 86420 - VERRUE"},{"text":"VEZIERES","href":"./86/vezieres.html","phone":"05 49 98 74 71","email":"vezieres@cg86.fr","population":"363 habitants","website":"","townhallAdress":"Le Bourg - 86120 - VEZIERES"},{"text":"VICQ SUR GARTEMPE","href":"./86/vicq-sur-gartempe.html","phone":"05 49 86 22 65","email":"vicq-sur-gartempe@cg86.fr","population":"733 habitants","website":"","townhallAdress":"20 rue Grand-Rue - 86260 - VICQ-SUR-GARTEMPE"},{"text":"VILLEMORT","href":"./86/villemort.html","phone":"05 49 48 13 84","email":"villemort@cg86.fr","population":"113 habitants","website":"","townhallAdress":"Rue de l'Ecole - 86310 - VILLEMORT"},{"text":"VILLIERS","href":"./86/villiers.html","phone":"05 49 51 86 45","email":"villiers@cg86.fr","population":"815 habitants","website":"","townhallAdress":"Place de la Mairie - 86190 - VILLIERS"},{"text":"VIVONNE","href":"./86/vivonne.html","phone":"05 49 43 41 05","email":"vivonne@cg86.fr","population":"3096 habitants","website":"","townhallAdress":"1 avenue de Bordeaux - 86370 - VIVONNE"},{"text":"VOUILLE","href":"./86/vouille.html","phone":"05 49 54 20 30","email":"vouille@cg86.fr","population":"3390 habitants","website":"","townhallAdress":"1 rue Galmandrie - 86190 - VOUILLE"},{"text":"VOULEME","href":"./86/vouleme.html","phone":"05 49 87 09 46","email":"vouleme@cg86.fr","population":"366 habitants","website":"","townhallAdress":"Le Bourg - 86400 - VOULEME"},{"text":"VOULON","href":"./86/voulon.html","phone":"05 49 42 42 99","email":"voulon@cg86.fr","population":"344 habitants","website":"","townhallAdress":"Le Bourg - 86700 - VOULON"},{"text":"VOUNEUIL SOUS BIARD","href":"./86/vouneuil-sous-biard.html","phone":"05 49 36 10 20","email":"info@vouneuil-sous-biard.com","population":"5221 habitants","website":"","townhallAdress":"1 place de Moretta - 86580 - VOUNEUIL-SOUS-BIARD"},{"text":"VOUNEUIL SUR VIENNE","href":"./86/vouneuil-sur-vienne.html","phone":"05 49 85 11 48","email":"vouneuil-sur-vienne@cg86.fr","population":"1954 habitants","website":"","townhallAdress":"Place de la Libération - 86210 - VOUNEUIL-SUR-VIENNE"},{"text":"VOUZAILLES","href":"./86/vouzailles.html","phone":"05 49 51 08 29","email":"vouzailles@cg86.fr","population":"510 habitants","website":"","townhallAdress":"1 route Mirebeau - 86170 - VOUZAILLES"},{"text":"YVERSAY","href":"./86/yversay.html","phone":"05 49 51 11 12","email":"mairie-yversay@wanadoo.fr","population":"263 habitants","website":"","townhallAdress":"1 place de la Mairie - 86170 - YVERSAY"}]}