{"text":"89 | Yonne","href":"yonne.html","townships":[{"text":"ACCOLAY","href":"./89/accolay.html","phone":"03 86 81 56 87","email":"mairie.accolay@wanadoo.fr","population":"476 habitants","website":"","townhallAdress":"Rue de la Mairie - 89460 - ACCOLAY"},{"text":"AIGREMONT","href":"./89/aigremont.html","phone":"03 86 18 91 56","email":"mairie-aigremont89@orange.fr","population":"72 habitants","website":"","townhallAdress":"21A rue Général Delamalle - 89800 - AIGREMONT"},{"text":"AILLANT SUR THOLON","href":"./89/aillant-sur-tholon.html","phone":"03 86 63 41 27","email":"mairie.aillant.sur.tholon@wanadoo.fr","population":"1475 habitants","website":"","townhallAdress":"15 rue des Ponts - 89110 - AILLANT-SUR-THOLON"},{"text":"AISY SUR ARMANCON","href":"./89/aisy-sur-armancon.html","phone":"03 86 55 70 92","email":"mairie.aisy@wanadoo.fr","population":"270 habitants","website":"","townhallAdress":"1 rue Guy Marchi - 89390 - AISY-SUR-ARMANCON"},{"text":"ANCY LE FRANC","href":"./89/ancy-le-franc.html","phone":"03 86 75 13 21","email":"mairie.ancylefranc@free.fr","population":"1092 habitants","website":"","townhallAdress":"2 Grande Rue - 89160 - ANCY-LE-FRANC"},{"text":"ANCY LE LIBRE","href":"./89/ancy-le-libre.html","phone":"03 86 75 69 06","email":"mairie.ancy.le.libre@wanadoo.fr","population":"181 habitants","website":"","townhallAdress":"45 rue de l'Eglise - 89160 - ANCY-LE-LIBRE"},{"text":"ANDRYES","href":"./89/andryes.html","phone":"03 86 81 72 36","email":"mairieandryes@wanadoo.fr","population":"489 habitants","website":"","townhallAdress":"2 rue de la Mairie - 89480 - ANDRYES"},{"text":"ANGELY","href":"./89/angely.html","phone":"03 86 33 88 05","email":"mairieangely89@wanadoo.fr","population":"126 habitants","website":"","townhallAdress":"Rue des Soeurs - 89440 - ANGELY"},{"text":"ANNAY LA COTE","href":"./89/annay-la-cote.html","phone":"03 86 31 05 45","email":"mairie-annay-la-cote@wanadoo.fr","population":"368 habitants","website":"","townhallAdress":"14 rue Saint Marcel - 89200 - ANNAY-LA-COTE"},{"text":"ANNAY SUR SEREIN","href":"./89/annay-sur-serein.html","phone":"03 86 82 85 69","email":"mairie-annay-sur-serein@wanadoo.fr","population":"253 habitants","website":"","townhallAdress":"2 Grande Rue - 89310 - ANNAY-SUR-SEREIN"},{"text":"ANNEOT","href":"./89/anneot.html","phone":"03 86 34 17 98","email":"mairie.anneot@orange.fr","population":"153 habitants","website":"","townhallAdress":"2 rue du Cimetière - 89200 - ANNEOT"},{"text":"ANNOUX","href":"./89/annoux.html","phone":"03 86 33 91 36","email":"annoux.mairie@wanadoo.fr","population":"98 habitants","website":"","townhallAdress":"Rue de la Mairie - 89440 - ANNOUX"},{"text":"APPOIGNY","href":"./89/appoigny.html","phone":"03 86 53 24 22","email":"mairie.appoigny@wanadoo.fr","population":"3175 habitants","website":"","townhallAdress":"24 rue Chatel Bourgeois - 89380 - APPOIGNY"},{"text":"ARCES DILO","href":"./89/arces-dilo.html","phone":"03 86 88 14 03","email":"mairie.arces@wanadoo.fr","population":"611 habitants","website":"","townhallAdress":"1 rue des Ecoles - 89320 - ARCES-DILO"},{"text":"ARCY SUR CURE","href":"./89/arcy-sur-cure.html","phone":"03 86 81 91 69","email":"maire.arcy-sur-cure@wanadoo.fr","population":"521 habitants","website":"","townhallAdress":"Rue du Château - 89270 - ARCY-SUR-CURE"},{"text":"ARGENTENAY","href":"./89/argentenay.html","phone":"03 86 75 50 37","email":"mairie-argentenay@wanadoo.fr","population":"100 habitants","website":"","townhallAdress":"1 place Charles de Gaulle - 89160 - ARGENTENAY"},{"text":"ARGENTEUIL SUR ARMANCON","href":"./89/argenteuil-sur-armancon.html","phone":"03 86 75 07 87","email":"mairie-argenteuil-sur-armancon@wanadoo.fr","population":"251 habitants","website":"","townhallAdress":"Grande Rue - 89160 - ARGENTEUIL-SUR-ARMANCON"},{"text":"ARMEAU","href":"./89/armeau.html","phone":"03 86 87 00 68","email":"mairie.armeau@wanadoo.fr","population":"775 habitants","website":"","townhallAdress":"3 place de la  Mairie - 89500 - ARMEAU"},{"text":"ARTHONNAY","href":"./89/arthonnay.html","phone":"03 86 75 23 90","email":"mairie-darthonnay@wanadoo.fr","population":"176 habitants","website":"","townhallAdress":"Place de la Mairie - 89740 - ARTHONNAY"},{"text":"ASNIERES SOUS BOIS","href":"./89/asnieres-sous-bois.html","phone":"03 86 33 24 48","email":"mairie.asnieres@wanadoo.fr","population":"143 habitants","website":"","townhallAdress":"2 place Publique - 89660 - ASNIERES-SOUS-BOIS"},{"text":"ASQUINS","href":"./89/asquins.html","phone":"03 86 33 20 14","email":"mairie.asquins@wanadoo.fr","population":"326 habitants","website":"","townhallAdress":"17 rue La Chévrerie - 89450 - ASQUINS"},{"text":"ATHIE","href":"./89/athie.html","phone":"03 86 32 14 43","email":"mairie.athie@orange.fr","population":"152 habitants","website":"","townhallAdress":"Place de la Mairie - 89440 - ATHIE"},{"text":"AUGY","href":"./89/augy.html","phone":"03 86 53 85 90","email":"mairie-augy89@wanadoo.fr","population":"1175 habitants","website":"","townhallAdress":"3 rue Paul Visse - 89290 - AUGY"},{"text":"AUXERRE","href":"./89/auxerre.html","phone":"03 86 72 43 00","email":"mairie@auxerre.com","population":"39756 habitants","website":"","townhallAdress":"Place de l'hôtel de Ville - 89000 - AUXERRE"},{"text":"AVALLON","href":"./89/avallon.html","phone":"03 86 34 13 50","email":"contact@ville-avallon.fr","population":"7743 habitants","website":"","townhallAdress":"37 grande rue Aristide Briand - 89200 - AVALLON"},{"text":"BAGNEAUX","href":"./89/bagneaux.html","phone":"03 86 86 76 61","email":"mairie-bagneaux@wanadoo.fr","population":"232 habitants","website":"","townhallAdress":"1 rue de la Mairie - 89190 - BAGNEAUX"},{"text":"BAON","href":"./89/baon.html","phone":"03 86 75 78 87","email":"","population":"85 habitants","website":"","townhallAdress":"2 chemin d'Argentenay - 89430 - BAON"},{"text":"BASSOU","href":"./89/bassou.html","phone":"03 86 73 23 73","email":"mairiebassou@wanadoo.fr","population":"789 habitants","website":"","townhallAdress":"8Bis rue du Pont - 89400 - BASSOU"},{"text":"BAZARNES","href":"./89/bazarnes.html","phone":"03 86 42 25 32","email":"mairie-bazarnes@wanadoo.fr","population":"413 habitants","website":"","townhallAdress":"10 rue Vézelay - 89460 - BAZARNES"},{"text":"BEAUMONT","href":"./89/beaumont.html","phone":"03 86 47 70 11","email":"info@beaumont.be","population":"556 habitants","website":"","townhallAdress":"Rue des Ecoles - 89250 - BEAUMONT"},{"text":"BEAUVILLIERS","href":"./89/beauvilliers.html","phone":"03 86 32 26 09","email":"mairie.de.beauvilliers@wanadoo.fr","population":"95 habitants","website":"","townhallAdress":"14 rue de la Mairie - 89630 - BEAUVILLIERS"},{"text":"BEAUVOIR","href":"./89/beauvoir.html","phone":"03 86 41 03 77","email":"mairie.beauvoir@wanadoo.fr","population":"341 habitants","website":"","townhallAdress":"La Croix - 89240 - BEAUVOIR"},{"text":"BEINE","href":"./89/beine.html","phone":"03 86 42 40 08","email":"mairie-beines@wanadoo.fr","population":"530 habitants","website":"","townhallAdress":"8 rue de la Mairie - 89800 - BEINE"},{"text":"BELLECHAUME","href":"./89/bellechaume.html","phone":"03 86 43 14 82","email":"mairie-de-bellechaume@wanadoo.fr","population":"472 habitants","website":"","townhallAdress":"50 rue Professeur Ramon - 89210 - BELLECHAUME"},{"text":"BEON","href":"./89/beon.html","phone":"03 86 73 42 30","email":"mairie-beon@wanadoo.fr","population":"522 habitants","website":"","townhallAdress":"3 rue de La Fontaine - 89410 - BEON"},{"text":"BERNOUIL","href":"./89/bernouil.html","phone":"03 86 55 57 50","email":"mairiebernouil@orange.fr","population":"118 habitants","website":"","townhallAdress":"1 place de la Mairie - 89360 - BERNOUIL"},{"text":"BERU","href":"./89/beru.html","phone":"03 86 75 93 82","email":"mairie.beru@wanadoo.fr","population":"76 habitants","website":"","townhallAdress":"3 rue Carons - 89700 - BERU"},{"text":"BESSY SUR CURE","href":"./89/bessy-sur-cure.html","phone":"03 86 81 90 38","email":"mairie-bessysurcure@wanadoo.fr","population":"179 habitants","website":"","townhallAdress":"Place de la Mairie - 89270 - BESSY-SUR-CURE"},{"text":"BEUGNON","href":"./89/beugnon.html","phone":"03 86 56 30 03","email":"mairie.beugnon@wanadoo.fr","population":"328 habitants","website":"","townhallAdress":"17 rue d'En Haut - 89570 - BEUGNON"},{"text":"BIERRY LES BELLES FONTAINES","href":"./89/bierry-les-belles-fontaines.html","phone":"03 86 32 10 03","email":"mairie-bierry-les-belles-fontaines@orange.fr","population":"229 habitants","website":"","townhallAdress":"3, Rue de Vassy - 89420 - BIERRY-LES-BELLES-FONTAINES"},{"text":"BLACY","href":"./89/blacy.html","phone":"03 86 32 14 57","email":"mairie.blacy@wanadoo.fr","population":"108 habitants","website":"","townhallAdress":"5 rue de la Mairie - 89440 - BLACY"},{"text":"BLANNAY","href":"./89/blannay.html","phone":"03 86 33 44 73","email":"mairie.blannay@wanadoo.fr","population":"132 habitants","website":"","townhallAdress":"15 rue Haute - 89200 - BLANNAY"},{"text":"BLEIGNY LE CARREAU","href":"./89/bleigny-le-carreau.html","phone":"03 86 41 81 18","email":"mairie-bleigny-le-carreau@wanadoo.fr","population":"319 habitants","website":"","townhallAdress":"4 rue Saule - 89230 - BLEIGNY-LE-CARREAU"},{"text":"BLENEAU","href":"./89/bleneau.html","phone":"03 86 74 91 61","email":"mairiedebleneau@wanadoo.fr","population":"1492 habitants","website":"","townhallAdress":"Place de la Mairie - 89220 - BLENEAU"},{"text":"BOEURS EN OTHE","href":"./89/boeurs-en-othe.html","phone":"03 86 88 13 88","email":"mairie.boeursenothe@wanadoo.fr","population":"324 habitants","website":"","townhallAdress":"13 rue d'Arces - 89770 - BOEURS-EN-OTHE"},{"text":"BOIS D ARCY","href":"./89/bois-d-arcy.html","phone":"03 86 32 42 98","email":"","population":"37 habitants","website":"","townhallAdress":"Mairie - 89660 - BOIS-D'ARCY"},{"text":"BONNARD","href":"./89/bonnard.html","phone":"03 86 73 25 55","email":"mairie.bonnard@wanadoo.fr","population":"937 habitants","website":"","townhallAdress":"2 route de la Gare - 89400 - BONNARD"},{"text":"BRANCHES","href":"./89/branches.html","phone":"03 86 73 79 33","email":"mairie-de-branches-89@wanadoo.fr","population":"425 habitants","website":"","townhallAdress":"1 route de Guerchy - 89113 - BRANCHES"},{"text":"BRANNAY","href":"./89/brannay.html","phone":"03 86 66 51 03","email":"mairie.de.brannay@wanadoo.fr","population":"666 habitants","website":"","townhallAdress":"1 Grande Rue - 89150 - BRANNAY"},{"text":"BRIENON SUR ARMANCON","href":"./89/brienon-sur-armancon.html","phone":"03 86 56 09 40","email":"dgs@mairie-brienon.fr","population":"3205 habitants","website":"","townhallAdress":"50 Grande Rue - 89210 - BRIENON-SUR-ARMANCON"},{"text":"BRION","href":"./89/brion.html","phone":"03 86 91 90 79","email":"mairie-brion89@wanadoo.fr","population":"624 habitants","website":"","townhallAdress":"26 place de l'Eglise - 89400 - BRION"},{"text":"BROSSES","href":"./89/brosses.html","phone":"03 86 32 43 49","email":"mairie.brosses@wanadoo.fr","population":"291 habitants","website":"","townhallAdress":"32 Grande Rue - 89660 - BROSSES"},{"text":"BUSSIERES","href":"./89/bussieres.html","phone":"03 86 33 03 85","email":"bussieres89@free.fr","population":"135 habitants","website":"","townhallAdress":"Chaume Mathey - 89630 - BUSSIERES"},{"text":"BUSSY EN OTHE","href":"./89/bussy-en-othe.html","phone":"03 86 91 94 87","email":"mairie-de-bussy-en-othe@wanadoo.fr","population":"774 habitants","website":"","townhallAdress":"2 place de La Fontaine - 89400 - BUSSY-EN-OTHE"},{"text":"BUSSY LE REPOS","href":"./89/bussy-le-repos.html","phone":"03 86 87 23 80","email":"mairie-bussy-le-repos845@orange.fr","population":"378 habitants","website":"","townhallAdress":"9 rue Jean Moulin - 89500 - BUSSY-LE-REPOS"},{"text":"BUTTEAUX","href":"./89/butteaux.html","phone":"03 86 43 23 34","email":"mairie-butteaux@wanadoo.fr","population":"275 habitants","website":"","townhallAdress":"14 rue Fausse Billon - 89360 - BUTTEAUX"},{"text":"CARISEY","href":"./89/carisey.html","phone":"03 86 75 46 44","email":"secretariat@carisey.com","population":"388 habitants","website":"","townhallAdress":"2 place de la Mairie - 89360 - CARISEY"},{"text":"CENSY","href":"./89/censy.html","phone":"03 86 82 86 98","email":"","population":"56 habitants","website":"","townhallAdress":"Mairie - 89310 - CENSY"},{"text":"CERILLY","href":"./89/cerilly.html","phone":"03 86 88 09 11","email":"","population":"51 habitants","website":"","townhallAdress":"Le Village - 89320 - CERILLY"},{"text":"CERISIERS","href":"./89/cerisiers.html","phone":"03 86 96 21 95","email":"mairie.cerisiers@wanadoo.fr","population":"932 habitants","website":"","townhallAdress":"32 place de l'Hôtel de Ville - 89320 - CERISIERS"},{"text":"CEZY","href":"./89/cezy.html","phone":"03 86 63 12 58","email":"mairie.cezy@wanadoo.fr","population":"1118 habitants","website":"","townhallAdress":"1 place Général de Gaulle - 89410 - CEZY"},{"text":"CHABLIS","href":"./89/chablis.html","phone":"03 86 42 87 70","email":"mairie@chablis.net","population":"2580 habitants","website":"","townhallAdress":"1 place Lafayette - 89800 - CHABLIS"},{"text":"CHAILLEY","href":"./89/chailley.html","phone":"03 86 56 22 35","email":"mairie.de.chailley@wanadoo.fr","population":"593 habitants","website":"","townhallAdress":"1 place de la Mairie - 89770 - CHAILLEY"},{"text":"CHAMBEUGLE","href":"./89/chambeugle.html","phone":"03 86 63 69 14","email":"mairie-chambeugle@wanadoo.fr","population":"70 habitants","website":"","townhallAdress":"4 rue de l'Ecole - 89120 - CHAMBEUGLE"},{"text":"CHAMOUX","href":"./89/chamoux.html","phone":"03 86 33 31 47","email":"chamoux.mairie@wanadoo.fr","population":"87 habitants","website":"","townhallAdress":"4 place Gabereau - 89660 - CHAMOUX"},{"text":"CHAMPCEVRAIS","href":"./89/champcevrais.html","phone":"03 86 74 93 31","email":"mairie-champcevrais@numeo.fr","population":"319 habitants","website":"","townhallAdress":"4 place Henri Durand - 89220 - CHAMPCEVRAIS"},{"text":"CHAMPIGNELLES","href":"./89/champignelles.html","phone":"03 86 45 10 57","email":"mairie.champignelles@wanadoo.fr","population":"1117 habitants","website":"","townhallAdress":"5 rue Arsène Duguyot - 89350 - CHAMPIGNELLES"},{"text":"CHAMPIGNY","href":"./89/champigny.html","phone":"03 86 66 22 90","email":"Mairie.champigny89@wanadoo.fr","population":"2069 habitants","website":"","townhallAdress":"Place de la Mairie - 89370 - CHAMPIGNY"},{"text":"CHAMPLAY","href":"./89/champlay.html","phone":"03 86 62 19 97","email":"mairiedechamplay@numeo.fr","population":"686 habitants","website":"","townhallAdress":"61 Grande Rue - 89300 - CHAMPLAY"},{"text":"CHAMPLOST","href":"./89/champlost.html","phone":"03 86 43 11 05","email":"mairie-champlost@wanadoo.fr","population":"811 habitants","website":"","townhallAdress":"19 route de Paris - 89210 - CHAMPLOST"},{"text":"CHAMPS SUR YONNE","href":"./89/champs-sur-yonne.html","phone":"03 86 53 30 75","email":"mairie.champssuryonne@wanadoo.fr","population":"1712 habitants","website":"","townhallAdress":"2 place Binoche - 89290 - CHAMPS-SUR-YONNE"},{"text":"CHAMPVALLON","href":"./89/champvallon.html","phone":"03 86 91 05 74","email":"mairie.champvallon@wanadoo.fr","population":"597 habitants","website":"","townhallAdress":"27 Rue de l'Eglise - 89710 - CHAMPVALLON"},{"text":"CHAMVRES","href":"./89/chamvres.html","phone":"03 86 91 02 46","email":"mairie.chamvres0221@orange.fr","population":"684 habitants","website":"","townhallAdress":"1 place de la Mairie - 89300 - CHAMVRES"},{"text":"CHARBUY","href":"./89/charbuy.html","phone":"03 86 47 13 10","email":"secretariat@charbuy.fr","population":"1684 habitants","website":"","townhallAdress":"2 rue des Ecoles - 89113 - CHARBUY"},{"text":"CHARENTENAY","href":"./89/charentenay.html","phone":"03 86 41 70 61","email":"mairie-charentenay@wanadoo.fr","population":"277 habitants","website":"","townhallAdress":"17 Grande Rue - 89580 - CHARENTENAY"},{"text":"CHARMOY","href":"./89/charmoy.html","phone":"03 86 91 24 13","email":"mairie-de-charmoy89@wanadoo.fr","population":"1237 habitants","website":"","townhallAdress":"5 rue Lucien Ducrot - 89400 - CHARMOY"},{"text":"CHARNY","href":"./89/charny.html","phone":"03 86 63 63 56","email":"mairie.charny@wanadoo.fr","population":"1716 habitants","website":"","townhallAdress":"60 route La Mothe - 89120 - CHARNY"},{"text":"CHASSIGNELLES","href":"./89/chassignelles.html","phone":"03 86 75 10 78","email":"mairie.chassignelles@wanadoo.fr","population":"337 habitants","website":"","townhallAdress":"4 place de la Mairie - 89160 - CHASSIGNELLES"},{"text":"CHASSY","href":"./89/chassy.html","phone":"03 86 63 41 78","email":"mairie-chassy@wanadoo.fr","population":"484 habitants","website":"","townhallAdress":"8, route de Monchardon - 89110 - CHASSY"},{"text":"CHASTELLUX SUR CURE","href":"./89/chastellux-sur-cure.html","phone":"03 86 34 21 50","email":"","population":"164 habitants","website":"","townhallAdress":"La Rue Chenot - 89630 - CHASTELLUX-SUR-CURE"},{"text":"CHATEL CENSOIR","href":"./89/chatel-censoir.html","phone":"03 86 81 01 98","email":"mairie-de-chatel-censoir@wanadoo.fr","population":"688 habitants","website":"","townhallAdress":"1 place Aristide Briand - 89660 - CHATEL-CENSOIR"},{"text":"CHATEL GERARD","href":"./89/chatel-gerard.html","phone":"03 86 82 64 52","email":"chatel-gerard.mairie@wanadoo.fr","population":"265 habitants","website":"","townhallAdress":"7 rue de la Mairie - 89310 - CHATEL-GERARD"},{"text":"CHAUMONT","href":"./89/chaumont.html","phone":"03 86 96 11 10","email":"","population":"616 habitants","website":"","townhallAdress":"Rue de l'Eglise - 89370 - CHAUMONT"},{"text":"CHAUMOT","href":"./89/chaumot.html","phone":"03 86 96 95 40","email":"mairie.chaumot.89@wanadoo.fr","population":"663 habitants","website":"","townhallAdress":"Village - 89500 - CHAUMOT"},{"text":"CHEMILLY SUR SEREIN","href":"./89/chemilly-sur-serein.html","phone":"03 86 42 12 87","email":"mairie-chemilly-sur-serein@wanadoo.fr","population":"183 habitants","website":"","townhallAdress":"38 Grande Rue - 89800 - CHEMILLY-SUR-SEREIN"},{"text":"CHEMILLY SUR YONNE","href":"./89/chemilly-sur-yonne.html","phone":"03 86 47 71 06","email":"chemilly-yonne@wanadoo.fr","population":"823 habitants","website":"","townhallAdress":"2 rue Paul Bert - 89250 - CHEMILLY-SUR-YONNE"},{"text":"CHENE ARNOULT","href":"./89/chene-arnoult.html","phone":"03 86 91 81 11","email":"mairie.chene-arnoult@wanadoo.fr","population":"129 habitants","website":"","townhallAdress":"Le Village - 89120 - CHENE-ARNOULT"},{"text":"CHENEY","href":"./89/cheney.html","phone":"03 86 55 54 79","email":"mairie-cheney@wanadoo.fr","population":"278 habitants","website":"","townhallAdress":"24 route de Paris à Genève - 89700 - CHENEY"},{"text":"CHENY","href":"./89/cheny.html","phone":"03 86 92 15 00","email":"cheny89@wanadoo.fr","population":"2634 habitants","website":"","townhallAdress":"6 rue de la Mairie - 89400 - CHENY"},{"text":"CHEROY","href":"./89/cheroy.html","phone":"03 86 97 45 60","email":"mairie-cheroy2@wanadoo.fr","population":"1583 habitants","website":"","townhallAdress":"27 place Général de Gaulle - 89690 - CHEROY"},{"text":"CHEU","href":"./89/cheu.html","phone":"03 86 35 01 15","email":"mairie.cheu@wanadoo.fr","population":"540 habitants","website":"","townhallAdress":"1 place de la Mairie - 89600 - CHEU"},{"text":"CHEVANNES","href":"./89/chevannes.html","phone":"03 86 41 24 98","email":"mairie.chevannes@wanadoo.fr","population":"2238 habitants","website":"","townhallAdress":"1 place de la Mairie - 89240 - CHEVANNES"},{"text":"CHEVILLON","href":"./89/chevillon.html","phone":"03 86 73 17 35","email":"mairie-chevillon.89@wanadoo.fr","population":"309 habitants","website":"","townhallAdress":"30 rue Gaston Chausson - 89120 - CHEVILLON"},{"text":"CHICHEE","href":"./89/chichee.html","phone":"03 86 42 18 46","email":"mairie.chichee@cegetel.net","population":"351 habitants","website":"","townhallAdress":"9 place de la Mairie - 89800 - CHICHEE"},{"text":"CHICHERY","href":"./89/chichery.html","phone":"03 86 73 29 18","email":"mairie.chichery@wanadoo.fr","population":"494 habitants","website":"","townhallAdress":"11 rue des Puits d'Hiver - 89400 - CHICHERY"},{"text":"CHIGY","href":"./89/chigy.html","phone":"03 86 88 28 03","email":"mairie.chigy@wanadoo.fr","population":"270 habitants","website":"","townhallAdress":"1 rue Guichet - 89190 - CHIGY"},{"text":"CHITRY","href":"./89/chitry.html","phone":"03 86 41 42 07","email":"mairie-chitry-le-fort@wanadoo.fr","population":"347 habitants","website":"","townhallAdress":"Place de l'Eglise - 89530 - CHITRY"},{"text":"CISERY","href":"./89/cisery.html","phone":"03 86 32 51 95","email":"mairie.de.cisery@wanadoo.fr","population":"61 habitants","website":"","townhallAdress":"7 rue de la Mairie - 89420 - CISERY"},{"text":"COLLAN","href":"./89/collan.html","phone":"03 86 55 25 63","email":"mairie-collan@wanadoo.fr","population":"187 habitants","website":"","townhallAdress":"9 rue des Ecoles - 89700 - COLLAN"},{"text":"COLLEMIERS","href":"./89/collemiers.html","phone":"03 86 65 93 77","email":"mairie.collemiers@wanadoo.fr","population":"585 habitants","website":"","townhallAdress":"2 rue du Presbytère - 89100 - COLLEMIERS"},{"text":"COMPIGNY","href":"./89/compigny.html","phone":"03 86 66 35 82","email":"mairie-compigny@wanadoo.fr","population":"162 habitants","website":"","townhallAdress":"Grande Rue - 89140 - COMPIGNY"},{"text":"CORNANT","href":"./89/cornant.html","phone":"03 86 86 04 79","email":"mairie.cornant@wanadoo.fr","population":"356 habitants","website":"","townhallAdress":"3 rue de l'Ecole - 89500 - CORNANT"},{"text":"COULANGERON","href":"./89/coulangeron.html","phone":"03 86 47 67 22","email":"mairiecoulangeron@orange.fr","population":"200 habitants","website":"","townhallAdress":"6 rue de la Mairie - 89580 - COULANGERON"},{"text":"COULANGES LA VINEUSE","href":"./89/coulanges-la-vineuse.html","phone":"03 86 42 20 59","email":"mairie-coulanges-la-vse@wanadoo.fr","population":"948 habitants","website":"","townhallAdress":"39 rue André Vildieu - 89580 - COULANGES-LA-VINEUSE"},{"text":"COULANGES SUR YONNE","href":"./89/coulanges-sur-yonne.html","phone":"03 86 81 70 32","email":"mairie-coulanges-sur-yonne@wanadoo.fr","population":"552 habitants","website":"","townhallAdress":"Place de l'Hôtel de Ville - 89480 - COULANGES-SUR-YONNE"},{"text":"COULOURS","href":"./89/coulours.html","phone":"03 86 96 23 55","email":"mairie.coulours@wanadoo.fr","population":"152 habitants","website":"","townhallAdress":"2 rue de l'Eglise - 89320 - COULOURS"},{"text":"COURGENAY","href":"./89/courgenay.html","phone":"03 86 86 80 85","email":"mairie.courgenay@wanadoo.fr","population":"549 habitants","website":"","townhallAdress":"Rue Beaulieu - 89190 - COURGENAY"},{"text":"COURGIS","href":"./89/courgis.html","phone":"03 86 41 45 49","email":"mairie-courgis@wanadoo.fr","population":"265 habitants","website":"","townhallAdress":"17 grande rue Nicolas Droin - 89800 - COURGIS"},{"text":"COURLON SUR YONNE","href":"./89/courlon-sur-yonne.html","phone":"03 86 66 80 34","email":"mairie-courlonsuryonne@wanadoo.fr","population":"1193 habitants","website":"","townhallAdress":"2 place de la Mairie - 89140 - COURLON-SUR-YONNE"},{"text":"COURSON LES CARRIERES","href":"./89/courson-les-carrieres.html","phone":"03 86 41 51 69","email":"mairie.coursonlescarrieres@wanadoo.fr","population":"871 habitants","website":"","townhallAdress":"Place du Château - 89560 - COURSON-LES-CARRIERES"},{"text":"COURTOIN","href":"./89/courtoin.html","phone":"03 86 86 45 82","email":"mairie.courtoin@nordnet.fr","population":"42 habitants","website":"","townhallAdress":"Le Village - 89150 - COURTOIN"},{"text":"COURTOIS SUR YONNE","href":"./89/courtois-sur-yonne.html","phone":"03 86 97 01 65","email":"mairie-courtois89@wanadoo.fr","population":"752 habitants","website":"","townhallAdress":"18 rue de l'Eglise - 89100 - COURTOIS-SUR-YONNE"},{"text":"COUTARNOUX","href":"./89/coutarnoux.html","phone":"03 86 33 93 01","email":"mairiecoutarnoux@wanadoo.fr","population":"106 habitants","website":"","townhallAdress":"24 Grande Rue - 89440 - COUTARNOUX"},{"text":"CRAIN","href":"./89/crain.html","phone":"03 86 81 84 20","email":"comcrain.mairie@wanadoo.fr","population":"380 habitants","website":"","townhallAdress":"Rue de la Mairie - 89480 - CRAIN"},{"text":"CRAVANT","href":"./89/cravant.html","phone":"03 86 42 23 34","email":"mairie-cravant@wanadoo.fr","population":"817 habitants","website":"","townhallAdress":"55 rue d'Orléans - 89460 - CRAVANT"},{"text":"CRUZY LE CHATEL","href":"./89/cruzy-le-chatel.html","phone":"03 86 75 23 83","email":"mairie-cruzy-le-chatel@wanadoo.fr","population":"257 habitants","website":"","townhallAdress":"1 rue des Tilleuls - 89740 - CRUZY-LE-CHATEL"},{"text":"CRY","href":"./89/cry.html","phone":"03 86 55 73 94","email":"mairie-cry.armancon@wanadoo.fr","population":"182 habitants","website":"","townhallAdress":"2 ruelle Caverot - 89390 - CRY"},{"text":"CUDOT","href":"./89/cudot.html","phone":"03 86 63 94 43","email":"mairie.cudot@wanadoo.fr","population":"357 habitants","website":"","townhallAdress":"Rue du Château - 89116 - CUDOT"},{"text":"CUSSY LES FORGES","href":"./89/cussy-les-forges.html","phone":"03 86 33 10 09","email":"mairie-cussy-les-forges@wanadoo.fr","population":"342 habitants","website":"","townhallAdress":"2 place de la Mairie - 89420 - CUSSY-LES-FORGES"},{"text":"CUY","href":"./89/cuy.html","phone":"03 86 64 31 03","email":"mairie.de.cuy@wanadoo.fr","population":"738 habitants","website":"","townhallAdress":"1 rue de l'Eglise - 89140 - CUY"},{"text":"DANNEMOINE","href":"./89/dannemoine.html","phone":"03 86 55 54 06","email":"mairie-dannemoine@wanadoo.fr","population":"454 habitants","website":"","townhallAdress":"31 rue de Bailly - 89700 - DANNEMOINE"},{"text":"DICY","href":"./89/dicy.html","phone":"03 86 63 75 30","email":"mairie.dicy@wanadoo.fr","population":"335 habitants","website":"","townhallAdress":"Place de l'Eglise - 89120 - DICY"},{"text":"DIGES","href":"./89/diges.html","phone":"03 86 41 12 89","email":"mairie.diges89@wanadoo.fr","population":"1171 habitants","website":"","townhallAdress":"Place Marie Noël - 89240 - DIGES"},{"text":"DISSANGIS","href":"./89/dissangis.html","phone":"03 86 33 82 21","email":"mairie.dissangis@sfr.fr","population":"139 habitants","website":"","townhallAdress":"11 route Isle sur Serein - 89440 - DISSANGIS"},{"text":"DIXMONT","href":"./89/dixmont.html","phone":"03 86 96 02 13","email":"mairie-de-dixmont@wanadoo.fr","population":"914 habitants","website":"","townhallAdress":"7 rue de la Mairie - 89500 - DIXMONT"},{"text":"DOLLOT","href":"./89/dollot.html","phone":"03 86 88 61 25","email":"mairie.dollot@orange.fr","population":"311 habitants","website":"","townhallAdress":"1 place de la Mairie - 89150 - DOLLOT"},{"text":"DOMATS","href":"./89/domats.html","phone":"03 86 86 31 90","email":"mairiedomats@wanadoo.fr","population":"732 habitants","website":"","townhallAdress":"Place de l'Eglise - 89150 - DOMATS"},{"text":"DOMECY SUR CURE","href":"./89/domecy-sur-cure.html","phone":"03 86 32 31 79","email":"mairie-dom-cure@wanadoo.fr","population":"398 habitants","website":"","townhallAdress":"6 rue Saint Antoine, Hameau de Cure - 89450 - DOMECY-SUR-CURE"},{"text":"DOMECY SUR LE VAULT","href":"./89/domecy-sur-le-vault.html","phone":"03 86 34 39 95","email":"mairie.domecysurlevault@numeo.fr","population":"94 habitants","website":"","townhallAdress":"27 rue Gaumine - 89200 - DOMECY-SUR-LE-VAULT"},{"text":"DRACY","href":"./89/dracy.html","phone":"03 86 44 14 73","email":"mairie-de-dracy@wanadoo.fr","population":"213 habitants","website":"","townhallAdress":"Route Tannerre - 89130 - DRACY"},{"text":"DRUYES LES BELLES FONTAINES","href":"./89/druyes-les-belles-fontaines.html","phone":"03 86 41 53 61","email":"mairie-druyes-les-belles-fontaines@wanadoo.fr","population":"301 habitants","website":"","townhallAdress":"2 place du 8 Mai 1945 - 89560 - DRUYES-LES-BELLES-FONTAINES"},{"text":"DYE","href":"./89/dye.html","phone":"03 86 75 41 44","email":"mairie-dye@numeo.fr","population":"187 habitants","website":"","townhallAdress":"3 rue de la Mairie - 89360 - DYE"},{"text":"EGLENY","href":"./89/egleny.html","phone":"03 86 41 18 63","email":"secretariat@village-egleny.fr","population":"435 habitants","website":"","townhallAdress":"3 place Saint Etienne - 89240 - EGLENY"},{"text":"EGRISELLES LE BOCAGE","href":"./89/egriselles-le-bocage.html","phone":"03 86 86 01 17","email":"mairie.bocage@wanadoo.fr","population":"1223 habitants","website":"","townhallAdress":"26B Grande Rue - 89500 - EGRISELLES-LE-BOCAGE"},{"text":"EPINEAU LES VOVES","href":"./89/epineau-les-voves.html","phone":"03 86 91 22 03","email":"mairie.epineau@wanadoo.fr","population":"732 habitants","website":"","townhallAdress":"10 rue des Ecoles - 89400 - EPINEAU-LES-VOVES"},{"text":"EPINEUIL","href":"./89/epineuil.html","phone":"03 86 54 40 76","email":"epineuil.mairie@wanadoo.fr","population":"666 habitants","website":"","townhallAdress":"2 rue de l'Abbé Gauthier - 89700 - EPINEUIL"},{"text":"ESCAMPS","href":"./89/escamps.html","phone":"03 86 41 22 05","email":"mairie.escamps@wanadoo.fr","population":"830 habitants","website":"","townhallAdress":"28 rue des Ecoles - 89240 - ESCAMPS"},{"text":"ESCOLIVES SAINTE CAMILLE","href":"./89/escolives-sainte-camille.html","phone":"03 86 53 34 24","email":"mairie.escolives@wanadoo.fr","population":"740 habitants","website":"","townhallAdress":"2 Grande Rue - 89290 - ESCOLIVES-SAINTE-CAMILLE"},{"text":"ESNON","href":"./89/esnon.html","phone":"03 86 56 14 83","email":"mairieesnon@wanadoo.fr","population":"387 habitants","website":"","townhallAdress":"Impasse de l'Eglise - 89210 - ESNON"},{"text":"ETAIS LA SAUVIN","href":"./89/etais-la-sauvin.html","phone":"03 86 47 20 33","email":"mairie.etais@wanadoo.fr","population":"724 habitants","website":"","townhallAdress":"18 Grande Rue - 89480 - ETAIS-LA-SAUVIN"},{"text":"ETAULE","href":"./89/etaule.html","phone":"03 86 31 01 90","email":"mairie-etaules@wanadoo.fr","population":"433 habitants","website":"","townhallAdress":"16 rue Romaine Vassy Les Avallon - 89200 - ETAULE"},{"text":"ETIGNY","href":"./89/etigny.html","phone":"03 86 97 10 97","email":"etigny.mairie@wanadoo.fr","population":"762 habitants","website":"","townhallAdress":"5Bis rue de l'Eglise - 89510 - ETIGNY"},{"text":"ETIVEY","href":"./89/etivey.html","phone":"03 86 55 78 19","email":"mairie.etivey@wanadoo.fr","population":"245 habitants","website":"","townhallAdress":"6 rue de l'Etang - 89310 - ETIVEY"},{"text":"EVRY","href":"./89/evry.html","phone":"03 86 64 65 23","email":"evry.mairie@wanadoo.fr","population":"371 habitants","website":"","townhallAdress":"Grande Rue - 89140 - EVRY"},{"text":"FESTIGNY","href":"./89/festigny.html","phone":"03 86 41 97 04","email":"mairie-89festigny@wanadoo.fr","population":"80 habitants","website":"","townhallAdress":"4 rue Georges Coutin - 89480 - FESTIGNY"},{"text":"FLACY","href":"./89/flacy.html","phone":"03 86 96 87 09","email":"mairie.flacy@wanadoo.fr","population":"145 habitants","website":"","townhallAdress":"7 Grande Rue - 89190 - FLACY"},{"text":"FLEURY LA VALLEE","href":"./89/fleury-la-vallee.html","phone":"03 86 73 72 20","email":"mairie.fleurylavallee@wanadoo.fr","population":"1139 habitants","website":"","townhallAdress":"26 Grande Rue - 89113 - FLEURY-LA-VALLEE"},{"text":"FLEYS","href":"./89/fleys.html","phone":"03 86 42 81 75","email":"mairie-fleys@wanadoo.fr","population":"177 habitants","website":"","townhallAdress":"17 rue des Ardillats - 89800 - FLEYS"},{"text":"FLOGNY LA CHAPELLE","href":"./89/flogny-la-chapelle.html","phone":"03 86 75 42 85","email":"mairie-flogny-la-chapelle@wanadoo.fr","population":"1037 habitants","website":"","townhallAdress":"2 avenue Professeur Charles Laubry - 89360 - FLOGNY-LA-CHAPELLE"},{"text":"FOISSY LES VEZELAY","href":"./89/foissy-les-vezelay.html","phone":"03 86 33 22 47","email":"mairie.foissylesvezelay@wanadoo.fr","population":"157 habitants","website":"","townhallAdress":"5 Grande Rue - 89450 - FOISSY-LES-VEZELAY"},{"text":"FOISSY SUR VANNE","href":"./89/foissy-sur-vanne.html","phone":"03 86 86 70 80","email":"mairie.foissy@orange.fr","population":"292 habitants","website":"","townhallAdress":"40 Grande Rue - 89190 - FOISSY-SUR-VANNE"},{"text":"FONTAINE LA GAILLARDE","href":"./89/fontaine-la-gaillarde.html","phone":"03 86 97 83 00","email":"mairie.fontaine89@wanadoo.fr","population":"526 habitants","website":"","townhallAdress":"5 rue Gaston Corgibet - 89100 - FONTAINE-LA-GAILLARDE"},{"text":"FONTAINES","href":"./89/fontaines.html","phone":"03 86 44 06 88","email":"mairie.defontaines@wanadoo.fr","population":"476 habitants","website":"","townhallAdress":"2 place de la Mairie - 89130 - FONTAINES"},{"text":"FONTENAILLES","href":"./89/fontenailles.html","phone":"03 86 41 57 09","email":"mairie-fontenailles@wanadoo.fr","population":"69 habitants","website":"","townhallAdress":"2 rue de la Mairie - 89560 - FONTENAILLES"},{"text":"FONTENAY PRES CHABLIS","href":"./89/fontenay-pres-chablis.html","phone":"03 86 42 82 12","email":"fontenay.pres.chablis-mairie@wanadoo.fr","population":"136 habitants","website":"","townhallAdress":"Place de la Mairie - 89800 - FONTENAY-PRES-CHABLIS"},{"text":"FONTENAY PRES VEZELAY","href":"./89/fontenay-pres-vezelay.html","phone":"03 86 33 21 40","email":"mairie-fontenay-pres-vezelay@wanadoo.fr","population":"174 habitants","website":"","townhallAdress":"4 place Mairie Soeuvres - 89450 - FONTENAY-PRES-VEZELAY"},{"text":"FONTENAY SOUS FOURONNES","href":"./89/fontenay-sous-fouronnes.html","phone":"03 86 41 56 43","email":"mairie.fontenay.sous.fouronnes@numeo.fr","population":"77 habitants","website":"","townhallAdress":"2 place de la Mairie - 89660 - FONTENAY-SOUS-FOURONNES"},{"text":"FONTENOUILLES","href":"./89/fontenouilles.html","phone":"03 86 63 61 86","email":"mairie.fontenouilles@wanadoo.fr","population":"206 habitants","website":"","townhallAdress":"2 rue de la Mairie - 89120 - FONTENOUILLES"},{"text":"FONTENOY","href":"./89/fontenoy.html","phone":"03 86 44 23 90","email":"mairie-fontenoy@wanadoo.fr","population":"327 habitants","website":"","townhallAdress":"5 rue Principale - 89520 - FONTENOY"},{"text":"FOUCHERES","href":"./89/foucheres.html","phone":"03 86 88 84 78","email":"webmaster@foucheres.com","population":"406 habitants","website":"","townhallAdress":"1 Grande Rue - 89150 - FOUCHERES"},{"text":"FOURNAUDIN","href":"./89/fournaudin.html","phone":"03 86 88 12 18","email":"mairie-fournaudin@wanadoo.fr","population":"118 habitants","website":"","townhallAdress":"Rue du Port - 89320 - FOURNAUDIN"},{"text":"FOURONNES","href":"./89/fouronnes.html","phone":"03 86 41 50 87","email":"mairie-fouronnes@wanadoo.fr","population":"151 habitants","website":"","townhallAdress":"Rue Principale - 89560 - FOURONNES"},{"text":"FRESNES","href":"./89/fresnes.html","phone":"03 86 75 64 79","email":"mairie-fresnes@wanadoo.fr","population":"75 habitants","website":"","townhallAdress":"2 rue de La Maison Commune - 89310 - FRESNES"},{"text":"FULVY","href":"./89/fulvy.html","phone":"03 86 75 12 86","email":"mairie.fulvy@wanadoo.fr","population":"144 habitants","website":"","townhallAdress":"21 route de Genève - 89160 - FULVY"},{"text":"GERMIGNY","href":"./89/germigny.html","phone":"03 86 35 12 10","email":"mairie.germigny@wanadoo.fr","population":"587 habitants","website":"","townhallAdress":"6 route du Tonnerre - 89600 - GERMIGNY"},{"text":"GIGNY","href":"./89/gigny.html","phone":"03 86 75 25 06","email":"mairie-gigny89@wanadoo.fr","population":"110 habitants","website":"","townhallAdress":"8 rue La Chaume - 89160 - GIGNY"},{"text":"GIROLLES","href":"./89/girolles.html","phone":"03 86 33 59 22","email":"mairie89-girolles@orange.fr","population":"190 habitants","website":"","townhallAdress":"9 rue Basse - 89200 - GIROLLES"},{"text":"GISY LES NOBLES","href":"./89/gisy-les-nobles.html","phone":"03 86 67 01 87","email":"mairie.gisy@cegetel.net","population":"612 habitants","website":"","townhallAdress":"2 rue Sainte Marie - 89140 - GISY-LES-NOBLES"},{"text":"GIVRY","href":"./89/givry.html","phone":"03 86 33 48 66","email":"mairie-givry@wanadoo.fr","population":"194 habitants","website":"","townhallAdress":"15 rue Mal Perthuis - 89200 - GIVRY"},{"text":"GLAND","href":"./89/gland.html","phone":"03 86 75 29 71","email":"mairie-gland@wanadoo.fr","population":"51 habitants","website":"","townhallAdress":"2 rue Grand Bois - 89740 - GLAND"},{"text":"GRANDCHAMP","href":"./89/grandchamp.html","phone":"03 86 45 70 28","email":"communedegrandchamp@wanadoo.fr","population":"370 habitants","website":"","townhallAdress":"1 rue de la Vierge - 89350 - GRANDCHAMP"},{"text":"GRIMAULT","href":"./89/grimault.html","phone":"03 86 82 85 47","email":"mairie.grimault@wanadoo.fr","population":"124 habitants","website":"","townhallAdress":"Rue de la Mairie - 89310 - GRIMAULT"},{"text":"GRON","href":"./89/gron.html","phone":"03 86 65 48 43","email":"mairie.gron@wanadoo.fr","population":"1308 habitants","website":"","townhallAdress":"1 place de l'Eglise - 89100 - GRON"},{"text":"GUERCHY","href":"./89/guerchy.html","phone":"03 86 73 73 28","email":"mairie-guerchy@wanadoo.fr","population":"659 habitants","website":"","townhallAdress":"1 rue Saint Germain - 89113 - GUERCHY"},{"text":"GUILLON","href":"./89/guillon.html","phone":"03 86 32 51 98","email":"mairie.guillon@wanadoo.fr","population":"460 habitants","website":"","townhallAdress":"1 rue La Brèche - 89420 - GUILLON"},{"text":"GURGY","href":"./89/gurgy.html","phone":"03 86 53 02 86","email":"mairie.gurgy@wanadoo.fr","population":"1695 habitants","website":"","townhallAdress":"11 rue de l'Ile Chamond - 89250 - GURGY"},{"text":"GY L EVEQUE","href":"./89/gy-l-eveque.html","phone":"03 86 41 65 61","email":"mairie-gyleveque@orange.fr","population":"481 habitants","website":"","townhallAdress":"41 route Nationale - 89580 - GY-L'EVEQUE"},{"text":"HAUTERIVE","href":"./89/hauterive.html","phone":"03 86 47 87 32","email":"mairie.hauterive2@wanadoo.fr","population":"429 habitants","website":"","townhallAdress":"1 place de la Mairie - 89250 - HAUTERIVE"},{"text":"HERY","href":"./89/hery.html","phone":"03 86 47 73 00","email":"mairie.hery@wanadoo.fr","population":"1921 habitants","website":"","townhallAdress":"2 rue Charles Rolland - 89550 - HERY"},{"text":"IRANCY","href":"./89/irancy.html","phone":"03 86 42 29 34","email":"mairie.irancy@wanadoo.fr","population":"312 habitants","website":"","townhallAdress":"Rue Soufflot - 89290 - IRANCY"},{"text":"ISLAND","href":"./89/island.html","phone":"03 86 34 54 34","email":"islandcityof@bellsouth.net","population":"232 habitants","website":"","townhallAdress":"9 rue Saulsois - 89200 - ISLAND"},{"text":"JAULGES","href":"./89/jaulges.html","phone":"03 86 43 21 01","email":"mairie-jaulges@wanadoo.fr","population":"457 habitants","website":"","townhallAdress":"Grande Rue - 89360 - JAULGES"},{"text":"JOIGNY","href":"./89/joigny.html","phone":"03 86 92 48 00","email":"mairie@ville-joigny.fr","population":"11054 habitants","website":"","townhallAdress":"3 quai 1er Dragons - 89300 - JOIGNY"},{"text":"JOUANCY","href":"./89/jouancy.html","phone":"03 86 82 69 12","email":"","population":"33 habitants","website":"","townhallAdress":"Mairie - 89310 - JOUANCY"},{"text":"JOUX LA VILLE","href":"./89/joux-la-ville.html","phone":"03 86 33 61 24","email":"jouxlaville.mairie@wanadoo.fr","population":"1221 habitants","website":"","townhallAdress":"Place de La Fontaine - 89440 - JOUX-LA-VILLE"},{"text":"JOUY","href":"./89/jouy.html","phone":"03 86 97 75 99","email":"mairiedejouy@wanadoo.fr","population":"432 habitants","website":"","townhallAdress":"29 rue Chemin de César - 89150 - JOUY"},{"text":"JULLY","href":"./89/jully.html","phone":"03 86 75 12 53","email":"mairie-jully@wanadoo.fr","population":"145 habitants","website":"","townhallAdress":"Rue de l'Eglise La Maine - 89160 - JULLY"},{"text":"JUNAY","href":"./89/junay.html","phone":"03 86 55 19 67","email":"mairie.junay@wanadoo.fr","population":"107 habitants","website":"","townhallAdress":"5 rue de la Mairie - 89700 - JUNAY"},{"text":"JUSSY","href":"./89/jussy.html","phone":"03 86 53 33 78","email":"mairie.jussy@wanadoo.fr","population":"462 habitants","website":"","townhallAdress":"Grande Rue - 89290 - JUSSY"},{"text":"LA BELLIOLE","href":"./89/la-belliole.html","phone":"03 86 88 61 39","email":"labelliole@fr.st","population":"257 habitants","website":"","townhallAdress":"2 rue des Loisirs - 89150 - LA-BELLIOLE"},{"text":"LA CELLE SAINT CYR","href":"./89/la-celle-saint-cyr.html","phone":"03 86 73 42 46","email":"massa.michel@wanadoo.fr","population":"798 habitants","website":"","townhallAdress":"3 place de la Mairie - 89116 - LA-CELLE-SAINT-CYR"},{"text":"LA CHAPELLE SUR OREUSE","href":"./89/la-chapelle-sur-oreuse.html","phone":"03 86 97 61 60","email":"mairie-chapellesuroreuse@wanadoo.fr","population":"562 habitants","website":"","townhallAdress":"13 Grande Rue - 89260 - LA-CHAPELLE-SUR-OREUSE"},{"text":"LA CHAPELLE VAUPELTEIGNE","href":"./89/la-chapelle-vaupelteigne.html","phone":"03 86 42 40 80","email":"mairie-la-chapelle-vaupelteigne@wanadoo.fr","population":"100 habitants","website":"","townhallAdress":"12 rue Serein - 89800 - LA-CHAPELLE-VAUPELTEIGNE"},{"text":"LADUZ","href":"./89/laduz.html","phone":"03 86 73 79 20","email":"mairie.laduz89@wanadoo.fr","population":"307 habitants","website":"","townhallAdress":"7 rue La Laye - 89110 - LADUZ"},{"text":"LA FERTE LOUPIERE","href":"./89/la-ferte-loupiere.html","phone":"03 86 73 14 87","email":"mairie-la-ferte-loupiere@wanadoo.fr","population":"583 habitants","website":"","townhallAdress":"1 place de la Mairie - 89110 - LA-FERTE-LOUPIERE"},{"text":"LAILLY","href":"./89/lailly.html","phone":"03 86 96 89 11","email":"mairie.lailly@wanadoo.fr","population":"216 habitants","website":"","townhallAdress":"33 rue Jean Meric - 89190 - LAILLY"},{"text":"LAIN","href":"./89/lain.html","phone":"03 86 45 23 22","email":"mairie-lain@wanadoo.fr","population":"169 habitants","website":"","townhallAdress":"4 rue La Messe - 89560 - LAIN"},{"text":"LAINSECQ","href":"./89/lainsecq.html","phone":"03 86 74 70 03","email":"mairie-lainsecq@wanadoo.fr","population":"378 habitants","website":"","townhallAdress":"5 Grande Rue - 89520 - LAINSECQ"},{"text":"LALANDE","href":"./89/lalande.html","phone":"03 86 44 07 25","email":"mairie.lalande@orange.fr","population":"133 habitants","website":"","townhallAdress":"Place de la Mairie - 89130 - LALANDE"},{"text":"LA POSTOLLE","href":"./89/la-postolle.html","phone":"03 86 88 91 09","email":"mairie-la-postolle@wanadoo.fr","population":"162 habitants","website":"","townhallAdress":"11 rue de Vermont - 89260 - LA-POSTOLLE"},{"text":"LAROCHE SAINT CYDROINE","href":"./89/laroche-saint-cydroine.html","phone":"03 86 80 16 71","email":"mairie.laroche@wanadoo.fr","population":"1432 habitants","website":"","townhallAdress":"1 place du 19 Mars 1962 - 89400 - LAROCHE-SAINT-CYDROINE"},{"text":"LASSON","href":"./89/lasson.html","phone":"03 86 56 37 62","email":"mairie.lasson@wanadoo.fr","population":"146 habitants","website":"","townhallAdress":"22 Grande Rue - 89570 - LASSON"},{"text":"LAVAU","href":"./89/lavau.html","phone":"03 86 74 06 24","email":"mairie-lavau89@wanadoo.fr","population":"530 habitants","website":"","townhallAdress":"27 Grande Rue - 89170 - LAVAU"},{"text":"LES BORDES","href":"./89/les-bordes.html","phone":"03 86 96 03 75","email":"mairie.bordes@wanadoo.fr","population":"493 habitants","website":"","townhallAdress":"Route de Theil - 89500 - LES-BORDES"},{"text":"LES CLERIMOIS","href":"./89/les-clerimois.html","phone":"03 86 97 84 79","email":"mairie.clerimois@wanadoo.fr","population":"249 habitants","website":"","townhallAdress":"Grande Rue - 89190 - LES-CLERIMOIS"},{"text":"LES ORMES","href":"./89/les-ormes.html","phone":"03 86 73 63 63","email":"mairie.lesormes89@wanadoo.fr","population":"271 habitants","website":"","townhallAdress":"9 place de la Libération - 89110 - LES-ORMES"},{"text":"LES SIEGES","href":"./89/les-sieges.html","phone":"03 86 96 85 34","email":"mairie-les-sieges@wanadoo.fr","population":"451 habitants","website":"","townhallAdress":"Place de l'Eglise - 89190 - LES-SIEGES"},{"text":"LEUGNY","href":"./89/leugny.html","phone":"03 86 47 62 72","email":"leugny.mairie@orange.fr","population":"365 habitants","website":"","townhallAdress":"22 rue des Ecoles - 89130 - LEUGNY"},{"text":"LEVIS","href":"./89/levis.html","phone":"03 86 44 22 23","email":"mairielevis89@orange.fr","population":"251 habitants","website":"","townhallAdress":"14 Grande Rue - 89520 - LEVIS"},{"text":"LEZINNES","href":"./89/lezinnes.html","phone":"03 86 75 60 50","email":"mairie.lezinnes@wanadoo.fr","population":"762 habitants","website":"","townhallAdress":"4 place de la Mairie - 89160 - LEZINNES"},{"text":"LICHERES PRES AIGREMONT","href":"./89/licheres-pres-aigremont.html","phone":"03 86 42 14 25","email":"licheres.pres.aigremont.mairie@wanadoo.fr","population":"178 habitants","website":"","townhallAdress":"3 place de la Mairie - 89800 - LICHERES-PRES-AIGREMONT"},{"text":"LICHERES SUR YONNE","href":"./89/licheres-sur-yonne.html","phone":"03 86 81 80 96","email":"mairie-de-licheres-sur-yonne@wanadoo.fr","population":"62 habitants","website":"","townhallAdress":"4 rue de la Montagne - 89660 - LICHERES-SUR-YONNE"},{"text":"LIGNORELLES","href":"./89/lignorelles.html","phone":"03 86 47 52 45","email":"mairie.lignorelles@wanadoo.fr","population":"172 habitants","website":"","townhallAdress":"2 rue Auxerroise - 89800 - LIGNORELLES"},{"text":"LIGNY LE CHATEL","href":"./89/ligny-le-chatel.html","phone":"03 86 47 41 20","email":"mairie.lignylechatel@wanadoo.fr","population":"1350 habitants","website":"","townhallAdress":"Grande Rue - 89144 - LIGNY-LE-CHATEL"},{"text":"LINDRY","href":"./89/lindry.html","phone":"03 86 47 14 03","email":"mairielindry@ipoint.fr","population":"1264 habitants","website":"","townhallAdress":"18 rue du 14 Juillet - 89240 - LINDRY"},{"text":"L ISLE SUR SEREIN","href":"./89/l-isle-sur-serein.html","phone":"03 86 33 80 74","email":"mairie-isle-sur-serein@wanadoo.fr","population":"775 habitants","website":"","townhallAdress":"2 rue Bouchardat - 89440 - L'ISLE-SUR-SEREIN"},{"text":"LIXY","href":"./89/lixy.html","phone":"03 86 66 52 63","email":"mairie-lixy@wanadoo.fr","population":"448 habitants","website":"","townhallAdress":"1 place de la Mairie - 89140 - LIXY"},{"text":"LOOZE","href":"./89/looze.html","phone":"03 86 62 20 34","email":"mairie.looze@wanadoo.fr","population":"466 habitants","website":"","townhallAdress":"4 rue Creneau Suzanne - 89300 - LOOZE"},{"text":"LUCY LE BOIS","href":"./89/lucy-le-bois.html","phone":"03 86 31 03 75","email":"lucy-le-bois-mairie@orange.fr","population":"341 habitants","website":"","townhallAdress":"Grande Rue - 89200 - LUCY-LE-BOIS"},{"text":"LUCY SUR CURE","href":"./89/lucy-sur-cure.html","phone":"03 86 81 95 74","email":"mairie.lucy-sur-cure@wanadoo.fr","population":"206 habitants","website":"","townhallAdress":"Grande Rue - 89270 - LUCY-SUR-CURE"},{"text":"LUCY SUR YONNE","href":"./89/lucy-sur-yonne.html","phone":"03 86 81 70 30","email":"mairie-lucy-sur-yonne@wanadoo.fr","population":"152 habitants","website":"","townhallAdress":"2 rue de la Mairie - 89480 - LUCY-SUR-YONNE"},{"text":"MAGNY","href":"./89/magny.html","phone":"03 86 33 11 31","email":"mairie-magny89@wanadoo.fr","population":"847 habitants","website":"","townhallAdress":"4 rue de la Cure - 89200 - MAGNY"},{"text":"MAILLOT","href":"./89/maillot.html","phone":"03 86 83 19 90","email":"mairie.maillot@wanadoo.fr","population":"1117 habitants","website":"","townhallAdress":"8Bis Grande Rue - 89100 - MAILLOT"},{"text":"MAILLY LA VILLE","href":"./89/mailly-la-ville.html","phone":"03 86 81 46 52","email":"mailly.ville@wanadoo.fr","population":"609 habitants","website":"","townhallAdress":"Chemin Fontenay - 89270 - MAILLY-LA-VILLE"},{"text":"MAILLY LE CHATEAU","href":"./89/mailly-le-chateau.html","phone":"03 86 81 40 37","email":"mairie-maillylechateau@wanadoo.fr","population":"597 habitants","website":"","townhallAdress":"1 place Saint Adrien - 89660 - MAILLY-LE-CHATEAU"},{"text":"MALAY LE GRAND","href":"./89/malay-le-grand.html","phone":"03 86 97 21 75","email":"mairie.malay@wanadoo.fr","population":"1629 habitants","website":"","townhallAdress":"3 rue de la République - 89100 - MALAY-LE-GRAND"},{"text":"MALAY LE PETIT","href":"./89/malay-le-petit.html","phone":"03 86 88 20 93","email":"mairie.malaylepetit@wanadoo.fr","population":"357 habitants","website":"","townhallAdress":"1 rue du Piège - 89100 - MALAY-LE-PETIT"},{"text":"MALICORNE","href":"./89/malicorne.html","phone":"03 86 91 68 31","email":"mairie.de.malicorne@wanadoo.fr","population":"171 habitants","website":"","townhallAdress":"Village - 89120 - MALICORNE"},{"text":"MALIGNY","href":"./89/maligny.html","phone":"03 86 47 44 91","email":"mairie.maligny@wanadoo.fr","population":"754 habitants","website":"","townhallAdress":"3 rue de Bourgogne - 89800 - MALIGNY"},{"text":"MARCHAIS BETON","href":"./89/marchais-beton.html","phone":"03 86 91 63 98","email":"marchais-beton@cc-charny.fr","population":"126 habitants","website":"","townhallAdress":"4 rue Michel Carré - 89120 - MARCHAIS-BETON"},{"text":"MARMEAUX","href":"./89/marmeaux.html","phone":"03 86 32 18 07","email":"","population":"76 habitants","website":"","townhallAdress":"10 rue Vaumarin - 89420 - MARMEAUX"},{"text":"MARSANGY","href":"./89/marsangy.html","phone":"03 86 96 93 25","email":"mairie.marsangy@orange.fr","population":"843 habitants","website":"","townhallAdress":"1 rue Chanteloup - 89500 - MARSANGY"},{"text":"MASSANGIS","href":"./89/massangis.html","phone":"03 86 33 85 68","email":"mairiedemassangis@numeo.fr","population":"413 habitants","website":"","townhallAdress":"Grande Rue - 89440 - MASSANGIS"},{"text":"MELISEY","href":"./89/melisey.html","phone":"03 86 75 74 34","email":"mairie-melisey89@wanadoo.fr","population":"292 habitants","website":"","townhallAdress":"Place de la Mairie - 89430 - MELISEY"},{"text":"MENADES","href":"./89/menades.html","phone":"03 86 33 33 80","email":"maire.menades@wanadoo.fr","population":"59 habitants","website":"","townhallAdress":"3 place Saint Nicolas - 89450 - MENADES"},{"text":"MERCY","href":"./89/mercy.html","phone":"03 86 43 11 70","email":"mairie-mercy@wanadoo.fr","population":"76 habitants","website":"","townhallAdress":"23 rue Côte Sainte Anne - 89210 - MERCY"},{"text":"MERE","href":"./89/mere.html","phone":"03 86 47 53 88","email":"mairie-mere@wanadoo.fr","population":"202 habitants","website":"","townhallAdress":"Rue Saint Martin - 89144 - MERE"},{"text":"MERRY LA VALLEE","href":"./89/merry-la-vallee.html","phone":"03 86 73 64 66","email":"mairie.merry@wanadoo.fr","population":"430 habitants","website":"","townhallAdress":"Rue de l'Eglise - 89110 - MERRY-LA-VALLEE"},{"text":"MERRY SEC","href":"./89/merry-sec.html","phone":"03 86 41 64 08","email":"mairie-merry-sec@wanadoo.fr","population":"178 habitants","website":"","townhallAdress":"8 place de la Mairie - 89560 - MERRY-SEC"},{"text":"MERRY SUR YONNE","href":"./89/merry-sur-yonne.html","phone":"03 86 81 03 62","email":"mairie.merrysuryonne@wanadoo.fr","population":"222 habitants","website":"","townhallAdress":"21 route de Compostelle - 89660 - MERRY-SUR-YONNE"},{"text":"MEZILLES","href":"./89/mezilles.html","phone":"03 86 45 41 44","email":"mairie-mezilles@wanadoo.fr","population":"584 habitants","website":"","townhallAdress":"9 Grande Rue - 89130 - MEZILLES"},{"text":"MICHERY","href":"./89/michery.html","phone":"03 86 96 35 05","email":"communication.michery@wanadoo.fr","population":"1012 habitants","website":"","townhallAdress":"1 place de la Mairie - 89140 - MICHERY"},{"text":"MIGE","href":"./89/mige.html","phone":"03 86 41 65 49","email":"mairie-mige@wanadoo.fr","population":"450 habitants","website":"","townhallAdress":"7 place de la Mairie - 89580 - MIGE"},{"text":"MIGENNES","href":"./89/migennes.html","phone":"03 86 80 09 45","email":"accueil@ville-migennes.fr","population":"7501 habitants","website":"","townhallAdress":"Place de l'Hôtel de Ville - 89400 - MIGENNES"},{"text":"MOLAY","href":"./89/molay.html","phone":"03 86 82 61 01","email":"mairiemolay@wanadoo.fr","population":"124 habitants","website":"","townhallAdress":"8 Grande Rue - 89310 - MOLAY"},{"text":"MOLESMES","href":"./89/molesmes.html","phone":"03 86 41 55 26","email":"mairie-molesmes@numeo.fr","population":"172 habitants","website":"","townhallAdress":"51 rue Forterre - 89560 - MOLESMES"},{"text":"MOLINONS","href":"./89/molinons.html","phone":"03 86 86 78 12","email":"mairie.molinons@wanadoo.fr","population":"291 habitants","website":"","townhallAdress":"14 rue Chales - 89190 - MOLINONS"},{"text":"MOLOSMES","href":"./89/molosmes.html","phone":"03 86 54 45 67","email":"mairie-molosmes@wanadoo.fr","population":"236 habitants","website":"","townhallAdress":"Rue du Tonnerre - 89700 - MOLOSMES"},{"text":"MONETEAU","href":"./89/moneteau.html","phone":"03 86 40 63 93","email":"mairie@moneteau.fr","population":"3963 habitants","website":"","townhallAdress":"8 place de la Mairie - 89470 - MONETEAU"},{"text":"MONTACHER VILLEGARDIN","href":"./89/montacher-villegardin.html","phone":"03 86 97 51 97","email":"mairie.montaville@wanadoo.fr","population":"716 habitants","website":"","townhallAdress":"Grande Rue - 89150 - MONTACHER-VILLEGARDIN"},{"text":"MONTIGNY LA RESLE","href":"./89/montigny-la-resle.html","phone":"03 86 41 82 21","email":"mairie-montigny-la-resle@wanadoo.fr","population":"630 habitants","website":"","townhallAdress":"7 Place de l'Eglise - 89230 - MONTIGNY-LA-RESLE"},{"text":"MONTILLOT","href":"./89/montillot.html","phone":"03 86 33 48 52","email":"mairie-de-montillot@wanadoo.fr","population":"287 habitants","website":"","townhallAdress":"11 rue des Framboisiers - 89660 - MONTILLOT"},{"text":"MONTREAL","href":"./89/montreal.html","phone":"03 86 32 10 01","email":"mairie-de-montreal@wanadoo.fr","population":"203 habitants","website":"","townhallAdress":"17 Grande Rue - 89420 - MONTREAL"},{"text":"MONT SAINT SULPICE","href":"./89/mont-saint-sulpice.html","phone":"03 86 40 12 48","email":"mairie.mont@wanadoo.fr","population":"794 habitants","website":"","townhallAdress":"Place de la Mairie - 89250 - MONT-SAINT-SULPICE"},{"text":"MOUFFY","href":"./89/mouffy.html","phone":"03 86 41 73 22","email":"mairie-mouffy@numeo.fr","population":"116 habitants","website":"","townhallAdress":"19 rue Marets - 89560 - MOUFFY"},{"text":"MOULINS EN TONNERROIS","href":"./89/moulins-en-tonnerrois.html","phone":"03 86 82 88 84","email":"mairie.moulinsentonnerrois@wanadoo.fr","population":"119 habitants","website":"","townhallAdress":"2 rue du Château - 89310 - MOULINS-EN-TONNERROIS"},{"text":"MOULINS SUR OUANNE","href":"./89/moulins-sur-ouanne.html","phone":"03 86 74 33 16","email":"mairie.moulinsouanne@wanadoo.fr","population":"248 habitants","website":"","townhallAdress":"14 rue Paul Arrighi - 89130 - MOULINS-SUR-OUANNE"},{"text":"MOUTIERS EN PUISAYE","href":"./89/moutiers-en-puisaye.html","phone":"03 86 45 54 76","email":"mairie-moutiers-en-puisaye@wanadoo.fr","population":"294 habitants","website":"","townhallAdress":"Place de la Mairie - 89520 - MOUTIERS-EN-PUISAYE"},{"text":"NAILLY","href":"./89/nailly.html","phone":"03 86 97 04 73","email":"commune.nailly@wanadoo.fr","population":"1207 habitants","website":"","townhallAdress":"52 Grande Rue - 89100 - NAILLY"},{"text":"NEUILLY","href":"./89/neuilly.html","phone":"03 86 73 72 86","email":"mairie-neuilly2@wanadoo.fr","population":"455 habitants","website":"","townhallAdress":"57 Grande Rue - 89113 - NEUILLY"},{"text":"NEUVY SAUTOUR","href":"./89/neuvy-sautour.html","phone":"03 86 56 33 44","email":"mairie-neuvy-sautour@wanadoo.fr","population":"973 habitants","website":"","townhallAdress":"9 rue Gabriel Guillot - 89570 - NEUVY-SAUTOUR"},{"text":"NITRY","href":"./89/nitry.html","phone":"03 86 33 61 15","email":"mairienitry@wanadoo.fr","population":"415 habitants","website":"","townhallAdress":"4 place de la République - 89310 - NITRY"},{"text":"NOE","href":"./89/noe.html","phone":"03 86 88 24 43","email":"noe.commune@wanadoo.fr","population":"443 habitants","website":"","townhallAdress":"1 rue Hates au Clos de Noé - 89760 - NOE"},{"text":"NOYERS SUR SEREIN","href":"./89/noyers-sur-serein.html","phone":"03 86 82 83 72","email":"mairie-de-noyers@wanadoo.fr","population":"789 habitants","website":"","townhallAdress":"9 place de l'Hôtel de Ville - 89310 - NOYERS-SUR-SEREIN"},{"text":"NUITS","href":"./89/nuits.html","phone":"03 86 55 73 59","email":"mairie.nuitsarmancon@wanadoo.fr","population":"432 habitants","website":"","townhallAdress":"6 rue Maréchal Leclerc - 89390 - NUITS"},{"text":"ORMOY","href":"./89/ormoy.html","phone":"03 86 40 10 35","email":"mairie.ormoy@wanadoo.fr","population":"683 habitants","website":"","townhallAdress":"6 rue Commandant Charpy - 89400 - ORMOY"},{"text":"OUANNE","href":"./89/ouanne.html","phone":"03 86 47 64 90","email":"mairie-ouanne@wanadoo.fr","population":"715 habitants","website":"","townhallAdress":"1 place du 8 Mai - 89560 - OUANNE"},{"text":"PACY SUR ARMANCON","href":"./89/pacy-sur-armancon.html","phone":"03 86 75 64 72","email":"mairiepacy@wanadoo.fr","population":"238 habitants","website":"","townhallAdress":"Grande Rue - 89160 - PACY-SUR-ARMANCON"},{"text":"PAILLY","href":"./89/pailly.html","phone":"03 86 66 32 79","email":"mairie-pailly@wanadoo.fr","population":"231 habitants","website":"","townhallAdress":"Rue de la Mairie - 89140 - PAILLY"},{"text":"PARLY","href":"./89/parly.html","phone":"03 86 44 01 29","email":"mairiedeparly@orange.fr","population":"805 habitants","website":"","townhallAdress":"13 rue de l'Eglise - 89240 - PARLY"},{"text":"PARON","href":"./89/paron.html","phone":"03 86 83 93 93","email":"mairie.paron@wanadoo.fr","population":"4623 habitants","website":"","townhallAdress":"23 avenue Jean Jaurès - 89100 - PARON"},{"text":"PAROY EN OTHE","href":"./89/paroy-en-othe.html","phone":"03 86 43 13 63","email":"mairie-paroy@wanadoo.fr","population":"211 habitants","website":"","townhallAdress":"2 Rue de la Mairie - 89210 - PAROY-EN-OTHE"},{"text":"PAROY SUR THOLON","href":"./89/paroy-sur-tholon.html","phone":"03 86 91 02 87","email":"mairie-paroysurtholon@wanadoo.fr","population":"320 habitants","website":"","townhallAdress":"Rue Croix Rebourg - 89300 - PAROY-SUR-THOLON"},{"text":"PASILLY","href":"./89/pasilly.html","phone":"03 86 82 65 92","email":"mairiepasdejaux@wanadoo.fr","population":"53 habitants","website":"","townhallAdress":"13 Grande Rue - 89310 - PASILLY"},{"text":"PASSY","href":"./89/passy.html","phone":"03 86 87 23 44","email":"mairie.passy@orange.fr","population":"315 habitants","website":"","townhallAdress":"Grande Rue - 89510 - PASSY"},{"text":"PERCENEIGE","href":"./89/perceneige.html","phone":"03 86 88 44 15","email":"mairie-perceneige@wanadoo.fr","population":"887 habitants","website":"","townhallAdress":"21 rue Glycines Villiers Bonneux - 89260 - PERCENEIGE"},{"text":"PERCEY","href":"./89/percey.html","phone":"03 86 43 21 56","email":"mairie-percey@wanadoo.fr","population":"269 habitants","website":"","townhallAdress":"15 rue Albert Joly - 89360 - PERCEY"},{"text":"PERREUX","href":"./89/perreux.html","phone":"03 86 91 62 64","email":"mairie-de-perreux@orange.fr","population":"305 habitants","website":"","townhallAdress":"45 Grande Rue - 89120 - PERREUX"},{"text":"PERRIGNY","href":"./89/perrigny.html","phone":"03 86 46 64 17","email":"mairiedeperrigny@wanadoo.fr","population":"1199 habitants","website":"","townhallAdress":"7 rue des Ecoles - 89000 - PERRIGNY"},{"text":"PERRIGNY SUR ARMANCON","href":"./89/perrigny-sur-armancon.html","phone":"03 86 55 70 16","email":"mairie.perrigny-sur-armancon@wanadoo.fr","population":"119 habitants","website":"","townhallAdress":"Route de l'Ecluse - 89390 - PERRIGNY-SUR-ARMANCON"},{"text":"PIERRE PERTHUIS","href":"./89/pierre-perthuis.html","phone":"03 86 33 31 65","email":"mairie.pierreperthuis@wanadoo.fr","population":"123 habitants","website":"","townhallAdress":"Grande Rue Precy Moult - 89450 - PIERRE-PERTHUIS"},{"text":"PIFFONDS","href":"./89/piffonds.html","phone":"03 86 86 30 78","email":"mairie-piffonds@wanadoo.fr","population":"589 habitants","website":"","townhallAdress":"78 rue du Château - 89330 - PIFFONDS"},{"text":"PIMELLES","href":"./89/pimelles.html","phone":"03 86 75 20 28","email":"mairie.pimelles@wanadoo.fr","population":"66 habitants","website":"","townhallAdress":"Ruelle de la Mairie - 89740 - PIMELLES"},{"text":"PISY","href":"./89/pisy.html","phone":"03 86 32 18 67","email":"mairie.pisy89@orange.fr","population":"66 habitants","website":"","townhallAdress":"3 place de la Halle - 89420 - PISY"},{"text":"PLESSIS SAINT JEAN","href":"./89/plessis-saint-jean.html","phone":"03 86 66 30 29","email":"mairie-plessis-st-jean@wanadoo.fr","population":"219 habitants","website":"","townhallAdress":"Rue Pailly - 89140 - PLESSIS-SAINT-JEAN"},{"text":"POILLY SUR SEREIN","href":"./89/poilly-sur-serein.html","phone":"03 86 75 90 29","email":"poillyserein-mairie@wanadoo.fr","population":"280 habitants","website":"","townhallAdress":"Rue d'En Bas - 89310 - POILLY-SUR-SEREIN"},{"text":"POILLY SUR THOLON","href":"./89/poilly-sur-tholon.html","phone":"03 86 91 56 50","email":"mairie.poilly.tholon@wanadoo.fr","population":"699 habitants","website":"","townhallAdress":"1 rue Saint Germain - 89110 - POILLY-SUR-THOLON"},{"text":"PONTAUBERT","href":"./89/pontaubert.html","phone":"03 86 34 41 77","email":"pontaubert.cne@wanadoo.fr","population":"401 habitants","website":"","townhallAdress":"36 route Vézelay - 89200 - PONTAUBERT"},{"text":"PONTIGNY","href":"./89/pontigny.html","phone":"03 86 47 42 87","email":"le-maire-de-pontigny@wanadoo.fr","population":"768 habitants","website":"","townhallAdress":"51 rue Paul Desjardins - 89230 - PONTIGNY"},{"text":"PONT SUR VANNE","href":"./89/pont-sur-vanne.html","phone":"03 86 88 26 91","email":"mairie-pontsurvanne@wanadoo.fr","population":"200 habitants","website":"","townhallAdress":"Rue du Paradis - 89190 - PONT-SUR-VANNE"},{"text":"PONT SUR YONNE","href":"./89/pont-sur-yonne.html","phone":"03 86 67 16 79","email":"mairie.pontsuryonne@wanadoo.fr","population":"3177 habitants","website":"","townhallAdress":"14 rue de l'Hôtel de Ville - 89140 - PONT-SUR-YONNE"},{"text":"POURRAIN","href":"./89/pourrain.html","phone":"03 86 41 13 96","email":"mairie.pourrain@wanadoo.fr","population":"1457 habitants","website":"","townhallAdress":"Place de la Mairie - 89240 - POURRAIN"},{"text":"PRECY LE SEC","href":"./89/precy-le-sec.html","phone":"03 86 33 60 20","email":"mairie.precylesec@wanadoo.fr","population":"294 habitants","website":"","townhallAdress":"36 Grande Rue - 89440 - PRECY-LE-SEC"},{"text":"PRECY SUR VRIN","href":"./89/precy-sur-vrin.html","phone":"03 86 73 41 68","email":"mairie-precy-sur-vrin@wanadoo.fr","population":"496 habitants","website":"","townhallAdress":"6 rue du Presbytère - 89116 - PRECY-SUR-VRIN"},{"text":"PREGILBERT","href":"./89/pregilbert.html","phone":"03 86 81 41 05","email":"mairiedepregilbert@wanadoo.fr","population":"191 habitants","website":"","townhallAdress":"1 Grande Rue - 89460 - PREGILBERT"},{"text":"PREHY","href":"./89/prehy.html","phone":"03 86 41 44 23","email":"mairieprehy@wanadoo.fr","population":"130 habitants","website":"","townhallAdress":"33 grande rue de Chablis - 89800 - PREHY"},{"text":"PROVENCY","href":"./89/provency.html","phone":"03 86 31 00 45","email":"mairieprovency@wanadoo.fr","population":"237 habitants","website":"","townhallAdress":"Rue de Jérusalem - 89200 - PROVENCY"},{"text":"PRUNOY","href":"./89/prunoy.html","phone":"03 86 91 87 16","email":"mairie.prunoy@orange.fr","population":"311 habitants","website":"","townhallAdress":"7 route Chevillon - 89120 - PRUNOY"},{"text":"QUARRE LES TOMBES","href":"./89/quarre-les-tombes.html","phone":"03 86 32 23 38","email":"mairie-quarre@wanadoo.fr","population":"741 habitants","website":"","townhallAdress":"1 place de l'Eglise - 89630 - QUARRE-LES-TOMBES"},{"text":"QUENNE","href":"./89/quenne.html","phone":"03 86 40 35 47","email":"quenne.mairie@wanadoo.fr","population":"462 habitants","website":"","townhallAdress":"2 rue Pluvignons - 89290 - QUENNE"},{"text":"QUINCEROT","href":"./89/quincerot.html","phone":"03 86 75 27 56","email":"mairie.quincerot@wanadoo.fr","population":"73 habitants","website":"","townhallAdress":"4 Grande Rue - 89740 - QUINCEROT"},{"text":"RAVIERES","href":"./89/ravieres.html","phone":"03 86 55 70 68","email":"mairie.ravieres@wanadoo.fr","population":"904 habitants","website":"","townhallAdress":"Place de l'Hôtel de Ville - 89390 - RAVIERES"},{"text":"ROFFEY","href":"./89/roffey.html","phone":"03 86 55 53 33","email":"mairierohaire@free.fr","population":"151 habitants","website":"","townhallAdress":"5 Grande Rue - 89700 - ROFFEY"},{"text":"ROGNY LES SEPT ECLUSES","href":"./89/rogny-les-sept-ecluses.html","phone":"03 86 74 51 78","email":"rogny-les-7-ecluses@wanadoo.fr","population":"728 habitants","website":"","townhallAdress":"1 rue La Grande Montagne - 89220 - ROGNY-LES-SEPT-ECLUSES"},{"text":"RONCHERES","href":"./89/roncheres.html","phone":"03 86 74 08 17","email":"roncheres.mairie@orange.fr","population":"97 habitants","website":"","townhallAdress":"Ronchères - 89170 - RONCHERES"},{"text":"ROUSSON","href":"./89/rousson.html","phone":"03 86 96 90 63","email":"marousson@wanadoo.fr","population":"371 habitants","website":"","townhallAdress":"Rue La Maison d'Ecole - 89500 - ROUSSON"},{"text":"ROUVRAY","href":"./89/rouvray.html","phone":"03 86 47 71 83","email":"mairie.rouvray@wanadoo.fr","population":"352 habitants","website":"","townhallAdress":"6 Grande Rue - 89230 - ROUVRAY"},{"text":"RUGNY","href":"./89/rugny.html","phone":"03 86 75 29 13","email":"mairie-rugny@wanadoo.fr","population":"110 habitants","website":"","townhallAdress":"15 Grande Rue - 89430 - RUGNY"},{"text":"SACY","href":"./89/sacy.html","phone":"03 86 81 53 82","email":"mairie-sacy@wanadoo.fr","population":"211 habitants","website":"","townhallAdress":"Grande Rue - 89270 - SACY"},{"text":"SAINPUITS","href":"./89/sainpuits.html","phone":"03 86 74 72 21","email":"mairie-sainpuits@wanadoo.fr","population":"332 habitants","website":"","townhallAdress":"Place Charles de Gaulle - 89520 - SAINPUITS"},{"text":"SAINT AGNAN","href":"./89/saint-agnan.html","phone":"03 86 96 13 82","email":"st-agnan.yonne@wanadoo.fr","population":"903 habitants","website":"","townhallAdress":"2 rue Chaudron - 89340 - SAINT-AGNAN"},{"text":"SAINT ANDRE EN TERRE PLAINE","href":"./89/saint-andre-en-terre-plaine.html","phone":"03 86 33 09 58","email":"st-andre-en-tp-mairie@wanadoo.fr","population":"202 habitants","website":"","townhallAdress":"14 rue du 8 Août 1944 - 89420 - SAINT-ANDRE-EN-TERRE-PLAINE"},{"text":"SAINT AUBIN CHATEAU NEUF","href":"./89/saint-aubin-chateau-neuf.html","phone":"03 86 73 61 15","email":"saint-aubin-chateau-neuf@wanadoo.fr","population":"526 habitants","website":"","townhallAdress":"15 Grande Rue - 89110 - SAINT-AUBIN-CHATEAU-NEUF"},{"text":"SAINT AUBIN SUR YONNE","href":"./89/saint-aubin-sur-yonne.html","phone":"03 86 63 11 77","email":"mairie.de.st.aubin@cegetel.net","population":"497 habitants","website":"","townhallAdress":"Route Nationale - 89300 - SAINT-AUBIN-SUR-YONNE"},{"text":"SAINT BRANCHER","href":"./89/saint-brancher.html","phone":"03 86 33 13 26","email":"mairie.saintbrancher@orange.fr","population":"334 habitants","website":"","townhallAdress":"4 rue de la Mairie - 89630 - SAINT-BRANCHER"},{"text":"SAINT BRIS LE VINEUX","href":"./89/saint-bris-le-vineux.html","phone":"03 86 53 31 79","email":"mairie.saintbris@wanadoo.fr","population":"1139 habitants","website":"","townhallAdress":"1 rue du Docteur Tardieux - 89530 - SAINT-BRIS-LE-VINEUX"},{"text":"SAINT CLEMENT","href":"./89/saint-clement.html","phone":"03 86 83 16 16","email":"mairie.st.clement@wanadoo.fr","population":"2958 habitants","website":"","townhallAdress":"35 rue Général Leclerc - 89100 - SAINT-CLEMENT"},{"text":"SAINT CYR LES COLONS","href":"./89/saint-cyr-les-colons.html","phone":"03 86 41 40 83","email":"mairie-st-cyr-89@wanadoo.fr","population":"416 habitants","website":"","townhallAdress":"1 rue de la Fontaine - 89800 - SAINT-CYR-LES-COLONS"},{"text":"SAINT DENIS LES SENS","href":"./89/saint-denis-les-sens.html","phone":"03 86 65 73 24","email":"mairie.saintdenislessens.89@wanadoo.fr","population":"650 habitants","website":"","townhallAdress":"Place de la Mairie - 89100 - SAINT-DENIS-LES-SENS"},{"text":"SAINT DENIS SUR OUANNE","href":"./89/saint-denis-sur-ouanne.html","phone":"03 86 91 69 14","email":"mairie-st-denis-sur-ouanne@wanadoo.fr","population":"149 habitants","website":"","townhallAdress":"Village - 89120 - SAINT-DENIS-SUR-OUANNE"},{"text":"SAINTE COLOMBE","href":"./89/sainte-colombe.html","phone":"03 86 33 87 10","email":"mairie-saintecolombepresisle@wanadoo.fr","population":"167 habitants","website":"","townhallAdress":"30 Grande Rue - 89440 - SAINTE-COLOMBE"},{"text":"SAINTE COLOMBE SUR LOING","href":"./89/sainte-colombe-sur-loing.html","phone":"03 86 74 67 23","email":"mairie-stecolombe89520@wanadoo.fr","population":"194 habitants","website":"","townhallAdress":"Place de l'Eglise - 89520 - SAINTE-COLOMBE-SUR-LOING"},{"text":"SAINTE MAGNANCE","href":"./89/sainte-magnance.html","phone":"03 86 33 10 59","email":"mairie.stemagnance@wanadoo.fr","population":"394 habitants","website":"","townhallAdress":"32 rue Avallon - 89420 - SAINTE-MAGNANCE"},{"text":"SAINTE PALLAYE","href":"./89/sainte-pallaye.html","phone":"03 86 81 40 4","email":"mairiestepallaye@wanadoo.fr","population":"115 habitants","website":"","townhallAdress":"2 Grande Rue - 89460 - SAINTE-PALLAYE"},{"text":"SAINTE VERTU","href":"./89/sainte-vertu.html","phone":"03 86 75 96 58","email":"mairie-ste-vertu@wanadoo.fr","population":"105 habitants","website":"","townhallAdress":"2 place Caron - 89310 - SAINTE-VERTU"},{"text":"SAINT FARGEAU","href":"./89/saint-fargeau.html","phone":"03 86 74 01 41","email":"mairie-stfargeau@fr.oleane.com","population":"1735 habitants","website":"","townhallAdress":"4 avenue Général Leclerc - 89170 - SAINT-FARGEAU"},{"text":"SAINT FLORENTIN","href":"./89/saint-florentin.html","phone":"03 86 43 79 79","email":"mairie@ville-saintflorentin.fr","population":"5089 habitants","website":"","townhallAdress":"Place Louis Dubost - 89600 - SAINT-FLORENTIN"},{"text":"SAINT GEORGES SUR BAULCHES","href":"./89/saint-georges-sur-baulches.html","phone":null,"email":null,"population":null,"website":null,"townhallAdress":null},{"text":"SAINT GERMAIN DES CHAMPS","href":"./89/saint-germain-des-champs.html","phone":"03 86 34 21 69","email":"mairie-saint-germain-des-champs@wanadoo.fr","population":"397 habitants","website":"","townhallAdress":"6 rue Vézelay - 89630 - SAINT-GERMAIN-DES-CHAMPS"},{"text":"SAINT JULIEN DU SAULT","href":"./89/saint-julien-du-sault.html","phone":"03 86 63 22 95","email":"administration.stjulien@wanadoo.fr","population":"2424 habitants","website":"","townhallAdress":"Place de la Mairie - 89330 - SAINT-JULIEN-DU-SAULT"},{"text":"SAINT LEGER VAUBAN","href":"./89/saint-leger-vauban.html","phone":"03 86 32 22 05","email":"mairie-st-leger-vauban@wanadoo.fr","population":"431 habitants","website":"","townhallAdress":"14 rue de l'Eglise - 89630 - SAINT-LEGER-VAUBAN"},{"text":"SAINT LOUP D ORDON","href":"./89/saint-loup-d-ordon.html","phone":"03 86 63 90 62","email":"mairie-st-loupdordon@9business.fr","population":"232 habitants","website":"","townhallAdress":"31 rue Principale - 89330 - SAINT-LOUP-D'ORDON"},{"text":"SAINT MARTIN DES CHAMPS","href":"./89/saint-martin-des-champs.html","phone":"03 86 74 06 94","email":"mairie-stmartindeschamps@wanadoo.fr","population":"287 habitants","website":"","townhallAdress":"2 place de l'Eglise - 89170 - SAINT-MARTIN-DES-CHAMPS"},{"text":"SAINT MARTIN D ORDON","href":"./89/saint-martin-d-ordon.html","phone":"03 86 63 91 15","email":"mairie-saintmartindordon@wanadoo.fr","population":"289 habitants","website":"","townhallAdress":"Place de l'Eglise - 89330 - SAINT-MARTIN-D'ORDON"},{"text":"SAINT MARTIN DU TERTRE","href":"./89/saint-martin-du-tertre.html","phone":"03 86 65 08 79","email":"mairie.stmartindutertre@wanadoo.fr","population":"1556 habitants","website":"","townhallAdress":"Rue de la Place - 89100 - SAINT-MARTIN-DU-TERTRE"},{"text":"SAINT MARTIN SUR ARMANCON","href":"./89/saint-martin-sur-armancon.html","phone":"03 86 75 85 03","email":"martinarmancon@orange.fr","population":"152 habitants","website":"","townhallAdress":"5 rue de l'Eglise - 89700 - SAINT-MARTIN-SUR-ARMANCON"},{"text":"SAINT MARTIN SUR OCRE","href":"./89/saint-martin-sur-ocre.html","phone":"03 86 73 00 07","email":"mairiestmartin-ocre@wanadoo.fr","population":"51 habitants","website":"","townhallAdress":"1 grande rue Jeuilly - 89110 - SAINT-MARTIN-SUR-OCRE"},{"text":"SAINT MARTIN SUR OUANNE","href":"./89/saint-martin-sur-ouanne.html","phone":"03 86 91 61 48","email":"mairie.st.martinsurouanne@wanadoo.fr","population":"443 habitants","website":"","townhallAdress":"5 rue de la Mairie - 89120 - SAINT-MARTIN-SUR-OUANNE"},{"text":"SAINT MAURICE AUX RICHES HOMME","href":"./89/saint-maurice-aux-riches-homme.html","phone":"03 86 88 46 19","email":"mairie-st-maurice-aux-rh@wanadoo.fr","population":"392 habitants","website":"","townhallAdress":"1 place de l'Ecole - 89190 - SAINT-MAURICE-AUX-RICHES-HOMME"},{"text":"SAINT MAURICE LE VIEIL","href":"./89/saint-maurice-le-vieil.html","phone":"03 86 63 41 63","email":"mairie-smv@wanadoo.fr","population":"283 habitants","website":"","townhallAdress":"Place de la Mairie - 89110 - SAINT-MAURICE-LE-VIEIL"},{"text":"SAINT MAURICE THIZOUAILLE","href":"./89/saint-maurice-thizouaille.html","phone":"03 86 91 57 44","email":"mairie-st-maurice-thizouaille@wanadoo.fr","population":"260 habitants","website":"","townhallAdress":"Place de l'Ancienne Eglise - 89110 - SAINT-MAURICE-THIZOUAILLE"},{"text":"SAINT MORE","href":"./89/saint-more.html","phone":"03 86 33 40 46","email":"mairie.saint-more@wanadoo.fr","population":"192 habitants","website":"","townhallAdress":"1 place de la Mairie - 89270 - SAINT-MORE"},{"text":"SAINT PERE","href":"./89/saint-pere.html","phone":"03 86 33 26 62","email":"mairie-st-pere@wanadoo.fr","population":"386 habitants","website":"","townhallAdress":"31 rue de la Mairie - 89450 - SAINT-PERE"},{"text":"SAINT PRIVE","href":"./89/saint-prive.html","phone":"03 86 74 90 24","email":"mairiesaintprive@wanadoo.fr","population":"566 habitants","website":"","townhallAdress":"24 rue Puisaye - 89220 - SAINT-PRIVE"},{"text":"SAINT ROMAIN LE PREUX","href":"./89/saint-romain-le-preux.html","phone":"03 86 73 10 34","email":"","population":"183 habitants","website":"","townhallAdress":"27 rue Saint Romain - 89116 - SAINT-ROMAIN-LE-PREUX"},{"text":"SAINTS","href":"./89/saints.html","phone":null,"email":null,"population":null,"website":null,"townhallAdress":null},{"text":"SAINT SAUVEUR EN PUISAYE","href":"./89/saint-sauveur-en-puisaye.html","phone":"03 86 45 52 15","email":"mairie.stsauveur89@wanadoo.fr","population":"966 habitants","website":"","townhallAdress":"Rue Gerbaude - 89520 - SAINT-SAUVEUR-EN-PUISAYE"},{"text":"SAINT SEROTIN","href":"./89/saint-serotin.html","phone":"03 86 66 11 13","email":"mairie-st-serotin@wanadoo.fr","population":"530 habitants","website":"","townhallAdress":"2 rue des Ecoles - 89140 - SAINT-SEROTIN"},{"text":"SAINT VALERIEN","href":"./89/saint-valerien.html","phone":"03 86 88 60 30","email":"mairie.saint-valerien@wanadoo.fr","population":"1606 habitants","website":"","townhallAdress":"20 rue de la République - 89150 - SAINT-VALERIEN"},{"text":"SALIGNY","href":"./89/saligny.html","phone":"03 86 97 84 71","email":"mairiesaligny@wanadoo.fr","population":"691 habitants","website":"","townhallAdress":"61 Grande Rue - 89100 - SALIGNY"},{"text":"SAMBOURG","href":"./89/sambourg.html","phone":"03 86 75 62 05","email":"mairie.sambourg@wanadoo.fr","population":"103 habitants","website":"","townhallAdress":"7 Grande Rue - 89160 - SAMBOURG"},{"text":"SANTIGNY","href":"./89/santigny.html","phone":"03 86 32 18 63","email":"mairie.santigny@orange.fr","population":"117 habitants","website":"","townhallAdress":"1 rue de l'Ecole - 89420 - SANTIGNY"},{"text":"SARRY","href":"./89/sarry.html","phone":"03 86 82 84 62","email":"mairie.sarry@wanadoo.fr","population":"187 habitants","website":"","townhallAdress":"Route d'Annoux - 89310 - SARRY"},{"text":"SAUVIGNY LE BEUREAL","href":"./89/sauvigny-le-beureal.html","phone":"03 86 32 56 07","email":"mairie.sauvignylebeureal@wanadoo.fr","population":"60 habitants","website":"","townhallAdress":"Rue Moltais - 89420 - SAUVIGNY-LE-BEUREAL"},{"text":"SAUVIGNY LE BOIS","href":"./89/sauvigny-le-bois.html","phone":"03 86 34 32 35","email":"contact@sauvignylebois.fr","population":"733 habitants","website":"","townhallAdress":"31 rue de la Liberté - 89200 - SAUVIGNY-LE-BOIS"},{"text":"SAVIGNY EN TERRE PLAINE","href":"./89/savigny-en-terre-plaine.html","phone":"03 86 32 50 26","email":"mairiesavignyenterreplaine@wanadoo.fr","population":"162 habitants","website":"","townhallAdress":"21 rue des Forges - 89420 - SAVIGNY-EN-TERRE-PLAINE"},{"text":"SAVIGNY SUR CLAIRIS","href":"./89/savigny-sur-clairis.html","phone":"03 86 86 32 09","email":"mairie.savignysurclairis@wanadoo.fr","population":"392 habitants","website":"","townhallAdress":"4 rue de la Mairie - 89150 - SAVIGNY-SUR-CLAIRIS"},{"text":"SCEAUX","href":"./89/sceaux.html","phone":"03 86 32 18 02","email":"mairie.sceaux-yonne@wanadoo.fr","population":"145 habitants","website":"","townhallAdress":"34 rue H Sannejouand Maison Dieu - 89420 - SCEAUX"},{"text":"SEIGNELAY","href":"./89/seignelay.html","phone":"03 86 47 72 83","email":"mairie.seignelay@wanadoo.fr","population":"1619 habitants","website":"","townhallAdress":"1 place Colbert - 89250 - SEIGNELAY"},{"text":"SEMENTRON","href":"./89/sementron.html","phone":"03 86 44 24 34","email":"mairie-sementron@wanadoo.fr","population":"120 habitants","website":"","townhallAdress":"Rue Bourguignons Coulon - 89560 - SEMENTRON"},{"text":"SENAN","href":"./89/senan.html","phone":"03 86 63 46 90","email":"mairie.senan@wanadoo.fr","population":"735 habitants","website":"","townhallAdress":"1 rue Aillant sur Tholon - 89710 - SENAN"},{"text":"SENNEVOY LE BAS","href":"./89/sennevoy-le-bas.html","phone":"03 86 75 27 98","email":"mairie.sennevoybas@wanadoo.fr","population":"121 habitants","website":"","townhallAdress":"Rue de l'Eglise - 89160 - SENNEVOY-LE-BAS"},{"text":"SENNEVOY LE HAUT","href":"./89/sennevoy-le-haut.html","phone":"03 86 75 21 68","email":"mairie-sennevoy-le-haut@wanadoo.fr","population":"91 habitants","website":"","townhallAdress":"1 rue Puits Camus - 89160 - SENNEVOY-LE-HAUT"},{"text":"SENS","href":"./89/sens.html","phone":"03 86 95 67 00","email":"courrier@mairie-sens.fr","population":"26646 habitants","website":"","townhallAdress":"100 rue de la République - 89100 - SENS"},{"text":"SEPEAUX","href":"./89/sepeaux.html","phone":"03 86 73 16 36","email":"mairie-sepeaux@wanadoo.fr","population":"431 habitants","website":"","townhallAdress":"14 Grande Rue - 89116 - SEPEAUX"},{"text":"SERBONNES","href":"./89/serbonnes.html","phone":"03 86 67 11 25","email":"mairie-serbonnes@wanadoo.fr","population":"539 habitants","website":"","townhallAdress":"Rue de la République - 89140 - SERBONNES"},{"text":"SERGINES","href":"./89/sergines.html","phone":"03 86 66 30 28","email":"mairie-sergines@wanadoo.fr","population":"1223 habitants","website":"","townhallAdress":"Rue de l'Hôtel de Ville - 89140 - SERGINES"},{"text":"SERMIZELLES","href":"./89/sermizelles.html","phone":"03 86 33 43 87","email":"mairie.sermizelles@wanadoo.fr","population":"274 habitants","website":"","townhallAdress":"32 Grande Rue - 89200 - SERMIZELLES"},{"text":"SERRIGNY","href":"./89/serrigny.html","phone":"03 86 55 37 34","email":"mairiedeserrigny@orange.fr","population":"121 habitants","website":"","townhallAdress":"3 rue Quincerots - 89700 - SERRIGNY"},{"text":"SERY","href":"./89/sery.html","phone":"03 86 81 44 10","email":"mairiedesery@wanadoo.fr","population":"111 habitants","website":"","townhallAdress":"18 rue Prégilbert - 89270 - SERY"},{"text":"SOMMECAISE","href":"./89/sommecaise.html","phone":"03 86 73 64 14","email":"mairie.sommecaise@wanadoo.fr","population":"324 habitants","website":"","townhallAdress":"9 Grande Rue - 89110 - SOMMECAISE"},{"text":"SORMERY","href":"./89/sormery.html","phone":"03 86 56 32 20","email":"mairie-de-sormery@wanadoo.fr","population":"396 habitants","website":"","townhallAdress":"51 rue Janson - 89570 - SORMERY"},{"text":"SOUCY","href":"./89/soucy.html","phone":"03 86 86 64 43","email":"mairie.soucy@wanadoo.fr","population":"1404 habitants","website":"","townhallAdress":"14 rue de la Mairie - 89100 - SOUCY"},{"text":"SOUGERES EN PUISAYE","href":"./89/sougeres-en-puisaye.html","phone":"03 86 45 23 53","email":"mairie-sougeres-en-puisaye@wanadoo.fr","population":"350 habitants","website":"","townhallAdress":"Grande Rue - 89520 - SOUGERES-EN-PUISAYE"},{"text":"SOUMAINTRAIN","href":"./89/soumaintrain.html","phone":"03 86 56 38 00","email":"mairie.de.soumaintrain@wanadoo.fr","population":"207 habitants","website":"","townhallAdress":"7 Grande Rue - 89570 - SOUMAINTRAIN"},{"text":"STIGNY","href":"./89/stigny.html","phone":"03 86 75 17 90","email":"mairie.stigny@free.fr","population":"133 habitants","website":"","townhallAdress":"Chemin Bauvais - 89160 - STIGNY"},{"text":"SUBLIGNY","href":"./89/subligny.html","phone":"03 86 88 83 70","email":"subligny.mairie@wanadoo.fr","population":"497 habitants","website":"","townhallAdress":"7 rue de l'Eglise - 89100 - SUBLIGNY"},{"text":"TAINGY","href":"./89/taingy.html","phone":"03 86 41 51 15","email":"mairie-taIngy@wanadoo.fr","population":"304 habitants","website":"","townhallAdress":"4 place de Verdun - 89560 - TAINGY"},{"text":"TALCY","href":"./89/talcy.html","phone":"03 86 32 14 11","email":"mairie-talcy@wanadoo.fr","population":"91 habitants","website":"","townhallAdress":"22 Grande Rue - 89420 - TALCY"},{"text":"TANLAY","href":"./89/tanlay.html","phone":"03 86 75 71 56","email":"mairie.tanlay@wanadoo.fr","population":"1191 habitants","website":"","townhallAdress":"Place Général de Gaulle - 89430 - TANLAY"},{"text":"TANNERRE EN PUISAYE","href":"./89/tannerre-en-puisaye.html","phone":"03 86 45 40 66","email":"mairietannerreenpuisaye@wanadoo.fr","population":"333 habitants","website":"","townhallAdress":"Rue Saint Blaise - 89350 - TANNERRE-EN-PUISAYE"},{"text":"THAROISEAU","href":"./89/tharoiseau.html","phone":"03 86 33 38 28","email":"tharoiseau.cne@wanadoo.fr","population":"76 habitants","website":"","townhallAdress":"14 Grande Rue - 89450 - THAROISEAU"},{"text":"THAROT","href":"./89/tharot.html","phone":"03 86 34 03 14","email":"mairie-tharot@numeo.fr","population":"102 habitants","website":"","townhallAdress":"3 rue de la Mairie - 89200 - THAROT"},{"text":"THEIL SUR VANNE","href":"./89/theil-sur-vanne.html","phone":"03 86 88 24 54","email":"mairie-theilsurvanne@wanadoo.fr","population":"552 habitants","website":"","townhallAdress":"3 route du Miroir - 89760 - THEIL-SUR-VANNE"},{"text":"THIZY","href":"./89/thizy.html","phone":"03 86 32 18 38","email":"thizy.mairie@orange.fr","population":"164 habitants","website":"","townhallAdress":"5 rue des Ecoliers - 89420 - THIZY"},{"text":"THOREY","href":"./89/thorey.html","phone":"03 86 75 79 09","email":"mairie-thorey@wanadoo.fr","population":"52 habitants","website":"","townhallAdress":"Grande Rue - 89430 - THOREY"},{"text":"THORIGNY SUR OREUSE","href":"./89/thorigny-sur-oreuse.html","phone":"03 86 88 45 44","email":"thorigny.o.89@wanadoo.fr","population":"1468 habitants","website":"","townhallAdress":"3 route de Sens - 89260 - THORIGNY-SUR-OREUSE"},{"text":"THORY","href":"./89/thory.html","phone":"03 86 31 02 70","email":"communethory@wanadoo.fr","population":"203 habitants","website":"","townhallAdress":"6 Grande Rue - 89200 - THORY"},{"text":"THURY","href":"./89/thury.html","phone":"03 86 45 22 69","email":"mairiedethury@wanadoo.fr","population":"472 habitants","website":"","townhallAdress":"1 place de l'Eglise - 89520 - THURY"},{"text":"TISSEY","href":"./89/tissey.html","phone":"03 86 55 26 67","email":"mairie.tissey@wanadoo.fr","population":"107 habitants","website":"","townhallAdress":"3 rue de la Mairie - 89700 - TISSEY"},{"text":"TONNERRE","href":"./89/tonnerre.html","phone":"03 86 55 22 55","email":"secretariat@mairie-tonnerre.fr","population":"5509 habitants","website":"","townhallAdress":"Rue de l'Hôtel de Ville - 89700 - TONNERRE"},{"text":"TOUCY","href":"./89/toucy.html","phone":"03 86 44 28 44","email":"mairie.toucy@wanadoo.fr","population":"2782 habitants","website":"","townhallAdress":"Place de l'Hôtel de Ville - 89130 - TOUCY"},{"text":"TREIGNY","href":"./89/treigny.html","phone":"03 86 74 72 99","email":"mairie-treigny@wanadoo.fr","population":"893 habitants","website":"","townhallAdress":"Place de la Mairie - 89520 - TREIGNY"},{"text":"TREVILLY","href":"./89/trevilly.html","phone":"03 86 32 00 44","email":"communedetrevilly@orange.fr","population":"58 habitants","website":"","townhallAdress":"6 rue de Montréal - 89420 - TREVILLY"},{"text":"TRICHEY","href":"./89/trichey.html","phone":"03 86 75 27 24","email":"mairie.trichey@wanadoo.fr","population":"53 habitants","website":"","townhallAdress":"11 Grande Rue - 89430 - TRICHEY"},{"text":"TRONCHOY","href":"./89/tronchoy.html","phone":"03 86 55 55 73","email":"mairie-tronchoy@wanadoo.fr","population":"162 habitants","website":"","townhallAdress":"Grande Rue - 89700 - TRONCHOY"},{"text":"TRUCY SUR YONNE","href":"./89/trucy-sur-yonne.html","phone":"03 86 81 45 57","email":"mairie.trucy.sur.yonne@wanadoo.fr","population":"147 habitants","website":"","townhallAdress":"11 route Vézelay - 89460 - TRUCY-SUR-YONNE"},{"text":"TURNY","href":"./89/turny.html","phone":"03 86 35 10 99","email":"mairie-de-turny@wanadoo.fr","population":"754 habitants","website":"","townhallAdress":"1 place de la Mairie - 89570 - TURNY"},{"text":"VAL DE MERCY","href":"./89/val-de-mercy.html","phone":"03 86 41 62 39","email":"mairie-valdemercy@wanadoo.fr","population":"373 habitants","website":"","townhallAdress":"12 rue de la Mairie - 89580 - VAL-DE-MERCY"},{"text":"VALLAN","href":"./89/vallan.html","phone":"03 86 41 30 18","email":"mairie.vallan@wanadoo.fr","population":"726 habitants","website":"","townhallAdress":"10Bis rue de l'Abreuvoir - 89580 - VALLAN"},{"text":"VALLERY","href":"./89/vallery.html","phone":"03 86 97 51 12","email":"mairie-vallery@wanadoo.fr","population":"498 habitants","website":"","townhallAdress":"Rue de la République - 89150 - VALLERY"},{"text":"VAREILLES","href":"./89/vareilles.html","phone":"03 86 88 24 51","email":"mairie-vareilles@wanadoo.fr","population":"213 habitants","website":"","townhallAdress":"Rue de L'Erable - 89760 - VAREILLES"},{"text":"VARENNES","href":"./89/varennes.html","phone":"03 86 47 43 63","email":"mairie-varennes89@wanadoo.fr","population":"285 habitants","website":"","townhallAdress":"2 rue du Chapiteau - 89144 - VARENNES"},{"text":"VASSY SOUS PISY","href":"./89/vassy-sous-pisy.html","phone":"03 86 32 18 13","email":"mairie.vassy.pisy@orange.fr","population":"96 habitants","website":"","townhallAdress":"28 Grande Rue - 89420 - VASSY-SOUS-PISY"},{"text":"VAUDEURS","href":"./89/vaudeurs.html","phone":"03 86 96 25 20","email":"mairie-vaudeurs@wanadoo.fr","population":"502 habitants","website":"","townhallAdress":"5 Grande Rue - 89320 - VAUDEURS"},{"text":"VAULT DE LUGNY","href":"./89/vault-de-lugny.html","phone":"03 86 34 40 27","email":"mairie-vault-de-lugny@wanadoo.fr","population":"333 habitants","website":"","townhallAdress":"8 place Saint Germain - 89200 - VAULT-DE-LUGNY"},{"text":"VAUMORT","href":"./89/vaumort.html","phone":"03 86 88 21 04","email":"vaumort.mairie@wanadoo.fr","population":"312 habitants","website":"","townhallAdress":"Route de Paris Genève - 89320 - VAUMORT"},{"text":"VENIZY","href":"./89/venizy.html","phone":"03 86 35 09 76","email":"mairie-venizy@wanadoo.fr","population":"887 habitants","website":"","townhallAdress":"18 rue des Forges - 89210 - VENIZY"},{"text":"VENOUSE","href":"./89/venouse.html","phone":"03 86 47 90 55","email":"mairievenouse@orange.fr","population":"298 habitants","website":"","townhallAdress":"9 rue de la Mairie - 89230 - VENOUSE"},{"text":"VENOY","href":"./89/venoy.html","phone":"03 86 40 20 77","email":"mairie.venoy@wanadoo.fr","population":"1861 habitants","website":"","townhallAdress":"1 place de la Mairie - 89290 - VENOY"},{"text":"VERGIGNY","href":"./89/vergigny.html","phone":"03 86 35 07 78","email":"mairie-vergigny@wanadoo.fr","population":"1555 habitants","website":"","townhallAdress":"11 rue des Bruyères - 89600 - VERGIGNY"},{"text":"VERLIN","href":"./89/verlin.html","phone":"03 86 63 23 04","email":"mairieverlin@orange.fr","population":"419 habitants","website":"","townhallAdress":"Rue Saint Julien - 89330 - VERLIN"},{"text":"VERMENTON","href":"./89/vermenton.html","phone":"03 86 81 50 01","email":"vermenton@wanadoo.fr","population":"1224 habitants","website":"","townhallAdress":"6 rue Hôtel de Ville - 89270 - VERMENTON"},{"text":"VERNOY","href":"./89/vernoy.html","phone":"03 86 86 31 57","email":"mairie-de-vernoy@wanadoo.fr","population":"192 habitants","website":"","townhallAdress":"1 route de Savigny - 89150 - VERNOY"},{"text":"VERON","href":"./89/veron.html","phone":"03 86 97 12 14","email":"mairie-veron@wanadoo.fr","population":"1978 habitants","website":"","townhallAdress":"3 rue Germain Bedeau - 89510 - VERON"},{"text":"VEZANNES","href":"./89/vezannes.html","phone":"03 86 54 49 29","email":"mairiedevezannes@nordnet.fr","population":"50 habitants","website":"","townhallAdress":"13 Grande Rue - 89700 - VEZANNES"},{"text":"VEZELAY","href":"./89/vezelay.html","phone":"03 86 33 24 62","email":"vezelay.mairie@wanadoo.fr","population":"486 habitants","website":"","townhallAdress":"Rue Saint Pierre - 89450 - VEZELAY"},{"text":"VEZINNES","href":"./89/vezinnes.html","phone":"03 86 55 53 77","email":"mairie-vezinnes@wanadoo.fr","population":"168 habitants","website":"","townhallAdress":"2 route du Tonnerre - 89700 - VEZINNES"},{"text":"VIGNES","href":"./89/vignes.html","phone":"03 86 32 55 12","email":"mairie-vignes@wanadoo.fr","population":"92 habitants","website":"","townhallAdress":"8 route Toutry - 89420 - VIGNES"},{"text":"VILLEBLEVIN","href":"./89/villeblevin.html","phone":"03 86 96 68 00","email":"mairie.villeblevin@wanadoo.fr","population":"1800 habitants","website":"","townhallAdress":"Place Albert Camus - 89720 - VILLEBLEVIN"},{"text":"VILLEBOUGIS","href":"./89/villebougis.html","phone":"03 86 88 81 83","email":"mairie.villebougis@wanadoo.fr","population":"604 habitants","website":"","townhallAdress":"Route Saint Georges - 89150 - VILLEBOUGIS"},{"text":"VILLECHETIVE","href":"./89/villechetive.html","phone":"03 86 96 26 81","email":"mairie-villechetive@wanadoo.fr","population":"190 habitants","website":"","townhallAdress":"1 avenue de la République - 89320 - VILLECHETIVE"},{"text":"VILLECIEN","href":"./89/villecien.html","phone":"03 86 63 10 10","email":"mairie.villecien@wanadoo.fr","population":"419 habitants","website":"","townhallAdress":"1 rue de l'Eglise - 89300 - VILLECIEN"},{"text":"VILLEFARGEAU","href":"./89/villefargeau.html","phone":"03 86 41 29 20","email":"mairie.villefargeau@wanadoo.fr","population":"874 habitants","website":"","townhallAdress":"2 rue de l'Eglise - 89240 - VILLEFARGEAU"},{"text":"VILLEFRANCHE","href":"./89/villefranche.html","phone":"03 86 63 63 09","email":"villefranche.mairie@wanadoo.fr","population":"617 habitants","website":"","townhallAdress":"2 allée Docteur Gauthereau - 89120 - VILLEFRANCHE"},{"text":"VILLEMANOCHE","href":"./89/villemanoche.html","phone":"03 86 67 01 24","email":"mairie-v.manoche@wanadoo.fr","population":"622 habitants","website":"","townhallAdress":"17 Grande Rue - 89140 - VILLEMANOCHE"},{"text":"VILLEMER","href":"./89/villemer.html","phone":"03 86 73 76 95","email":"communevillemer@wanadoo.fr","population":"265 habitants","website":"","townhallAdress":"9 route Briare - 89113 - VILLEMER"},{"text":"VILLENAVOTTE","href":"./89/villenavotte.html","phone":"03 86 97 06 96","email":"villenavotte@wanadoo.fr","population":"192 habitants","website":"","townhallAdress":"2 rue de l'Eglise - 89140 - VILLENAVOTTE"},{"text":"VILLENEUVE LA DONDAGRE","href":"./89/villeneuve-la-dondagre.html","phone":"03 86 86 02 01","email":"mairie-de-villeneuve-la-dondagr@wanadoo.fr","population":"236 habitants","website":"","townhallAdress":"6 rue des Vignes - 89150 - VILLENEUVE-LA-DONDAGRE"},{"text":"VILLENEUVE LA GUYARD","href":"./89/villeneuve-la-guyard.html","phone":"03 86 66 42 97","email":"mairie@ville-villeneuve-la-guyard.fr","population":"2971 habitants","website":"","townhallAdress":"1 place de l'Hôtel de Ville - 89430 - VILLENEUVE-LA-GUYARD"},{"text":"VILLENEUVE L ARCHEVEQUE","href":"./89/villeneuve-l-archeveque.html","phone":"03 86 86 75 09","email":"mairie-villeneuvelarcheveque@wanadoo.fr","population":"1270 habitants","website":"","townhallAdress":"1 place de la Liberté - 89190 - VILLENEUVE-L'ARCHEVEQUE"},{"text":"VILLENEUVE LES GENETS","href":"./89/villeneuve-les-genets.html","phone":"03 86 45 43 25","email":"mairie.villeneuve-les-genets@laposte.net","population":"320 habitants","website":"","townhallAdress":"Rue Principale - 89350 - VILLENEUVE-LES-GENETS"},{"text":"VILLENEUVE SAINT SALVES","href":"./89/villeneuve-saint-salves.html","phone":"03 86 41 84 82","email":"mairievilleneuvesaintsalves@wanadoo.fr","population":"259 habitants","website":"","townhallAdress":"8 rue de l'Eglise - 89230 - VILLENEUVE-SAINT-SALVES"},{"text":"VILLENEUVE SUR YONNE","href":"./89/villeneuve-sur-yonne.html","phone":"03 86 87 62 00","email":"mairie@villeneuve-yonne.fr","population":"5385 habitants","website":"","townhallAdress":"99 rue Carnot - 89500 - VILLENEUVE-SUR-YONNE"},{"text":"VILLEPERROT","href":"./89/villeperrot.html","phone":"03 86 67 23 30","email":"mairie-villeperrot@wanadoo.fr","population":"315 habitants","website":"","townhallAdress":"Rue du Pont sur Yonne - 89140 - VILLEPERROT"},{"text":"VILLEROY","href":"./89/villeroy.html","phone":"03 86 88 82 16","email":"mairie-villeroy@wanadoo.fr","population":"281 habitants","website":"","townhallAdress":"2 rue Bigaserie - 89100 - VILLEROY"},{"text":"VILLETHIERRY","href":"./89/villethierry.html","phone":"03 86 66 52 86","email":"communede-villethierry@orange.fr","population":"753 habitants","website":"","townhallAdress":"Rue de la Mairie - 89140 - VILLETHIERRY"},{"text":"VILLEVALLIER","href":"./89/villevallier.html","phone":"03 86 91 12 14","email":"mairie-villevallier@wanadoo.fr","population":"480 habitants","website":"","townhallAdress":"52 rue de la République - 89330 - VILLEVALLIER"},{"text":"VILLIERS LES HAUTS","href":"./89/villiers-les-hauts.html","phone":"03 86 75 03 66","email":"mairie-villiers-les-hauts@wanadoo.fr","population":"148 habitants","website":"","townhallAdress":"25 rue Basse - 89160 - VILLIERS-LES-HAUTS"},{"text":"VILLIERS LOUIS","href":"./89/villiers-louis.html","phone":"03 86 88 22 13","email":"mairie-villiers-louis@wanadoo.fr","population":"462 habitants","website":"","townhallAdress":"18 Grande Rue - 89760 - VILLIERS-LOUIS"},{"text":"VILLIERS SAINT BENOIT","href":"./89/villiers-saint-benoit.html","phone":"03 86 45 70 37","email":"mairie.villierssaintbenoit@orange.fr","population":"537 habitants","website":"","townhallAdress":"Rue Marie Guillemot - 89130 - VILLIERS-SAINT-BENOIT"},{"text":"VILLIERS SUR THOLON","href":"./89/villiers-sur-tholon.html","phone":"03 86 63 48 43","email":"mairie-villiers-sur-tholon@wanadoo.fr","population":"467 habitants","website":"","townhallAdress":"Rue du Milieu - 89110 - VILLIERS-SUR-THOLON"},{"text":"VILLIERS VINEUX","href":"./89/villiers-vineux.html","phone":"03 86 75 46 57","email":"mairie-villiers-vineux@wanadoo.fr","population":"289 habitants","website":"","townhallAdress":"12 Grande Rue - 89360 - VILLIERS-VINEUX"},{"text":"VILLON","href":"./89/villon.html","phone":"03 86 75 21 74","email":"mairie.villon@wanadoo.fr","population":"106 habitants","website":"","townhallAdress":"5 rue Vanoise - 89740 - VILLON"},{"text":"VILLY","href":"./89/villy.html","phone":"03 86 47 50 72","email":"mairiemoyenmoutier@wanadoo.fr","population":"116 habitants","website":"","townhallAdress":"Rue de Saint Etienne - 89800 - VILLY"},{"text":"VINCELLES","href":"./89/vincelles.html","phone":"03 86 42 22 49","email":"mairie-vincelles@wanadoo.fr","population":"1042 habitants","website":"","townhallAdress":"105 Grande Rue - 89290 - VINCELLES"},{"text":"VINCELOTTES","href":"./89/vincelottes.html","phone":"03 86 42 28 55","email":"mairievincelottes@wanadoo.fr","population":"335 habitants","website":"","townhallAdress":"28 rue Saint Martin - 89290 - VINCELOTTES"},{"text":"VINNEUF","href":"./89/vinneuf.html","phone":"03 86 66 80 36","email":"mairie-vinneuf@wanadoo.fr","population":"1325 habitants","website":"","townhallAdress":"12 rue Général de Gaulle - 89140 - VINNEUF"},{"text":"VIREAUX","href":"./89/vireaux.html","phone":"03 86 75 66 57","email":"mairie-vireaux@wanadoo.fr","population":"170 habitants","website":"","townhallAdress":"25 Grande Rue - 89160 - VIREAUX"},{"text":"VIVIERS","href":"./89/viviers.html","phone":"03 86 75 94 46","email":"mairie-vireaux@wanadoo.fr","population":"133 habitants","website":"","townhallAdress":"4 Grande Rue - 89700 - VIVIERS"},{"text":"VOISINES","href":"./89/voisines.html","phone":"03 86 86 63 13","email":"mairie-voisines@wanadoo.fr","population":"429 habitants","website":"","townhallAdress":"28 Grande Rue - 89260 - VOISINES"},{"text":"VOLGRE","href":"./89/volgre.html","phone":"03 86 91 06 39","email":"mairie.volgre@wanadoo.fr","population":"328 habitants","website":"","townhallAdress":"Route de Montargis - 89710 - VOLGRE"},{"text":"VOUTENAY SUR CURE","href":"./89/voutenay-sur-cure.html","phone":"03 86 33 42 31","email":"mairie.voutenay@wanadoo.fr","population":"203 habitants","website":"","townhallAdress":"30 route Nationale 6 - 89270 - VOUTENAY-SUR-CURE"},{"text":"YROUERRE","href":"./89/yrouerre.html","phone":"03 86 75 93 96","email":"yrouerre.mairie@wanadoo.fr","population":"206 habitants","website":"","townhallAdress":"1 rue de l'Orangerie - 89700 - YROUERRE"}]}